# https://github.com/mikedh/trimesh
mtllib material.mtl
usemtl material_0
v -0.08941870 0.08890956 0.11192965
v -0.08941870 0.04043015 0.11192965
v -0.08872770 0.04055359 0.11819313
v -0.08941870 0.08890956 0.11192965
v -0.08872770 0.04055359 0.11819313
v -0.08865842 0.08883976 0.11819310
v 0.07428022 -0.07980745 0.08571558
v 0.07865153 -0.09801953 0.08777743
v 0.07212090 -0.08887669 0.08571558
v 0.08081085 -0.08895029 0.08777743
v -0.02609343 -0.09701678 0.11819313
v -0.02925107 -0.10055881 0.11819313
v -0.02718933 -0.10284176 0.12060598
v 0.05174300 0.09439213 0.00174122
v 0.05097872 0.09035173 0.00000000
v 0.04455650 0.09530717 0.00174260
v -0.06350663 0.12518646 0.11192965
v -0.07001413 0.11011234 0.11192965
v -0.07142422 0.12417877 0.11192965
v -0.06643260 0.09300591 0.08571558
v -0.06327275 0.07947429 0.00174336
v -0.06056923 0.08479692 0.00174336
v 0.07500000 -0.06872285 0.08571558
v 0.08081085 -0.08895029 0.08777743
v 0.07428022 -0.07980745 0.08571558
v 0.08153062 -0.07786573 0.08777743
v 0.08600868 -0.10865984 0.11819313
v 0.08253075 -0.11554277 0.11819313
v 0.08294070 -0.11611666 0.11192965
v 0.07837182 0.08826794 0.11819310
v 0.07780287 0.08801946 0.08777740
v 0.07842655 0.07764236 0.08777740
v 0.08848093 -0.03747482 0.11664932
v 0.08946478 -0.03594959 0.11192965
v 0.08848093 -0.03747482 0.11192965
v 0.08946478 -0.03594959 0.11664932
v 0.06345680 0.12412204 0.11819310
v 0.07126165 0.12326499 0.11819310
v 0.07142425 0.12417877 0.11192965
v 0.02896667 0.12421906 0.11819310
v 0.02887847 0.12518646 0.11192965
v 0.02649047 0.12820574 0.11192965
v -0.02718933 0.10284232 0.12060595
v -0.02657710 0.12250217 0.12060595
v -0.02743663 0.11166012 0.12060595
v -0.02531905 0.10053418 0.12060595
v -0.02561012 0.12372101 0.12060595
v 0.02561015 0.12372101 0.12060595
v 0.02531905 0.10053418 0.12060595
v 0.02718935 0.10284232 0.12060595
v 0.02657712 0.12250217 0.12060595
v 0.02743665 0.11166012 0.12060595
v 0.02489500 -0.14819889 0.10043255
v 0.02489500 -0.14495355 0.09804823
v 0.02489500 -0.14664107 0.09471795
v 0.02489500 -0.12518580 0.11192970
v 0.02489500 -0.13995464 0.09956595
v 0.02489500 -0.13844180 0.09843605
v 0.02489500 -0.13516058 0.09298960
v 0.02489500 -0.13364774 0.09185973
v 0.02489538 -0.10406294 0.11664935
v 0.02489538 -0.12525041 0.11664935
v 0.02489538 -0.10406294 0.11192965
v 0.02489500 -0.15151633 0.09763303
v 0.02489500 -0.15043994 0.09112588
v 0.02489500 -0.15248044 0.09439038
v 0.02489500 -0.14592088 0.08895315
v 0.02489500 -0.14402867 0.09152593
v 0.02489498 -0.13975139 0.08777743
v 0.02489500 -0.13864669 0.09034200
v 0.02489498 -0.10110835 0.08777747
v 0.02489500 -0.10110828 0.11192968
v 0.02489500 -0.14266329 0.09726968
v 0.02489500 -0.14197901 0.09244405
v 0.02489500 -0.14383348 0.09480823
v 0.02489500 -0.13883629 0.09167898
v -0.02489498 0.13864722 0.09034195
v 0.02489506 0.13364834 0.09185970
v -0.02489504 0.13364834 0.09185970
v 0.02489498 0.13864722 0.09034195
v 0.02489501 0.13516115 0.09298957
v -0.02489504 0.13364834 0.09185970
v 0.02489506 0.13364834 0.09185970
v -0.02489501 0.13516115 0.09298957
v 0.06881160 0.06305261 0.00624819
v 0.07500000 0.06269917 0.08571558
v 0.06881160 0.05752544 0.00624819
v 0.07500000 0.06872341 0.08571558
v 0.07126165 0.12326499 0.11819310
v 0.07790225 0.12115572 0.11192965
v 0.07142425 0.12417877 0.11192965
v -0.07500000 0.06269917 0.08571558
v -0.06881160 0.05752544 0.00624819
v -0.06953648 0.05681186 0.08394050
v 0.06554998 -0.05756139 0.00174336
v 0.07192437 -0.06855373 0.08571558
v 0.07200883 -0.06298355 0.08571558
v 0.08872770 -0.04055303 0.11819313
v 0.08865845 -0.08883920 0.11819313
v 0.08941872 -0.08890903 0.11192965
v -0.03006130 0.11000867 0.08777740
v -0.02954422 0.09991394 0.08777740
v -0.02925107 0.10055938 0.11819310
v -0.06643260 0.09300591 0.08571558
v -0.05676735 0.08858181 0.00174336
v -0.06215560 0.09723431 0.08571558
v -0.02489498 0.13995520 0.09956592
v 0.02489500 0.14495411 0.09804820
v -0.02489498 0.14495411 0.09804820
v 0.02489500 0.13995520 0.09956592
v -0.09088433 -0.03719961 0.11819313
v -0.08837195 0.03585446 0.12060598
v -0.09088433 0.03720017 0.11819313
v -0.08837195 -0.03585390 0.12060598
v 0.08600868 -0.10865984 0.11819313
v 0.08294070 -0.11611666 0.11192965
v 0.08653960 -0.10906284 0.11192965
v 0.08153062 -0.07786573 0.08777743
v 0.08081082 -0.08895029 0.11192965
v 0.08081085 -0.08895029 0.08777743
v 0.08153062 -0.07786573 0.11192965
v -0.07837180 0.08826794 0.11819310
v -0.07842652 0.07764236 0.08777740
v -0.07780287 0.08801946 0.08777740
v -0.05762288 0.09164799 0.00174035
v -0.06004070 0.08405695 0.00000000
v -0.06219615 0.08707461 0.00174005
v 0.07200883 0.06298407 0.08571558
v 0.06882118 0.03317119 0.08777740
v 0.07136690 0.03830978 0.08777740
v -0.06353612 0.11313540 0.11192965
v 0.07200883 -0.06298355 0.08571558
v 0.06655630 -0.05854489 0.08217598
v 0.06554998 -0.05756139 0.00174336
v 0.02489500 0.14266381 0.09726965
v -0.02489498 0.13844240 0.09843605
v -0.02489498 0.14266381 0.09726965
v 0.02489500 0.13844240 0.09843605
v -0.06345677 0.12412204 0.11819310
v -0.02896667 0.12421906 0.11819310
v -0.06350663 0.12518646 0.11192965
v -0.04181797 -0.09317850 0.08217598
v 0.02641175 -0.09634937 0.08777743
v 0.04181797 -0.09317850 0.08217598
v -0.02641175 -0.09634937 0.08777743
v -0.05824538 -0.09263807 0.00624820
v -0.06852198 -0.09593049 0.08571560
v -0.06286813 -0.08801534 0.00624820
v -0.06348355 -0.10096894 0.08571560
v -0.08294070 0.11611723 0.11192965
v -0.08653957 0.10906339 0.11192965
v -0.08600868 0.10866044 0.11819310
v 0.02489500 0.14266381 0.09726965
v -0.02489498 0.14383400 0.09480820
v 0.02489500 0.14383400 0.09480820
v -0.02489498 0.14266381 0.09726965
v 0.06953650 0.05681186 0.08394050
v 0.07222047 -0.03499786 0.08777740
v 0.06953650 -0.05681133 0.08394053
v 0.07222047 0.03499840 0.08777740
v -0.02489498 0.13975196 0.08777740
v -0.02887860 0.11414312 0.08777740
v -0.02887865 0.13737909 0.08777740
v -0.02489498 0.10110887 0.08777745
v -0.02887902 0.10110880 0.08777740
v -0.05551387 -0.11057032 0.11819313
v -0.03006130 -0.11000808 0.08777743
v -0.05545862 -0.10979690 0.08777743
v 0.06353617 0.11313540 0.08777740
v 0.06348355 0.10096947 0.08571558
v 0.05700550 0.10399256 0.08571558
v 0.07001417 0.11011238 0.08777740
v 0.02489501 0.13516115 0.09298957
v -0.02489498 0.13883681 0.09167895
v -0.02489501 0.13516115 0.09298957
v 0.02489498 0.13883681 0.09167895
v 0.06881160 -0.06305261 0.00624820
v 0.07500000 -0.06269858 0.08571558
v 0.07500000 -0.06872285 0.08571558
v 0.06881160 -0.05752544 0.00624820
v 0.06554998 -0.05756139 0.00174336
v 0.06555710 -0.06284386 0.00174336
v 0.07192437 -0.06855373 0.08571558
v 0.08153062 -0.04042955 0.08777740
v 0.08153062 -0.07786573 0.11192965
v 0.08153062 -0.07786573 0.08777743
v 0.08153062 -0.04042959 0.11192965
v 0.07647765 0.09649258 0.11819310
v 0.07594217 0.09605166 0.08777740
v 0.07780287 0.08801946 0.08777740
v 0.07182793 -0.03789880 0.11819313
v 0.07136690 -0.03830922 0.08777740
v 0.07857745 -0.04208558 0.08777740
v 0.05700550 -0.10399200 0.08571558
v 0.05230188 -0.09541165 0.00624820
v 0.06348355 -0.10096894 0.08571558
v 0.07136690 0.03830978 0.08777740
v 0.06882118 0.03317119 0.08777740
v 0.07182793 0.03789936 0.11819310
v 0.02489500 0.14402924 0.09152590
v -0.02489498 0.13864722 0.09034195
v -0.02489498 0.14402924 0.09152590
v 0.02489498 0.13864722 0.09034195
v 0.05762288 0.09164799 0.00174035
v 0.06286813 0.08801534 0.00624819
v 0.06219615 0.08707461 0.00174005
v 0.05824538 0.09263807 0.00624819
v 0.08804622 -0.09976603 0.11819313
v 0.08600868 -0.10865984 0.11819313
v 0.08653960 -0.10906284 0.11192965
v 0.06815118 0.07322263 0.00624819
v 0.07500000 0.06872341 0.08571558
v 0.06881160 0.06305261 0.00624819
v 0.07428022 0.07980798 0.08571558
v 0.02887865 0.13975196 0.08777740
v 0.02489498 0.10110887 0.08777745
v 0.02489498 0.13975196 0.08777740
v 0.02887847 0.11414312 0.08777740
v 0.02887902 0.10110880 0.08777740
v 0.06327275 -0.07947429 0.00174338
v 0.06643260 -0.09300536 0.08571558
v 0.06945293 -0.08701760 0.08571558
v 0.07865153 -0.09801953 0.08777743
v 0.07505263 -0.10507336 0.11192965
v 0.07505263 -0.10507336 0.08777743
v 0.07865153 -0.09801953 0.11192965
v 0.07897900 0.07771970 0.11819310
v 0.02743665 0.11166012 0.12060595
v 0.02896667 0.12421906 0.11819310
v 0.02657712 0.12250217 0.12060595
v 0.02999913 0.11119595 0.11819310
v 0.08837198 0.03585446 0.12060595
v 0.08872770 0.04055359 0.11819310
v 0.08750138 0.03720822 0.12060595
v 0.08872770 0.04055359 0.11819310
v 0.08837198 0.03585446 0.12060595
v 0.09088435 0.03720017 0.11819310
v -0.07761440 -0.12041183 0.11819313
v -0.08253075 -0.11554277 0.11819313
v -0.08294070 -0.11611666 0.11192968
v 0.06219615 0.08707461 0.00174005
v 0.06004070 0.08405695 0.00000000
v 0.05762288 0.09164799 0.00174035
v 0.08941872 -0.04042959 0.11192965
v 0.08872770 -0.04055303 0.11819313
v 0.08941872 -0.08890903 0.11192965
v 0.06219615 -0.08707461 0.00174007
v 0.05762288 -0.09164799 0.00174037
v 0.06004070 -0.08405695 0.00000000
v -0.06353615 0.11313540 0.08777740
v -0.05561855 0.11414312 0.11192965
v -0.05561855 0.11414312 0.08777740
v -0.06353612 0.11313540 0.11192965
v -0.06286813 0.08801534 0.00624819
v -0.05762288 0.09164799 0.00174035
v -0.06219615 0.08707461 0.00174005
v -0.05824538 0.09263807 0.00624819
v 0.05824538 -0.09263807 0.00624820
v -0.07180993 0.03164141 0.12060598
v -0.07182790 0.03789936 0.11819313
v -0.07345860 0.03501291 0.12060598
v -0.06929790 0.03272555 0.11819313
v -0.06004070 -0.08405695 0.00000000
v -0.06219615 -0.08707461 0.00174007
v -0.06280750 -0.07863401 0.00000000
v -0.07200883 0.06298407 0.08571558
v -0.07842652 0.07764236 0.08777740
v -0.07857742 0.04208610 0.08777743
v 0.02887847 0.12518646 0.11192965
v 0.02489500 0.14819945 0.10043255
v 0.02489500 0.12518636 0.11192968
v 0.02887868 0.14819945 0.10043255
v -0.06945290 0.08701812 0.08571558
v -0.07290180 0.10206280 0.08777740
v -0.07594217 0.09605166 0.08777740
v 0.05642210 0.09982245 0.08571558
v 0.05545862 0.10979742 0.08777740
v 0.04896718 0.10069437 0.08571558
v -0.04424665 -0.09120853 0.00000000
v -0.04455650 -0.09530717 0.00174262
v -0.05097872 -0.09035173 0.00000000
v -0.09088433 0.03720017 0.11819313
v -0.09157532 -0.03708635 0.11192965
v -0.09088433 -0.03719961 0.11819313
v -0.09157532 0.03708691 0.11192965
v -0.06546285 -0.08067203 0.00174037
v 0.05700550 -0.10399200 0.08571558
v 0.04503762 -0.09633624 0.00624820
v 0.05230188 -0.09541165 0.00624820
v -0.02489498 0.14592141 0.08895312
v -0.02887865 0.13975196 0.08777740
v -0.02887865 0.14592141 0.08895312
v -0.02489498 0.13975196 0.08777740
v 0.06287085 0.10892431 0.08777740
v 0.04908795 -0.10499968 0.08571558
v 0.04108965 -0.09633624 0.00624820
v 0.04503762 -0.09633624 0.00624820
v 0.04478493 -0.10499968 0.08571558
v -0.02743663 0.11166012 0.12060595
v -0.02925107 0.10055938 0.11819310
v -0.02718933 0.10284232 0.12060595
v -0.02887865 0.15044051 0.09112585
v -0.02489498 0.15248100 0.09439038
v -0.02489498 0.15044051 0.09112585
v -0.02887865 0.15248100 0.09439038
v -0.02896667 0.12421906 0.11819310
v -0.02649045 0.12820574 0.11192965
v -0.02887847 0.12518646 0.11192965
v -0.07001417 0.11011238 0.08777740
v -0.06852198 0.09593105 0.08571558
v -0.07505263 0.10507389 0.08777740
v -0.06348355 0.10096947 0.08571558
v -0.07222035 -0.03499755 0.11192965
v -0.07222045 -0.03499786 0.08777743
v -0.08153060 -0.04042955 0.08777743
v -0.02887865 0.15248100 0.09439038
v -0.02489498 0.15151685 0.09763300
v -0.02489498 0.15248100 0.09439038
v -0.02887865 0.15151685 0.09763300
v 0.06892310 -0.10706839 0.11819313
v 0.07334960 -0.10268912 0.11819313
v 0.06860813 -0.10631873 0.08777743
v -0.07334960 0.10268973 0.11819310
v -0.07290180 0.10206280 0.08777740
v -0.06892308 0.10706896 0.11819310
v -0.02489498 -0.14819889 0.10043255
v -0.02887847 -0.12518590 0.11192968
v -0.02887865 -0.14819889 0.10043255
v -0.02489498 -0.12518580 0.11192970
v 0.05545862 -0.10979690 0.08777743
v 0.04498848 -0.10081207 0.08571558
v 0.03006133 -0.11000808 0.08777743
v 0.08153062 -0.04042959 0.11192965
v 0.08153062 -0.04042955 0.08777740
v 0.07222035 -0.03499755 0.11192965
v -0.05551387 0.11057084 0.11819310
v -0.03006130 0.11000867 0.08777740
v -0.02999910 0.11119595 0.11819310
v 0.04478493 -0.10499968 0.08571558
v 0.02887847 -0.11414256 0.08777743
v 0.04057975 -0.09735082 0.08394053
v -0.06655630 0.05854545 0.08217598
v -0.06882118 -0.03317065 0.08777743
v -0.06655630 -0.05854489 0.08217598
v -0.06882118 0.03317119 0.08777743
v -0.06514895 -0.06194528 0.00000000
v -0.06742295 -0.07244020 0.00174125
v -0.06807655 -0.06237910 0.00174262
v 0.02489500 -0.14495355 0.09804823
v -0.02489498 -0.14664107 0.09471795
v 0.02489500 -0.14664107 0.09471795
v -0.02489498 -0.14495355 0.09804823
v -0.02489498 -0.15151633 0.09763303
v -0.02887865 -0.15248044 0.09439040
v -0.02489498 -0.15248044 0.09439040
v -0.02887865 -0.15151633 0.09763303
v -0.04478493 0.10500021 0.08571558
v -0.04057973 0.09735138 0.08394050
v -0.04108965 0.09633624 0.00624819
v -0.07761440 0.12041239 0.11819310
v -0.07126162 0.12326499 0.11819310
v -0.07790225 0.12115572 0.11192965
v -0.07647765 -0.09649203 0.11819313
v -0.07334960 -0.10268912 0.11819313
v -0.07290180 -0.10206221 0.08777743
v -0.06345677 0.12412204 0.11819310
v -0.06350663 0.12518646 0.11192965
v -0.07142422 0.12417877 0.11192965
v 0.02489500 -0.13883629 0.09167898
v -0.02489498 -0.13516058 0.09298960
v -0.02489498 -0.13883629 0.09167898
v 0.02489500 -0.13516058 0.09298960
v 0.05762288 0.09164799 0.00174035
v 0.05616715 0.08793050 0.00000000
v 0.05174300 0.09439213 0.00174122
v 0.05097872 -0.09035173 0.00000000
v 0.04455650 -0.09530717 0.00174262
v 0.04424665 -0.09120853 0.00000000
v -0.03006130 0.11000867 0.08777740
v -0.05545862 0.10979742 0.08777740
v -0.04498848 0.10081264 0.08571558
v -0.07130157 -0.07899066 0.08571558
v -0.07192435 -0.06855373 0.08571558
v -0.07780287 -0.08801887 0.08777743
v -0.06882118 0.03317119 0.08777743
v -0.06929790 -0.03272498 0.11819313
v -0.06882118 -0.03317065 0.08777743
v -0.06929790 0.03272555 0.11819313
v 0.07780287 -0.08801887 0.08777743
v 0.07192437 -0.06855373 0.08571558
v 0.07130157 -0.07899066 0.08571558
v 0.07842655 -0.07764180 0.08777743
v -0.06304833 0.10972083 0.11819310
v -0.05545862 0.10979742 0.08777740
v -0.05551387 0.11057084 0.11819310
v -0.07500000 0.06872341 0.08571558
v -0.06815118 0.07322263 0.00624819
v -0.06881160 0.06305261 0.00624819
v -0.07428020 0.07980798 0.08571558
v 0.02887847 0.11414312 0.08777740
v 0.05561855 0.11414312 0.11192965
v 0.05561855 0.11414312 0.08777740
v 0.02887850 0.11414312 0.11192965
v 0.06807655 -0.06237910 0.00174262
v 0.06742295 -0.07244020 0.00174123
v 0.06514895 -0.06194528 0.00000000
v -0.07182790 0.03789936 0.11819313
v -0.06929790 0.03272555 0.11819313
v -0.06882118 0.03317119 0.08777743
v -0.02531905 0.10053418 0.12060595
v -0.02718933 0.10284232 0.12060595
v -0.02609343 0.09701734 0.11819310
v -0.02887865 -0.13975139 0.08777743
v -0.02489498 -0.14592088 0.08895315
v -0.02887865 -0.14592088 0.08895315
v -0.02489498 -0.13975139 0.08777743
v 0.02999913 -0.11119535 0.11819313
v 0.05551390 -0.11057032 0.11819313
v 0.03006133 -0.11000808 0.08777743
v 0.06453695 -0.07137021 0.00000000
v -0.07594217 -0.09605113 0.08777743
v -0.06453695 0.07137021 0.00000000
v -0.06514895 0.06194528 0.00000000
v -0.06742295 0.07244020 0.00174123
v -0.05642210 -0.09982193 0.08571558
v -0.06215560 -0.09723378 0.08571558
v -0.06287085 -0.10892371 0.08777743
v -0.05097872 -0.09035173 0.00000000
v -0.05174300 -0.09439213 0.00174125
v -0.05616715 -0.08793050 0.00000000
v 0.06852198 -0.09593049 0.08571558
v 0.07001417 -0.11011178 0.08777743
v 0.06348355 -0.10096894 0.08571558
v 0.07505263 -0.10507336 0.08777743
v 0.06345680 -0.12412148 0.11819313
v 0.07142425 -0.12417818 0.11192965
v 0.07126165 -0.12326443 0.11819313
v -0.08195280 0.03747538 0.11664932
v -0.08848090 0.03747538 0.11192965
v -0.08195280 0.03747538 0.11192965
v -0.08848090 0.03747538 0.11664932
v 0.02641175 0.09634989 0.08777740
v -0.04181797 0.09317904 0.08217598
v 0.04181797 0.09317904 0.08217598
v -0.02641175 0.09634989 0.08777740
v 0.06617005 -0.08154353 0.00624820
v 0.07212090 -0.08887669 0.08571558
v 0.06286813 -0.08801534 0.00624820
v 0.05616715 -0.08793050 0.00000000
v -0.05700550 -0.10399200 0.08571560
v -0.04503762 -0.09633624 0.00624820
v -0.04908795 -0.10499968 0.08571558
v -0.05616715 -0.08793050 0.00000000
v -0.05762288 -0.09164799 0.00174037
v -0.06004070 -0.08405695 0.00000000
v -0.06280750 0.07863401 0.00000000
v -0.06453695 0.07137021 0.00000000
v -0.06546285 0.08067203 0.00174035
v -0.07001413 0.11011234 0.11192965
v -0.07001417 0.11011238 0.08777740
v -0.07505263 0.10507389 0.08777740
v 0.04908795 -0.10499968 0.08571558
v 0.02489500 0.15248100 0.09439038
v 0.02887868 0.15151685 0.09763300
v 0.02887868 0.15248100 0.09439038
v 0.02489500 0.15151685 0.09763300
v -0.06348355 -0.10096894 0.08571560
v -0.05824538 -0.09263807 0.00624820
v -0.05230188 -0.09541165 0.00624820
v 0.08195280 -0.03747482 0.11192965
v 0.08848093 -0.03747482 0.11664932
v 0.08848093 -0.03747482 0.11192965
v 0.08195280 -0.03747482 0.11664932
v -0.06219615 0.08707461 0.00174005
v -0.06280750 0.07863401 0.00000000
v -0.06546285 0.08067203 0.00174035
v -0.06219615 -0.08707461 0.00174007
v 0.06643260 0.09300591 0.08571558
v 0.06327275 0.07947429 0.00174336
v 0.06945293 0.08701812 0.08571558
v -0.09088433 0.03720017 0.11819313
v -0.08941870 0.04043015 0.11192965
v -0.09157532 0.03708691 0.11192965
v -0.08872770 0.04055359 0.11819313
v 0.06882118 -0.03317065 0.08777740
v 0.07136690 -0.03830922 0.08777740
v 0.07182793 -0.03789880 0.11819313
v -0.02743663 0.11166012 0.12060595
v -0.02896667 0.12421906 0.11819310
v -0.02999910 0.11119595 0.11819310
v -0.02657710 0.12250217 0.12060595
v -0.07130157 -0.07899066 0.08571558
v -0.07780287 -0.08801887 0.08777743
v -0.07594217 -0.09605113 0.08777743
v -0.02489498 -0.14383348 0.09480823
v 0.02489500 -0.14266329 0.09726968
v 0.02489500 -0.14383348 0.09480823
v -0.02489498 -0.14266329 0.09726968
v -0.05762288 -0.09164799 0.00174037
v -0.05230188 -0.09541165 0.00624820
v 0.02887868 -0.14592088 0.08895315
v 0.02489500 -0.15043994 0.09112588
v 0.02489500 -0.14592088 0.08895315
v 0.02887868 -0.15043994 0.09112588
v -0.06655630 0.05854545 0.08217598
v -0.07200883 0.06298407 0.08571558
v -0.06882118 0.03317119 0.08777743
v -0.07290180 0.10206280 0.08777740
v -0.07647765 0.09649258 0.11819310
v -0.07594217 0.09605166 0.08777740
v 0.06546285 0.08067203 0.00174035
v 0.06453695 0.07137021 0.00000000
v 0.06280750 0.07863401 0.00000000
v -0.06215560 0.09723431 0.08571558
v -0.06860813 0.10631929 0.08777740
v -0.06643260 0.09300591 0.08571558
v -0.04896715 0.10069437 0.08571558
v -0.05545862 0.10979742 0.08777740
v -0.05642210 0.09982245 0.08571558
v 0.02489500 0.15044051 0.09112585
v 0.02887868 0.15248100 0.09439038
v 0.02887868 0.15044051 0.09112585
v 0.02489500 0.15248100 0.09439038
v 0.06742295 -0.07244020 0.00174123
v 0.06546285 -0.08067203 0.00174037
v 0.06453695 -0.07137021 0.00000000
v 0.07780287 0.08801946 0.08777740
v 0.07594217 0.09605166 0.08777740
v 0.07130157 0.07899122 0.08571558
v 0.06742295 0.07244020 0.00174122
v -0.06496528 -0.07228497 0.00174338
v -0.06554998 -0.05756139 0.00174338
v -0.06555710 -0.06284386 0.00174338
v -0.06554998 0.05756139 0.00174336
v -0.06496528 0.07228497 0.00174336
v -0.06555710 0.06284386 0.00174336
v -0.06327275 -0.07947429 0.00174338
v -0.06327275 0.07947429 0.00174336
v -0.06056923 -0.08479692 0.00174338
v -0.06056923 0.08479692 0.00174336
v -0.05676735 -0.08858181 0.00174338
v -0.05676735 0.08858181 0.00174336
v -0.05163215 -0.09095132 0.00174338
v -0.05163215 0.09095132 0.00174336
v -0.04488847 0.09177994 0.00174336
v -0.04488847 -0.09177994 0.00174338
v -0.04111528 0.09176997 0.00174336
v -0.04111528 -0.09176997 0.00174338
v 0.04111528 0.09176997 0.00174336
v 0.04111528 -0.09176997 0.00174338
v 0.04488847 0.09177994 0.00174336
v 0.04488847 -0.09177994 0.00174338
v 0.05163215 0.09095132 0.00174336
v 0.05163215 -0.09095132 0.00174338
v 0.05676735 0.08858181 0.00174336
v 0.05676735 -0.08858181 0.00174338
v 0.06056923 -0.08479692 0.00174338
v 0.06056923 0.08479692 0.00174336
v 0.06327275 -0.07947429 0.00174338
v 0.06327275 0.07947429 0.00174336
v 0.06496528 -0.07228497 0.00174338
v 0.06496528 0.07228497 0.00174336
v 0.06555710 -0.06284386 0.00174336
v 0.06554998 -0.05756139 0.00174336
v 0.06554998 0.05756139 0.00174336
v 0.06555710 0.06284386 0.00174336
v 0.06546285 -0.08067203 0.00174037
v 0.06219615 -0.08707461 0.00174007
v 0.06280750 -0.07863401 0.00000000
v 0.07505263 0.10507389 0.11192965
v 0.07505263 0.10507389 0.08777740
v 0.07001415 0.11011234 0.11192965
v -0.06287085 0.10892431 0.08777740
v 0.06004070 -0.08405695 0.00000000
v 0.02925110 -0.10055881 0.11819313
v 0.02609345 -0.09701678 0.11819313
v 0.02718935 -0.10284176 0.12060598
v 0.06860813 -0.10631873 0.08777743
v 0.06643260 -0.09300536 0.08571558
v 0.06215563 -0.09723378 0.08571558
v 0.07290180 -0.10206221 0.08777743
v 0.06852198 -0.09593049 0.08571558
v 0.07126165 -0.12326443 0.11819313
v 0.07142425 -0.12417818 0.11192965
v 0.07790225 -0.12115509 0.11192965
v 0.07222047 -0.03499786 0.08777740
v 0.05545862 -0.10979690 0.08777743
v 0.05642210 -0.09982193 0.08571558
v 0.04896718 -0.10069384 0.08571558
v 0.06287085 -0.10892371 0.08777743
v 0.02887865 0.13975196 0.08777740
v 0.02887850 0.11414312 0.11192965
v 0.02887847 0.11414312 0.08777740
v 0.02887847 0.12518646 0.11192965
v 0.02887868 0.14819945 0.10043255
v 0.02887868 0.14592141 0.08895312
v 0.02887868 0.15044051 0.09112585
v 0.02887868 0.15151685 0.09763300
v 0.02887868 0.15248100 0.09439038
v 0.05097872 0.09035173 0.00000000
v 0.05700550 0.10399256 0.08571558
v 0.05824538 0.09263807 0.00624819
v 0.05230188 0.09541165 0.00624819
v 0.07647765 -0.09649203 0.11819313
v 0.07290180 -0.10206221 0.08777743
v 0.07334960 -0.10268912 0.11819313
v 0.05551390 -0.11057032 0.11819313
v 0.06304833 -0.10972027 0.11819313
v 0.05545862 -0.10979690 0.08777743
v 0.07594217 -0.09605113 0.08777743
v -0.02489498 -0.15248044 0.09439040
v -0.02887865 -0.15043994 0.09112588
v -0.02489498 -0.15043994 0.09112588
v -0.02887865 -0.15248044 0.09439040
v 0.04424665 0.09120853 0.00000000
v -0.06643260 0.09300591 0.08571558
v 0.06892310 0.10706896 0.11819310
v 0.06860813 0.10631929 0.08777740
v 0.07290180 0.10206280 0.08777740
v -0.05174300 -0.09439213 0.00174125
v 0.02657135 -0.12723778 0.11819313
v -0.02561012 -0.12372046 0.12060598
v -0.02657135 -0.12723778 0.11819313
v 0.02561015 -0.12372046 0.12060598
v 0.06860813 0.10631929 0.08777740
v 0.06215563 0.09723431 0.08571558
v 0.06643260 0.09300591 0.08571558
v 0.08195280 0.03747538 0.11664932
v 0.07433093 0.03302839 0.11192965
v 0.08195280 0.03747538 0.11192965
v 0.07433093 0.03302839 0.11664932
v 0.04108965 0.09633624 0.00624819
v 0.04908795 0.10500021 0.08571558
v 0.04503762 0.09633624 0.00624819
v 0.04478493 0.10500021 0.08571558
v 0.06945293 0.08701812 0.08571558
v -0.07222045 -0.03499786 0.08777743
v -0.07500000 -0.06269858 0.08571558
v -0.08153060 -0.04042955 0.08777743
v 0.04896718 0.10069437 0.08571558
v 0.04488847 0.09177994 0.00174336
v 0.05642210 0.09982245 0.08571558
v 0.07780287 -0.08801887 0.08777743
v 0.07594217 -0.09605113 0.08777743
v 0.07647765 -0.09649203 0.11819313
v 0.08153062 0.04043011 0.08777740
v 0.06953650 0.05681186 0.08394050
v 0.07500000 0.06269917 0.08571558
v -0.05551387 -0.11057032 0.11819313
v -0.02999910 -0.11119535 0.11819313
v -0.03006130 -0.11000808 0.08777743
v -0.05700550 0.10399256 0.08571558
v -0.04908795 0.10500021 0.08571558
v -0.05230188 0.09541165 0.00624819
v -0.07222045 0.03499840 0.08777743
v -0.08153060 0.04043015 0.11192965
v -0.08153060 0.04043011 0.08777743
v -0.07222035 0.03499811 0.11192965
v 0.06892310 0.10706896 0.11819310
v 0.06287085 0.10892431 0.08777740
v 0.06860813 0.10631929 0.08777740
v 0.08869895 0.09999416 0.11192965
v 0.08804622 0.09976659 0.11819310
v 0.08865845 0.08883976 0.11819310
v 0.07857745 0.04208610 0.08777740
v 0.07842655 0.07764236 0.08777740
v 0.07200883 0.06298407 0.08571558
v 0.02657135 0.12723837 0.11819310
v 0.05545862 0.10979742 0.08777740
v 0.03006133 0.11000867 0.08777740
v 0.04498848 0.10081264 0.08571558
v -0.02657710 0.12250217 0.12060595
v -0.02657135 0.12723837 0.11819310
v -0.02896667 0.12421906 0.11819310
v -0.02561012 0.12372101 0.12060595
v 0.07001417 0.11011238 0.08777740
v 0.06852198 0.09593105 0.08571558
v 0.06348355 0.10096947 0.08571558
v 0.07505263 0.10507389 0.08777740
v -0.08946475 0.03595015 0.11192965
v -0.08946475 -0.03594959 0.11664935
v -0.08946475 -0.03594959 0.11192965
v -0.08946475 0.03595015 0.11664932
v -0.09088433 -0.03719961 0.11819313
v -0.08941870 -0.04042959 0.11192965
v -0.08872770 -0.04055303 0.11819313
v -0.09157532 -0.03708635 0.11192965
v 0.02896667 0.12421906 0.11819310
v 0.06345680 0.12412204 0.11819310
v 0.06350665 0.12518646 0.11192965
v 0.02489538 0.10406350 0.11192965
v -0.02489498 0.10110884 0.11192968
v -0.02489537 0.10406350 0.11192965
v 0.02489500 0.10110884 0.11192968
v 0.05824538 -0.09263807 0.00624820
v 0.05174300 -0.09439213 0.00174123
v 0.05762288 -0.09164799 0.00174037
v 0.05230188 -0.09541165 0.00624820
v 0.07594217 0.09605166 0.08777740
v 0.07290180 0.10206280 0.08777740
v 0.06945293 0.08701812 0.08571558
v 0.05545862 -0.10979690 0.08777743
v 0.04896718 -0.10069384 0.08571558
v 0.04498848 -0.10081207 0.08571558
v 0.06643260 0.09300591 0.08571558
v 0.05676735 0.08858181 0.00174336
v 0.06056923 0.08479692 0.00174336
v -0.02887860 0.11414312 0.08777740
v -0.02887902 0.10110880 0.08777740
v -0.04057973 0.09735138 0.08394050
v 0.06304833 0.10972083 0.11819310
v -0.04111528 -0.09176997 0.00174338
v -0.04498848 -0.10081207 0.08571558
v -0.04181797 -0.09317850 0.08217598
v 0.06280750 -0.07863401 0.00000000
v 0.07857745 -0.04208558 0.08777740
v 0.07842655 -0.07764180 0.08777743
v 0.07897900 -0.07771915 0.11819313
v 0.08153062 -0.04042955 0.08777740
v 0.07500000 -0.06872285 0.08571558
v 0.07500000 -0.06269858 0.08571558
v 0.08153062 -0.07786573 0.08777743
v -0.06945290 0.08701812 0.08571558
v -0.07594217 0.09605166 0.08777740
v -0.07130157 0.07899122 0.08571558
v 0.06215563 0.09723431 0.08571558
v 0.05163215 0.09095132 0.00174336
v 0.05676735 0.08858181 0.00174336
v 0.07182793 0.03789936 0.11819310
v 0.07857745 0.04208610 0.08777740
v 0.07136690 0.03830978 0.08777740
v 0.06807655 0.06237910 0.00174260
v 0.06514895 0.06194528 0.00000000
v 0.06742295 0.07244020 0.00174122
v -0.06348355 -0.10096894 0.08571560
v -0.06353615 -0.11313487 0.08777743
v -0.07001417 -0.11011178 0.08777743
v -0.05700550 -0.10399200 0.08571560
v 0.06496528 -0.07228497 0.00174338
v 0.06945293 -0.08701760 0.08571558
v 0.07130157 -0.07899066 0.08571558
v -0.05616715 0.08793050 0.00000000
v -0.02489498 -0.12518580 0.11192970
v 0.02489538 -0.12525041 0.11664935
v 0.02489500 -0.12518580 0.11192970
v -0.02489537 -0.12525041 0.11664935
v -0.08153060 0.07786625 0.08777740
v -0.07500000 0.06269917 0.08571558
v -0.08153060 0.04043011 0.08777743
v -0.07500000 0.06872341 0.08571558
v 0.02489538 0.12525097 0.11664932
v -0.02489498 0.12518636 0.11192968
v 0.02489500 0.12518636 0.11192968
v -0.02489537 0.12525097 0.11664932
v -0.02489498 -0.12518580 0.11192970
v -0.02649045 -0.12820517 0.11192968
v -0.02887847 -0.12518590 0.11192968
v 0.02649047 -0.12820517 0.11192968
v 0.02489538 -0.12525041 0.11192965
v 0.02489500 -0.12518580 0.11192970
v 0.02887847 -0.12518590 0.11192965
v 0.06815118 -0.07322263 0.00624820
v 0.07500000 -0.06872285 0.08571558
v 0.07428022 -0.07980745 0.08571558
v 0.06881160 -0.06305261 0.00624820
v 0.08946478 0.03595015 0.11664932
v 0.08848093 0.03747538 0.11192965
v 0.08946478 0.03595015 0.11192965
v 0.08848093 0.03747538 0.11664932
v 0.07761443 0.12041239 0.11819310
v 0.08294070 0.11611723 0.11192965
v 0.07790225 0.12115572 0.11192965
v 0.02896667 0.12421906 0.11819310
v 0.06350665 0.12518646 0.11192965
v 0.02887847 0.12518646 0.11192965
v 0.06742295 -0.07244020 0.00174123
v 0.06881160 -0.06305261 0.00624820
v 0.06815118 -0.07322263 0.00624820
v 0.06807655 -0.06237910 0.00174262
v 0.02489500 0.12518636 0.11192968
v 0.02489500 0.13844240 0.09843605
v 0.02489506 0.13364834 0.09185970
v 0.02489500 0.13995520 0.09956592
v 0.02489500 0.14819945 0.10043255
v 0.02489501 0.13516115 0.09298957
v 0.02489500 0.14495411 0.09804820
v 0.02489500 0.14664163 0.09471793
v 0.02489538 0.10406350 0.11192965
v 0.02489498 0.10110887 0.08777745
v 0.02489500 0.10110884 0.11192968
v 0.02489498 0.13975196 0.08777740
v 0.02489538 0.10406350 0.11664932
v 0.02489498 0.13864722 0.09034195
v 0.02489500 0.14402924 0.09152590
v 0.02489500 0.14592141 0.08895312
v 0.02489500 0.15044051 0.09112585
v 0.02489500 0.15151685 0.09763300
v 0.02489500 0.15248100 0.09439038
v 0.02489498 0.13883681 0.09167895
v 0.02489500 0.14266381 0.09726965
v 0.02489500 0.14197956 0.09244402
v 0.02489500 0.14383400 0.09480820
v 0.02489538 0.12525097 0.11664932
v 0.07290180 0.10206280 0.08777740
v 0.05642210 0.09982245 0.08571558
v 0.08081085 -0.08895029 0.08777743
v 0.07865153 -0.09801953 0.11192965
v 0.07865153 -0.09801953 0.08777743
v 0.08081082 -0.08895029 0.11192965
v -0.02489498 -0.14197901 0.09244405
v -0.02489498 -0.14266329 0.09726968
v -0.02489498 -0.14383348 0.09480823
v -0.02489498 -0.13844180 0.09843607
v -0.02489498 -0.13883629 0.09167898
v -0.02489498 -0.13516058 0.09298960
v -0.02489498 -0.15043994 0.09112588
v -0.02489498 -0.15151633 0.09763303
v -0.02489498 -0.15248044 0.09439040
v -0.02489498 -0.14819889 0.10043255
v -0.02489498 -0.14592088 0.08895315
v -0.02489498 -0.14664107 0.09471795
v -0.02489498 -0.14402867 0.09152593
v -0.02489498 -0.13975139 0.08777743
v -0.02489498 -0.13864669 0.09034200
v -0.02489498 -0.10110835 0.08777747
v -0.02489498 -0.13364774 0.09185973
v -0.02489498 -0.12518580 0.11192970
v -0.02489537 -0.10406294 0.11192968
v -0.02489498 -0.10110828 0.11192968
v -0.02489537 -0.10406294 0.11664935
v -0.02489537 -0.12525041 0.11664935
v -0.02489498 -0.14495355 0.09804823
v -0.02489498 -0.13995464 0.09956595
v 0.07222035 0.03499811 0.11192965
v 0.07222047 0.03499840 0.08777740
v 0.08153062 0.04043015 0.11192965
v 0.04498848 0.10081264 0.08571558
v 0.04181797 0.09317904 0.08217598
v 0.04111528 0.09176997 0.00174336
v 0.02999913 0.11119595 0.11819310
v 0.02925110 0.10055938 0.11819310
v 0.03006133 0.11000867 0.08777740
v 0.05545862 0.10979742 0.08777740
v 0.04498848 0.10081264 0.08571558
v 0.04896718 0.10069437 0.08571558
v 0.07212090 -0.08887669 0.08571558
v 0.07505263 -0.10507336 0.08777743
v 0.06852198 -0.09593049 0.08571558
v 0.07865153 -0.09801953 0.08777743
v -0.02743663 -0.11165956 0.12060598
v -0.02925107 -0.10055881 0.11819313
v -0.02999910 -0.11119535 0.11819313
v -0.08941870 -0.04042959 0.11192965
v -0.08941870 -0.08890903 0.11192968
v -0.08872770 -0.04055303 0.11819313
v 0.06643260 0.09300591 0.08571558
v 0.06056923 0.08479692 0.00174336
v 0.06327275 0.07947429 0.00174336
v 0.04498848 0.10081264 0.08571558
v 0.04111528 0.09176997 0.00174336
v 0.04896718 0.10069437 0.08571558
v 0.04478493 -0.10499968 0.08571558
v 0.05561855 -0.11414256 0.08777743
v 0.02887847 -0.11414256 0.08777743
v 0.04908795 -0.10499968 0.08571558
v -0.08872770 -0.04055303 0.11819313
v -0.08941870 -0.08890903 0.11192968
v -0.08865842 -0.08883920 0.11819313
v 0.08865845 -0.08883920 0.11819313
v 0.08804622 -0.09976603 0.11819313
v 0.08869895 -0.09999360 0.11192965
v 0.02489500 -0.14495355 0.09804823
v -0.02489498 -0.13995464 0.09956595
v -0.02489498 -0.14495355 0.09804823
v 0.02489500 -0.13995464 0.09956595
v -0.06953648 -0.05681133 0.08394053
v -0.06881160 0.05752544 0.00624819
v -0.06881160 -0.05752544 0.00624820
v -0.06953648 0.05681186 0.08394050
v -0.02489498 -0.13844180 0.09843607
v 0.02489500 -0.13995464 0.09956595
v 0.02489500 -0.13844180 0.09843605
v -0.02489498 -0.13995464 0.09956595
v -0.02489498 -0.10110828 0.11192968
v 0.02489538 -0.10406294 0.11192965
v -0.02489537 -0.10406294 0.11192968
v 0.02489500 -0.10110828 0.11192968
v 0.07222035 -0.03499755 0.11192965
v 0.07433093 -0.03302785 0.11192965
v 0.08153062 -0.04042959 0.11192965
v 0.07433093 0.03302839 0.11192965
v 0.08195280 -0.03747482 0.11192965
v 0.07222035 0.03499811 0.11192965
v 0.08153062 0.04043015 0.11192965
v 0.08195280 0.03747538 0.11192965
v 0.06350665 0.12518646 0.11192965
v 0.02887850 0.11414312 0.11192965
v 0.02887847 0.12518646 0.11192965
v 0.05561855 0.11414312 0.11192965
v 0.06353615 0.11313540 0.11192965
v 0.07142425 0.12417877 0.11192965
v 0.07001415 0.11011234 0.11192965
v 0.07505263 0.10507389 0.11192965
v 0.07790225 0.12115572 0.11192965
v 0.07865153 0.09802009 0.11192965
v 0.08294070 0.11611723 0.11192965
v 0.08081082 0.08895085 0.11192965
v 0.08153062 0.07786625 0.11192965
v 0.08848093 0.03747538 0.11192965
v 0.08653960 0.10906339 0.11192965
v 0.08869895 0.09999416 0.11192965
v 0.08946478 0.03595015 0.11192965
v 0.08941872 0.04043015 0.11192965
v 0.08941872 0.08890956 0.11192965
v 0.09157532 0.03708691 0.11192965
v 0.08946478 -0.03594959 0.11192965
v 0.02887850 -0.11414256 0.11192965
v 0.06350665 -0.12518590 0.11192965
v 0.02887847 -0.12518590 0.11192965
v 0.05561855 -0.11414253 0.11192965
v 0.06353615 -0.11313487 0.11192965
v 0.07142425 -0.12417818 0.11192965
v 0.07001415 -0.11011178 0.11192965
v 0.07505263 -0.10507336 0.11192965
v 0.07790225 -0.12115509 0.11192965
v 0.07865153 -0.09801953 0.11192965
v 0.08294070 -0.11611666 0.11192965
v 0.08081082 -0.08895029 0.11192965
v 0.08153062 -0.07786573 0.11192965
v 0.08848093 -0.03747482 0.11192965
v 0.08653960 -0.10906284 0.11192965
v 0.08869895 -0.09999360 0.11192965
v 0.08941872 -0.04042959 0.11192965
v 0.09157532 -0.03708635 0.11192965
v 0.08941872 -0.08890903 0.11192965
v -0.08837195 -0.03585390 0.12060598
v -0.08750135 0.03720822 0.12060598
v -0.08837195 0.03585446 0.12060598
v -0.08750135 -0.03720766 0.12060598
v -0.07975703 0.03841155 0.12060598
v -0.07975703 -0.03841100 0.12060598
v -0.07345860 0.03501291 0.12060598
v -0.07345860 -0.03501236 0.12060598
v -0.07180993 0.03164141 0.12060598
v -0.07180993 -0.03164085 0.12060598
v 0.07126165 0.12326499 0.11819310
v 0.07761443 0.12041239 0.11819310
v 0.07790225 0.12115572 0.11192965
v -0.07505260 -0.10507336 0.11192968
v -0.07865150 -0.09801953 0.08777743
v -0.07505263 -0.10507336 0.08777743
v -0.07865150 -0.09801953 0.11192968
v -0.07222045 0.03499840 0.08777743
v -0.08153060 0.04043011 0.08777743
v -0.07500000 0.06269917 0.08571558
v 0.05551390 -0.11057032 0.11819313
v 0.05545862 -0.10979690 0.08777743
v 0.03006133 -0.11000808 0.08777743
v -0.02489498 -0.13844180 0.09843607
v 0.02489500 -0.14266329 0.09726968
v -0.02489498 -0.14266329 0.09726968
v 0.02489500 -0.13844180 0.09843605
v -0.04503762 0.09633624 0.00624819
v 0.06287085 0.10892431 0.08777740
v 0.05642210 0.09982245 0.08571558
v 0.06215563 0.09723431 0.08571558
v -0.07857742 -0.04208558 0.08777743
v -0.07897900 -0.07771915 0.11819313
v -0.07842652 -0.07764180 0.08777743
v 0.06945293 0.08701812 0.08571558
v 0.06327275 0.07947429 0.00174336
v 0.06496528 0.07228497 0.00174336
v 0.07975703 0.03841155 0.12060595
v 0.08872770 0.04055359 0.11819310
v 0.07942548 0.04199902 0.11819310
v 0.08750138 0.03720822 0.12060595
v 0.07180993 -0.03164085 0.12060595
v 0.07345860 0.03501291 0.12060595
v 0.07180993 0.03164141 0.12060595
v 0.07345860 -0.03501236 0.12060595
v 0.07975703 0.03841155 0.12060595
v 0.07975703 -0.03841100 0.12060595
v 0.08750138 0.03720822 0.12060595
v 0.08750138 -0.03720766 0.12060595
v 0.08837198 0.03585446 0.12060595
v 0.08837198 -0.03585390 0.12060595
v 0.05642210 -0.09982193 0.08571558
v 0.06215563 -0.09723378 0.08571558
v 0.05163215 -0.09095132 0.00174338
v 0.09157532 -0.03708635 0.11192965
v 0.08872770 -0.04055303 0.11819313
v 0.08941872 -0.04042959 0.11192965
v 0.08294070 0.11611723 0.11192965
v 0.08253075 0.11554333 0.11819310
v 0.08600868 0.10866044 0.11819310
v -0.02657710 -0.12250161 0.12060598
v -0.02718933 -0.10284176 0.12060598
v -0.02743663 -0.11165956 0.12060598
v -0.02531905 -0.10053361 0.12060598
v -0.02561012 -0.12372046 0.12060598
v 0.02561015 -0.12372046 0.12060598
v 0.02531905 -0.10053361 0.12060598
v 0.02718935 -0.10284176 0.12060598
v 0.02657712 -0.12250161 0.12060598
v 0.02743665 -0.11165956 0.12060598
v 0.05174300 0.09439213 0.00174122
v 0.05824538 0.09263807 0.00624819
v 0.05762288 0.09164799 0.00174035
v 0.05230188 0.09541165 0.00624819
v -0.07780287 -0.08801887 0.08777743
v -0.07837180 -0.08826734 0.11819313
v -0.07647765 -0.09649203 0.11819313
v -0.07780287 0.08801946 0.08777740
v -0.07212090 -0.08887669 0.08571558
v -0.07505263 -0.10507336 0.08777743
v -0.07865150 -0.09801953 0.08777743
v -0.06852198 -0.09593049 0.08571560
v 0.07126165 -0.12326443 0.11819313
v 0.07790225 -0.12115509 0.11192965
v 0.07761443 -0.12041183 0.11819313
v 0.06215563 -0.09723378 0.08571558
v 0.06643260 -0.09300536 0.08571558
v 0.05676735 -0.08858181 0.00174338
v -0.07594217 -0.09605113 0.08777743
v 0.05700550 -0.10399200 0.08571558
v 0.05561855 -0.11414256 0.08777743
v 0.04908795 -0.10499968 0.08571558
v 0.06353617 -0.11313487 0.08777743
v 0.04108965 -0.09633624 0.00624820
v 0.04478493 -0.10499968 0.08571558
v 0.04057975 -0.09735082 0.08394053
v 0.06655630 0.05854545 0.08217598
v 0.06554998 -0.05756139 0.00174336
v 0.06655630 -0.05854489 0.08217598
v 0.06554998 0.05756139 0.00174336
v 0.04896718 -0.10069384 0.08571558
v 0.04488847 -0.09177994 0.00174338
v 0.04111528 -0.09176997 0.00174338
v 0.07865153 0.09802009 0.08777740
v 0.07428022 0.07980798 0.08571558
v 0.07212090 0.08887721 0.08571558
v 0.08081085 0.08895085 0.08777740
v -0.02887860 0.11414312 0.08777740
v -0.04057973 0.09735138 0.08394050
v -0.04478493 0.10500021 0.08571558
v 0.02657135 -0.12723778 0.11819313
v -0.02649045 -0.12820517 0.11192968
v 0.02649047 -0.12820517 0.11192968
v -0.02657135 -0.12723778 0.11819313
v 0.05642210 0.09982245 0.08571558
v 0.04488847 0.09177994 0.00174336
v 0.05163215 0.09095132 0.00174336
v 0.06304833 -0.10972027 0.11819313
v 0.06892310 -0.10706839 0.11819313
v 0.06287085 -0.10892371 0.08777743
v 0.08081085 0.08895085 0.08777740
v 0.07500000 0.06872341 0.08571558
v 0.07428022 0.07980798 0.08571558
v 0.08153062 0.07786625 0.08777740
v -0.08946475 -0.03594959 0.11192965
v -0.08848090 -0.03747482 0.11664935
v -0.08848090 -0.03747482 0.11192965
v -0.08946475 -0.03594959 0.11664935
v 0.07334960 0.10268973 0.11819310
v 0.07290180 0.10206280 0.08777740
v 0.07647765 0.09649258 0.11819310
v -0.08600868 -0.10865984 0.11819313
v -0.08294070 -0.11611666 0.11192968
v -0.08253075 -0.11554277 0.11819313
v 0.05676735 -0.08858181 0.00174338
v -0.06496528 -0.07228497 0.00174338
v -0.07130157 -0.07899066 0.08571558
v -0.06945290 -0.08701760 0.08571558
v 0.06353615 -0.11313487 0.11192965
v 0.05561855 -0.11414256 0.08777743
v 0.06353617 -0.11313487 0.08777743
v 0.05561855 -0.11414253 0.11192965
v -0.06815118 -0.07322263 0.00624820
v -0.06546285 -0.08067203 0.00174037
v -0.06617005 -0.08154353 0.00624820
v -0.06742295 -0.07244020 0.00174125
v -0.06555710 -0.06284386 0.00174338
v -0.07130157 -0.07899066 0.08571558
v -0.06496528 -0.07228497 0.00174338
v 0.05551390 0.11057084 0.11819310
v 0.03006133 0.11000867 0.08777740
v 0.05545862 0.10979742 0.08777740
v -0.07865150 -0.09801953 0.11192968
v -0.08081085 -0.08895029 0.08777743
v -0.07865150 -0.09801953 0.08777743
v -0.08081082 -0.08895029 0.11192968
v -0.05700550 0.10399256 0.08571558
v -0.05230188 0.09541165 0.00624819
v -0.05824538 0.09263807 0.00624819
v 0.06852198 0.09593105 0.08571558
v 0.07212090 0.08887721 0.08571558
v 0.06286813 0.08801534 0.00624819
v 0.04908795 0.10500021 0.08571558
v 0.05700550 0.10399256 0.08571558
v 0.05230188 0.09541165 0.00624819
v -0.02489498 -0.13364774 0.09185973
v 0.02489500 -0.13864669 0.09034200
v -0.02489498 -0.13864669 0.09034200
v 0.02489500 -0.13364774 0.09185973
v 0.06860813 -0.10631873 0.08777743
v 0.08653960 0.10906339 0.11192965
v 0.08600868 0.10866044 0.11819310
v 0.08804622 0.09976659 0.11819310
v 0.02925110 -0.10055881 0.11819313
v 0.02999913 -0.11119535 0.11819313
v 0.03006133 -0.11000808 0.08777743
v 0.05642210 -0.09982193 0.08571558
v 0.05163215 -0.09095132 0.00174338
v 0.04488847 -0.09177994 0.00174338
v -0.02657135 -0.12723778 0.11819313
v -0.02896667 -0.12421850 0.11819313
v -0.02649045 -0.12820517 0.11192968
v 0.06929790 -0.03272498 0.11819313
v 0.07180993 0.03164141 0.12060595
v 0.06929790 0.03272555 0.11819310
v 0.07180993 -0.03164085 0.12060595
v 0.06852198 -0.09593049 0.08571558
v 0.05824538 -0.09263807 0.00624820
v 0.06286813 -0.08801534 0.00624820
v 0.06348355 -0.10096894 0.08571558
v -0.05642210 0.09982245 0.08571558
v -0.06287085 0.10892431 0.08777740
v -0.06215560 0.09723431 0.08571558
v -0.08153060 -0.04042955 0.08777743
v -0.07500000 -0.06872285 0.08571558
v -0.08153060 -0.07786573 0.08777743
v -0.07500000 -0.06269858 0.08571558
v 0.06881160 0.05752544 0.00624819
v 0.06953650 -0.05681133 0.08394053
v 0.06881160 -0.05752544 0.00624820
v 0.06953650 0.05681186 0.08394050
v -0.08804620 -0.09976603 0.11819313
v -0.08653957 -0.10906284 0.11192968
v -0.08600868 -0.10865984 0.11819313
v -0.06345677 -0.12412148 0.11819313
v -0.07142422 -0.12417818 0.11192968
v -0.06350663 -0.12518590 0.11192968
v -0.04108965 -0.09633624 0.00624820
v -0.04057973 -0.09735082 0.08394053
v -0.04478493 -0.10499968 0.08571558
v 0.02489538 -0.10406294 0.11664935
v -0.02489537 -0.12525041 0.11664935
v -0.02489537 -0.10406294 0.11664935
v 0.02489538 -0.12525041 0.11664935
v 0.02896667 -0.12421850 0.11819313
v 0.02743665 -0.11165956 0.12060598
v 0.02657712 -0.12250161 0.12060598
v 0.02999913 -0.11119535 0.11819313
v -0.04498848 -0.10081207 0.08571558
v -0.04896715 -0.10069384 0.08571558
v -0.05545862 -0.10979690 0.08777743
v 0.08153062 -0.04042955 0.08777740
v 0.07500000 -0.06269858 0.08571558
v 0.06953650 -0.05681133 0.08394053
v -0.08865842 -0.08883920 0.11819313
v -0.07942548 -0.04199846 0.11819313
v -0.08872770 -0.04055303 0.11819313
v -0.08804620 -0.09976603 0.11819313
v -0.08600868 -0.10865984 0.11819313
v -0.08253075 -0.11554277 0.11819313
v -0.07897900 -0.07771915 0.11819313
v -0.07761440 -0.12041183 0.11819313
v -0.07837180 -0.08826734 0.11819313
v -0.07647765 -0.09649203 0.11819313
v -0.07126162 -0.12326443 0.11819313
v -0.07334960 -0.10268912 0.11819313
v -0.06892308 -0.10706839 0.11819313
v -0.06345677 -0.12412148 0.11819313
v -0.06304833 -0.10972027 0.11819313
v -0.02896667 -0.12421850 0.11819313
v -0.05551387 -0.11057032 0.11819313
v -0.02999910 -0.11119535 0.11819313
v -0.07136690 -0.03830922 0.08777743
v -0.07857742 -0.04208558 0.08777743
v -0.07200883 -0.06298355 0.08571558
v 0.06348355 -0.10096894 0.08571558
v 0.06353617 -0.11313487 0.08777743
v 0.05700550 -0.10399200 0.08571558
v 0.07001417 -0.11011178 0.08777743
v -0.07942548 -0.04199846 0.11819313
v -0.07857742 -0.04208558 0.08777743
v -0.07182790 -0.03789880 0.11819313
v -0.06327275 -0.07947429 0.00174338
v -0.06453695 0.07137021 0.00000000
v -0.06514895 -0.06194528 0.00000000
v -0.06514895 0.06194528 0.00000000
v -0.06453695 -0.07137021 0.00000000
v -0.06280750 0.07863401 0.00000000
v -0.06280750 -0.07863401 0.00000000
v -0.06004070 0.08405695 0.00000000
v -0.06004070 -0.08405695 0.00000000
v -0.05616715 0.08793050 0.00000000
v -0.05616715 -0.08793050 0.00000000
v -0.05097872 0.09035173 0.00000000
v -0.05097872 -0.09035173 0.00000000
v -0.04424665 0.09120853 0.00000000
v -0.04424665 -0.09120853 0.00000000
v 0.04424665 0.09120853 0.00000000
v 0.04424665 -0.09120853 0.00000000
v 0.05097872 0.09035173 0.00000000
v 0.05097872 -0.09035173 0.00000000
v 0.05616715 0.08793050 0.00000000
v 0.05616715 -0.08793050 0.00000000
v 0.06004070 0.08405695 0.00000000
v 0.06004070 -0.08405695 0.00000000
v 0.06280750 0.07863401 0.00000000
v 0.06280750 -0.07863401 0.00000000
v 0.06453695 0.07137021 0.00000000
v 0.06453695 -0.07137021 0.00000000
v 0.06514895 0.06194528 0.00000000
v 0.06514895 -0.06194528 0.00000000
v 0.04498848 -0.10081207 0.08571558
v 0.04896718 -0.10069384 0.08571558
v 0.04111528 -0.09176997 0.00174338
v 0.08153062 0.04043011 0.08777740
v 0.07222047 0.03499840 0.08777740
v 0.06953650 0.05681186 0.08394050
v 0.02489500 -0.14197901 0.09244405
v -0.02489498 -0.13883629 0.09167898
v -0.02489498 -0.14197901 0.09244405
v 0.02489500 -0.13883629 0.09167898
v 0.02489500 -0.10110828 0.11192968
v -0.02489498 -0.10110835 0.08777747
v 0.02489498 -0.10110835 0.08777747
v -0.02489498 -0.10110828 0.11192968
v 0.04057975 -0.09735082 0.08394053
v -0.04108965 -0.09633624 0.00624820
v 0.04108965 -0.09633624 0.00624820
v -0.04057973 -0.09735082 0.08394053
v 0.07182793 0.03789936 0.11819310
v 0.07942548 0.04199902 0.11819310
v 0.07857745 0.04208610 0.08777740
v -0.08153060 -0.07786573 0.11192968
v -0.08153060 -0.04042955 0.08777743
v -0.08153060 -0.07786573 0.08777743
v -0.08153060 -0.04042959 0.11192965
v 0.07192437 0.06855425 0.08571558
v 0.06554998 0.05756139 0.00174336
v 0.07200883 0.06298407 0.08571558
v -0.07500000 -0.06872285 0.08571558
v -0.06815118 -0.07322263 0.00624820
v -0.07428020 -0.07980745 0.08571558
v -0.06881160 -0.06305261 0.00624820
v 0.08153062 0.07786625 0.08777740
v 0.07500000 0.06269917 0.08571558
v 0.07500000 0.06872341 0.08571558
v 0.08153062 0.04043011 0.08777740
v 0.02925110 -0.10055881 0.11819313
v 0.02718935 -0.10284176 0.12060598
v 0.02743665 -0.11165956 0.12060598
v 0.08153062 -0.04042955 0.08777740
v 0.06953650 -0.05681133 0.08394053
v 0.07222047 -0.03499786 0.08777740
v -0.06852198 -0.09593049 0.08571560
v -0.07001417 -0.11011178 0.08777743
v -0.07505263 -0.10507336 0.08777743
v -0.06348355 -0.10096894 0.08571560
v 0.04503762 -0.09633624 0.00624820
v -0.04455650 -0.09530717 0.00174262
v 0.04455650 -0.09530717 0.00174262
v -0.04108965 -0.09633624 0.00624820
v -0.04503762 -0.09633624 0.00624820
v -0.04108965 -0.09633624 0.00624820
v 0.04503762 -0.09633624 0.00624820
v 0.04108965 -0.09633624 0.00624820
v -0.08804620 -0.09976603 0.11819313
v -0.08869892 -0.09999360 0.11192968
v -0.08653957 -0.10906284 0.11192968
v 0.02896667 -0.12421850 0.11819313
v 0.02649047 -0.12820517 0.11192968
v 0.02887847 -0.12518590 0.11192965
v -0.08872770 -0.04055303 0.11819313
v -0.08837195 -0.03585390 0.12060598
v -0.09088433 -0.03719961 0.11819313
v -0.08837195 -0.03585390 0.12060598
v -0.08872770 -0.04055303 0.11819313
v -0.08750135 -0.03720766 0.12060598
v -0.04896715 -0.10069384 0.08571558
v -0.04111528 -0.09176997 0.00174338
v -0.04488847 -0.09177994 0.00174338
v 0.07942548 -0.04199846 0.11819313
v 0.07857745 -0.04208558 0.08777740
v 0.07897900 -0.07771915 0.11819313
v 0.07842655 0.07764236 0.08777740
v 0.07192437 0.06855425 0.08571558
v 0.07200883 0.06298407 0.08571558
v -0.06215560 -0.09723378 0.08571558
v -0.05642210 -0.09982193 0.08571558
v -0.05163215 -0.09095132 0.00174338
v -0.07500000 -0.06872285 0.08571558
v -0.08081085 -0.08895029 0.08777743
v -0.08153060 -0.07786573 0.08777743
v -0.07428020 -0.07980745 0.08571558
v -0.07500000 -0.06269858 0.08571558
v -0.06953648 -0.05681133 0.08394053
v -0.06881160 -0.05752544 0.00624820
v -0.05174300 -0.09439213 0.00174125
v -0.05824538 -0.09263807 0.00624820
v -0.05762288 -0.09164799 0.00174037
v -0.05230188 -0.09541165 0.00624820
v 0.02925110 -0.10055881 0.11819313
v 0.02954425 -0.09991342 0.08777743
v 0.02641175 -0.09634937 0.08777743
v 0.05230188 -0.09541165 0.00624820
v 0.04455650 -0.09530717 0.00174262
v 0.05174300 -0.09439213 0.00174123
v 0.04503762 -0.09633624 0.00624820
v 0.06345680 -0.12412148 0.11819313
v 0.06350665 -0.12518590 0.11192965
v 0.07142425 -0.12417818 0.11192965
v 0.07842655 0.07764236 0.08777740
v 0.07780287 0.08801946 0.08777740
v 0.07192437 0.06855425 0.08571558
v 0.04057975 -0.09735082 0.08394053
v 0.02887847 -0.11414256 0.08777743
v 0.02887902 -0.10110825 0.08777743
v 0.07761443 -0.12041183 0.11819313
v 0.08294070 -0.11611666 0.11192965
v 0.08253075 -0.11554277 0.11819313
v 0.04111528 -0.09176997 0.00174338
v 0.04181797 -0.09317850 0.08217598
v 0.04498848 -0.10081207 0.08571558
v 0.08872770 0.04055359 0.11819310
v 0.09157532 0.03708691 0.11192965
v 0.08941872 0.04043015 0.11192965
v 0.07761443 -0.12041183 0.11819313
v 0.07790225 -0.12115509 0.11192965
v 0.08294070 -0.11611666 0.11192965
v 0.02954425 -0.09991342 0.08777743
v 0.02925110 -0.10055881 0.11819313
v 0.03006133 -0.11000808 0.08777743
v 0.04498848 -0.10081207 0.08571558
v 0.04181797 -0.09317850 0.08217598
v 0.02641175 -0.09634937 0.08777743
v -0.06327275 -0.07947429 0.00174338
v -0.06945290 -0.08701760 0.08571558
v -0.06643260 -0.09300536 0.08571558
v 0.06345680 -0.12412148 0.11819313
v 0.02999913 -0.11119535 0.11819313
v 0.02896667 -0.12421850 0.11819313
v 0.05551390 -0.11057032 0.11819313
v 0.06304833 -0.10972027 0.11819313
v 0.06892310 -0.10706839 0.11819313
v 0.07126165 -0.12326443 0.11819313
v 0.07334960 -0.10268912 0.11819313
v 0.07761443 -0.12041183 0.11819313
v 0.07647765 -0.09649203 0.11819313
v 0.07837182 -0.08826734 0.11819313
v 0.08253075 -0.11554277 0.11819313
v 0.07897900 -0.07771915 0.11819313
v 0.07942548 -0.04199846 0.11819313
v 0.08872770 -0.04055303 0.11819313
v 0.08600868 -0.10865984 0.11819313
v 0.08804622 -0.09976603 0.11819313
v 0.08865845 -0.08883920 0.11819313
v -0.08600868 -0.10865984 0.11819313
v -0.08653957 -0.10906284 0.11192968
v -0.08294070 -0.11611666 0.11192968
v -0.08848090 -0.03747482 0.11192965
v -0.08195280 -0.03747482 0.11664935
v -0.08195280 -0.03747482 0.11192965
v -0.08848090 -0.03747482 0.11664935
v -0.08865842 -0.08883920 0.11819313
v -0.08941870 -0.08890903 0.11192968
v -0.08869892 -0.09999360 0.11192968
v 0.07001415 -0.11011178 0.11192965
v 0.06353617 -0.11313487 0.08777743
v 0.07001417 -0.11011178 0.08777743
v 0.06353615 -0.11313487 0.11192965
v 0.09157532 -0.03708635 0.11192965
v 0.09088435 0.03720017 0.11819310
v 0.09088435 -0.03719961 0.11819310
v 0.09157532 0.03708691 0.11192965
v 0.02657135 -0.12723778 0.11819313
v 0.02657712 -0.12250161 0.12060598
v 0.02561015 -0.12372046 0.12060598
v 0.02896667 -0.12421850 0.11819313
v 0.07433093 0.03302839 0.11664932
v 0.08195280 -0.03747482 0.11664932
v 0.07433093 -0.03302785 0.11664932
v 0.08195280 0.03747538 0.11664932
v 0.08848093 -0.03747482 0.11664932
v 0.08848093 0.03747538 0.11664932
v 0.08946478 -0.03594959 0.11664932
v 0.08946478 0.03595015 0.11664932
v -0.07942548 -0.04199846 0.11819313
v -0.07897900 -0.07771915 0.11819313
v -0.07857742 -0.04208558 0.08777743
v 0.08837198 -0.03585390 0.12060595
v 0.09088435 0.03720017 0.11819310
v 0.08837198 0.03585446 0.12060595
v 0.09088435 -0.03719961 0.11819310
v 0.07505263 0.10507389 0.08777740
v 0.07212090 0.08887721 0.08571558
v 0.06852198 0.09593105 0.08571558
v 0.07865153 0.09802009 0.08777740
v -0.08195280 -0.03747482 0.11192965
v -0.07433090 -0.03302785 0.11664935
v -0.07433090 -0.03302785 0.11192965
v -0.08195280 -0.03747482 0.11664935
v 0.07505263 -0.10507336 0.11192965
v 0.07001417 -0.11011178 0.08777743
v 0.07505263 -0.10507336 0.08777743
v 0.07001415 -0.11011178 0.11192965
v 0.05561855 -0.11414253 0.11192965
v 0.02887847 -0.11414256 0.08777743
v 0.05561855 -0.11414256 0.08777743
v 0.02887850 -0.11414256 0.11192965
v 0.08946478 -0.03594959 0.11664932
v 0.08946478 0.03595015 0.11192965
v 0.08946478 -0.03594959 0.11192965
v 0.08946478 0.03595015 0.11664932
v 0.04498848 -0.10081207 0.08571558
v 0.02954425 -0.09991342 0.08777743
v 0.03006133 -0.11000808 0.08777743
v -0.07842652 -0.07764180 0.08777743
v -0.07837180 -0.08826734 0.11819313
v -0.07780287 -0.08801887 0.08777743
v 0.06219615 0.08707461 0.00174005
v 0.06617005 0.08154353 0.00624819
v 0.06546285 0.08067203 0.00174035
v 0.06286813 0.08801534 0.00624819
v -0.06345677 -0.12412148 0.11819313
v -0.06350663 -0.12518590 0.11192968
v -0.02896667 -0.12421850 0.11819313
v -0.06881160 -0.06305261 0.00624820
v -0.06742295 -0.07244020 0.00174125
v -0.06815118 -0.07322263 0.00624820
v -0.06807655 -0.06237910 0.00174262
v 0.04498848 -0.10081207 0.08571558
v 0.02641175 -0.09634937 0.08777743
v 0.02954425 -0.09991342 0.08777743
v 0.07130157 0.07899122 0.08571558
v 0.06555710 0.06284386 0.00174336
v 0.07192437 0.06855425 0.08571558
v -0.07182790 -0.03789880 0.11819313
v -0.07857742 -0.04208558 0.08777743
v -0.07136690 -0.03830922 0.08777743
v 0.07200883 -0.06298355 0.08571558
v 0.07136690 -0.03830922 0.08777740
v 0.06882118 -0.03317065 0.08777740
v -0.04424665 -0.09120853 0.00000000
v 0.04455650 -0.09530717 0.00174262
v -0.04455650 -0.09530717 0.00174262
v 0.04424665 -0.09120853 0.00000000
v -0.04111528 -0.09176997 0.00174338
v 0.04181797 -0.09317850 0.08217598
v 0.04111528 -0.09176997 0.00174338
v -0.04181797 -0.09317850 0.08217598
v -0.02896667 -0.12421850 0.11819313
v -0.06350663 -0.12518590 0.11192968
v -0.02887847 -0.12518590 0.11192968
v 0.08081085 0.08895085 0.08777740
v 0.08153062 0.07786625 0.11192965
v 0.08153062 0.07786625 0.08777740
v 0.08081082 0.08895085 0.11192965
v 0.06546285 0.08067203 0.00174035
v 0.06815118 0.07322263 0.00624819
v 0.06742295 0.07244020 0.00174122
v 0.06617005 0.08154353 0.00624819
v -0.07200883 -0.06298355 0.08571558
v -0.06554998 -0.05756139 0.00174338
v -0.06655630 -0.05854489 0.08217598
v -0.07001417 -0.11011178 0.08777743
v -0.07505260 -0.10507336 0.11192968
v -0.07505263 -0.10507336 0.08777743
v -0.07001413 -0.11011178 0.11192968
v -0.06655630 -0.05854489 0.08217598
v -0.06882118 -0.03317065 0.08777743
v -0.07200883 -0.06298355 0.08571558
v 0.07200883 0.06298407 0.08571558
v 0.06554998 0.05756139 0.00174336
v 0.06655630 0.05854545 0.08217598
v 0.02718935 -0.10284176 0.12060598
v 0.02609345 -0.09701678 0.11819313
v 0.02531905 -0.10053361 0.12060598
v -0.02925107 -0.10055881 0.11819313
v -0.03006130 -0.11000808 0.08777743
v -0.02999910 -0.11119535 0.11819313
v -0.02896667 -0.12421850 0.11819313
v -0.02743663 -0.11165956 0.12060598
v -0.02999910 -0.11119535 0.11819313
v -0.02657710 -0.12250161 0.12060598
v -0.06953648 -0.05681133 0.08394053
v -0.07500000 -0.06269858 0.08571558
v -0.07222045 -0.03499786 0.08777743
v -0.06617005 -0.08154353 0.00624820
v -0.06219615 -0.08707461 0.00174007
v -0.06286813 -0.08801534 0.00624820
v -0.06546285 -0.08067203 0.00174037
v -0.02925107 -0.10055881 0.11819313
v -0.02609343 -0.09701678 0.11819313
v -0.02641175 -0.09634937 0.08777743
v -0.02641175 -0.09634937 0.08777743
v -0.04181797 -0.09317850 0.08217598
v -0.04498848 -0.10081207 0.08571558
v -0.02954422 -0.09991342 0.08777743
v -0.04498848 -0.10081207 0.08571558
v -0.03006130 -0.11000808 0.08777743
v -0.07897900 -0.07771915 0.11819313
v 0.07433093 0.03302839 0.11192965
v 0.07433093 -0.03302785 0.11664932
v 0.07433093 -0.03302785 0.11192965
v 0.07433093 0.03302839 0.11664932
v -0.06327275 -0.07947429 0.00174338
v -0.06643260 -0.09300536 0.08571558
v -0.06056923 -0.08479692 0.00174338
v -0.07182790 -0.03789880 0.11819313
v -0.07180993 -0.03164085 0.12060598
v -0.07345860 -0.03501236 0.12060598
v -0.06929790 -0.03272498 0.11819313
v -0.07500000 -0.06269858 0.08571558
v -0.06881160 -0.06305261 0.00624820
v -0.07500000 -0.06872285 0.08571558
v -0.06881160 -0.05752544 0.00624820
v -0.03006130 -0.11000808 0.08777743
v -0.04498848 -0.10081207 0.08571558
v -0.05545862 -0.10979690 0.08777743
v 0.02489538 -0.10406294 0.11664935
v -0.02489537 -0.10406294 0.11192968
v 0.02489538 -0.10406294 0.11192965
v -0.02489537 -0.10406294 0.11664935
v -0.06643260 -0.09300536 0.08571558
v -0.05676735 -0.08858181 0.00174338
v -0.06056923 -0.08479692 0.00174338
v -0.06882118 -0.03317065 0.08777743
v -0.07136690 -0.03830922 0.08777743
v -0.07200883 -0.06298355 0.08571558
v 0.07857745 0.04208610 0.08777740
v 0.07200883 0.06298407 0.08571558
v 0.07136690 0.03830978 0.08777740
v -0.05642210 -0.09982193 0.08571558
v -0.04488847 -0.09177994 0.00174338
v -0.05163215 -0.09095132 0.00174338
v -0.07942548 -0.04199846 0.11819313
v -0.07345860 -0.03501236 0.12060598
v -0.07975703 -0.03841100 0.12060598
v -0.07182790 -0.03789880 0.11819313
v -0.02531905 -0.10053361 0.12060598
v 0.02609345 -0.09701678 0.11819313
v -0.02609343 -0.09701678 0.11819313
v 0.02531905 -0.10053361 0.12060598
v -0.06892308 -0.10706839 0.11819313
v -0.06304833 -0.10972027 0.11819313
v -0.06287085 -0.10892371 0.08777743
v -0.02657135 -0.12723778 0.11819313
v -0.02657710 -0.12250161 0.12060598
v -0.02896667 -0.12421850 0.11819313
v -0.02561012 -0.12372046 0.12060598
v -0.06304833 -0.10972027 0.11819313
v -0.05551387 -0.11057032 0.11819313
v -0.05545862 -0.10979690 0.08777743
v -0.04455650 -0.09530717 0.00174262
v -0.05230188 -0.09541165 0.00624820
v -0.05174300 -0.09439213 0.00174125
v -0.04503762 -0.09633624 0.00624820
v -0.02531905 -0.10053361 0.12060598
v -0.02609343 -0.09701678 0.11819313
v -0.02718933 -0.10284176 0.12060598
v 0.03006133 0.11000867 0.08777740
v 0.02925110 0.10055938 0.11819310
v 0.02954425 0.09991394 0.08777740
v -0.02641175 -0.09634937 0.08777743
v -0.04498848 -0.10081207 0.08571558
v -0.02954422 -0.09991342 0.08777743
v -0.06852198 0.09593105 0.08571558
v -0.06286813 0.08801534 0.00624819
v -0.07212090 0.08887721 0.08571558
v -0.07192435 -0.06855373 0.08571558
v -0.07200883 -0.06298355 0.08571558
v -0.07842652 -0.07764180 0.08777743
v 0.02609345 -0.09701678 0.11819313
v 0.07130157 0.07899122 0.08571558
v 0.04896718 -0.10069384 0.08571558
v 0.05642210 -0.09982193 0.08571558
v 0.04488847 -0.09177994 0.00174338
v -0.02887847 -0.12518590 0.11192968
v -0.08865842 -0.08883920 0.11819313
v -0.08869892 -0.09999360 0.11192968
v -0.08804620 -0.09976603 0.11819313
v -0.07428020 -0.07980745 0.08571558
v -0.07865150 -0.09801953 0.08777743
v -0.08081085 -0.08895029 0.08777743
v -0.07212090 -0.08887669 0.08571558
v -0.08081082 -0.08895029 0.11192968
v -0.08153060 -0.07786573 0.08777743
v -0.08081085 -0.08895029 0.08777743
v -0.08153060 -0.07786573 0.11192968
v -0.02887847 -0.11414256 0.11192960
v -0.05561855 -0.11414256 0.08777743
v -0.02887847 -0.11414256 0.08777743
v -0.05561855 -0.11414253 0.11192968
v 0.07500000 0.06269917 0.08571558
v 0.06953650 0.05681186 0.08394050
v 0.06881160 0.05752544 0.00624819
v -0.02954422 -0.09991342 0.08777743
v -0.05762288 -0.09164799 0.00174037
v -0.06286813 -0.08801534 0.00624820
v -0.06219615 -0.08707461 0.00174007
v -0.05824538 -0.09263807 0.00624820
v 0.07897900 0.07771970 0.11819310
v 0.07857745 0.04208610 0.08777740
v 0.07942548 0.04199902 0.11819310
v -0.07428020 -0.07980745 0.08571558
v -0.06617005 -0.08154353 0.00624820
v -0.07212090 -0.08887669 0.08571558
v -0.06815118 -0.07322263 0.00624820
v 0.02657135 -0.12723778 0.11819313
v 0.02999913 -0.11119535 0.11819313
v 0.02925110 -0.10055881 0.11819313
v 0.02743665 -0.11165956 0.12060598
v -0.06555710 -0.06284386 0.00174338
v -0.07192435 -0.06855373 0.08571558
v -0.07130157 -0.07899066 0.08571558
v 0.07865153 0.09802009 0.08777740
v 0.08081082 0.08895085 0.11192965
v 0.08081085 0.08895085 0.08777740
v 0.07865153 0.09802009 0.11192965
v 0.02489500 -0.14664107 0.09471795
v -0.02489498 -0.14402867 0.09152593
v 0.02489500 -0.14402867 0.09152593
v -0.02489498 -0.14664107 0.09471795
v -0.04478493 -0.10499968 0.08571558
v -0.04503762 -0.09633624 0.00624820
v -0.04108965 -0.09633624 0.00624820
v -0.04908795 -0.10499968 0.08571558
v 0.08294070 0.11611723 0.11192965
v 0.08600868 0.10866044 0.11819310
v 0.08653960 0.10906339 0.11192965
v -0.02641175 -0.09634937 0.08777743
v 0.02609345 -0.09701678 0.11819313
v 0.02641175 -0.09634937 0.08777743
v -0.02609343 -0.09701678 0.11819313
v 0.06280750 0.07863401 0.00000000
v 0.06004070 0.08405695 0.00000000
v 0.06219615 0.08707461 0.00174005
v -0.05700550 -0.10399200 0.08571560
v -0.05561855 -0.11414256 0.08777743
v -0.06353615 -0.11313487 0.08777743
v -0.04908795 -0.10499968 0.08571558
v -0.06554998 -0.05756139 0.00174338
v -0.06655630 0.05854545 0.08217598
v -0.06655630 -0.05854489 0.08217598
v -0.06554998 0.05756139 0.00174336
v -0.05642210 -0.09982193 0.08571558
v -0.04896715 -0.10069384 0.08571558
v -0.04488847 -0.09177994 0.00174338
v -0.02925107 -0.10055881 0.11819313
v -0.02743663 -0.11165956 0.12060598
v -0.02718933 -0.10284176 0.12060598
v 0.06286813 -0.08801534 0.00624820
v 0.05762288 -0.09164799 0.00174037
v 0.06219615 -0.08707461 0.00174007
v 0.05824538 -0.09263807 0.00624820
v -0.06554998 -0.05756139 0.00174338
v -0.07200883 -0.06298355 0.08571558
v -0.07192435 -0.06855373 0.08571558
v -0.06882118 -0.03317065 0.08777743
v -0.07182790 -0.03789880 0.11819313
v -0.07136690 -0.03830922 0.08777743
v -0.06215560 -0.09723378 0.08571558
v -0.05676735 -0.08858181 0.00174338
v -0.06643260 -0.09300536 0.08571558
v -0.02489498 -0.14197901 0.09244405
v 0.02489500 -0.14383348 0.09480823
v 0.02489500 -0.14197901 0.09244405
v -0.02489498 -0.14383348 0.09480823
v 0.07130157 0.07899122 0.08571558
v 0.07334960 0.10268973 0.11819310
v -0.06860813 0.10631929 0.08777740
v 0.07001417 0.11011238 0.08777740
v 0.05616715 0.08793050 0.00000000
v 0.04478493 0.10500021 0.08571558
v 0.04057975 0.09735138 0.08394050
v 0.02887847 0.11414312 0.08777740
v 0.08869895 0.09999416 0.11192965
v 0.08865845 0.08883976 0.11819310
v 0.08941872 0.08890956 0.11192965
v 0.06807655 0.06237910 0.00174260
v 0.06514895 -0.06194528 0.00000000
v 0.06514895 0.06194528 0.00000000
v 0.06807655 -0.06237910 0.00174262
v -0.06860813 -0.10631873 0.08777743
v -0.07200883 -0.06298355 0.08571558
v -0.07857742 -0.04208558 0.08777743
v -0.07842652 -0.07764180 0.08777743
v 0.09088435 0.03720017 0.11819310
v 0.06304833 0.10972083 0.11819310
v 0.05545862 0.10979742 0.08777740
v 0.06287085 0.10892431 0.08777740
v 0.08153062 0.04043011 0.08777740
v 0.06617005 0.08154353 0.00624819
v 0.07428022 0.07980798 0.08571558
v 0.06815118 0.07322263 0.00624819
v 0.07212090 0.08887721 0.08571558
v -0.05097872 0.09035173 0.00000000
v -0.05616715 0.08793050 0.00000000
v -0.05174300 0.09439213 0.00174123
v 0.06348355 0.10096947 0.08571558
v -0.07126162 -0.12326443 0.11819313
v -0.07790225 -0.12115509 0.11192968
v -0.07142422 -0.12417818 0.11192968
v -0.05561855 -0.11414253 0.11192968
v -0.06353615 -0.11313487 0.08777743
v -0.05561855 -0.11414256 0.08777743
v -0.06353612 -0.11313487 0.11192968
v -0.06929790 -0.03272498 0.11819313
v -0.07182790 -0.03789880 0.11819313
v -0.06882118 -0.03317065 0.08777743
v 0.02896667 -0.12421850 0.11819313
v 0.06350665 -0.12518590 0.11192965
v 0.06345680 -0.12412148 0.11819313
v 0.06348355 0.10096947 0.08571558
v 0.06286813 0.08801534 0.00624819
v 0.05824538 0.09263807 0.00624819
v 0.06852198 0.09593105 0.08571558
v -0.07180993 -0.03164085 0.12060598
v -0.06929790 0.03272555 0.11819313
v -0.07180993 0.03164141 0.12060598
v -0.06929790 -0.03272498 0.11819313
v 0.07897900 0.07771970 0.11819310
v 0.07842655 0.07764236 0.08777740
v 0.07857745 0.04208610 0.08777740
v 0.07345860 0.03501291 0.12060595
v 0.07942548 0.04199902 0.11819310
v 0.07182793 0.03789936 0.11819310
v 0.07975703 0.03841155 0.12060595
v -0.06742295 0.07244020 0.00174123
v 0.08153062 0.07786625 0.08777740
v 0.08153062 0.04043015 0.11192965
v 0.08153062 0.04043011 0.08777740
v 0.08153062 0.07786625 0.11192965
v 0.06453695 0.07137021 0.00000000
v 0.06807655 -0.06237910 0.00174262
v 0.06881160 -0.05752544 0.00624820
v 0.06881160 -0.06305261 0.00624820
v 0.06807655 0.06237910 0.00174260
v 0.06881160 0.05752544 0.00624819
v 0.06881160 0.06305261 0.00624819
v -0.07761440 -0.12041183 0.11819313
v -0.07790225 -0.12115509 0.11192968
v -0.07126162 -0.12326443 0.11819313
v -0.05676735 -0.08858181 0.00174338
v 0.04896718 0.10069437 0.08571558
v 0.04111528 0.09176997 0.00174336
v 0.04488847 0.09177994 0.00174336
v 0.04498848 0.10081264 0.08571558
v 0.03006133 0.11000867 0.08777740
v 0.02954425 0.09991394 0.08777740
v 0.02896667 -0.12421850 0.11819313
v 0.02887847 -0.12518590 0.11192965
v 0.06350665 -0.12518590 0.11192965
v -0.04455650 0.09530717 0.00174260
v -0.05097872 0.09035173 0.00000000
v -0.05174300 0.09439213 0.00174123
v 0.04478493 0.10500021 0.08571558
v 0.04108965 0.09633624 0.00624819
v 0.04057975 0.09735138 0.08394050
v 0.02999913 0.11119595 0.11819310
v 0.06345680 0.12412204 0.11819310
v 0.02896667 0.12421906 0.11819310
v 0.05551390 0.11057084 0.11819310
v 0.06304833 0.10972083 0.11819310
v 0.06892310 0.10706896 0.11819310
v 0.07126165 0.12326499 0.11819310
v 0.07334960 0.10268973 0.11819310
v 0.07761443 0.12041239 0.11819310
v 0.07647765 0.09649258 0.11819310
v 0.07837182 0.08826794 0.11819310
v 0.08253075 0.11554333 0.11819310
v 0.07897900 0.07771970 0.11819310
v 0.07942548 0.04199902 0.11819310
v 0.08872770 0.04055359 0.11819310
v 0.08600868 0.10866044 0.11819310
v 0.08804622 0.09976659 0.11819310
v 0.08865845 0.08883976 0.11819310
v -0.04908795 -0.10499968 0.08571558
v -0.02887847 -0.11414256 0.08777743
v -0.05561855 -0.11414256 0.08777743
v -0.04478493 -0.10499968 0.08571558
v -0.07505260 0.10507389 0.11192965
v -0.04896715 -0.10069384 0.08571558
v -0.04498848 -0.10081207 0.08571558
v -0.04111528 -0.09176997 0.00174338
v 0.07594217 0.09605166 0.08777740
v -0.06287085 -0.10892371 0.08777743
v -0.07222045 -0.03499786 0.08777743
v -0.06953648 0.05681186 0.08394050
v -0.06953648 -0.05681133 0.08394053
v -0.07222045 0.03499840 0.08777743
v -0.04424665 0.09120853 0.00000000
v 0.07505263 0.10507389 0.08777740
v 0.07865153 0.09802009 0.11192965
v 0.07865153 0.09802009 0.08777740
v 0.07505263 0.10507389 0.11192965
v 0.08848093 0.03747538 0.11664932
v 0.08195280 0.03747538 0.11192965
v 0.08848093 0.03747538 0.11192965
v 0.08195280 0.03747538 0.11664932
v 0.07192437 0.06855425 0.08571558
v 0.06555710 0.06284386 0.00174336
v 0.06554998 0.05756139 0.00174336
v -0.07433090 -0.03302785 0.11664935
v -0.07433090 0.03302839 0.11192965
v -0.07433090 -0.03302785 0.11192965
v -0.07433090 0.03302839 0.11664932
v -0.02489498 -0.13864669 0.09034200
v 0.02489500 -0.14402867 0.09152593
v -0.02489498 -0.14402867 0.09152593
v 0.02489500 -0.13864669 0.09034200
v -0.07126162 -0.12326443 0.11819313
v -0.07142422 -0.12417818 0.11192968
v -0.06345677 -0.12412148 0.11819313
v -0.07942548 -0.04199846 0.11819313
v -0.08750135 -0.03720766 0.12060598
v -0.08872770 -0.04055303 0.11819313
v -0.07975703 -0.03841100 0.12060598
v 0.07942548 -0.04199846 0.11819313
v 0.07345860 -0.03501236 0.12060595
v 0.07182793 -0.03789880 0.11819313
v 0.07975703 -0.03841100 0.12060595
v 0.06327275 -0.07947429 0.00174338
v 0.06056923 -0.08479692 0.00174338
v 0.06643260 -0.09300536 0.08571558
v 0.07130157 0.07899122 0.08571558
v 0.06496528 0.07228497 0.00174336
v 0.06555710 0.06284386 0.00174336
v -0.02649045 0.12820574 0.11192965
v -0.02489498 0.12518636 0.11192968
v -0.02887847 0.12518646 0.11192965
v 0.02649047 0.12820574 0.11192965
v 0.02489500 0.12518636 0.11192968
v 0.02887847 0.12518646 0.11192965
v 0.05551390 0.11057084 0.11819310
v -0.06353612 -0.11313487 0.11192968
v -0.07001417 -0.11011178 0.08777743
v -0.06353615 -0.11313487 0.08777743
v -0.07001413 -0.11011178 0.11192968
v 0.06643260 -0.09300536 0.08571558
v 0.06056923 -0.08479692 0.00174338
v 0.05676735 -0.08858181 0.00174338
v 0.06929790 -0.03272498 0.11819313
v 0.06882118 -0.03317065 0.08777740
v 0.07182793 -0.03789880 0.11819313
v 0.05561855 0.11414312 0.08777740
v 0.06353615 0.11313540 0.11192965
v 0.06353617 0.11313540 0.08777740
v 0.05561855 0.11414312 0.11192965
v -0.06554998 -0.05756139 0.00174338
v -0.07192435 -0.06855373 0.08571558
v -0.06555710 -0.06284386 0.00174338
v 0.07222047 0.03499840 0.08777740
v 0.07222035 -0.03499755 0.11192965
v 0.07222047 -0.03499786 0.08777740
v 0.07222035 0.03499811 0.11192965
v -0.07761440 -0.12041183 0.11819313
v -0.08294070 -0.11611666 0.11192968
v -0.07790225 -0.12115509 0.11192968
v 0.08941872 0.08890956 0.11192965
v 0.08865845 0.08883976 0.11819310
v 0.08872770 0.04055359 0.11819310
v 0.06353617 0.11313540 0.08777740
v 0.07001415 0.11011234 0.11192965
v 0.07001417 0.11011238 0.08777740
v 0.06353615 0.11313540 0.11192965
v -0.06807655 0.06237910 0.00174260
v 0.08653960 0.10906339 0.11192965
v 0.08804622 0.09976659 0.11819310
v 0.08869895 0.09999416 0.11192965
v -0.02489498 0.10110887 0.08777745
v 0.02489500 0.10110884 0.11192968
v 0.02489498 0.10110887 0.08777745
v -0.02489498 0.10110884 0.11192968
v -0.05762288 0.09164799 0.00174035
v 0.04503762 0.09633624 0.00624819
v 0.07500000 -0.06269858 0.08571558
v 0.06881160 -0.05752544 0.00624820
v 0.06953650 -0.05681133 0.08394053
v 0.02999913 0.11119595 0.11819310
v 0.03006133 0.11000867 0.08777740
v 0.05551390 0.11057084 0.11819310
v 0.07842655 -0.07764180 0.08777743
v 0.07200883 -0.06298355 0.08571558
v 0.07192437 -0.06855373 0.08571558
v 0.06860813 0.10631929 0.08777740
v 0.06546285 -0.08067203 0.00174037
v 0.06815118 -0.07322263 0.00624820
v 0.06617005 -0.08154353 0.00624820
v 0.06742295 -0.07244020 0.00174123
v 0.07200883 0.06298407 0.08571558
v 0.06655630 0.05854545 0.08217598
v 0.06882118 0.03317119 0.08777740
v 0.06643260 0.09300591 0.08571558
v 0.04455650 0.09530717 0.00174260
v 0.05230188 0.09541165 0.00624819
v 0.05174300 0.09439213 0.00174122
v 0.04503762 0.09633624 0.00624819
v 0.07200883 -0.06298355 0.08571558
v 0.06882118 -0.03317065 0.08777740
v 0.06655630 -0.05854489 0.08217598
v 0.08804622 -0.09976603 0.11819313
v 0.08653960 -0.10906284 0.11192965
v 0.08869895 -0.09999360 0.11192965
v 0.06345680 0.12412204 0.11819310
v 0.07142425 0.12417877 0.11192965
v 0.06350665 0.12518646 0.11192965
v 0.07842655 -0.07764180 0.08777743
v 0.07780287 -0.08801887 0.08777743
v 0.07837182 -0.08826734 0.11819313
v 0.02489500 0.13995520 0.09956592
v -0.02489498 0.13844240 0.09843605
v 0.02489500 0.13844240 0.09843605
v -0.02489498 0.13995520 0.09956592
v 0.07182793 0.03789936 0.11819310
v 0.06882118 0.03317119 0.08777740
v 0.06929790 0.03272555 0.11819310
v -0.07192435 0.06855425 0.08571558
v -0.07780287 0.08801946 0.08777740
v -0.07842652 0.07764236 0.08777740
v -0.07130157 0.07899122 0.08571558
v 0.06555710 -0.06284386 0.00174336
v 0.06496528 -0.07228497 0.00174338
v 0.07130157 -0.07899066 0.08571558
v -0.02489537 0.12525097 0.11664932
v 0.02489538 0.10406350 0.11664932
v -0.02489537 0.10406350 0.11664932
v 0.02489538 0.12525097 0.11664932
v -0.02954422 -0.09991342 0.08777743
v -0.03006130 -0.11000808 0.08777743
v -0.02925107 -0.10055881 0.11819313
v 0.08872770 -0.04055303 0.11819313
v 0.07975703 -0.03841100 0.12060595
v 0.07942548 -0.04199846 0.11819313
v 0.08750138 -0.03720766 0.12060595
v -0.06004070 0.08405695 0.00000000
v 0.07857745 -0.04208558 0.08777740
v 0.07200883 -0.06298355 0.08571558
v 0.07842655 -0.07764180 0.08777743
v 0.07897900 -0.07771915 0.11819313
v -0.02896667 0.12421906 0.11819310
v -0.02887847 0.12518646 0.11192965
v -0.06350663 0.12518646 0.11192965
v 0.08941872 0.08890956 0.11192965
v 0.08872770 0.04055359 0.11819310
v 0.08941872 0.04043015 0.11192965
v -0.08153060 0.04043015 0.11192965
v -0.08153060 0.07786625 0.08777740
v -0.08153060 0.04043011 0.08777743
v -0.08153060 0.07786625 0.11192965
v -0.05561855 0.11414312 0.11192965
v -0.02887847 -0.11414256 0.08777743
v -0.04057973 -0.09735082 0.08394053
v -0.02887902 -0.10110825 0.08777743
v -0.06286813 0.08801534 0.00624819
v -0.06348355 0.10096947 0.08571558
v -0.05824538 0.09263807 0.00624819
v -0.06852198 0.09593105 0.08571558
v -0.02489498 0.14664163 0.09471793
v 0.02489500 0.14495411 0.09804820
v 0.02489500 0.14664163 0.09471793
v -0.02489498 0.14495411 0.09804820
v 0.05561855 0.11414312 0.08777740
v 0.04478493 0.10500021 0.08571558
v 0.02887847 0.11414312 0.08777740
v 0.04908795 0.10500021 0.08571558
v -0.06815118 0.07322263 0.00624819
v -0.06546285 0.08067203 0.00174035
v -0.06742295 0.07244020 0.00174123
v -0.06617005 0.08154353 0.00624819
v -0.02925107 0.10055938 0.11819310
v -0.02954422 0.09991394 0.08777740
v -0.02641175 0.09634989 0.08777740
v -0.07130157 0.07899122 0.08571558
v -0.07192435 0.06855425 0.08571558
v -0.06555710 0.06284386 0.00174336
v -0.06514895 0.06194528 0.00000000
v -0.06807655 -0.06237910 0.00174262
v -0.06807655 0.06237910 0.00174260
v -0.06514895 -0.06194528 0.00000000
v 0.07180993 0.03164141 0.12060595
v 0.07182793 0.03789936 0.11819310
v 0.06929790 0.03272555 0.11819310
v 0.07345860 0.03501291 0.12060595
v -0.02489537 0.10406350 0.11192965
v 0.02489538 0.10406350 0.11664932
v 0.02489538 0.10406350 0.11192965
v -0.02489537 0.10406350 0.11664932
v -0.02489498 0.13883681 0.09167895
v -0.02489498 0.13844240 0.09843605
v -0.02489501 0.13516115 0.09298957
v -0.02489498 0.14266381 0.09726965
v -0.02489498 0.14197956 0.09244402
v -0.02489498 0.14383400 0.09480820
v -0.02489498 0.10110887 0.08777745
v -0.02489537 0.10406350 0.11192965
v -0.02489498 0.10110884 0.11192968
v -0.02489504 0.13364834 0.09185970
v -0.02489498 0.13975196 0.08777740
v -0.02489537 0.10406350 0.11664932
v -0.02489498 0.12518636 0.11192968
v -0.02489498 0.13864722 0.09034195
v -0.02489498 0.14402924 0.09152590
v -0.02489498 0.14592141 0.08895312
v -0.02489498 0.14664163 0.09471793
v -0.02489498 0.15044051 0.09112585
v -0.02489498 0.14819945 0.10043255
v -0.02489498 0.15151685 0.09763300
v -0.02489498 0.15248100 0.09439038
v -0.02489498 0.13995520 0.09956592
v -0.02489498 0.14495411 0.09804820
v -0.02489537 0.12525097 0.11664932
v -0.08081082 0.08895085 0.11192965
v -0.08153060 0.07786625 0.11192965
v -0.08294070 0.11611723 0.11192965
v 0.06219615 -0.08707461 0.00174007
v 0.06617005 -0.08154353 0.00624820
v 0.06286813 -0.08801534 0.00624820
v 0.06546285 -0.08067203 0.00174037
v -0.07222035 -0.03499755 0.11192965
v -0.07222045 0.03499840 0.08777743
v -0.07222045 -0.03499786 0.08777743
v -0.07222035 0.03499811 0.11192965
v -0.05561855 0.11414312 0.08777740
v -0.05700550 0.10399256 0.08571558
v -0.06353615 0.11313540 0.08777740
v -0.04908795 0.10500021 0.08571558
v -0.07505260 0.10507389 0.11192965
v -0.07865150 0.09802009 0.11192965
v -0.07790225 0.12115572 0.11192965
v 0.08865845 -0.08883920 0.11819313
v 0.08869895 -0.09999360 0.11192965
v 0.08941872 -0.08890903 0.11192965
v 0.05561855 0.11414312 0.08777740
v 0.05700550 0.10399256 0.08571558
v 0.04908795 0.10500021 0.08571558
v 0.06353617 0.11313540 0.08777740
v -0.02887865 0.15151685 0.09763300
v -0.02489498 0.14819945 0.10043255
v -0.02489498 0.15151685 0.09763300
v -0.02887865 0.14819945 0.10043255
v -0.06881160 -0.05752544 0.00624820
v -0.06807655 -0.06237910 0.00174262
v -0.06881160 -0.06305261 0.00624820
v -0.06807655 0.06237910 0.00174260
v -0.06881160 0.05752544 0.00624819
v -0.06881160 0.06305261 0.00624819
v -0.02887865 -0.15151633 0.09763303
v -0.02887865 -0.15043994 0.09112588
v -0.02887865 -0.15248044 0.09439040
v -0.02887865 -0.14819889 0.10043255
v -0.02887865 -0.14592088 0.08895315
v -0.02887847 -0.12518590 0.11192968
v -0.02887865 -0.13975139 0.08777743
v -0.02887847 -0.11414256 0.08777743
v -0.02887847 -0.11414256 0.11192960
v 0.08872770 -0.04055303 0.11819313
v 0.08837198 -0.03585390 0.12060595
v 0.08750138 -0.03720766 0.12060595
v 0.08837198 -0.03585390 0.12060595
v 0.08872770 -0.04055303 0.11819313
v 0.09088435 -0.03719961 0.11819310
v 0.07433093 -0.03302785 0.11664932
v 0.08195280 -0.03747482 0.11192965
v 0.07433093 -0.03302785 0.11192965
v 0.08195280 -0.03747482 0.11664932
v -0.02561012 0.12372101 0.12060595
v 0.02657135 0.12723837 0.11819310
v -0.02657135 0.12723837 0.11819310
v 0.02561015 0.12372101 0.12060595
v -0.05824538 0.09263807 0.00624819
v -0.05174300 0.09439213 0.00174123
v -0.05762288 0.09164799 0.00174035
v -0.05230188 0.09541165 0.00624819
v -0.08081085 0.08895085 0.08777740
v -0.07500000 0.06872341 0.08571558
v -0.08153060 0.07786625 0.08777740
v -0.07428020 0.07980798 0.08571558
v -0.02887847 0.12518646 0.11192965
v -0.02887860 0.11414312 0.08777740
v -0.02887847 0.11414214 0.11192965
v -0.02887865 0.13737909 0.08777740
v -0.02887865 0.14819945 0.10043255
v -0.02887865 0.13975196 0.08777740
v -0.02887865 0.14592141 0.08895312
v -0.02887865 0.15044051 0.09112585
v -0.02887865 0.15151685 0.09763300
v -0.02887865 0.15248100 0.09439038
v 0.07837182 0.08826794 0.11819310
v 0.06327275 -0.07947429 0.00174338
v -0.07001417 0.11011238 0.08777740
v -0.06353612 0.11313540 0.11192965
v -0.06353615 0.11313540 0.08777740
v -0.07001413 0.11011234 0.11192965
v 0.06617005 -0.08154353 0.00624820
v 0.07428022 -0.07980745 0.08571558
v 0.07212090 -0.08887669 0.08571558
v 0.06815118 -0.07322263 0.00624820
v 0.02489500 0.14383400 0.09480820
v -0.02489498 0.14197956 0.09244402
v 0.02489500 0.14197956 0.09244402
v -0.02489498 0.14383400 0.09480820
v 0.06742295 0.07244020 0.00174122
v 0.06881160 0.06305261 0.00624819
v 0.06807655 0.06237910 0.00174260
v 0.06815118 0.07322263 0.00624819
v -0.06617005 0.08154353 0.00624819
v -0.06219615 0.08707461 0.00174005
v -0.06546285 0.08067203 0.00174035
v -0.06286813 0.08801534 0.00624819
v 0.05762288 -0.09164799 0.00174037
v 0.05174300 -0.09439213 0.00174123
v 0.05616715 -0.08793050 0.00000000
v 0.02887902 -0.10110825 0.08777743
v 0.02887847 -0.11414256 0.08777743
v 0.02489498 -0.10110835 0.08777747
v 0.02887865 -0.13975139 0.08777743
v 0.02489498 -0.13975139 0.08777743
v 0.07857745 -0.04208558 0.08777740
v 0.07136690 -0.03830922 0.08777740
v 0.07200883 -0.06298355 0.08571558
v -0.02649045 0.12820574 0.11192965
v 0.02657135 0.12723837 0.11819310
v 0.02649047 0.12820574 0.11192965
v -0.02657135 0.12723837 0.11819310
v 0.09088435 -0.03719961 0.11819310
v 0.02887902 -0.10110825 0.08777743
v -0.04057973 -0.09735082 0.08394053
v 0.04057975 -0.09735082 0.08394053
v -0.02887902 -0.10110825 0.08777743
v -0.02887902 -0.10110825 0.08777743
v 0.02887902 -0.10110825 0.08777743
v 0.02489498 -0.10110835 0.08777747
v -0.02887902 -0.10110825 0.08777743
v 0.02489498 -0.10110835 0.08777747
v -0.02489498 -0.10110835 0.08777747
v 0.06555710 -0.06284386 0.00174336
v 0.07130157 -0.07899066 0.08571558
v 0.07192437 -0.06855373 0.08571558
v -0.08869892 0.09999416 0.11192965
v -0.08941870 0.04043015 0.11192965
v -0.08941870 0.08890956 0.11192965
v -0.04455650 0.09530717 0.00174260
v 0.04503762 0.09633624 0.00624819
v 0.04455650 0.09530717 0.00174260
v -0.04108965 0.09633624 0.00624819
v -0.04503762 0.09633624 0.00624819
v 0.04503762 0.09633624 0.00624819
v -0.04108965 0.09633624 0.00624819
v 0.04108965 0.09633624 0.00624819
v -0.04057973 0.09735138 0.08394050
v 0.02887902 0.10110880 0.08777740
v 0.04057975 0.09735138 0.08394050
v -0.02887902 0.10110880 0.08777740
v 0.02887902 0.10110880 0.08777740
v -0.02887902 0.10110880 0.08777740
v 0.02489498 0.10110887 0.08777745
v 0.02489498 0.10110887 0.08777745
v -0.02887902 0.10110880 0.08777740
v -0.02489498 0.10110887 0.08777745
v 0.08253075 0.11554333 0.11819310
v 0.08294070 0.11611723 0.11192965
v 0.07761443 0.12041239 0.11819310
v -0.02887847 0.12518646 0.11192965
v -0.02887847 0.11414214 0.11192965
v 0.07182793 -0.03789880 0.11819313
v 0.07180993 -0.03164085 0.12060595
v 0.06929790 -0.03272498 0.11819313
v 0.07345860 -0.03501236 0.12060595
v 0.07182793 -0.03789880 0.11819313
v 0.07857745 -0.04208558 0.08777740
v 0.07942548 -0.04199846 0.11819313
v -0.08294070 0.11611723 0.11192965
v -0.08600868 0.10866044 0.11819310
v -0.08253075 0.11554333 0.11819310
v 0.02609345 0.09701734 0.11819310
v 0.02641175 0.09634989 0.08777740
v 0.02925110 0.10055938 0.11819310
v -0.02887847 -0.11414256 0.08777743
v -0.04478493 -0.10499968 0.08571558
v -0.04057973 -0.09735082 0.08394053
v 0.07837182 -0.08826734 0.11819313
v -0.05561855 0.11414312 0.08777740
v -0.02887847 0.11414214 0.11192965
v -0.02887860 0.11414312 0.08777740
v -0.05561855 0.11414312 0.11192965
v -0.06643260 0.09300591 0.08571558
v -0.06945290 0.08701812 0.08571558
v -0.06327275 0.07947429 0.00174336
v 0.06643260 0.09300591 0.08571558
v 0.06215563 0.09723431 0.08571558
v 0.05676735 0.08858181 0.00174336
v 0.04498848 0.10081264 0.08571558
v 0.02954425 0.09991394 0.08777740
v 0.02641175 0.09634989 0.08777740
v -0.07136690 0.03830978 0.08777740
v -0.07182790 0.03789936 0.11819313
v -0.06882118 0.03317119 0.08777743
v 0.06882118 -0.03317065 0.08777740
v 0.06655630 0.05854545 0.08217598
v 0.06655630 -0.05854489 0.08217598
v 0.06882118 0.03317119 0.08777740
v -0.08653957 0.10906339 0.11192965
v -0.08804620 0.09976659 0.11819310
v -0.08600868 0.10866044 0.11819310
v 0.02743665 0.11166012 0.12060595
v 0.02718935 0.10284232 0.12060595
v 0.02925110 0.10055938 0.11819310
v -0.07647765 0.09649258 0.11819310
v -0.07837180 0.08826794 0.11819310
v -0.07780287 0.08801946 0.08777740
v -0.07942548 0.04199902 0.11819313
v -0.08865842 0.08883976 0.11819310
v -0.08872770 0.04055359 0.11819313
v -0.08804620 0.09976659 0.11819310
v -0.08600868 0.10866044 0.11819310
v -0.08253075 0.11554333 0.11819310
v -0.07897900 0.07771970 0.11819310
v -0.07761440 0.12041239 0.11819310
v -0.07837180 0.08826794 0.11819310
v -0.07647765 0.09649258 0.11819310
v -0.07126162 0.12326499 0.11819310
v -0.07334960 0.10268973 0.11819310
v -0.06892308 0.10706896 0.11819310
v -0.06345677 0.12412204 0.11819310
v -0.06304833 0.10972083 0.11819310
v -0.02896667 0.12421906 0.11819310
v -0.05551387 0.11057084 0.11819310
v -0.02999910 0.11119595 0.11819310
v -0.07290180 0.10206280 0.08777740
v -0.08153060 -0.04042959 0.11192965
v -0.02887860 0.11414312 0.08777740
v -0.04908795 0.10500021 0.08571558
v -0.05561855 0.11414312 0.08777740
v -0.04478493 0.10500021 0.08571558
v -0.06953648 0.05681186 0.08394050
v -0.07222045 0.03499840 0.08777743
v -0.07500000 0.06269917 0.08571558
v -0.07182790 0.03789936 0.11819313
v -0.07136690 0.03830978 0.08777740
v -0.07857742 0.04208610 0.08777743
v -0.07334960 0.10268973 0.11819310
v -0.02641175 0.09634989 0.08777740
v -0.02954422 0.09991394 0.08777740
v -0.04498848 0.10081264 0.08571558
v 0.02718935 0.10284232 0.12060595
v 0.02531905 0.10053418 0.12060595
v 0.02609345 0.09701734 0.11819310
v -0.07897900 0.07771970 0.11819310
v -0.02489498 0.14402924 0.09152590
v 0.02489500 0.14664163 0.09471793
v 0.02489500 0.14402924 0.09152590
v -0.02489498 0.14664163 0.09471793
v -0.02887865 0.13975196 0.08777740
v -0.07865150 0.09802009 0.11192965
v -0.07505263 0.10507389 0.08777740
v -0.07865150 0.09802009 0.08777740
v -0.07505260 0.10507389 0.11192965
v -0.06882118 0.03317119 0.08777743
v -0.07200883 0.06298407 0.08571558
v -0.07136690 0.03830978 0.08777740
v -0.05545862 -0.10979690 0.08777743
v -0.05642210 -0.09982193 0.08571558
v -0.06287085 -0.10892371 0.08777743
v -0.08837195 0.03585446 0.12060598
v -0.08872770 0.04055359 0.11819313
v -0.09088433 0.03720017 0.11819313
v -0.08872770 0.04055359 0.11819313
v -0.08837195 0.03585446 0.12060598
v -0.08750135 0.03720822 0.12060598
v -0.05551387 0.11057084 0.11819310
v -0.05545862 0.10979742 0.08777740
v -0.03006130 0.11000867 0.08777740
v -0.07126162 0.12326499 0.11819310
v -0.07142422 0.12417877 0.11192965
v -0.07790225 0.12115572 0.11192965
v 0.02954425 0.09991394 0.08777740
v -0.06453695 -0.07137021 0.00000000
v -0.06546285 -0.08067203 0.00174037
v -0.06742295 -0.07244020 0.00174125
v -0.06881160 0.06305261 0.00624819
v -0.06742295 0.07244020 0.00174123
v -0.06807655 0.06237910 0.00174260
v -0.06815118 0.07322263 0.00624819
v -0.07136690 0.03830978 0.08777740
v -0.07200883 0.06298407 0.08571558
v -0.07857742 0.04208610 0.08777743
v -0.02954422 0.09991394 0.08777740
v -0.03006130 0.11000867 0.08777740
v -0.04498848 0.10081264 0.08571558
v -0.06215560 0.09723431 0.08571558
v -0.05676735 0.08858181 0.00174336
v -0.05163215 0.09095132 0.00174336
v -0.06892308 -0.10706839 0.11819313
v -0.06860813 -0.10631873 0.08777743
v -0.07334960 -0.10268912 0.11819313
v -0.08153060 0.07786625 0.11192965
v -0.08081085 0.08895085 0.08777740
v -0.08153060 0.07786625 0.08777740
v -0.08081082 0.08895085 0.11192965
v 0.02999913 0.11119595 0.11819310
v 0.02743665 0.11166012 0.12060595
v 0.02925110 0.10055938 0.11819310
v -0.02489498 0.13883681 0.09167895
v 0.02489500 0.14197956 0.09244402
v -0.02489498 0.14197956 0.09244402
v 0.02489498 0.13883681 0.09167895
v -0.02489498 -0.10110835 0.08777747
v -0.02887847 -0.11414256 0.08777743
v -0.02887902 -0.10110825 0.08777743
v -0.02489498 -0.13975139 0.08777743
v -0.02887865 -0.13975139 0.08777743
v -0.05230188 0.09541165 0.00624819
v -0.04455650 0.09530717 0.00174260
v -0.05174300 0.09439213 0.00174123
v -0.04503762 0.09633624 0.00624819
v 0.02489500 -0.14819889 0.10043255
v 0.02887847 -0.12518590 0.11192965
v 0.02489500 -0.12518580 0.11192970
v 0.02887868 -0.14819889 0.10043255
v -0.02887847 0.12518646 0.11192965
v -0.02489498 0.14819945 0.10043255
v -0.02887865 0.14819945 0.10043255
v -0.02489498 0.12518636 0.11192968
v 0.02887868 -0.15043994 0.09112588
v 0.02887868 -0.15151633 0.09763303
v 0.02887868 -0.15248044 0.09439038
v 0.02887868 -0.14819889 0.10043255
v 0.02887868 -0.14592088 0.08895315
v 0.02887847 -0.12518590 0.11192965
v 0.02887865 -0.13975139 0.08777743
v 0.02887847 -0.11414256 0.08777743
v 0.02887850 -0.11414256 0.11192965
v -0.07761440 0.12041239 0.11819310
v -0.07790225 0.12115572 0.11192965
v -0.08294070 0.11611723 0.11192965
v -0.02609343 0.09701734 0.11819310
v -0.02718933 0.10284232 0.12060595
v -0.02925107 0.10055938 0.11819310
v -0.07897900 0.07771970 0.11819310
v -0.07942548 0.04199902 0.11819313
v -0.07857742 0.04208610 0.08777743
v 0.04455650 0.09530717 0.00174260
v -0.04424665 0.09120853 0.00000000
v -0.04455650 0.09530717 0.00174260
v 0.04424665 0.09120853 0.00000000
v -0.07345860 0.03501291 0.12060598
v -0.07942548 0.04199902 0.11819313
v -0.07975703 0.03841155 0.12060598
v -0.07182790 0.03789936 0.11819313
v -0.06892308 0.10706896 0.11819310
v -0.06860813 0.10631929 0.08777740
v -0.06287085 0.10892431 0.08777740
v -0.07505263 0.10507389 0.08777740
v -0.07212090 0.08887721 0.08571558
v -0.07865150 0.09802009 0.08777740
v -0.06852198 0.09593105 0.08571558
v -0.07500000 0.06269917 0.08571558
v -0.06881160 0.06305261 0.00624819
v -0.06881160 0.05752544 0.00624819
v -0.07500000 0.06872341 0.08571558
v -0.07594217 0.09605166 0.08777740
v -0.06280750 -0.07863401 0.00000000
v -0.07192435 0.06855425 0.08571558
v -0.06554998 0.05756139 0.00174336
v -0.06555710 0.06284386 0.00174336
v -0.07200883 0.06298407 0.08571558
v -0.06655630 0.05854545 0.08217598
v -0.06554998 0.05756139 0.00174336
v -0.05642210 0.09982245 0.08571558
v -0.05163215 0.09095132 0.00174336
v -0.04488847 0.09177994 0.00174336
v -0.06643260 -0.09300536 0.08571558
v -0.06945290 -0.08701760 0.08571558
v -0.07290180 -0.10206221 0.08777743
v -0.08946475 0.03595015 0.11664932
v -0.08848090 -0.03747482 0.11664935
v -0.08946475 -0.03594959 0.11664935
v -0.08848090 0.03747538 0.11664932
v -0.08195280 -0.03747482 0.11664935
v -0.08195280 0.03747538 0.11664932
v -0.07433090 -0.03302785 0.11664935
v -0.07433090 0.03302839 0.11664932
v -0.06945290 -0.08701760 0.08571558
v -0.06617005 -0.08154353 0.00624820
v -0.06286813 -0.08801534 0.00624820
v -0.07212090 -0.08887669 0.08571558
v 0.02887868 -0.14819889 0.10043255
v 0.02489500 -0.15151633 0.09763303
v 0.02887868 -0.15151633 0.09763303
v 0.02489500 -0.14819889 0.10043255
v -0.06945290 0.08701812 0.08571558
v -0.07130157 0.07899122 0.08571558
v -0.06496528 0.07228497 0.00174336
v 0.02657712 0.12250217 0.12060595
v 0.02657135 0.12723837 0.11819310
v 0.02561015 0.12372101 0.12060595
v 0.02896667 0.12421906 0.11819310
v -0.02657135 0.12723837 0.11819310
v -0.09157532 -0.03708635 0.11192965
v -0.09157532 0.03708691 0.11192965
v -0.08946475 0.03595015 0.11192965
v -0.08848090 0.03747538 0.11192965
v -0.08653957 0.10906339 0.11192965
v -0.08195280 0.03747538 0.11192965
v -0.08153060 0.04043015 0.11192965
v -0.07433090 0.03302839 0.11192965
v -0.07222035 0.03499811 0.11192965
v -0.07433090 -0.03302785 0.11192965
v -0.08195280 -0.03747482 0.11192965
v -0.08153060 -0.04042959 0.11192965
v -0.08153060 -0.07786573 0.11192968
v -0.07222035 -0.03499755 0.11192965
v -0.08946475 -0.03594959 0.11192965
v -0.08941870 -0.04042959 0.11192965
v -0.08848090 -0.03747482 0.11192965
v -0.08869892 -0.09999360 0.11192968
v -0.08653957 -0.10906284 0.11192968
v -0.08294070 -0.11611666 0.11192968
v -0.08081082 -0.08895029 0.11192968
v -0.07790225 -0.12115509 0.11192968
v -0.07865150 -0.09801953 0.11192968
v -0.07505260 -0.10507336 0.11192968
v -0.07142422 -0.12417818 0.11192968
v -0.07001413 -0.11011178 0.11192968
v -0.06350663 -0.12518590 0.11192968
v -0.06353612 -0.11313487 0.11192968
v -0.05561855 -0.11414253 0.11192968
v -0.02887847 -0.12518590 0.11192968
v -0.02887847 -0.11414256 0.11192960
v -0.08941870 -0.08890903 0.11192968
v 0.02925110 0.10055938 0.11819310
v 0.02718935 0.10284232 0.12060595
v 0.02609345 0.09701734 0.11819310
v -0.02609343 0.09701734 0.11819310
v -0.08848090 0.03747538 0.11192965
v -0.08946475 0.03595015 0.11664932
v -0.08946475 0.03595015 0.11192965
v -0.08848090 0.03747538 0.11664932
v 0.02489500 0.15151685 0.09763300
v 0.02887868 0.14819945 0.10043255
v 0.02887868 0.15151685 0.09763300
v 0.02489500 0.14819945 0.10043255
v 0.02887868 -0.15151633 0.09763303
v 0.02489500 -0.15248044 0.09439038
v 0.02887868 -0.15248044 0.09439038
v 0.02489500 -0.15151633 0.09763303
v -0.08653957 0.10906339 0.11192965
v -0.08869892 0.09999416 0.11192965
v -0.08804620 0.09976659 0.11819310
v -0.07897900 0.07771970 0.11819310
v -0.07857742 0.04208610 0.08777743
v -0.07842652 0.07764236 0.08777740
v -0.07290180 -0.10206221 0.08777743
v -0.07594217 -0.09605113 0.08777743
v -0.06860813 -0.10631873 0.08777743
v -0.06304833 0.10972083 0.11819310
v -0.07428020 0.07980798 0.08571558
v -0.06617005 0.08154353 0.00624819
v -0.06815118 0.07322263 0.00624819
v -0.07212090 0.08887721 0.08571558
v -0.02489498 -0.13364774 0.09185973
v 0.02489500 -0.13516058 0.09298960
v 0.02489500 -0.13364774 0.09185973
v -0.02489498 -0.13516058 0.09298960
v -0.04498848 0.10081264 0.08571558
v -0.04111528 0.09176997 0.00174336
v -0.04181797 0.09317904 0.08217598
v -0.08869892 0.09999416 0.11192965
v -0.08865842 0.08883976 0.11819310
v -0.08804620 0.09976659 0.11819310
v 0.06929790 -0.03272498 0.11819313
v 0.06882118 0.03317119 0.08777740
v 0.06882118 -0.03317065 0.08777740
v 0.06929790 0.03272555 0.11819310
v -0.07192435 0.06855425 0.08571558
v -0.07200883 0.06298407 0.08571558
v -0.06554998 0.05756139 0.00174336
v -0.05642210 0.09982245 0.08571558
v -0.04488847 0.09177994 0.00174336
v -0.04896715 0.10069437 0.08571558
v -0.07192435 0.06855425 0.08571558
v -0.07842652 0.07764236 0.08777740
v -0.07200883 0.06298407 0.08571558
v 0.04181797 0.09317904 0.08217598
v -0.04111528 0.09176997 0.00174336
v 0.04111528 0.09176997 0.00174336
v -0.04181797 0.09317904 0.08217598
v -0.02743663 0.11166012 0.12060595
v -0.02999910 0.11119595 0.11819310
v -0.02925107 0.10055938 0.11819310
v 0.02887865 -0.13975139 0.08777743
v 0.02489500 -0.14592088 0.08895315
v 0.02489498 -0.13975139 0.08777743
v 0.02887868 -0.14592088 0.08895315
v -0.07433090 0.03302839 0.11192965
v -0.08195280 0.03747538 0.11664932
v -0.08195280 0.03747538 0.11192965
v -0.07433090 0.03302839 0.11664932
v -0.06215560 -0.09723378 0.08571558
v -0.06643260 -0.09300536 0.08571558
v -0.06860813 -0.10631873 0.08777743
v 0.02609345 0.09701734 0.11819310
v -0.02641175 0.09634989 0.08777740
v 0.02641175 0.09634989 0.08777740
v -0.02609343 0.09701734 0.11819310
v -0.08253075 0.11554333 0.11819310
v -0.07761440 0.12041239 0.11819310
v -0.08294070 0.11611723 0.11192965
v 0.06546285 0.08067203 0.00174035
v -0.07865150 0.09802009 0.08777740
v -0.07428020 0.07980798 0.08571558
v -0.08081085 0.08895085 0.08777740
v -0.07212090 0.08887721 0.08571558
v -0.08750135 0.03720822 0.12060598
v -0.07942548 0.04199902 0.11819313
v -0.08872770 0.04055359 0.11819313
v -0.07975703 0.03841155 0.12060598
v -0.02641175 0.09634989 0.08777740
v -0.04498848 0.10081264 0.08571558
v -0.04181797 0.09317904 0.08217598
v 0.04057975 0.09735138 0.08394050
v 0.02887902 0.10110880 0.08777740
v 0.02887847 0.11414312 0.08777740
v -0.07126162 0.12326499 0.11819310
v -0.06345677 0.12412204 0.11819310
v -0.07142422 0.12417877 0.11192965
v -0.06643260 0.09300591 0.08571558
v -0.06056923 0.08479692 0.00174336
v -0.05676735 0.08858181 0.00174336
v -0.06348355 0.10096947 0.08571558
v 0.02609345 0.09701734 0.11819310
v -0.02531905 0.10053418 0.12060595
v -0.02609343 0.09701734 0.11819310
v 0.02531905 0.10053418 0.12060595
v -0.07130157 0.07899122 0.08571558
v -0.06555710 0.06284386 0.00174336
v -0.06496528 0.07228497 0.00174336
v -0.06353615 0.11313540 0.08777740
v -0.06348355 0.10096947 0.08571558
v -0.07001417 0.11011238 0.08777740
v -0.05700550 0.10399256 0.08571558
v -0.04896715 0.10069437 0.08571558
v -0.04111528 0.09176997 0.00174336
v -0.04498848 0.10081264 0.08571558
v -0.02999910 0.11119595 0.11819310
v -0.03006130 0.11000867 0.08777740
v -0.02925107 0.10055938 0.11819310
v -0.04503762 0.09633624 0.00624819
v -0.04478493 0.10500021 0.08571558
v -0.04108965 0.09633624 0.00624819
v -0.04908795 0.10500021 0.08571558
v 0.05097872 -0.09035173 0.00000000
v -0.06852198 -0.09593049 0.08571560
v -0.04896715 0.10069437 0.08571558
v -0.04488847 0.09177994 0.00174336
v -0.04111528 0.09176997 0.00174336
v -0.06453695 -0.07137021 0.00000000
v -0.06327275 0.07947429 0.00174336
v 0.07290180 -0.10206221 0.08777743
v -0.04896715 -0.10069384 0.08571558
v -0.08869892 0.09999416 0.11192965
v -0.08941870 0.08890956 0.11192965
v -0.08865842 0.08883976 0.11819310
v -0.06287085 0.10892431 0.08777740
v 0.04498848 0.10081264 0.08571558
v 0.02641175 0.09634989 0.08777740
v 0.04181797 0.09317904 0.08217598
v 0.07290180 -0.10206221 0.08777743
v 0.06945293 -0.08701760 0.08571558
v 0.06643260 -0.09300536 0.08571558
v 0.07594217 -0.09605113 0.08777743
v 0.06287085 -0.10892371 0.08777743
v 0.06215563 -0.09723378 0.08571558
v 0.05642210 -0.09982193 0.08571558
v 0.06860813 -0.10631873 0.08777743
v -0.07842652 -0.07764180 0.08777743
v -0.05642210 0.09982245 0.08571558
v -0.04498848 0.10081264 0.08571558
v -0.05545862 0.10979742 0.08777740
v -0.04896715 0.10069437 0.08571558
v 0.02489500 0.15044051 0.09112585
v 0.02887868 0.14592141 0.08895312
v 0.02489500 0.14592141 0.08895312
v 0.02887868 0.15044051 0.09112585
v -0.07290180 -0.10206221 0.08777743
v -0.07942548 0.04199902 0.11819313
v -0.07182790 0.03789936 0.11819313
v -0.07857742 0.04208610 0.08777743
v 0.02887868 -0.15248044 0.09439038
v 0.02489500 -0.15043994 0.09112588
v 0.02887868 -0.15043994 0.09112588
v 0.02489500 -0.15248044 0.09439038
v -0.04108965 0.09633624 0.00624819
v 0.04057975 0.09735138 0.08394050
v 0.04108965 0.09633624 0.00624819
v -0.04057973 0.09735138 0.08394050
v 0.05174300 -0.09439213 0.00174123
v -0.06860813 0.10631929 0.08777740
v 0.06287085 -0.10892371 0.08777743
v -0.02489498 -0.14819889 0.10043255
v -0.02887865 -0.15151633 0.09763303
v -0.02489498 -0.15151633 0.09763303
v -0.02887865 -0.14819889 0.10043255
v -0.02887865 0.15044051 0.09112585
v -0.02489498 0.14592141 0.08895312
v -0.02887865 0.14592141 0.08895312
v -0.02489498 0.15044051 0.09112585
v -0.08081082 0.08895085 0.11192965
v -0.07865150 0.09802009 0.08777740
v -0.08081085 0.08895085 0.08777740
v -0.07865150 0.09802009 0.11192965
v 0.02489500 0.14592141 0.08895312
v 0.02887865 0.13975196 0.08777740
v 0.02489498 0.13975196 0.08777740
v 0.02887868 0.14592141 0.08895312
v 0.07594217 -0.09605113 0.08777743
v 0.07130157 -0.07899066 0.08571558
v 0.06945293 -0.08701760 0.08571558
v 0.07780287 -0.08801887 0.08777743
v -0.05700550 -0.10399200 0.08571560
v -0.06617005 0.08154353 0.00624819
v 0.06617005 0.08154353 0.00624819
v -0.02489498 -0.14592088 0.08895315
v -0.02887865 -0.15043994 0.09112588
v -0.02887865 -0.14592088 0.08895315
v -0.02489498 -0.15043994 0.09112588
vt 0.96329850 0.60632408
vt 0.96326172 0.66838932
vt 0.95195413 0.66836160
vt 0.96329850 0.60632408
vt 0.95195413 0.66836160
vt 0.95199013 0.60655838
vt 0.41899070 0.77993327
vt 0.39552501 0.78781939
vt 0.40730211 0.77603722
vt 0.40721360 0.79171562
vt 0.03894954 0.21106911
vt 0.03438448 0.21676670
vt 0.03144216 0.21304651
vt 0.57246339 0.21619670
vt 0.56725073 0.21481881
vt 0.57364267 0.20322970
vt 0.72619128 0.48299891
vt 0.71444952 0.50242680
vt 0.71190512 0.48429760
vt 0.51662922 0.49889210
vt 0.51968068 0.65053451
vt 0.51288342 0.65062213
vt 0.43327680 0.78123212
vt 0.40721360 0.79171562
vt 0.41899070 0.77993327
vt 0.42149970 0.79301429
vt 0.96303427 0.20686249
vt 0.96310788 0.19810310
vt 0.97441638 0.19859180
vt 0.42014021 0.85246837
vt 0.36525479 0.85229570
vt 0.36524609 0.83888090
vt 0.31126580 0.44293541
vt 0.30275500 0.44483450
vt 0.30274990 0.44293931
vt 0.31127101 0.44483051
vt 0.96299261 0.06217712
vt 0.96299392 0.07616257
vt 0.95169520 0.07653415
vt 0.29590660 0.54831320
vt 0.29590499 0.55968410
vt 0.29156479 0.56014681
vt 0.29653260 0.21304660
vt 0.32187071 0.21194179
vt 0.30789721 0.21349280
vt 0.29355779 0.20967190
vt 0.32344159 0.21019711
vt 0.32344159 0.11777770
vt 0.29355779 0.11830280
vt 0.29653260 0.11492820
vt 0.32187071 0.11603280
vt 0.30789721 0.11448200
vt 0.02926039 0.94807178
vt 0.03356254 0.94391948
vt 0.03957140 0.94608349
vt 0.00851571 0.91859758
vt 0.03082406 0.93751818
vt 0.03286272 0.93558258
vt 0.04268991 0.93138760
vt 0.04472863 0.92945200
vt 0.00000000 0.89155060
vt 0.00000000 0.91867548
vt 0.00851583 0.89155549
vt 0.03431165 0.95232183
vt 0.04605275 0.95095068
vt 0.04016244 0.95355952
vt 0.04997307 0.94516742
vt 0.04533088 0.94274229
vt 0.05209445 0.93727028
vt 0.04746711 0.93585330
vt 0.05209434 0.88779807
vt 0.00851578 0.88777268
vt 0.03496730 0.94098830
vt 0.04367429 0.94011718
vt 0.03940856 0.94248903
vt 0.04505473 0.93609470
vt 0.94501400 0.57284009
vt 0.93857610 0.66267800
vt 0.93857610 0.57283902
vt 0.94501400 0.66267878
vt 0.72552681 0.33150420
vt 0.72758383 0.24566820
vt 0.72758383 0.33089349
vt 0.72552681 0.24627900
vt 0.71740389 0.44093379
vt 0.57407510 0.43910241
vt 0.71740389 0.43385839
vt 0.57407510 0.44681421
vt 0.96299392 0.07616257
vt 0.95168942 0.08795481
vt 0.95169520 0.07653415
vt 0.37529889 0.28686571
vt 0.51862812 0.29485920
vt 0.37845209 0.29554081
vt 0.36519861 0.94677031
vt 0.35809541 0.79459321
vt 0.36519861 0.79497659
vt 0.96316272 0.29486161
vt 0.96317983 0.23306350
vt 0.97448820 0.23282491
vt 0.66325921 0.95585722
vt 0.65022928 0.95604718
vt 0.65020639 0.90115881
vt 0.51662922 0.49889210
vt 0.50483370 0.65075648
vt 0.50758559 0.49904329
vt 0.99126881 0.32465670
vt 0.99771160 0.23481810
vt 0.99771160 0.32465670
vt 0.99126887 0.23481810
vt 0.11604330 0.32797471
vt 0.21019711 0.32344159
vt 0.21193139 0.32797471
vt 0.11777770 0.32344151
vt 0.96303427 0.20686249
vt 0.97441638 0.19859180
vt 0.97434109 0.20762780
vt 0.52035362 0.92168558
vt 0.47676840 0.90762103
vt 0.52034688 0.90764648
vt 0.47677490 0.92166013
vt 0.42014101 0.93100160
vt 0.47502521 0.91746241
vt 0.47502631 0.93061602
vt 0.56892651 0.01886206
vt 0.55913770 0.01450055
vt 0.56303233 0.01061028
vt 0.26708069 0.35571831
vt 0.23657630 0.33165741
vt 0.24445890 0.33333781
vt 0.72613811 0.49853051
vt 0.98412633 0.15025251
vt 0.99126881 0.15699080
vt 0.98412633 0.30192810
vt 0.52588540 0.98433560
vt 0.52044833 0.89449620
vt 0.52588540 0.89449692
vt 0.52044833 0.98433483
vt 0.96587020 0.85554338
vt 0.96588111 0.79342628
vt 0.97716850 0.85554743
vt 0.15157381 0.62952721
vt 0.27418271 0.61942959
vt 0.30218431 0.62952721
vt 0.17905889 0.61942959
vt 0.51853222 0.48930109
vt 0.37524000 0.49129620
vt 0.51857412 0.48242161
vt 0.37519431 0.49879429
vt 0.96325958 0.57283902
vt 0.96328741 0.58112121
vt 0.95198083 0.58173418
vt 0.98578781 0.65814531
vt 0.99021471 0.57341051
vt 0.99021471 0.65863562
vt 0.98578781 0.57292020
vt 0.57722801 0.43271089
vt 0.57032949 0.31461701
vt 0.57722801 0.28725860
vt 0.57032949 0.40422121
vt 0.66175961 0.58518970
vt 0.62875438 0.57800168
vt 0.65870142 0.57800168
vt 0.61195552 0.58518958
vt 0.61195552 0.57800102
vt 0.78531629 0.83716398
vt 0.73044407 0.88305998
vt 0.73043811 0.83734202
vt 0.62745559 0.74475062
vt 0.61176950 0.74465692
vt 0.61566567 0.73296827
vt 0.62355947 0.75643921
vt 0.96587032 0.89127851
vt 0.97060752 0.98111731
vt 0.96587032 0.98111731
vt 0.97060758 0.89127862
vt 0.71740389 0.27950290
vt 0.57407510 0.27857721
vt 0.57407510 0.27086529
vt 0.71740389 0.28657839
vt 0.36519861 0.94677031
vt 0.35844421 0.94640487
vt 0.35809541 0.79459321
vt 0.52035362 0.96960872
vt 0.47677490 0.92166013
vt 0.52035362 0.92168558
vt 0.47677490 0.96958321
vt 0.42013469 0.86339182
vt 0.36524940 0.86296582
vt 0.36525479 0.85229570
vt 0.47548461 0.94124812
vt 0.47548461 0.99613702
vt 0.46468240 0.99602658
vt 0.57739782 0.20500770
vt 0.72067469 0.20088100
vt 0.57736111 0.21732859
vt 0.91167498 0.53788310
vt 0.90562582 0.53790623
vt 0.91108561 0.48299891
vt 0.95195413 0.66267812
vt 0.94501400 0.57284009
vt 0.95195413 0.57283932
vt 0.94501400 0.66267878
vt 0.00001400 0.79138583
vt 0.00813699 0.80053592
vt 0.00000000 0.79925090
vt 0.00815058 0.79258579
vt 0.96317822 0.21920380
vt 0.96316272 0.20824490
vt 0.97446913 0.20762780
vt 0.71739793 0.45409101
vt 0.57407510 0.44681421
vt 0.71740389 0.44093379
vt 0.57406849 0.46115449
vt 0.66175961 0.68221629
vt 0.61195558 0.67502832
vt 0.66175961 0.67502832
vt 0.62875438 0.68221593
vt 0.61195552 0.68221688
vt 0.33765760 0.94530147
vt 0.32797480 0.79301423
vt 0.33500370 0.79336691
vt 0.52032608 0.89646298
vt 0.47681490 0.88739008
vt 0.52039230 0.88742697
vt 0.47674870 0.89642620
vt 0.42013100 0.83883798
vt 0.30789721 0.11448200
vt 0.32408351 0.11172130
vt 0.32187071 0.11603280
vt 0.30729899 0.10985840
vt 0.21019711 0.00453317
vt 0.21625350 0.00389129
vt 0.21194179 0.00610405
vt 0.21625350 0.00389129
vt 0.21019711 0.00453317
vt 0.21193150 0.00000000
vt 0.31887159 0.54920471
vt 0.31883129 0.55646062
vt 0.30752581 0.55581123
vt 0.56303251 0.23505780
vt 0.55913782 0.23116980
vt 0.56892669 0.22680610
vt 0.97447038 0.29488489
vt 0.96316272 0.29486161
vt 0.97448820 0.23282491
vt 0.33858520 0.23505780
vt 0.33269089 0.22680610
vt 0.34246901 0.23116980
vt 0.96301502 0.18623620
vt 0.91943592 0.17189381
vt 0.96301502 0.17189661
vt 0.91943592 0.18623340
vt 0.00813699 0.57411188
vt 0.00001402 0.58385283
vt 0.00000000 0.57524687
vt 0.00815064 0.58281088
vt 0.72064108 0.21218520
vt 0.20476720 0.29355779
vt 0.21283260 0.29359031
vt 0.20911250 0.29653260
vt 0.20616449 0.28902519
vt 0.34246889 0.01450055
vt 0.33858499 0.01061028
vt 0.34945801 0.00950831
vt 0.56241632 0.80496240
vt 0.54104042 0.81079912
vt 0.57222432 0.77721882
vt 0.32785910 0.72598487
vt 0.32067141 0.75564462
vt 0.32067141 0.72598481
vt 0.32785940 0.75564462
vt 0.54456419 0.83069301
vt 0.52675080 0.84056097
vt 0.52805871 0.83115858
vt 0.27910039 0.40957600
vt 0.28663760 0.42013490
vt 0.27006781 0.41960660
vt 0.33325180 0.04299861
vt 0.32797480 0.04243844
vt 0.33435601 0.03085160
vt 0.31887159 0.75374472
vt 0.30750811 0.65878421
vt 0.31881550 0.65849543
vt 0.30756399 0.75374353
vt 0.34683681 0.00471604
vt 0.57739782 0.20500770
vt 0.72068578 0.18806981
vt 0.72067469 0.20088100
vt 0.66971463 0.58518893
vt 0.66175961 0.57800168
vt 0.66971463 0.57800102
vt 0.66175961 0.58518970
vt 0.29561290 0.41015589
vt 0.57740998 0.19104449
vt 0.72068578 0.18131210
vt 0.72068578 0.18806981
vt 0.57740998 0.18367900
vt 0.28037459 0.54915851
vt 0.28037459 0.56366903
vt 0.27695721 0.55997157
vt 0.30748650 0.77053148
vt 0.31488881 0.76471591
vt 0.31465980 0.77060997
vt 0.30771551 0.76463729
vt 0.96588111 0.79342628
vt 0.97717172 0.78864461
vt 0.97717971 0.79318953
vt 0.62355947 0.50377870
vt 0.60527593 0.50647253
vt 0.61706573 0.49468759
vt 0.61176950 0.51556361
vt 0.43734589 0.94113392
vt 0.43734571 0.98471290
vt 0.42014021 0.98472643
vt 0.30771551 0.76463729
vt 0.31487390 0.75886732
vt 0.31488881 0.76471591
vt 0.30770060 0.75878882
vt 0.67555583 0.81401020
vt 0.67554557 0.80568433
vt 0.73043400 0.81452620
vt 0.23662031 0.45959651
vt 0.29150739 0.46016040
vt 0.23658600 0.46895880
vt 0.91528791 0.08535468
vt 0.90810031 0.11501440
vt 0.90809989 0.08535468
vt 0.91528791 0.11501450
vt 0.64298213 0.80879951
vt 0.62128532 0.80430043
vt 0.60977471 0.77721882
vt 0.34430060 0.94678849
vt 0.34430060 0.99036747
vt 0.32797480 0.94677007
vt 0.23659250 0.49333900
vt 0.29156479 0.53672957
vt 0.23667321 0.53726721
vt 0.38652241 0.72671342
vt 0.37474531 0.69801122
vt 0.39637500 0.71912688
vt 0.78867263 0.75820452
vt 0.90561312 0.74807698
vt 0.93856341 0.75820452
vt 0.82068700 0.74807698
vt 0.37096691 0.00528347
vt 0.35744610 0.00117928
vt 0.37041309 0.00000000
vt 0.95033473 0.96550250
vt 0.95636392 0.87960720
vt 0.95636392 0.96483231
vt 0.95033473 0.88027728
vt 0.25471151 0.54242039
vt 0.26159590 0.54864389
vt 0.25478601 0.54829419
vt 0.26152131 0.54277009
vt 0.97158003 0.32928991
vt 0.98194832 0.33339360
vt 0.97158003 0.47319189
vt 0.96587652 0.88133872
vt 0.96587020 0.86966771
vt 0.97717571 0.88179731
vt 0.47504750 0.86338991
vt 0.47502470 0.87197739
vt 0.42014021 0.87127280
vt 0.96587020 0.85554338
vt 0.97716850 0.85554743
vt 0.97716892 0.86988688
vt 0.72321773 0.88443798
vt 0.72795498 0.97427672
vt 0.72321773 0.97427672
vt 0.72795498 0.88443798
vt 0.56892669 0.22680610
vt 0.56413013 0.22418050
vt 0.57246339 0.21619670
vt 0.33435610 0.21481881
vt 0.32797489 0.20322970
vt 0.33325189 0.20267180
vt 0.57606667 0.90095967
vt 0.54285938 0.86937892
vt 0.56455618 0.87387812
vt 0.86439711 0.08008974
vt 0.87278998 0.09066152
vt 0.84788048 0.07964402
vt 0.82068700 0.74807698
vt 0.90497512 0.69319272
vt 0.90561312 0.74807698
vt 0.82118988 0.69319272
vt 0.65314001 0.85686290
vt 0.62823051 0.86788040
vt 0.63662338 0.85730863
vt 0.64480108 0.86737943
vt 0.23657630 0.48009580
vt 0.29148000 0.49317119
vt 0.23659250 0.49333900
vt 0.37529889 0.27915329
vt 0.51862210 0.27490041
vt 0.51862812 0.28778321
vt 0.37529230 0.26511210
vt 0.91944551 0.20764320
vt 0.96303457 0.25578091
vt 0.91945553 0.25579631
vt 0.96302438 0.20762780
vt 0.37041330 0.24566820
vt 0.35744631 0.24448881
vt 0.37096700 0.24038690
vt 0.81403750 0.69316959
vt 0.82118988 0.69319272
vt 0.82068700 0.74807698
vt 0.29355779 0.20967190
vt 0.29653260 0.21304660
vt 0.28902531 0.21106911
vt 0.34174001 0.59379703
vt 0.33379230 0.60098422
vt 0.33379230 0.59379619
vt 0.34174001 0.60098487
vt 0.67554557 0.88443822
vt 0.67555833 0.83844101
vt 0.73042262 0.88423961
vt 0.35881999 0.23928259
vt 0.42016241 0.86294168
vt 0.54278672 0.00638777
vt 0.53063971 0.00528347
vt 0.54417121 0.00117928
vt 0.86557561 0.04213953
vt 0.86032122 0.05165493
vt 0.84906310 0.04155975
vt 0.33435601 0.03085160
vt 0.32915401 0.02947145
vt 0.33747661 0.02148979
vt 0.39821100 0.76954341
vt 0.37994021 0.77223462
vt 0.39171740 0.76045227
vt 0.38643390 0.78132570
vt 0.96317118 0.16195691
vt 0.97448820 0.17559250
vt 0.96317619 0.17566580
vt 0.28301141 0.55074722
vt 0.29154301 0.53961062
vt 0.29152700 0.55078471
vt 0.28302750 0.53957307
vt 0.17668180 0.82958072
vt 0.29473290 0.83972561
vt 0.15157381 0.83972561
vt 0.26709950 0.82958061
vt 0.72050673 0.23027280
vt 0.57721472 0.23704290
vt 0.72058511 0.22198249
vt 0.33747670 0.22418050
vt 0.57739782 0.00985587
vt 0.72068590 0.03388875
vt 0.57740998 0.02299749
vt 0.33747661 0.02148979
vt 0.33269081 0.01886206
vt 0.34246889 0.01450055
vt 0.55214852 0.00950831
vt 0.54278672 0.00638777
vt 0.55478048 0.00471598
vt 0.91944242 0.19814371
vt 0.96302140 0.19814651
vt 0.96303427 0.20762780
vt 0.57740998 0.19104449
vt 0.26978391 0.54815990
vt 0.27694231 0.54238999
vt 0.27695721 0.54823852
vt 0.26976901 0.54231137
vt 0.57736111 0.00000000
vt 0.72064108 0.01278883
vt 0.72067469 0.02183151
vt 0.30274609 0.43118349
vt 0.31126580 0.44293541
vt 0.30274990 0.44293931
vt 0.31126210 0.43117961
vt 0.56303233 0.01061028
vt 0.55214852 0.00950831
vt 0.55478048 0.00471598
vt 0.33858499 0.01061028
vt 0.51631719 0.65154392
vt 0.50525647 0.80360782
vt 0.50802821 0.65182751
vt 0.72880268 0.32315251
vt 0.73293072 0.33405629
vt 0.72880268 0.33452341
vt 0.73293161 0.32268521
vt 0.82069260 0.53790623
vt 0.81358463 0.53788310
vt 0.81404603 0.48299891
vt 0.30789721 0.21349280
vt 0.32408351 0.21625350
vt 0.30729899 0.21811640
vt 0.32187071 0.21194179
vt 0.86439711 0.08008974
vt 0.84788048 0.07964402
vt 0.84323758 0.06980109
vt 0.98911250 0.00635093
vt 0.99355727 0.09610617
vt 0.98911250 0.09601205
vt 0.99355727 0.00644505
vt 0.33269081 0.01886206
vt 0.72067469 0.02183151
vt 0.33379230 0.69801080
vt 0.32797480 0.69082153
vt 0.33379230 0.69082278
vt 0.32797480 0.69800937
vt 0.57350308 0.80753112
vt 0.56241632 0.80496240
vt 0.59292072 0.78090149
vt 0.29150739 0.46016040
vt 0.23667960 0.45171571
vt 0.29156479 0.45250541
vt 0.55478072 0.24095210
vt 0.54278690 0.23928259
vt 0.55214858 0.23616201
vt 0.54514217 0.84930468
vt 0.52863961 0.84986413
vt 0.54325062 0.84004861
vt 0.55942923 0.86885083
vt 0.54285938 0.86937892
vt 0.55039662 0.85882008
vt 0.26955479 0.55405408
vt 0.27695721 0.54823852
vt 0.27672821 0.55413270
vt 0.26978391 0.54815990
vt 0.35744631 0.24448881
vt 0.34683689 0.24095210
vt 0.35881999 0.23928259
vt 0.29679561 0.37207159
vt 0.30143830 0.38191450
vt 0.28027889 0.37162590
vt 0.54417127 0.24448881
vt 0.02512556 0.56348318
vt 0.04410159 0.56453818
vt 0.03729343 0.56455112
vt 0.19247460 0.56453818
vt 0.21145061 0.56348318
vt 0.19928280 0.56455112
vt 0.01585978 0.56042928
vt 0.22071640 0.56042928
vt 0.00899988 0.55555117
vt 0.22757630 0.55555117
vt 0.00412178 0.54869121
vt 0.23245440 0.54869127
vt 0.00106788 0.53942561
vt 0.23550829 0.53942561
vt 0.23657620 0.52725762
vt 0.00000000 0.52725762
vt 0.23656330 0.52044940
vt 0.00001288 0.52044940
vt 0.23656340 0.37207651
vt 0.00001289 0.37207639
vt 0.23657630 0.36526829
vt 0.00000000 0.36526820
vt 0.23550829 0.35310030
vt 0.00106794 0.35310030
vt 0.23245440 0.34383461
vt 0.00412178 0.34383461
vt 0.00899988 0.33697471
vt 0.22757630 0.33697471
vt 0.01585984 0.33209649
vt 0.22071640 0.33209661
vt 0.02512556 0.32904270
vt 0.21145070 0.32904270
vt 0.03729349 0.32797480
vt 0.04410165 0.32798770
vt 0.19247460 0.32798770
vt 0.19928280 0.32797480
vt 0.34683689 0.24095210
vt 0.33858520 0.23505780
vt 0.34945819 0.23616201
vt 0.96301502 0.29004291
vt 0.91943598 0.29005831
vt 0.96302801 0.28137791
vt 0.53388411 0.85939997
vt 0.34246901 0.23116980
vt 0.03438448 0.11120800
vt 0.03894954 0.11690560
vt 0.03144216 0.11492820
vt 0.65720201 0.82831442
vt 0.64259088 0.83812988
vt 0.64069933 0.82887381
vt 0.65909058 0.83761752
vt 0.57730007 0.22800690
vt 0.96317619 0.17566580
vt 0.97448820 0.17559250
vt 0.97446543 0.18791340
vt 0.32797500 0.99034917
vt 0.64298213 0.80879951
vt 0.63544488 0.81935841
vt 0.62641227 0.80932772
vt 0.65195739 0.81877857
vt 0.87583011 0.93614882
vt 0.83225143 0.90334070
vt 0.87582999 0.90336621
vt 0.83225143 0.91747761
vt 0.85299599 0.94694930
vt 0.87370872 0.94404531
vt 0.86978841 0.94982803
vt 0.85804731 0.95119900
vt 0.86389810 0.95243663
vt 0.56725073 0.21481881
vt 0.15157080 0.79125220
vt 0.00815058 0.79258579
vt 0.00815874 0.78210747
vt 0.00001031 0.88048953
vt 0.05491828 0.88694632
vt 0.00003373 0.88777280
vt 0.67555833 0.83844101
vt 0.67556018 0.82480419
vt 0.73043662 0.83848739
vt 0.05489552 0.87988287
vt 0.25478601 0.54829419
vt 0.26044679 0.55445802
vt 0.25363699 0.55410832
vt 0.26159590 0.54864389
vt 0.56835490 0.20267180
vt 0.54325062 0.84004861
vt 0.42008239 0.87850302
vt 0.36519861 0.87763578
vt 0.36523071 0.87129372
vt 0.32915401 0.02947145
vt 0.00000000 0.11604330
vt 0.00453323 0.21019711
vt 0.00000000 0.21193139
vt 0.00453323 0.11777760
vt 0.30085739 0.40062001
vt 0.28435481 0.40006071
vt 0.28624639 0.39080450
vt 0.23657620 0.55212659
vt 0.24511500 0.53727490
vt 0.24509190 0.55213428
vt 0.23659930 0.53726721
vt 0.00816149 0.76199162
vt 0.15157381 0.77707601
vt 0.00816149 0.76910102
vt 0.15157381 0.76932710
vt 0.28493279 0.38144889
vt 0.47674870 0.51559317
vt 0.44104099 0.51057923
vt 0.46974811 0.49879441
vt 0.93298459 0.33062229
vt 0.93328351 0.48257911
vt 0.92060500 0.32982731
vt 0.05488538 0.86998659
vt 0.05489552 0.87988287
vt 0.00001031 0.88048953
vt 0.53375149 0.77721888
vt 0.55485272 0.75557971
vt 0.56244588 0.76543671
vt 0.78531629 0.83716398
vt 0.78532112 0.88305998
vt 0.73044407 0.88305998
vt 0.15157090 0.58594280
vt 0.15157381 0.60028219
vt 0.00815880 0.59373850
vt 0.34430060 0.99045420
vt 0.35802200 0.94677019
vt 0.35802200 0.99034762
vt 0.34430060 0.94687682
vt 0.73046303 0.94817281
vt 0.78532648 0.93877780
vt 0.78535080 0.94753629
vt 0.67554450 0.95330417
vt 0.66423708 0.95314711
vt 0.66423720 0.93903130
vt 0.25727269 0.32797471
vt 0.28845671 0.36155501
vt 0.26708069 0.35571831
vt 0.29156479 0.54877597
vt 0.28663760 0.42013490
vt 0.25343031 0.45171559
vt 0.26494071 0.42463401
vt 0.32187071 0.21194179
vt 0.32797480 0.21193150
vt 0.32408351 0.21625350
vt 0.32344159 0.21019711
vt 0.62355947 0.75643921
vt 0.60527593 0.75374812
vt 0.61176950 0.74465692
vt 0.61706573 0.76553041
vt 0.41734159 0.97270650
vt 0.40881690 0.88066143
vt 0.41733280 0.88066560
vt 0.40882570 0.97270232
vt 0.31881550 0.65849543
vt 0.30752489 0.65405560
vt 0.31883231 0.65375382
vt 0.30750811 0.65878421
vt 0.96297562 0.00007570
vt 0.96299261 0.06217712
vt 0.95169431 0.06235784
vt 0.66289878 0.86705911
vt 0.65909082 0.77721971
vt 0.66289878 0.77721888
vt 0.65909082 0.86705828
vt 0.72064108 0.21218520
vt 0.72879410 0.20036410
vt 0.72876251 0.21154740
vt 0.72067469 0.20088100
vt 0.30143830 0.38191450
vt 0.30274621 0.39131689
vt 0.28493279 0.38144889
vt 0.64298213 0.80879951
vt 0.62641227 0.80932772
vt 0.62128532 0.80430043
vt 0.51631719 0.65154392
vt 0.51826209 0.80317891
vt 0.51262861 0.80335569
vt 0.62875438 0.57800168
vt 0.61195552 0.57800102
vt 0.60710090 0.55689132
vt 0.73043817 0.93919808
vt 0.31933489 0.63177478
vt 0.31933489 0.47992021
vt 0.32797480 0.48690310
vt 0.34945819 0.23616201
vt 0.05491828 0.81134218
vt 0.05488866 0.85683119
vt 0.00000361 0.85697591
vt 0.46974811 0.79301429
vt 0.43327680 0.78123212
vt 0.44104099 0.78123212
vt 0.42149970 0.79301429
vt 0.54456419 0.83069301
vt 0.52805871 0.83115858
vt 0.54921812 0.82086992
vt 0.91186261 0.32928991
vt 0.92210132 0.48186150
vt 0.91429198 0.48138210
vt 0.96587020 0.63828462
vt 0.97915918 0.69296741
vt 0.96587020 0.69316959
vt 0.53120440 0.24566810
vt 0.53063983 0.24038690
vt 0.54417127 0.24448881
vt 0.39171740 0.53135890
vt 0.37604401 0.53126258
vt 0.37994021 0.51957411
vt 0.38782111 0.54304761
vt 0.34649771 0.94576430
vt 0.33500370 0.79336691
vt 0.34488210 0.79388428
vt 0.56413001 0.02148979
vt 0.98578781 0.48300609
vt 0.99430341 0.57266152
vt 0.98578781 0.57266718
vt 0.99430341 0.48299891
vt 0.58200002 0.48299900
vt 0.56244588 0.49478379
vt 0.53375149 0.48299891
vt 0.57021010 0.49478379
vt 0.98628700 0.93025029
vt 0.99480331 0.84502351
vt 0.99480331 0.93024862
vt 0.98628700 0.84502381
vt 0.52650839 0.65853411
vt 0.52261692 0.65565532
vt 0.52650827 0.65134650
vt 0.52261692 0.75125152
vt 0.52642512 0.74837351
vt 0.52650839 0.74837267
vt 0.52650827 0.75556028
vt 0.71739793 0.26662210
vt 0.57407510 0.27086529
vt 0.57406861 0.25682619
vt 0.71740389 0.27950290
vt 0.31933481 0.63393211
vt 0.32785940 0.63177902
vt 0.32785061 0.63393623
vt 0.31934351 0.63177478
vt 0.96298862 0.08737146
vt 0.95167702 0.09661984
vt 0.95168942 0.08795481
vt 0.96297562 0.00007570
vt 0.95169431 0.06235784
vt 0.95167702 0.00000000
vt 0.72552329 0.26778090
vt 0.71740389 0.27950290
vt 0.71739793 0.26662210
vt 0.72552681 0.28052360
vt 0.60143661 0.93588501
vt 0.62578362 0.91892821
vt 0.63764942 0.92507261
vt 0.62374490 0.91699022
vt 0.62218118 0.90643471
vt 0.63561070 0.92313462
vt 0.62648332 0.91059202
vt 0.63249230 0.90843511
vt 0.60143667 0.96292722
vt 0.64501518 0.96673501
vt 0.60143667 0.96670979
vt 0.64501518 0.91726267
vt 0.59292078 0.96292228
vt 0.64038789 0.91867441
vt 0.63825172 0.91178292
vt 0.64289391 0.90936309
vt 0.63897347 0.90357542
vt 0.62723237 0.90219063
vt 0.63308322 0.90095967
vt 0.63797557 0.91843021
vt 0.62788808 0.91352493
vt 0.63659507 0.91440600
vt 0.63232940 0.91202939
vt 0.59292078 0.93579739
vt 0.30274621 0.39131689
vt 0.92060500 0.32982731
vt 0.52034688 0.90764648
vt 0.47674870 0.89646298
vt 0.52032733 0.89648861
vt 0.47676840 0.90762103
vt 0.14223570 0.91445041
vt 0.13352869 0.91356927
vt 0.13796990 0.91207391
vt 0.13142410 0.91897207
vt 0.14361610 0.91847432
vt 0.14125130 0.92317832
vt 0.14461410 0.90362072
vt 0.13287300 0.90223593
vt 0.13872381 0.90100521
vt 0.12782180 0.90647972
vt 0.14853440 0.90940797
vt 0.13813280 0.90847993
vt 0.14389220 0.91182750
vt 0.15065581 0.91730690
vt 0.14602850 0.91871840
vt 0.15065581 0.96677500
vt 0.14329000 0.92511612
vt 0.10707720 0.93592727
vt 0.10707730 0.96296728
vt 0.10707730 0.96674961
vt 0.09856146 0.96296233
vt 0.09856140 0.93583971
vt 0.13212390 0.91063660
vt 0.12938540 0.91703433
vt 0.93755972 0.90335238
vt 0.93755972 0.94692981
vt 0.91940868 0.90334082
vt 0.97718900 0.69316971
vt 0.98582441 0.70015168
vt 0.97718900 0.84502357
vt 0.43734589 0.94113380
vt 0.45080411 0.94133669
vt 0.43799120 0.99603111
vt 0.28663760 0.42013490
vt 0.26494071 0.42463401
vt 0.27006781 0.41960660
vt 0.40730211 0.77603722
vt 0.38643390 0.78132570
vt 0.39821100 0.76954341
vt 0.39552501 0.78781939
vt 0.02007758 0.21349271
vt 0.03438448 0.21676670
vt 0.02067583 0.21811640
vt 0.30752489 0.65405560
vt 0.30748829 0.59199047
vt 0.31883231 0.65375382
vt 0.51631719 0.65154392
vt 0.51262861 0.80335569
vt 0.50525647 0.80360782
vt 0.93973249 0.33105990
vt 0.93973249 0.48299891
vt 0.93298459 0.33062229
vt 0.38652241 0.72671342
vt 0.37474531 0.74625981
vt 0.37474531 0.69801122
vt 0.38652241 0.73447758
vt 0.31883231 0.65375382
vt 0.30748829 0.59199047
vt 0.31879649 0.59192169
vt 0.96317983 0.23306350
vt 0.96317822 0.21920380
vt 0.97448558 0.21878579
vt 0.99355727 0.00635093
vt 1.00000000 0.09618961
vt 0.99355727 0.09618961
vt 1.00000000 0.00635093
vt 0.37845209 0.44100529
vt 0.51862812 0.29485920
vt 0.51862812 0.44215161
vt 0.37845209 0.29554081
vt 0.31612641 0.32809761
vt 0.31816059 0.41763589
vt 0.31612641 0.41775870
vt 0.31816059 0.32797471
vt 0.30740300 0.65252781
vt 0.30359501 0.74236721
vt 0.30359501 0.65252709
vt 0.30740300 0.74236649
vt 0.80700672 0.20644850
vt 0.81081492 0.20390990
vt 0.82380569 0.21344940
vt 0.81081492 0.11877520
vt 0.82456750 0.20964120
vt 0.80700672 0.11623660
vt 0.82380569 0.10923570
vt 0.82456750 0.11304390
vt 0.79128420 0.00000000
vt 0.72880280 0.01423287
vt 0.72880280 0.00000000
vt 0.77705121 0.01423281
vt 0.79133731 0.01553159
vt 0.80557030 0.00129867
vt 0.80302602 0.01942777
vt 0.81211710 0.02592140
vt 0.81725889 0.00519484
vt 0.81861079 0.03501254
vt 0.82634997 0.01168853
vt 0.82250702 0.04670113
vt 0.82380569 0.06098723
vt 0.83634651 0.11304380
vt 0.83284372 0.02077966
vt 0.83673990 0.03246825
vt 0.83812171 0.11500960
vt 0.83803862 0.10923570
vt 0.83803862 0.04675436
vt 0.84192991 0.11354450
vt 0.83812171 0.20767550
vt 0.72880280 0.30845240
vt 0.79128420 0.32268521
vt 0.72880280 0.32268530
vt 0.77705133 0.30845231
vt 0.79133731 0.30715361
vt 0.80557030 0.32138640
vt 0.80302602 0.30325741
vt 0.81211722 0.29676369
vt 0.81725889 0.31749019
vt 0.81861079 0.28767261
vt 0.82634997 0.31099650
vt 0.82250702 0.27598399
vt 0.82380569 0.26169789
vt 0.83634651 0.20964120
vt 0.83284372 0.30190551
vt 0.83673990 0.29021680
vt 0.83803862 0.21344940
vt 0.84192991 0.20914049
vt 0.83803862 0.27593079
vt 0.11777770 0.32344151
vt 0.21194179 0.32187071
vt 0.21019711 0.32344159
vt 0.11603290 0.32187071
vt 0.21349271 0.30789721
vt 0.11448200 0.30789721
vt 0.20911250 0.29653260
vt 0.11886230 0.29653260
vt 0.20476720 0.29355779
vt 0.12320750 0.29355779
vt 0.96299392 0.07616257
vt 0.96298862 0.08737146
vt 0.95168942 0.08795481
vt 0.09852427 0.81883591
vt 0.05492413 0.82863933
vt 0.05494564 0.81886041
vt 0.09850275 0.82861477
vt 0.52675098 0.49979770
vt 0.53375149 0.48299891
vt 0.56244588 0.49478379
vt 0.67555833 0.83844101
vt 0.73043662 0.83848739
vt 0.73042262 0.88423961
vt 0.52588528 0.80465680
vt 0.52044088 0.89449620
vt 0.52044088 0.80465752
vt 0.52588528 0.89449543
vt 0.00816149 0.60689479
vt 0.29561290 0.41015589
vt 0.27910039 0.40957600
vt 0.28435481 0.40006071
vt 0.42014021 0.79330748
vt 0.47505400 0.83883482
vt 0.42016909 0.83885562
vt 0.50802821 0.65182751
vt 0.50525647 0.80360782
vt 0.49570671 0.80395073
vt 0.21349280 0.02007752
vt 0.21625350 0.00389129
vt 0.21811640 0.02067577
vt 0.21194179 0.00610405
vt 0.12320760 0.03441697
vt 0.20911250 0.03144216
vt 0.20476720 0.03441697
vt 0.11886230 0.03144216
vt 0.21349280 0.02007752
vt 0.11448210 0.02007752
vt 0.21194179 0.00610405
vt 0.11603290 0.00610405
vt 0.21019711 0.00453317
vt 0.11777770 0.00453317
vt 0.89330012 0.33053181
vt 0.90382540 0.33009201
vt 0.89163673 0.48221669
vt 0.27695721 0.54915851
vt 0.28198901 0.53726721
vt 0.28198490 0.54863751
vt 0.67550027 0.97514862
vt 0.66419500 0.97449738
vt 0.66422302 0.96495873
vt 0.00610405 0.21194179
vt 0.03144216 0.21304651
vt 0.02007758 0.21349271
vt 0.03441697 0.20967190
vt 0.00453323 0.21019711
vt 0.00453323 0.11777760
vt 0.03441697 0.11830280
vt 0.03144216 0.11492820
vt 0.00610405 0.11603280
vt 0.02007764 0.11448190
vt 0.00002366 0.78101969
vt 0.00815058 0.79258579
vt 0.00001400 0.79138583
vt 0.00815874 0.78210747
vt 0.42017230 0.85227013
vt 0.47505760 0.85246491
vt 0.47504750 0.86338991
vt 0.53270137 0.82131571
vt 0.40730211 0.51577407
vt 0.38643390 0.51048291
vt 0.39552501 0.50398922
vt 0.39821100 0.52226782
vt 0.96317619 0.17566580
vt 0.97446543 0.18791340
vt 0.96315521 0.18770280
vt 0.90382540 0.33009201
vt 0.91186261 0.32974949
vt 0.90106791 0.48182249
vt 0.42016241 0.86294168
vt 0.38782111 0.74876368
vt 0.37474531 0.74625981
vt 0.38652241 0.73447758
vt 0.37604401 0.76054591
vt 0.97448820 0.15025251
vt 0.97448808 0.00635093
vt 0.98485208 0.01045382
vt 0.93857592 0.54803348
vt 0.79005700 0.69316971
vt 0.78867263 0.54803348
vt 0.93744129 0.69316971
vt 0.87981617 0.33108810
vt 0.87943608 0.48272020
vt 0.87264800 0.48299891
vt 0.60797471 0.77202398
vt 0.58449620 0.76413792
vt 0.59618467 0.76024181
vt 0.59628612 0.77592021
vt 0.62875438 0.57800168
vt 0.60710090 0.55689132
vt 0.61696440 0.54930252
vt 0.96313661 0.09754991
vt 0.97434682 0.00635093
vt 0.97444868 0.09703791
vt 0.96303427 0.00658596
vt 0.92060500 0.32982731
vt 0.93328351 0.48257911
vt 0.92210132 0.48186150
vt 0.67556018 0.82480419
vt 0.67555583 0.81401020
vt 0.73043817 0.82506877
vt 0.59628612 0.77592021
vt 0.57021010 0.76543671
vt 0.58449620 0.76413792
vt 0.58200002 0.77721888
vt 0.41733280 0.88066560
vt 0.40882570 0.87850302
vt 0.41734159 0.87850720
vt 0.40881690 0.88066143
vt 0.42011550 0.87197608
vt 0.36523071 0.87129372
vt 0.42013469 0.86339182
vt 0.31880531 0.56599557
vt 0.30752581 0.55581123
vt 0.31883129 0.55646062
vt 0.90106791 0.48182249
vt 0.86088723 0.27614641
vt 0.86255491 0.12440620
vt 0.87321031 0.12402390
vt 0.47686359 0.86439067
vt 0.52042347 0.85046428
vt 0.52044100 0.86442763
vt 0.47684610 0.85042751
vt 0.51862210 0.46238491
vt 0.52673131 0.47248569
vt 0.51860398 0.47344971
vt 0.52674752 0.46153939
vt 0.84868592 0.27659810
vt 0.86255491 0.12440620
vt 0.86088723 0.27614641
vt 0.73043817 0.92664802
vt 0.78535903 0.88306010
vt 0.78532600 0.92644638
vt 0.09850275 0.82861477
vt 0.05491828 0.84069902
vt 0.05492413 0.82863933
vt 0.09849691 0.84067458
vt 0.15157090 0.58594280
vt 0.00815880 0.59373850
vt 0.00815064 0.58281088
vt 0.57401592 0.48299891
vt 0.57404882 0.47321609
vt 0.71734971 0.47413281
vt 0.15157381 0.77707601
vt 0.15157080 0.79125220
vt 0.00815874 0.78210747
vt 0.31612641 0.32797480
vt 0.30967891 0.41781440
vt 0.30967891 0.32797581
vt 0.31612641 0.41781351
vt 0.73043400 0.81452620
vt 0.67552942 0.96536583
vt 0.66422302 0.96495873
vt 0.66423708 0.95314711
vt 0.31115061 0.92824978
vt 0.32492191 0.92805660
vt 0.32418001 0.98295373
vt 0.89330012 0.33053181
vt 0.89163673 0.48221669
vt 0.87943608 0.48272020
vt 0.29590651 0.54877579
vt 0.30024549 0.54831320
vt 0.29590651 0.56014657
vt 0.12181030 0.03894954
vt 0.20476720 0.03441697
vt 0.20616449 0.03894954
vt 0.12320760 0.03441697
vt 0.57730007 0.22800690
vt 0.72064108 0.21218520
vt 0.72058511 0.22198249
vt 0.57736111 0.21732859
vt 0.55039662 0.85882008
vt 0.53388411 0.85939997
vt 0.54514217 0.84930468
vt 0.46974811 0.49879441
vt 0.43327680 0.51057923
vt 0.42149970 0.49879429
vt 0.44104099 0.51057923
vt 0.71740389 0.43385839
vt 0.57722801 0.28725860
vt 0.71740389 0.28657839
vt 0.57722801 0.43271089
vt 0.31879380 0.57780552
vt 0.30749890 0.56559020
vt 0.31880531 0.56599557
vt 0.58160663 0.92443663
vt 0.59291601 0.91081572
vt 0.59292078 0.92395741
vt 0.72068590 0.04064643
vt 0.58051997 0.04068881
vt 0.57740998 0.03036296
vt 0.96587038 0.87960720
vt 0.93856353 0.78976709
vt 0.96587038 0.78976721
vt 0.93856353 0.87960720
vt 0.00389135 0.11172120
vt 0.02007764 0.11448190
vt 0.00610405 0.11603280
vt 0.02067589 0.10985830
vt 0.87973517 0.02708160
vt 0.87460822 0.03210890
vt 0.85803843 0.03158068
vt 0.46974811 0.79301429
vt 0.44104099 0.78123212
vt 0.44862309 0.77137512
vt 0.04948896 0.32395840
vt 0.10985840 0.30729899
vt 0.11172130 0.32408351
vt 0.03540623 0.32285380
vt 0.02394366 0.31917730
vt 0.01507282 0.31290191
vt 0.06382071 0.30649331
vt 0.00879747 0.30403110
vt 0.05022603 0.30539781
vt 0.03962582 0.30197999
vt 0.00512093 0.29256850
vt 0.03163886 0.29633591
vt 0.02599477 0.28834891
vt 0.00401634 0.27848580
vt 0.02257698 0.27774879
vt 0.00389129 0.21625350
vt 0.02148145 0.26415399
vt 0.02067583 0.21811640
vt 0.90021712 0.11837780
vt 0.88740331 0.12374090
vt 0.87759531 0.09599727
vt 0.39171740 0.76045227
vt 0.37604401 0.76054591
vt 0.38782111 0.74876368
vt 0.37994021 0.77223462
vt 0.86304528 0.27685130
vt 0.86226362 0.33174771
vt 0.84837008 0.27701491
vt 0.87043852 0.27580410
vt 0.54278672 0.00638777
vt 0.37096691 0.00528347
vt 0.53063971 0.00528347
vt 0.35881981 0.00638777
vt 0.55214852 0.00950831
vt 0.34945801 0.00950831
vt 0.55913770 0.01450055
vt 0.34246889 0.01450055
vt 0.56413001 0.02148979
vt 0.33747661 0.02148979
vt 0.56725061 0.03085154
vt 0.33435601 0.03085160
vt 0.56835479 0.04299855
vt 0.33325180 0.04299861
vt 0.56835490 0.20267180
vt 0.33325189 0.20267180
vt 0.56725073 0.21481881
vt 0.33435610 0.21481881
vt 0.56413013 0.22418050
vt 0.33747670 0.22418050
vt 0.55913782 0.23116980
vt 0.34246901 0.23116980
vt 0.55214858 0.23616201
vt 0.34945819 0.23616201
vt 0.54278690 0.23928259
vt 0.35881999 0.23928259
vt 0.53063983 0.24038690
vt 0.37096700 0.24038690
vt 0.87264800 0.33138281
vt 0.87981617 0.33108810
vt 0.87264800 0.48299891
vt 0.53375149 0.77721888
vt 0.52675098 0.76042008
vt 0.55485272 0.75557971
vt 0.71916729 0.88443798
vt 0.72321773 0.97427672
vt 0.71916729 0.97427672
vt 0.72321773 0.88443798
vt 0.90809977 0.08522510
vt 0.95167702 0.00012956
vt 0.95167702 0.08535468
vt 0.90809977 0.00000000
vt 0.58051997 0.17960890
vt 0.72068590 0.04064643
vt 0.72068578 0.18131210
vt 0.58051997 0.04068881
vt 0.96587020 0.63828462
vt 0.97988218 0.63807112
vt 0.97915918 0.69296741
vt 0.09850674 0.85501522
vt 0.05498278 0.90296668
vt 0.05492812 0.85503960
vt 0.09856140 0.90294218
vt 0.48389229 0.65271062
vt 0.47674859 0.80465680
vt 0.47674859 0.65297788
vt 0.37529889 0.45511690
vt 0.51862210 0.46238491
vt 0.37529230 0.46945751
vt 0.51862812 0.44922760
vt 0.58200002 0.77721888
vt 0.56244588 0.76543671
vt 0.57021010 0.76543671
vt 0.53375149 0.77721888
vt 0.30740300 0.75687432
vt 0.30398491 0.75317937
vt 0.30740300 0.74236721
vt 0.46974811 0.79301429
vt 0.44862309 0.77137512
vt 0.47674870 0.77621561
vt 0.39821100 0.52226782
vt 0.37994021 0.51957411
vt 0.38643390 0.51048291
vt 0.39171740 0.53135890
vt 0.72068578 0.18806981
vt 0.72880280 0.03515595
vt 0.72880280 0.18769000
vt 0.72068590 0.04064643
vt 0.72068590 0.03388875
vt 0.32797480 0.32797471
vt 0.32797480 0.48307151
vt 0.32797480 0.47596210
vt 0.31879380 0.57780552
vt 0.30748639 0.57765001
vt 0.30749890 0.56559020
vt 0.96310598 0.10288090
vt 0.97444868 0.09703791
vt 0.97441810 0.10235640
vt 0.11172130 0.32408351
vt 0.11777770 0.32344151
vt 0.11604330 0.32797471
vt 0.11777770 0.32344151
vt 0.11172130 0.32408351
vt 0.11603290 0.32187071
vt 0.91228998 0.12533420
vt 0.91943592 0.27738461
vt 0.91264927 0.27703840
vt 0.00003065 0.81133783
vt 0.05491828 0.81134218
vt 0.00000361 0.85697591
vt 0.28845671 0.36155501
vt 0.27188599 0.36105409
vt 0.26708069 0.35571831
vt 0.88885182 0.12412820
vt 0.89895338 0.12465120
vt 0.90058827 0.27642059
vt 0.43327680 0.51057923
vt 0.40721360 0.50009310
vt 0.42149970 0.49879429
vt 0.41899070 0.51187801
vt 0.97576189 0.48299891
vt 0.98578781 0.48700479
vt 0.97576177 0.62683761
vt 0.72879410 0.02322793
vt 0.72064108 0.01278883
vt 0.72876251 0.01428216
vt 0.72067469 0.02183151
vt 0.27894691 0.56456149
vt 0.27953491 0.61944008
vt 0.27418271 0.61942959
vt 0.72067469 0.20088100
vt 0.72880280 0.18769000
vt 0.72879410 0.20036410
vt 0.72068578 0.18806981
vt 0.96317118 0.16195691
vt 0.97448480 0.16162910
vt 0.97448820 0.17559250
vt 0.28845671 0.36155501
vt 0.29679561 0.37207159
vt 0.27188599 0.36105409
vt 0.39637500 0.71912688
vt 0.37474531 0.69801122
vt 0.39154419 0.69801217
vt 0.96315521 0.18770280
vt 0.97441638 0.19859180
vt 0.96310788 0.19810310
vt 0.97158009 0.48128080
vt 0.96169800 0.33648279
vt 0.97158009 0.32928991
vt 0.66421390 0.87720430
vt 0.67553931 0.87217301
vt 0.67552149 0.87690401
vt 0.96315521 0.18770280
vt 0.97446543 0.18791340
vt 0.97441638 0.19859180
vt 0.31115061 0.98313820
vt 0.31115061 0.92824978
vt 0.32418001 0.98295373
vt 0.62128532 0.80430043
vt 0.61037898 0.80755210
vt 0.59292072 0.78553730
vt 0.87043852 0.27580410
vt 0.87321031 0.12402390
vt 0.88150263 0.12374090
vt 0.00401640 0.04948896
vt 0.02067589 0.10985830
vt 0.00389135 0.11172120
vt 0.02148145 0.06382071
vt 0.02257698 0.05022591
vt 0.02599477 0.03962582
vt 0.00512099 0.03540623
vt 0.03163892 0.03163880
vt 0.00879747 0.02394360
vt 0.03962582 0.02599471
vt 0.05022603 0.02257698
vt 0.01507282 0.01507276
vt 0.06382077 0.02148139
vt 0.10985850 0.02067577
vt 0.11172130 0.00389129
vt 0.02394366 0.00879735
vt 0.03540629 0.00512093
vt 0.04948902 0.00401628
vt 0.31880531 0.56599557
vt 0.30749890 0.56559020
vt 0.30752581 0.55581123
vt 0.25363091 0.56311160
vt 0.24512090 0.55135280
vt 0.25363690 0.55135578
vt 0.24511500 0.56310850
vt 0.31879649 0.59192169
vt 0.30748829 0.59199047
vt 0.30748639 0.57765001
vt 0.47685319 0.87671161
vt 0.52044100 0.86442763
vt 0.52043062 0.87674850
vt 0.47686359 0.86439067
vt 0.67550260 0.77722162
vt 0.66423178 0.87246019
vt 0.66419500 0.77721888
vt 0.67553931 0.87217301
vt 0.00000000 0.11604330
vt 0.00610405 0.11603280
vt 0.00453323 0.11777760
vt 0.00389135 0.11172120
vt 0.29156479 0.45744711
vt 0.30531740 0.54831320
vt 0.29156479 0.54258192
vt 0.30531740 0.45171571
vt 0.31709641 0.54831320
vt 0.31709641 0.45171571
vt 0.31887159 0.54634738
vt 0.31887159 0.45368150
vt 0.47502771 0.79301423
vt 0.47505400 0.83883482
vt 0.42014021 0.79330748
vt 0.11777770 0.00453317
vt 0.21193150 0.00000000
vt 0.21019711 0.00453317
vt 0.11604330 0.00000000
vt 0.61706573 0.76553041
vt 0.59618467 0.76024181
vt 0.60527593 0.75374812
vt 0.60797471 0.77202398
vt 0.25363690 0.55135578
vt 0.24511500 0.53726721
vt 0.25363091 0.53727031
vt 0.24512090 0.55135280
vt 0.47681490 0.88739008
vt 0.52043062 0.87674850
vt 0.52039230 0.88742697
vt 0.47685319 0.87671161
vt 0.47684610 0.85042751
vt 0.52032608 0.80469358
vt 0.52042347 0.85046428
vt 0.47674870 0.80465680
vt 0.31934351 0.72598070
vt 0.32785061 0.63393623
vt 0.32785940 0.72598481
vt 0.31933481 0.63393211
vt 0.62128532 0.80430043
vt 0.60018522 0.78606069
vt 0.60977471 0.77721882
vt 0.42016909 0.83885562
vt 0.47505760 0.85246491
vt 0.42017230 0.85227013
vt 0.72547758 0.47307399
vt 0.71737981 0.46515730
vt 0.72550702 0.46419439
vt 0.71734971 0.47413281
vt 0.58160663 0.92443663
vt 0.59292078 0.92395741
vt 0.58157450 0.98343349
vt 0.51862812 0.44922760
vt 0.52674752 0.46153939
vt 0.51862210 0.46238491
vt 0.52675092 0.44852290
vt 0.62128532 0.80430043
vt 0.59292072 0.78553730
vt 0.60018522 0.78606069
vt 0.49737430 0.65221047
vt 0.48350519 0.80440313
vt 0.48389229 0.65271062
vt 0.84837008 0.27701491
vt 0.86226362 0.33174771
vt 0.84838259 0.33190370
vt 0.62342530 0.87321609
vt 0.60080338 0.89559662
vt 0.59292072 0.89727700
vt 0.33325180 0.04299861
vt 0.32797489 0.20322970
vt 0.32797480 0.04243844
vt 0.33325189 0.20267180
vt 0.15297410 0.77465153
vt 0.30218431 0.62952721
vt 0.30105379 0.77465153
vt 0.15157381 0.62952721
vt 0.58157450 0.98343349
vt 0.59292078 0.92395741
vt 0.59288740 0.98323011
vt 0.40881699 0.94076639
vt 0.36523649 0.92642611
vt 0.40881521 0.92642611
vt 0.36523840 0.94076639
vt 0.72550702 0.46419439
vt 0.71739793 0.45409101
vt 0.72552329 0.45324650
vt 0.71737981 0.46515730
vt 0.96169782 0.32928991
vt 0.96169782 0.48135290
vt 0.95115292 0.33660349
vt 0.05498278 0.81136221
vt 0.09852427 0.81883591
vt 0.05494564 0.81886041
vt 0.09856140 0.81133771
vt 0.88868213 0.09342855
vt 0.90809977 0.12005820
vt 0.87759531 0.09599727
vt 0.98412633 0.15025251
vt 0.98412633 0.30226180
vt 0.97448808 0.15743880
vt 0.03144216 0.11492820
vt 0.03894954 0.11690560
vt 0.03441697 0.11830280
vt 0.31115061 0.92825949
vt 0.29833600 0.98295373
vt 0.29769030 0.92805648
vt 0.00389129 0.21625350
vt 0.02007758 0.21349271
vt 0.02067583 0.21811640
vt 0.00610405 0.21194179
vt 0.44862309 0.52043837
vt 0.44104099 0.51057923
vt 0.47674870 0.51559317
vt 0.51860398 0.47344971
vt 0.52670223 0.48136181
vt 0.51857412 0.48242161
vt 0.52673131 0.47248569
vt 0.17359699 0.56456149
vt 0.17957009 0.56455112
vt 0.17905889 0.61942959
vt 0.90809971 0.00831848
vt 0.89064151 0.03033328
vt 0.87973517 0.02708160
vt 0.90083528 0.00884187
vt 0.87973517 0.02708160
vt 0.89124578 0.00000000
vt 0.47505400 0.83883482
vt 0.99978459 0.23481800
vt 0.99126869 0.15025251
vt 0.99978459 0.15025750
vt 0.99126869 0.23481300
vt 0.87043852 0.27580410
vt 0.88150263 0.12374090
vt 0.87781352 0.27555251
vt 0.11514220 0.29359031
vt 0.12320750 0.29355779
vt 0.11886230 0.29653260
vt 0.12181030 0.28902519
vt 0.37529889 0.44740450
vt 0.51862812 0.44922760
vt 0.37529889 0.45511690
vt 0.51862812 0.44215161
vt 0.89124578 0.00000000
vt 0.87973517 0.02708160
vt 0.85803843 0.03158068
vt 0.98582441 0.77839613
vt 0.99434000 0.69319499
vt 0.99434000 0.77842152
vt 0.98582441 0.69316971
vt 0.88150251 0.12374080
vt 0.89154488 0.27595219
vt 0.88501418 0.27560791
vt 0.90809977 0.12005820
vt 0.90021712 0.11837780
vt 0.87759531 0.09599727
vt 0.25727269 0.32797471
vt 0.26708069 0.35571831
vt 0.24445890 0.33333781
vt 0.89895338 0.12465120
vt 0.91264927 0.27703840
vt 0.90058827 0.27642059
vt 0.10985840 0.30729899
vt 0.11886230 0.29653260
vt 0.11448200 0.30789721
vt 0.11514220 0.29359031
vt 0.03441697 0.20967190
vt 0.03894954 0.11690560
vt 0.03894954 0.21106911
vt 0.03441697 0.11830280
vt 0.78532308 0.81330061
vt 0.78531682 0.82366490
vt 0.73043871 0.82406491
vt 0.00000000 0.21193139
vt 0.00610405 0.21194179
vt 0.00389129 0.21625350
vt 0.00453323 0.21019711
vt 0.78531682 0.82366490
vt 0.78531629 0.83716398
vt 0.73043811 0.83734202
vt 0.72880280 0.03515595
vt 0.72067469 0.02183151
vt 0.72879410 0.02322793
vt 0.72068590 0.03388875
vt 0.03441697 0.20967190
vt 0.03894954 0.21106911
vt 0.03144216 0.21304651
vt 0.43799120 0.99603111
vt 0.45080411 0.94133669
vt 0.45080411 0.99622601
vt 0.90809971 0.00831848
vt 0.87973517 0.02708160
vt 0.90083528 0.00884187
vt 0.37524009 0.24566810
vt 0.51857412 0.25706089
vt 0.37527281 0.25395030
vt 0.87278998 0.09066152
vt 0.87759531 0.09599727
vt 0.85621941 0.09016060
vt 0.27354750 0.56455112
vt 0.49737430 0.65221047
vt 0.87981617 0.33108810
vt 0.89330012 0.33053181
vt 0.87943608 0.48272020
vt 0.30024391 0.55968410
vt 0.31879649 0.59192169
vt 0.30748639 0.57765001
vt 0.31879380 0.57780552
vt 0.41899070 0.51187801
vt 0.39552501 0.50398922
vt 0.40721360 0.50009310
vt 0.40730211 0.51577407
vt 0.09849691 0.84067458
vt 0.05492812 0.85503960
vt 0.05491828 0.84069902
vt 0.09850674 0.85501522
vt 0.05496722 0.97173488
vt 0.09854435 0.92609370
vt 0.09854435 0.97186452
vt 0.05496710 0.92596418
vt 0.93973231 0.32928991
vt 0.95115292 0.33355311
vt 0.93973237 0.47325769
vt 0.17312920 0.61944008
vt 0.52666020 0.48816770
vt 0.51857412 0.48242161
vt 0.52670223 0.48136181
vt 0.51853222 0.48930109
vt 0.42013100 0.83883798
vt 0.36519861 0.79332918
vt 0.42008600 0.79301423
vt 0.37529230 0.46945751
vt 0.51860398 0.47344971
vt 0.37527281 0.48151729
vt 0.51862210 0.46238491
vt 0.96313661 0.09754991
vt 0.02067589 0.10985830
vt 0.03438448 0.11120800
vt 0.02007764 0.11448190
vt 0.84868592 0.27659810
vt 0.84907317 0.12490560
vt 0.86255491 0.12440620
vt 0.40880439 0.95282799
vt 0.36523840 0.94076639
vt 0.40881699 0.94076639
vt 0.36522570 0.95282799
vt 0.95636392 0.96483231
vt 0.96209151 0.88068932
vt 0.96209151 0.96591449
vt 0.95636392 0.87960720
vt 0.57740998 0.03036296
vt 0.72068590 0.03388875
vt 0.72068590 0.04064643
vt 0.57740998 0.02299749
vt 0.67550027 0.97514862
vt 0.66422302 0.96495873
vt 0.67552942 0.96536583
vt 0.17905889 0.61942959
vt 0.27354750 0.56455112
vt 0.27418271 0.61942959
vt 0.17957009 0.56455112
vt 0.55214858 0.23616201
vt 0.55913782 0.23116980
vt 0.56303251 0.23505780
vt 0.38782111 0.54304761
vt 0.37474531 0.54554880
vt 0.37604401 0.53126258
vt 0.38652241 0.55733371
vt 0.93742979 0.90334058
vt 0.78867263 0.75820452
vt 0.93856341 0.75820452
vt 0.79005772 0.90334058
vt 0.89895338 0.12465120
vt 0.91228998 0.12533420
vt 0.91264927 0.27703840
vt 0.30036780 0.56353998
vt 0.30036780 0.54831320
vt 0.30359501 0.55907720
vt 0.72058511 0.22198249
vt 0.72876251 0.21154740
vt 0.72870761 0.22124000
vt 0.72064108 0.21218520
vt 0.84192991 0.27685130
vt 0.84192991 0.12517241
vt 0.84907317 0.12490560
vt 0.84192991 0.33193520
vt 0.84837008 0.27701491
vt 0.84838259 0.33190370
vt 0.88885182 0.12412820
vt 0.89154488 0.27595219
vt 0.88150251 0.12374080
vt 0.98485219 0.00650173
vt 0.98911250 0.09601205
vt 0.98485208 0.09616285
vt 0.98911250 0.00635093
vt 0.28027889 0.37162590
vt 0.42011550 0.87197608
vt 0.29147410 0.46924531
vt 0.91944897 0.28139329
vt 0.56413013 0.22418050
vt 0.61696440 0.71091813
vt 0.60710090 0.70333147
vt 0.62875438 0.68221593
vt 0.67554450 0.95330417
vt 0.66423720 0.93903130
vt 0.67554551 0.93896377
vt 0.53120440 0.24566810
vt 0.37096700 0.24038690
vt 0.53063983 0.24038690
vt 0.37041330 0.24566820
vt 0.73044491 0.81394428
vt 0.87759531 0.09599727
vt 0.88740331 0.12374090
vt 0.85621941 0.09016060
vt 0.66423178 0.87246019
vt 0.73043817 0.93919808
vt 0.78532600 0.92644638
vt 0.78532648 0.93877780
vt 0.91940910 0.94691807
vt 0.71737981 0.46515730
vt 0.57406849 0.46115449
vt 0.71739793 0.45409101
vt 0.57404882 0.47321609
vt 0.56725061 0.03085154
vt 0.56413001 0.02148979
vt 0.57246327 0.02947145
vt 0.15156190 0.80267292
vt 0.58160359 0.91142648
vt 0.59288490 0.90095967
vt 0.59291601 0.91081572
vt 0.05496710 0.92596418
vt 0.09853214 0.91295213
vt 0.09854435 0.92609370
vt 0.05495488 0.91282260
vt 0.84192991 0.27704579
vt 0.84837008 0.27701491
vt 0.84192991 0.33193520
vt 0.96310598 0.10288090
vt 0.97448480 0.16162910
vt 0.96317118 0.16195691
vt 0.15156190 0.80267292
vt 0.00813699 0.80053592
vt 0.00815058 0.79258579
vt 0.15154710 0.81133789
vt 0.12320750 0.29355779
vt 0.20616449 0.28902519
vt 0.20476720 0.29355779
vt 0.12181030 0.28902519
vt 0.42013100 0.83883798
vt 0.36524609 0.83888090
vt 0.36519861 0.79332918
vt 0.20911250 0.03144216
vt 0.21811640 0.02067577
vt 0.21283260 0.03438448
vt 0.21349280 0.02007752
vt 0.54417121 0.00117928
vt 0.40881521 0.92642611
vt 0.36520851 0.87850302
vt 0.40878701 0.87850302
vt 0.36523649 0.92642611
vt 0.54278690 0.23928259
vt 0.72552681 0.28052360
vt 0.71740389 0.28657839
vt 0.71740389 0.27950290
vt 0.72552681 0.44023031
vt 0.71740389 0.43385839
vt 0.71740389 0.44093379
vt 0.58157450 0.90171552
vt 0.59288490 0.90095967
vt 0.58160359 0.91142648
vt 0.89154488 0.27595219
vt 0.93298459 0.33062229
vt 0.93973249 0.48299891
vt 0.93328351 0.48257911
vt 0.26494071 0.42463401
vt 0.25343031 0.45171559
vt 0.24384061 0.44287369
vt 0.96310598 0.10288090
vt 0.97441810 0.10235640
vt 0.97448480 0.16162910
vt 0.57364261 0.04243838
vt 0.56725061 0.03085154
vt 0.57246327 0.02947145
vt 0.99061030 0.32928991
vt 0.99061030 0.47308579
vt 0.98194838 0.33316791
vt 0.30729899 0.10985840
vt 0.32395840 0.04948896
vt 0.32408351 0.11172130
vt 0.30649340 0.06382071
vt 0.30539781 0.05022597
vt 0.30197999 0.03962582
vt 0.32285380 0.03540623
vt 0.29633591 0.03163880
vt 0.31917730 0.02394360
vt 0.28834891 0.02599471
vt 0.27774879 0.02257698
vt 0.31290200 0.01507282
vt 0.26415399 0.02148145
vt 0.21811640 0.02067577
vt 0.21625350 0.00389129
vt 0.30403110 0.00879741
vt 0.29256850 0.00512093
vt 0.27848580 0.00401628
vt 0.38652241 0.55733371
vt 0.37474531 0.59379733
vt 0.37474531 0.54554880
vt 0.38652241 0.56509781
vt 0.91945517 0.20762500
vt 0.91228998 0.12533420
vt 0.91943592 0.12569921
vt 0.91943592 0.27738461
vt 0.36524940 0.86296582
vt 0.73043871 0.82406491
vt 0.37155339 0.41251680
vt 0.37845209 0.29554081
vt 0.37845209 0.44100529
vt 0.37155339 0.32290509
vt 0.56835479 0.04299855
vt 0.40877721 0.96261078
vt 0.36522570 0.95282799
vt 0.40880439 0.95282799
vt 0.36519861 0.96261078
vt 0.23659930 0.56330073
vt 0.24509190 0.55213428
vt 0.24511500 0.56330842
vt 0.23657620 0.55212659
vt 0.48389229 0.65271062
vt 0.48350519 0.80440313
vt 0.47674859 0.80465680
vt 0.99061018 0.41385740
vt 0.99912602 0.32929480
vt 0.99912602 0.41386241
vt 0.99061018 0.32928979
vt 0.30967891 0.32797581
vt 0.30274609 0.41781369
vt 0.30274609 0.32797500
vt 0.30967891 0.41781440
vt 0.58160359 0.91142648
vt 0.59291601 0.91081572
vt 0.58160663 0.92443663
vt 0.10985840 0.30729899
vt 0.11603290 0.32187071
vt 0.11172130 0.32408351
vt 0.11448200 0.30789721
vt 0.10985850 0.02067577
vt 0.11886230 0.03144216
vt 0.11514220 0.03438448
vt 0.11448210 0.02007752
vt 0.33765760 0.94530147
vt 0.33141351 0.94498843
vt 0.32797480 0.79301423
vt 0.49737430 0.65221047
vt 0.49570671 0.80395073
vt 0.48350519 0.80440313
vt 0.30748639 0.55262202
vt 0.30359501 0.55550081
vt 0.30359510 0.54831320
vt 0.30748639 0.64821821
vt 0.30359501 0.64533943
vt 0.30359510 0.65252697
vt 0.73043817 0.92664802
vt 0.05495488 0.91282260
vt 0.09849554 0.90309608
vt 0.09853214 0.91295213
vt 0.05491828 0.90296662
vt 0.91186261 0.32974949
vt 0.90821427 0.48151791
vt 0.90106791 0.48182249
vt 0.82119590 0.48302189
vt 0.82069260 0.53790623
vt 0.81404603 0.48299891
vt 0.91945553 0.25579631
vt 0.96303457 0.26995721
vt 0.91945553 0.26997259
vt 0.96303457 0.25578091
vt 0.84192991 0.27685130
vt 0.84907317 0.12490560
vt 0.84868592 0.27659810
vt 0.57032949 0.40422121
vt 0.52675092 0.31459180
vt 0.57032949 0.31461701
vt 0.52675092 0.40419531
vt 0.31887159 0.54920471
vt 0.30752581 0.55581123
vt 0.30756709 0.54831320
vt 0.67554551 0.93896377
vt 0.66423720 0.93903130
vt 0.66421390 0.87720430
vt 0.91945553 0.26997259
vt 0.96302801 0.28137791
vt 0.91944897 0.28139329
vt 0.96303457 0.26995721
vt 0.53120422 0.00000000
vt 0.67552942 0.96536583
vt 0.66423708 0.95314711
vt 0.67554450 0.95330417
vt 0.09856140 0.81134421
vt 0.14214040 0.90099901
vt 0.09856140 0.90100521
vt 0.14214040 0.81133789
vt 0.56892651 0.01886206
vt 0.00816149 0.76910102
vt 0.98628712 0.84502351
vt 0.98628712 0.98879409
vt 0.97718900 0.84889722
vt 0.73046631 0.88322937
vt 0.78535903 0.88306010
vt 0.73043817 0.92664802
vt 0.64480108 0.86737943
vt 0.62342530 0.87321609
vt 0.62823051 0.86788040
vt 0.30085739 0.40062001
vt 0.72550702 0.25765309
vt 0.71739793 0.26662210
vt 0.71737981 0.25638479
vt 0.72552329 0.26778090
vt 0.26708069 0.35571831
vt 0.25599390 0.35828701
vt 0.23657630 0.33165741
vt 0.28624639 0.39080450
vt 0.00002884 0.76815242
vt 0.00815874 0.78210747
vt 0.00002366 0.78101969
vt 0.00816149 0.76910102
vt 0.62342530 0.87321609
vt 0.59292072 0.89727700
vt 0.61233842 0.87064737
vt 0.96317822 0.21920380
vt 0.97446913 0.20762780
vt 0.97448558 0.21878579
vt 0.96299261 0.06217712
vt 0.95169520 0.07653415
vt 0.95169431 0.06235784
vt 0.05488866 0.85683119
vt 0.05488538 0.86998659
vt 0.00000000 0.87035382
vt 0.32580251 0.84148037
vt 0.32785940 0.75564462
vt 0.32785940 0.84086972
vt 0.32580251 0.75625533
vt 0.91108561 0.48299891
vt 0.90562582 0.53790623
vt 0.90498787 0.48302189
vt 0.55761099 0.81029820
vt 0.53270137 0.82131571
vt 0.54104042 0.81079912
vt 0.54921812 0.82086992
vt 0.35844421 0.94640487
vt 0.34649771 0.94576430
vt 0.34488210 0.79388428
vt 0.96588290 0.48299900
vt 0.93857610 0.57283902
vt 0.93857610 0.48299891
vt 0.96588290 0.57283908
vt 0.31115061 0.98314881
vt 0.29833600 0.98295373
vt 0.31115061 0.92825949
vt 0.11172130 0.00389129
vt 0.11448210 0.02007752
vt 0.10985850 0.02067577
vt 0.11603290 0.00610405
vt 0.55913770 0.01450055
vt 0.61361730 0.90095967
vt 0.62342530 0.87321609
vt 0.64480108 0.86737943
vt 0.00000361 0.85697591
vt 0.96588111 0.79342628
vt 0.97717971 0.79318953
vt 0.97716850 0.85554743
vt 0.67554551 0.93896377
vt 0.66421390 0.87720430
vt 0.67552149 0.87690401
vt 0.67556638 0.96585029
vt 0.71916729 0.91796881
vt 0.71914500 0.96589589
vt 0.67558873 0.91792327
vt 0.74042422 0.49723181
vt 0.37474531 0.59379733
vt 0.39637500 0.57268661
vt 0.39154419 0.59379637
vt 0.00813699 0.57411188
vt 0.15156190 0.57403231
vt 0.00815064 0.58281088
vt 0.15154710 0.56455112
vt 0.94433057 0.87981802
vt 0.95033461 0.96934152
vt 0.94433057 0.96947902
vt 0.95033461 0.87968040
vt 0.62875438 0.73046452
vt 0.61696440 0.71091813
vt 0.62875438 0.68221593
vt 0.61696440 0.71868223
vt 0.51862210 0.27490041
vt 0.52673131 0.26592720
vt 0.52674752 0.27605829
vt 0.51860410 0.26465970
vt 0.65020639 0.90115881
vt 0.65022928 0.95604718
vt 0.64501530 0.95609671
vt 0.30460811 0.77516907
vt 0.31781939 0.77587843
vt 0.31816810 0.92769092
vt 0.53063971 0.00528347
vt 0.37041309 0.00000000
vt 0.53120422 0.00000000
vt 0.37096691 0.00528347
vt 0.20476720 0.03441697
vt 0.21283260 0.03438448
vt 0.20616449 0.03894954
vt 0.20911250 0.03144216
vt 0.14214040 0.81133908
vt 0.15065640 0.90100038
vt 0.14214040 0.90100157
vt 0.15065640 0.81133789
vt 0.57180572 0.94927782
vt 0.55961370 0.94876570
vt 0.56944090 0.94457108
vt 0.56171829 0.95417088
vt 0.57042527 0.95330012
vt 0.56615961 0.95567149
vt 0.57884532 0.90098530
vt 0.53526682 0.90474212
vt 0.53526682 0.90095967
vt 0.57147962 0.94263572
vt 0.57884538 0.95045340
vt 0.52675092 0.90473711
vt 0.53526682 0.93178201
vt 0.57421809 0.94903648
vt 0.57208192 0.95592493
vt 0.57672411 0.95834988
vt 0.56632251 0.95926571
vt 0.57280368 0.96413261
vt 0.55601138 0.96125388
vt 0.56106257 0.96550357
vt 0.56691343 0.96674120
vt 0.55757511 0.95070112
vt 0.56031352 0.95710200
vt 0.52675092 0.93185979
vt 0.69496852 0.52970022
vt 0.69366968 0.54398620
vt 0.69112539 0.49468759
vt 0.72870761 0.22124000
vt 0.72050673 0.23027280
vt 0.72058511 0.22198249
vt 0.72862953 0.22944181
vt 0.32797480 0.41249120
vt 0.37155339 0.32290509
vt 0.37155339 0.41251680
vt 0.32797480 0.32288021
vt 0.62875438 0.52975351
vt 0.61566567 0.52725220
vt 0.62745571 0.51546741
vt 0.61696440 0.54153830
vt 0.70535833 0.50892037
vt 0.69886458 0.51801151
vt 0.70021647 0.48819381
vt 0.96317983 0.23306350
vt 0.97448558 0.21878579
vt 0.97448820 0.23282491
vt 0.62875438 0.73046452
vt 0.61566567 0.73296827
vt 0.61696440 0.71868223
vt 0.62745559 0.74475062
vt 0.30770060 0.75878882
vt 0.31465980 0.75382310
vt 0.31487390 0.75886732
vt 0.30748650 0.75374460
vt 0.51862812 0.44215161
vt 0.52675092 0.44852290
vt 0.51862812 0.44922760
vt 0.52675092 0.28880301
vt 0.51862812 0.29485920
vt 0.51862812 0.28778321
vt 0.81446880 0.95120251
vt 0.82620990 0.94983119
vt 0.82031959 0.95244020
vt 0.80941749 0.94695252
vt 0.83013010 0.94404793
vt 0.78867263 0.91747868
vt 0.83225143 0.93615079
vt 0.83225107 0.90336537
vt 0.78867263 0.90334058
vt 0.11172130 0.00389129
vt 0.11777770 0.00453317
vt 0.11603290 0.00610405
vt 0.11777770 0.00453317
vt 0.11172130 0.00389129
vt 0.11604330 0.00000000
vt 0.31127101 0.41781440
vt 0.30274609 0.43118349
vt 0.30275500 0.41781831
vt 0.31126210 0.43117961
vt 0.32344159 0.21019711
vt 0.32797480 0.11604330
vt 0.32797480 0.21193150
vt 0.32344159 0.11777770
vt 0.00815064 0.58281088
vt 0.00002367 0.59466350
vt 0.00001402 0.58385283
vt 0.00815880 0.59373850
vt 0.59628600 0.48429769
vt 0.57021010 0.49478379
vt 0.58200002 0.48299900
vt 0.58449620 0.49608260
vt 0.87582999 0.93826580
vt 0.91940862 0.95242912
vt 0.87582999 0.95240510
vt 0.91940862 0.92268151
vt 0.89657462 0.90881568
vt 0.91940862 0.91964382
vt 0.91728717 0.91174412
vt 0.91336691 0.90595639
vt 0.90162581 0.90457147
vt 0.90747660 0.90334058
vt 0.42014021 0.85246837
vt 0.33765760 0.94530147
vt 0.96302140 0.19814651
vt 0.91943592 0.18623340
vt 0.96301502 0.18623620
vt 0.91944242 0.19814371
vt 0.71737981 0.25638479
vt 0.57406861 0.25682619
vt 0.57404882 0.24566810
vt 0.71739793 0.26662210
vt 0.99021471 0.65863562
vt 0.99450278 0.57266712
vt 0.99450278 0.65789223
vt 0.99021471 0.57341051
vt 0.72552329 0.45324650
vt 0.71740389 0.44093379
vt 0.72552681 0.44023031
vt 0.71739793 0.45409101
vt 0.51860410 0.26465970
vt 0.52670223 0.25840971
vt 0.52673131 0.26592720
vt 0.51857412 0.25706089
vt 0.33269089 0.22680610
vt 0.32915419 0.21619670
vt 0.33747670 0.22418050
vt 0.39154419 0.69801217
vt 0.37474531 0.69801122
vt 0.39154410 0.69082361
vt 0.34174010 0.69801158
vt 0.34174010 0.69082361
vt 0.61361730 0.90095967
vt 0.60080338 0.89559662
vt 0.62342530 0.87321609
vt 0.97717172 0.78864461
vt 0.96589023 0.69316959
vt 0.97718883 0.69323730
vt 0.96587300 0.78886831
vt 0.27695721 0.53778863
vt 0.57364267 0.15802839
vt 0.58051997 0.04068881
vt 0.58051997 0.17960890
vt 0.57364267 0.05916440
vt 0.39154419 0.59379637
vt 0.39154419 0.69801217
vt 0.39154410 0.69082361
vt 0.39154419 0.59379637
vt 0.39154410 0.69082361
vt 0.39154410 0.60098487
vt 0.35844421 0.94640487
vt 0.34488210 0.79388428
vt 0.35809541 0.79459321
vt 0.68073553 0.51546729
vt 0.67943680 0.59223467
vt 0.67943680 0.52975339
vt 0.00002885 0.60767901
vt 0.00816149 0.76910102
vt 0.00002884 0.76815242
vt 0.00816149 0.61400431
vt 0.00816149 0.60689479
vt 0.32797471 0.32797471
vt 0.32797471 0.18055139
vt 0.32797471 0.32121709
vt 0.86571378 0.33599189
vt 0.87264800 0.46137559
vt 0.86571378 0.48214281
vt 0.87264800 0.35736570
vt 0.61195552 0.68221688
vt 0.61195552 0.57800102
vt 0.61195558 0.67502832
vt 0.61195558 0.67502832
vt 0.61195552 0.57800102
vt 0.61195552 0.58518958
vt 0.96297657 0.09583038
vt 0.95167702 0.09661984
vt 0.96298862 0.08737146
vt 0.78867269 0.48299891
vt 0.78867269 0.49723300
vt 0.11514220 0.03438448
vt 0.12320760 0.03441697
vt 0.12181030 0.03894954
vt 0.11886230 0.03144216
vt 0.47548461 0.94124812
vt 0.46468240 0.99602658
vt 0.46415171 0.94113392
vt 0.96325958 0.57283902
vt 0.95198083 0.58173418
vt 0.95195413 0.57364571
vt 0.17711779 0.77469432
vt 0.17668180 0.82958072
vt 0.17026880 0.77465153
vt 0.37474531 0.59379733
vt 0.38652241 0.56509781
vt 0.39637500 0.57268661
vt 0.00000000 0.87035382
vt 0.96301502 0.17189661
vt 0.91944587 0.12374080
vt 0.96302497 0.12374370
vt 0.91943592 0.17189381
vt 0.51662922 0.49889210
vt 0.52423990 0.49879429
vt 0.51968068 0.65053451
vt 0.51631719 0.65154392
vt 0.52261692 0.65134639
vt 0.51826209 0.80317891
vt 0.26494071 0.42463401
vt 0.24384061 0.44287369
vt 0.23657620 0.44339710
vt 0.81357640 0.74805373
vt 0.81403750 0.69316959
vt 0.82068700 0.74807698
vt 0.82069260 0.53790623
vt 0.93857592 0.54803348
vt 0.78867263 0.54803348
vt 0.90562582 0.53790623
vt 0.96328741 0.58112121
vt 0.95199281 0.59269679
vt 0.95198083 0.58173418
vt 0.31564489 0.75374460
vt 0.31887159 0.76450747
vt 0.31564489 0.76897258
vt 0.42015481 0.94113392
vt 0.42014101 0.93100160
vt 0.47502631 0.93061602
vt 0.21811640 0.30729899
vt 0.27848580 0.32395849
vt 0.21625350 0.32408351
vt 0.29256850 0.32285380
vt 0.30403110 0.31917730
vt 0.31290191 0.31290200
vt 0.26415399 0.30649340
vt 0.31917730 0.30403110
vt 0.27774879 0.30539781
vt 0.28834891 0.30197999
vt 0.32285380 0.29256850
vt 0.29633591 0.29633591
vt 0.30197999 0.28834891
vt 0.32395840 0.27848580
vt 0.30539781 0.27774879
vt 0.32408351 0.21625350
vt 0.30649340 0.26415399
vt 0.30729899 0.21811640
vt 0.52675080 0.84056097
vt 0.42014021 0.94114739
vt 0.62875438 0.57800168
vt 0.61696440 0.54153830
vt 0.62875438 0.52975351
vt 0.61696440 0.54930252
vt 0.55485272 0.50464302
vt 0.52675098 0.49979770
vt 0.56244588 0.49478379
vt 0.46415171 0.94135791
vt 0.46415171 0.99624407
vt 0.45147479 0.99603170
vt 0.23662031 0.45959651
vt 0.59292072 0.89264119
vt 0.58565629 0.89211780
vt 0.56455618 0.87387812
vt 0.29653260 0.11492820
vt 0.29355779 0.11830280
vt 0.28902531 0.11690560
vt 0.42014021 0.91762549
vt 0.93856341 0.87960720
vt 0.94433057 0.96947902
vt 0.93856341 0.96926832
vt 0.94433057 0.87981802
vt 0.66175961 0.57800168
vt 0.67557430 0.89272028
vt 0.71912408 0.88448358
vt 0.71915293 0.89276582
vt 0.67554551 0.88443810
vt 0.59292072 0.78090149
vt 0.56241632 0.80496240
vt 0.58503813 0.78258193
vt 0.85803843 0.03158068
vt 0.86557561 0.04213953
vt 0.84906310 0.04155975
vt 0.21019711 0.32344159
vt 0.21625350 0.32408351
vt 0.21193139 0.32797471
vt 0.21625350 0.32408351
vt 0.21019711 0.32344159
vt 0.21194179 0.32187071
vt 0.23659250 0.49333900
vt 0.29148000 0.49317119
vt 0.29156479 0.53672957
vt 0.96587020 0.86966771
vt 0.97716892 0.86988688
vt 0.97717571 0.88179731
vt 0.16986699 0.82953751
vt 0.35881981 0.00638777
vt 0.34683681 0.00471604
vt 0.35744610 0.00117928
vt 0.51862812 0.28778321
vt 0.52674752 0.27605829
vt 0.52675092 0.28880301
vt 0.51862210 0.27490041
vt 0.58503813 0.78258193
vt 0.56241632 0.80496240
vt 0.57222432 0.77721882
vt 0.58565629 0.89211780
vt 0.57606667 0.90095967
vt 0.56455618 0.87387812
vt 0.50758559 0.49904329
vt 0.50483370 0.65075648
vt 0.49507961 0.65094608
vt 0.78532308 0.81330061
vt 0.73044491 0.81394428
vt 0.78533489 0.80568397
vt 0.67558873 0.91792327
vt 0.71916729 0.90392762
vt 0.71916729 0.91796881
vt 0.67558873 0.90388209
vt 0.30729899 0.10985840
vt 0.30789721 0.11448200
vt 0.29359031 0.11120810
vt 0.97060752 0.98111731
vt 0.97465801 0.89127862
vt 0.97465801 0.98111731
vt 0.97060758 0.89127862
vt 0.39154410 0.60098487
vt 0.37474531 0.59379733
vt 0.39154419 0.59379637
vt 0.34174001 0.60098487
vt 0.34174001 0.59379703
vt 0.00815880 0.59373850
vt 0.00002885 0.60767901
vt 0.00002367 0.59466350
vt 0.00816149 0.60689479
vt 0.31127101 0.41781440
vt 0.31845859 0.44747421
vt 0.31127101 0.44747430
vt 0.31845891 0.41781440
vt 0.91186291 0.28020549
vt 0.91905051 0.30986521
vt 0.91186261 0.30986521
vt 0.91905051 0.28020540
vt 0.90582073 0.28282091
vt 0.89407963 0.28143620
vt 0.89993042 0.28020540
vt 0.88902831 0.28567991
vt 0.90974098 0.28860831
vt 0.86828381 0.31512740
vt 0.91186231 0.29650721
vt 0.91186231 0.32928991
vt 0.86828381 0.32926431
vt 0.96587652 0.88133872
vt 0.97717571 0.88179731
vt 0.97718883 0.89127862
vt 0.28902531 0.21106911
vt 0.29653260 0.21304660
vt 0.29359031 0.21676670
vt 0.42014021 0.91762549
vt 0.42015210 0.87199181
vt 0.47503981 0.87197739
vt 0.57364267 0.20322970
vt 0.56835479 0.04299855
vt 0.57364261 0.04243838
vt 0.56835490 0.20267180
vt 0.20911250 0.29653260
vt 0.21811640 0.30729899
vt 0.21349271 0.30789721
vt 0.21283260 0.29359031
vt 0.23658600 0.46895880
vt 0.29147410 0.46924531
vt 0.29146430 0.48012781
vt 0.61706573 0.49468759
vt 0.59618467 0.49997869
vt 0.60797471 0.48819390
vt 0.60527593 0.50647253
vt 0.37529889 0.28686571
vt 0.51862812 0.28778321
vt 0.51862812 0.29485920
vt 0.37529889 0.27915329
vt 0.47503981 0.94050890
vt 0.34945801 0.00950831
vt 0.31781939 0.77587843
vt 0.32492191 0.92805648
vt 0.31816810 0.92769092
vt 0.31901270 0.32797480
vt 0.32797471 0.33505520
vt 0.31901270 0.47992021
vt 0.49671841 0.49925521
vt 0.49507961 0.65094608
vt 0.48320150 0.65120190
vt 0.85842961 0.06091105
vt 0.85974318 0.07026672
vt 0.84192991 0.06039869
vt 0.93856353 0.69513541
vt 0.94033867 0.78976721
vt 0.93856353 0.78780138
vt 0.94033867 0.69316971
vt 0.95211768 0.78976721
vt 0.95211768 0.69316971
vt 0.96587032 0.78403580
vt 0.96587032 0.69890112
vt 0.85974318 0.07026672
vt 0.51860398 0.47344971
vt 0.51857412 0.48242161
vt 0.37527281 0.48151729
vt 0.26159590 0.53726721
vt 0.26948029 0.54277009
vt 0.26267049 0.54242039
vt 0.26840571 0.53761691
vt 0.29473290 0.77465153
vt 0.30460811 0.77516907
vt 0.30622321 0.92704982
vt 0.32187071 0.11603280
vt 0.32797480 0.11604330
vt 0.32344159 0.11777770
vt 0.32408351 0.11172130
vt 0.96587300 0.78886831
vt 0.67554551 0.69213963
vt 0.67554551 0.59654361
vt 0.67935371 0.59800857
vt 0.68112892 0.59604287
vt 0.68463182 0.50377870
vt 0.69290793 0.59604287
vt 0.69366968 0.59223467
vt 0.70666051 0.60177422
vt 0.71046871 0.59923559
vt 0.70666051 0.68690890
vt 0.69290793 0.69264030
vt 0.69366968 0.69644850
vt 0.69366968 0.74469692
vt 0.71046871 0.68944752
vt 0.67935371 0.69067460
vt 0.67943680 0.69644850
vt 0.68112892 0.69264030
vt 0.68073553 0.77321577
vt 0.68463182 0.78490442
vt 0.69112539 0.79399562
vt 0.69496852 0.75898302
vt 0.70021647 0.80048919
vt 0.69886458 0.77067161
vt 0.70535833 0.77976269
vt 0.71190518 0.80438542
vt 0.71444952 0.78625631
vt 0.72619140 0.80568421
vt 0.72613811 0.79015261
vt 0.74042422 0.79145122
vt 0.78867269 0.80568409
vt 0.78867269 0.79145128
vt 0.67943680 0.75892973
vt 0.29359031 0.11120810
vt 0.29653260 0.11492820
vt 0.28902531 0.11690560
vt 0.64501530 0.90120769
vt 0.29154301 0.53961062
vt 0.28304920 0.53726733
vt 0.29156479 0.53730482
vt 0.28302750 0.53957307
vt 0.26976901 0.54231137
vt 0.27672821 0.53734583
vt 0.27694231 0.54238999
vt 0.26955479 0.53726721
vt 0.26267049 0.54242039
vt 0.26955479 0.54864401
vt 0.26274499 0.54829419
vt 0.26948029 0.54277009
vt 0.96328741 0.58112121
vt 0.96330029 0.59228301
vt 0.95199281 0.59269679
vt 0.42014021 0.91762549
vt 0.47503981 0.87197739
vt 0.47502521 0.91746241
vt 0.73045641 0.80655712
vt 0.84323758 0.06980109
vt 0.84381860 0.05109560
vt 0.23657630 0.48009580
vt 0.37529230 0.26511210
vt 0.51860410 0.26465970
vt 0.51862210 0.27490041
vt 0.37527281 0.25395030
vt 0.52424002 0.49891710
vt 0.52627420 0.58845532
vt 0.52424002 0.58857822
vt 0.52627420 0.49879429
vt 0.97576171 0.48299891
vt 0.97576171 0.63498968
vt 0.96588278 0.49019149
vt 0.96330029 0.59228301
vt 0.95199013 0.60655838
vt 0.95199281 0.59269679
vt 0.82119590 0.48302189
vt 0.90562582 0.53790623
vt 0.82069260 0.53790623
vt 0.90498787 0.48302189
vt 0.31781939 0.77587843
vt 0.32492191 0.77626210
vt 0.32492191 0.92805648
vt 0.49671841 0.49925521
vt 0.48320150 0.65120190
vt 0.48360550 0.49953809
vt 0.55761099 0.81029820
vt 0.54104042 0.81079912
vt 0.56241632 0.80496240
vt 0.15157381 0.83972561
vt 0.29367310 0.98486501
vt 0.15291961 0.98486513
vt 0.29473290 0.83972561
vt 0.30789721 0.21349280
vt 0.30729899 0.21811640
vt 0.29359031 0.21676670
vt 0.34174010 0.69801158
vt 0.33379230 0.69082278
vt 0.34174010 0.69082361
vt 0.33379230 0.69801080
vt 0.29156479 0.56201822
vt 0.28301141 0.55074722
vt 0.29152700 0.55078471
vt 0.28304920 0.56198061
vt 0.86032122 0.05165493
vt 0.85842961 0.06091105
vt 0.84381860 0.05109560
vt 0.17711779 0.77469432
vt 0.26709950 0.82958061
vt 0.17668180 0.82958072
vt 0.26644570 0.77469432
vt 0.96588922 0.89058638
vt 0.96587652 0.88133872
vt 0.97718883 0.89127862
vt 0.55478072 0.24095210
vt 0.60797471 0.48819390
vt 0.58449620 0.49608260
vt 0.59628600 0.48429769
vt 0.59618467 0.49997869
vt 0.21194179 0.32187071
vt 0.21811640 0.30729899
vt 0.21625350 0.32408351
vt 0.21349271 0.30789721
vt 0.59292072 0.89264119
vt 0.56455618 0.87387812
vt 0.57546240 0.87062639
vt 0.60710090 0.70333147
vt 0.61195552 0.68221688
vt 0.62875438 0.68221593
vt 0.96587020 0.86966771
vt 0.96587020 0.85554338
vt 0.97716892 0.86988688
vt 0.51662922 0.49889210
vt 0.51288342 0.65062213
vt 0.50483370 0.65075648
vt 0.15156190 0.57403231
vt 0.28902531 0.11690560
vt 0.29355779 0.20967190
vt 0.28902531 0.21106911
vt 0.29355779 0.11830280
vt 0.30460811 0.77516907
vt 0.31816810 0.92769092
vt 0.30622321 0.92704982
vt 0.62745571 0.51546741
vt 0.61176950 0.51556361
vt 0.62355947 0.50377870
vt 0.61566567 0.52725220
vt 0.48360550 0.49953809
vt 0.47674870 0.65134650
vt 0.47674859 0.49969009
vt 0.66397780 0.90095979
vt 0.66325921 0.95585722
vt 0.65020639 0.90115881
vt 0.00816149 0.60689479
vt 0.15157381 0.60803097
vt 0.00816149 0.61400431
vt 0.15157381 0.60028219
vt 0.33435610 0.21481881
vt 0.37524000 0.49129620
vt 0.48360550 0.49953809
vt 0.48320150 0.65120190
vt 0.47674870 0.65134650
vt 0.35881981 0.00638777
vt 0.29738620 0.92658693
vt 0.73042399 0.80644947
vt 0.87460822 0.03210890
vt 0.96330029 0.59228301
vt 0.96329850 0.60632408
vt 0.95199013 0.60655838
vt 0.29146430 0.48012781
vt 0.26494071 0.42463401
vt 0.23657620 0.44339710
vt 0.25403449 0.42138231
vt 0.65909058 0.83761752
vt 0.64127731 0.84748560
vt 0.64259088 0.83812988
vt 0.65778291 0.84701991
vt 0.65195739 0.81877857
vt 0.64069933 0.82887381
vt 0.63544488 0.81935841
vt 0.65720201 0.82831442
vt 0.85621941 0.09016060
vt 0.49671841 0.49925521
vt 0.56455618 0.87387812
vt 0.54285938 0.86937892
vt 0.55942923 0.86885083
vt 0.67554551 0.67502618
vt 0.66971463 0.68221557
vt 0.66971463 0.67502761
vt 0.67554557 0.68221420
vt 0.84192991 0.06039869
vt 0.45080411 0.94113392
vt 0.46415171 0.94135791
vt 0.45147479 0.99603170
vt 0.26274499 0.54829419
vt 0.26840571 0.55445802
vt 0.26159590 0.55410832
vt 0.26955479 0.54864401
vt 0.72552681 0.33501160
vt 0.86571378 0.48214281
vt 0.72552681 0.48299891
vt 0.86571378 0.33599189
vt 0.32915419 0.21619670
vt 0.52863961 0.84986413
vt 0.73043817 0.82506877
vt 0.25363699 0.53726721
vt 0.26152131 0.54277009
vt 0.25471151 0.54242039
vt 0.26044679 0.53761691
vt 0.67554557 0.57799947
vt 0.66971463 0.58518893
vt 0.66971463 0.57800102
vt 0.67554551 0.58518749
vt 0.67558873 0.90388209
vt 0.71915293 0.89276582
vt 0.71916729 0.90392762
vt 0.67557430 0.89272028
vt 0.66971463 0.67502761
vt 0.66175961 0.68221629
vt 0.66175961 0.67502832
vt 0.66971463 0.68221557
vt 0.65778291 0.84701991
vt 0.63662338 0.85730863
vt 0.64127731 0.84748560
vt 0.65314001 0.85686290
vt 0.57739782 0.00985587
vt 0.51860410 0.26465970
vt 0.71737981 0.46515730
vt 0.33379230 0.60098422
vt 0.32797480 0.59379482
vt 0.33379230 0.59379619
vt 0.32797480 0.60098279
f 1/1 2/2 3/3
f 4/4 5/5 6/6
f 7/7 8/8 9/9
f 8/8 7/7 10/10
f 11/11 12/12 13/13
f 14/14 15/15 16/16
f 17/17 18/18 19/19
f 20/20 21/21 22/22
f 23/23 24/24 25/25
f 24/24 23/23 26/26
f 27/27 28/28 29/29
f 30/30 31/31 32/32
f 33/33 34/34 35/35
f 34/34 33/33 36/36
f 37/37 38/38 39/39
f 40/40 41/41 42/42
f 43/43 44/44 45/45
f 44/44 43/43 46/46
f 44/44 46/46 47/47
f 47/47 46/46 48/48
f 48/48 46/46 49/49
f 48/48 49/49 50/50
f 48/48 50/50 51/51
f 51/51 50/50 52/52
f 53/53 54/54 55/55
f 54/54 53/53 56/56
f 54/54 56/56 57/57
f 57/57 56/56 58/58
f 58/58 56/56 59/59
f 59/59 56/56 60/60
f 61/61 56/56 62/62
f 56/56 61/61 63/63
f 64/64 65/65 66/66
f 65/65 64/64 53/53
f 65/65 53/53 67/67
f 67/67 53/53 55/55
f 67/67 55/55 68/68
f 67/67 68/68 69/69
f 69/69 68/68 70/70
f 69/69 70/70 71/71
f 71/71 70/70 60/60
f 71/71 60/60 56/56
f 71/71 56/56 63/63
f 71/71 63/63 72/72
f 73/73 74/74 75/75
f 74/74 73/73 58/58
f 74/74 58/58 76/76
f 76/76 58/58 59/59
f 77/77 78/78 79/79
f 78/78 77/77 80/80
f 81/81 82/82 83/83
f 82/82 81/81 84/84
f 85/85 86/86 87/87
f 86/86 85/85 88/88
f 89/89 90/90 91/91
f 92/92 93/93 94/94
f 95/95 96/96 97/97
f 98/98 99/99 100/100
f 101/101 102/102 103/103
f 104/104 105/105 106/106
f 107/107 108/108 109/109
f 108/108 107/107 110/110
f 111/111 112/112 113/113
f 112/112 111/111 114/114
f 115/115 116/116 117/117
f 118/118 119/119 120/120
f 119/119 118/118 121/121
f 122/122 123/123 124/124
f 125/125 126/126 127/127
f 128/128 129/129 130/130
f 17/17 131/131 18/18
f 132/132 133/133 134/134
f 135/135 136/136 137/137
f 136/136 135/135 138/138
f 139/139 140/140 141/141
f 142/142 143/143 144/144
f 143/143 142/142 145/145
f 146/146 147/147 148/148
f 147/147 146/146 149/149
f 150/150 151/151 152/152
f 153/153 154/154 155/155
f 154/154 153/153 156/156
f 157/157 158/158 159/159
f 158/158 157/157 160/160
f 161/161 162/162 163/163
f 162/162 164/164 165/165
f 164/164 162/162 161/161
f 166/166 167/167 168/168
f 169/169 170/170 171/171
f 170/170 169/169 172/172
f 173/173 174/174 175/175
f 174/174 173/173 176/176
f 177/177 178/178 179/179
f 178/178 177/177 180/180
f 181/181 182/182 183/183
f 184/184 185/185 186/186
f 185/185 184/184 187/187
f 188/188 189/189 190/190
f 191/191 192/192 193/193
f 194/194 195/195 196/196
f 197/197 198/198 199/199
f 200/200 201/201 202/202
f 201/201 200/200 203/203
f 204/204 205/205 206/206
f 205/205 204/204 207/207
f 208/208 209/209 210/210
f 211/211 212/212 213/213
f 212/212 211/211 214/214
f 215/215 216/216 217/217
f 216/216 215/215 218/218
f 219/219 216/216 218/218
f 220/220 221/221 222/222
f 223/223 224/224 225/225
f 224/224 223/223 226/226
f 30/30 32/32 227/227
f 228/228 229/229 230/230
f 229/229 228/228 231/231
f 232/232 233/233 234/234
f 235/235 236/236 237/237
f 238/238 239/239 240/240
f 241/241 242/242 243/243
f 244/244 245/245 246/246
f 247/247 248/248 249/249
f 250/250 251/251 252/252
f 251/251 250/250 253/253
f 254/254 255/255 256/256
f 255/255 254/254 257/257
f 196/196 195/195 258/258
f 259/259 260/260 261/261
f 260/260 259/259 262/262
f 263/263 264/264 265/265
f 266/266 267/267 268/268
f 269/269 270/270 271/271
f 270/270 269/269 272/272
f 273/273 274/274 275/275
f 276/276 277/277 278/278
f 279/279 280/280 281/281
f 282/282 283/283 284/284
f 283/283 282/282 285/285
f 264/264 286/286 265/265
f 287/287 288/288 289/289
f 290/290 291/291 292/292
f 291/291 290/290 293/293
f 294/294 277/277 276/276
f 295/295 296/296 297/297
f 296/296 295/295 298/298
f 299/299 300/300 301/301
f 302/302 303/303 304/304
f 303/303 302/302 305/305
f 306/306 307/307 308/308
f 309/309 310/310 311/311
f 310/310 309/309 312/312
f 313/313 314/314 315/315
f 316/316 317/317 318/318
f 317/317 316/316 319/319
f 320/320 321/321 322/322
f 323/323 324/324 325/325
f 326/326 327/327 328/328
f 327/327 326/326 329/329
f 330/330 331/331 332/332
f 333/333 334/334 335/335
f 336/336 337/337 338/338
f 339/339 340/340 341/341
f 342/342 343/343 344/344
f 343/343 342/342 345/345
f 346/346 347/347 348/348
f 349/349 350/350 351/351
f 350/350 349/349 352/352
f 353/353 354/354 355/355
f 354/354 353/353 356/356
f 357/357 358/358 359/359
f 360/360 361/361 362/362
f 363/363 364/364 365/365
f 366/366 367/367 368/368
f 369/369 370/370 371/371
f 370/370 369/369 372/372
f 373/373 374/374 375/375
f 376/376 377/377 378/378
f 379/379 380/380 381/381
f 382/382 383/383 384/384
f 385/385 386/386 387/387
f 386/386 385/385 388/388
f 389/389 390/390 391/391
f 390/390 389/389 392/392
f 393/393 394/394 395/395
f 396/396 397/397 398/398
f 397/397 396/396 399/399
f 400/400 401/401 402/402
f 401/401 400/400 403/403
f 404/404 405/405 406/406
f 407/407 408/408 409/409
f 410/410 411/411 412/412
f 413/413 414/414 415/415
f 414/414 413/413 416/416
f 417/417 418/418 419/419
f 405/405 420/420 406/406
f 421/421 363/363 365/365
f 422/422 423/423 424/424
f 425/425 426/426 427/427
f 428/428 429/429 430/430
f 431/431 432/432 433/433
f 432/432 431/431 434/434
f 435/435 436/436 437/437
f 438/438 439/439 440/440
f 439/439 438/438 441/441
f 442/442 443/443 444/444
f 443/443 442/442 445/445
f 446/446 447/447 448/448
f 249/249 248/248 449/449
f 450/450 451/451 452/452
f 453/453 454/454 455/455
f 456/456 457/457 458/458
f 459/459 460/460 461/461
f 462/462 288/288 287/287
f 463/463 464/464 465/465
f 464/464 463/463 466/466
f 467/467 468/468 469/469
f 470/470 471/471 472/472
f 471/471 470/470 473/473
f 474/474 475/475 476/476
f 454/454 477/477 455/455
f 478/478 479/479 480/480
f 481/481 482/482 483/483
f 482/482 481/481 484/484
f 485/485 486/486 487/487
f 488/488 489/489 490/490
f 489/489 488/488 491/491
f 492/492 493/493 494/494
f 495/495 496/496 497/497
f 496/496 495/495 498/498
f 429/429 499/499 430/430
f 450/450 500/500 451/451
f 501/501 502/502 503/503
f 502/502 501/501 504/504
f 505/505 506/506 507/507
f 508/508 509/509 510/510
f 511/511 512/512 513/513
f 514/514 515/515 516/516
f 517/517 518/518 519/519
f 520/520 521/521 522/522
f 521/521 520/520 523/523
f 524/524 525/525 526/526
f 527/527 528/528 529/529
f 530/530 512/512 511/511
f 531/531 532/532 533/533
f 534/534 535/535 536/536
f 535/535 534/534 532/532
f 535/535 532/532 531/531
f 535/535 531/531 537/537
f 535/535 537/537 538/538
f 538/538 537/537 539/539
f 538/538 539/539 540/540
f 540/540 539/539 541/541
f 540/540 541/541 542/542
f 542/542 541/541 543/543
f 542/542 543/543 544/544
f 544/544 543/543 545/545
f 545/545 543/543 546/546
f 545/545 546/546 547/547
f 547/547 546/546 548/548
f 547/547 548/548 549/549
f 549/549 548/548 550/550
f 549/549 550/550 551/551
f 551/551 550/550 552/552
f 551/551 552/552 553/553
f 553/553 552/552 554/554
f 553/553 554/554 555/555
f 555/555 554/554 556/556
f 555/555 556/556 557/557
f 555/555 557/557 558/558
f 558/558 557/557 559/559
f 558/558 559/559 560/560
f 560/560 559/559 561/561
f 560/560 561/561 562/562
f 562/562 561/561 563/563
f 562/562 563/563 564/564
f 562/562 565/565 566/566
f 565/565 562/562 564/564
f 567/567 568/568 569/569
f 570/570 571/571 572/572
f 518/518 573/573 519/519
f 569/569 568/568 574/574
f 575/575 576/576 577/577
f 578/578 579/579 580/580
f 579/579 578/578 581/581
f 448/448 447/447 582/582
f 583/583 584/584 585/585
f 335/335 334/334 586/586
f 587/587 588/588 589/589
f 588/588 587/587 590/590
f 591/591 592/592 593/593
f 592/592 591/591 594/594
f 594/594 591/591 595/595
f 595/595 591/591 596/596
f 595/595 596/596 597/597
f 595/595 597/597 598/598
f 598/598 597/597 599/599
f 374/374 600/600 375/375
f 601/601 602/602 603/603
f 604/604 605/605 606/606
f 607/607 608/608 609/609
f 610/610 605/605 604/604
f 611/611 612/612 613/613
f 612/612 611/611 614/614
f 15/15 615/615 16/16
f 616/616 274/274 273/273
f 617/617 618/618 619/619
f 280/280 620/620 281/281
f 621/621 622/622 623/623
f 622/622 621/621 624/624
f 625/625 626/626 627/627
f 628/628 629/629 630/630
f 629/629 628/628 631/631
f 632/632 633/633 634/634
f 633/633 632/632 635/635
f 528/528 636/636 529/529
f 637/637 638/638 639/639
f 640/640 641/641 642/642
f 643/643 644/644 645/645
f 646/646 647/647 648/648
f 649/649 650/650 651/651
f 652/652 653/653 654/654
f 655/655 656/656 657/657
f 656/656 655/655 658/658
f 659/659 660/660 661/661
f 662/662 663/663 664/664
f 665/665 666/666 667/667
f 40/40 42/42 668/668
f 669/669 670/670 671/671
f 672/672 673/673 674/674
f 673/673 672/672 675/675
f 676/676 677/677 678/678
f 677/677 676/676 679/679
f 680/680 681/681 682/682
f 681/681 680/680 683/683
f 684/684 685/685 686/686
f 685/685 684/684 687/687
f 688/688 689/689 690/690
f 691/691 692/692 693/693
f 692/692 691/691 694/694
f 695/695 696/696 697/697
f 696/696 695/695 698/698
f 699/699 700/700 701/701
f 702/702 703/703 704/704
f 705/705 706/706 707/707
f 708/708 709/709 710/710
f 711/711 660/660 659/659
f 712/712 713/713 714/714
f 525/525 715/715 526/526
f 716/716 717/717 718/718
f 719/719 720/720 721/721
f 720/720 719/719 722/722
f 723/723 724/724 725/725
f 726/726 727/727 728/728
f 729/729 730/730 731/731
f 732/732 733/733 734/734
f 735/735 736/736 737/737
f 736/736 735/735 738/738
f 739/739 740/740 741/741
f 742/742 126/126 125/125
f 743/743 744/744 745/745
f 744/744 743/743 746/746
f 747/747 748/748 749/749
f 748/748 747/747 750/750
f 751/751 752/752 753/753
f 752/752 751/751 754/754
f 755/755 756/756 757/757
f 756/756 755/755 758/758
f 758/758 755/755 759/759
f 759/759 755/755 760/760
f 758/758 759/759 761/761
f 762/762 763/763 764/764
f 763/763 762/762 765/765
f 766/766 767/767 768/768
f 767/767 766/766 769/769
f 770/770 771/771 772/772
f 773/773 774/774 775/775
f 776/776 777/777 778/778
f 777/777 776/776 779/779
f 780/780 781/781 782/782
f 781/781 780/780 783/783
f 783/783 780/780 784/784
f 782/782 781/781 785/785
f 783/783 784/784 786/786
f 786/786 784/784 787/787
f 788/788 789/789 790/790
f 789/789 788/788 782/782
f 789/789 782/782 791/791
f 782/782 788/788 792/792
f 782/782 792/792 780/780
f 791/791 782/782 793/793
f 791/791 793/793 794/794
f 791/791 794/794 795/795
f 795/795 794/794 787/787
f 795/795 787/787 796/796
f 796/796 787/787 784/784
f 796/796 784/784 797/797
f 796/796 797/797 798/798
f 781/781 799/799 785/785
f 799/799 781/781 800/800
f 799/799 800/800 801/801
f 801/801 800/800 802/802
f 803/803 780/780 792/792
f 804/804 625/625 627/627
f 805/805 727/727 726/726
f 806/806 807/807 808/808
f 807/807 806/806 809/809
f 810/810 811/811 812/812
f 811/811 810/810 813/813
f 813/813 810/810 814/814
f 813/813 814/814 815/815
f 816/816 817/817 818/818
f 817/817 816/816 819/819
f 819/819 816/816 820/820
f 819/819 820/820 821/821
f 821/821 820/820 822/822
f 822/822 820/820 823/823
f 822/822 823/823 824/824
f 824/824 823/823 825/825
f 824/824 825/825 826/826
f 826/826 825/825 827/827
f 827/827 825/825 828/828
f 828/828 825/825 829/829
f 827/827 830/830 831/831
f 830/830 827/827 828/828
f 819/819 832/832 827/827
f 832/832 819/819 821/821
f 827/827 832/832 833/833
f 827/827 833/833 813/813
f 827/827 813/813 815/815
f 827/827 815/815 826/826
f 834/834 835/835 836/836
f 837/837 838/838 839/839
f 840/840 841/841 842/842
f 843/843 844/844 845/845
f 846/846 847/847 848/848
f 847/847 846/846 849/849
f 850/850 851/851 852/852
f 853/853 854/854 855/855
f 761/761 759/759 760/760
f 856/856 857/857 858/858
f 859/859 860/860 861/861
f 862/862 863/863 864/864
f 863/863 862/862 865/865
f 866/866 867/867 868/868
f 869/869 870/870 871/871
f 872/872 873/873 874/874
f 873/873 872/872 875/875
f 876/876 877/877 878/878
f 877/877 876/876 879/879
f 880/880 881/881 882/882
f 881/881 880/880 883/883
f 884/884 885/885 886/886
f 885/885 884/884 887/887
f 888/888 889/889 890/890
f 889/889 888/888 891/891
f 890/890 889/889 892/892
f 893/893 891/891 888/888
f 891/891 893/893 894/894
f 891/891 894/894 895/895
f 896/896 897/897 898/898
f 897/897 896/896 899/899
f 899/899 896/896 900/900
f 900/900 896/896 901/901
f 900/900 901/901 902/902
f 902/902 901/901 903/903
f 903/903 901/901 904/904
f 903/903 904/904 905/905
f 905/905 904/904 906/906
f 905/905 906/906 907/907
f 907/907 906/906 908/908
f 908/908 906/906 894/894
f 894/894 906/906 895/895
f 895/895 906/906 909/909
f 909/909 906/906 910/910
f 909/909 910/910 911/911
f 909/909 911/911 912/912
f 912/912 911/911 913/913
f 913/913 911/911 914/914
f 912/912 913/913 915/915
f 912/912 915/915 916/916
f 917/917 918/918 919/919
f 918/918 917/917 920/920
f 918/918 920/920 921/921
f 918/918 921/921 922/922
f 922/922 921/921 923/923
f 922/922 923/923 924/924
f 922/922 924/924 925/925
f 925/925 924/924 926/926
f 925/925 926/926 927/927
f 927/927 926/926 928/928
f 927/927 928/928 929/929
f 927/927 929/929 890/890
f 927/927 890/890 892/892
f 927/927 892/892 930/930
f 927/927 930/930 931/931
f 931/931 930/930 932/932
f 932/932 930/930 916/916
f 932/932 916/916 933/933
f 933/933 916/916 934/934
f 934/934 916/916 915/915
f 935/935 932/932 933/933
f 936/936 937/937 938/938
f 937/937 936/936 939/939
f 937/937 939/939 940/940
f 940/940 939/939 941/941
f 940/940 941/941 942/942
f 942/942 941/941 943/943
f 942/942 943/943 944/944
f 944/944 943/943 945/945
f 946/946 947/947 948/948
f 949/949 950/950 951/951
f 950/950 949/949 952/952
f 953/953 954/954 955/955
f 956/956 957/957 958/958
f 959/959 960/960 961/961
f 960/960 959/959 962/962
f 653/653 963/963 654/654
f 964/964 965/965 966/966
f 967/967 968/968 969/969
f 970/970 971/971 972/972
f 973/973 974/974 975/975
f 974/974 973/973 976/976
f 977/977 978/978 979/979
f 978/978 977/977 980/980
f 978/978 980/980 981/981
f 981/981 980/980 982/982
f 981/981 982/982 983/983
f 983/983 982/982 984/984
f 983/983 984/984 985/985
f 985/985 984/984 986/986
f 987/987 988/988 989/989
f 990/990 991/991 992/992
f 993/993 994/994 995/995
f 996/996 997/997 998/998
f 997/997 996/996 999/999
f 999/999 996/996 1000/1000
f 999/999 1000/1000 1001/1001
f 999/999 1001/1001 1002/1002
f 1002/1002 1001/1001 1003/1003
f 1003/1003 1001/1001 1004/1004
f 1003/1003 1004/1004 1005/1005
f 1006/1006 1007/1007 1008/1008
f 1007/1007 1006/1006 1009/1009
f 1010/1010 1011/1011 1012/1012
f 725/725 724/724 1013/1013
f 1014/1014 1015/1015 1016/1016
f 1015/1015 1014/1014 1017/1017
f 1018/1018 1019/1019 1020/1020
f 1021/1021 1022/1022 1023/1023
f 1010/1010 1012/1012 1024/1024
f 1025/1025 1026/1026 1027/1027
f 1026/1026 1025/1025 1028/1028
f 1029/1029 1030/1030 1031/1031
f 1032/1032 1033/1033 1034/1034
f 1033/1033 1032/1032 1035/1035
f 1036/1036 1037/1037 1038/1038
f 1039/1039 1040/1040 1041/1041
f 1040/1040 1039/1039 1042/1042
f 1043/1043 1044/1044 1045/1045
f 1046/1046 1047/1047 1048/1048
f 1047/1047 1046/1046 1049/1049
f 1050/1050 1051/1051 1052/1052
f 1053/1053 1054/1054 1055/1055
f 1056/1056 1057/1057 1058/1058
f 1057/1057 1056/1056 1059/1059
f 1060/1060 1061/1061 1062/1062
f 1061/1061 1060/1060 1063/1063
f 1064/1064 1065/1065 1066/1066
f 1067/1067 1068/1068 1069/1069
f 988/988 1070/1070 989/989
f 1071/1071 1072/1072 1073/1073
f 1074/1074 1075/1075 1076/1076
f 1075/1075 1074/1074 1077/1077
f 1078/1078 1079/1079 1080/1080
f 1079/1079 1078/1078 1081/1081
f 1082/1082 1083/1083 1084/1084
f 1085/1085 1086/1086 1087/1087
f 1088/1088 1089/1089 1090/1090
f 1089/1089 1088/1088 1091/1091
f 1092/1092 1093/1093 1094/1094
f 1095/1095 1096/1096 1097/1097
f 1098/1098 1099/1099 1100/1100
f 1101/1101 1102/1102 1103/1103
f 1102/1102 1101/1101 1104/1104
f 1054/1054 1105/1105 1055/1055
f 1106/1106 1107/1107 1108/1108
f 1109/1109 1110/1110 1111/1111
f 1112/1112 1113/1113 1114/1114
f 1115/1115 1116/1116 1117/1117
f 1118/1118 1119/1119 1120/1120
f 1119/1119 1118/1118 1121/1121
f 1122/1122 1123/1123 1124/1124
f 1123/1123 1122/1122 1125/1125
f 1126/1126 1127/1127 1128/1128
f 1129/1129 1130/1130 1131/1131
f 1130/1130 1129/1129 1132/1132
f 1133/1133 1134/1134 1135/1135
f 1134/1134 1133/1133 1136/1136
f 1137/1137 1138/1138 1139/1139
f 1140/1140 1141/1141 1142/1142
f 1143/1143 1144/1144 1145/1145
f 1146/1146 1147/1147 1148/1148
f 1147/1147 1146/1146 1149/1149
f 1150/1150 1151/1151 1152/1152
f 1151/1151 1150/1150 1153/1153
f 1154/1154 1155/1155 1156/1156
f 1157/1157 1158/1158 1159/1159
f 1160/1160 1161/1161 1162/1162
f 1161/1161 1160/1160 1163/1163
f 1161/1161 1163/1163 1164/1164
f 1161/1161 1164/1164 1165/1165
f 1161/1161 1165/1165 1166/1166
f 1166/1166 1165/1165 1167/1167
f 1166/1166 1167/1167 1168/1168
f 1168/1168 1167/1167 1169/1169
f 1169/1169 1167/1167 1170/1170
f 1169/1169 1170/1170 1171/1171
f 1171/1171 1170/1170 1172/1172
f 1172/1172 1170/1170 1173/1173
f 1172/1172 1173/1173 1174/1174
f 1174/1174 1173/1173 1175/1175
f 1174/1174 1175/1175 1176/1176
f 1176/1176 1175/1175 1177/1177
f 1178/1178 1179/1179 1180/1180
f 1181/1181 1182/1182 1183/1183
f 1182/1182 1181/1181 1184/1184
f 1185/1185 1186/1186 1187/1187
f 1071/1071 1073/1073 1188/1188
f 1189/1189 1190/1190 1191/1191
f 1190/1190 1189/1189 1192/1192
f 1192/1192 1189/1189 1193/1193
f 1192/1192 1193/1193 1194/1194
f 1194/1194 1193/1193 1195/1195
f 1194/1194 1195/1195 1196/1196
f 1196/1196 1195/1195 1197/1197
f 1196/1196 1197/1197 1198/1198
f 1198/1198 1197/1197 1199/1199
f 1198/1198 1199/1199 1200/1200
f 1200/1200 1199/1199 1201/1201
f 1200/1200 1201/1201 1202/1202
f 1202/1202 1201/1201 1203/1203
f 1202/1202 1203/1203 1204/1204
f 1204/1204 1203/1203 1205/1205
f 1204/1204 1205/1205 1206/1206
f 1206/1206 1205/1205 1207/1207
f 1206/1206 1207/1207 1208/1208
f 1208/1208 1207/1207 1209/1209
f 1208/1208 1209/1209 1210/1210
f 1210/1210 1209/1209 1211/1211
f 1210/1210 1211/1211 1212/1212
f 1212/1212 1211/1211 1213/1213
f 1212/1212 1213/1213 1214/1214
f 1214/1214 1213/1213 1215/1215
f 1214/1214 1215/1215 1216/1216
f 1217/1217 1218/1218 1219/1219
f 1220/1220 1221/1221 1222/1222
f 1223/1223 1224/1224 1225/1225
f 1224/1224 1223/1223 1226/1226
f 1227/1227 1228/1228 1229/1229
f 1228/1228 1227/1227 1230/1230
f 1231/1231 1232/1232 1233/1233
f 1232/1232 1231/1231 1234/1234
f 1235/1235 1236/1236 1237/1237
f 1238/1238 1239/1239 1240/1240
f 1239/1239 1238/1238 1241/1241
f 1242/1242 1243/1243 1244/1244
f 1245/1245 1246/1246 1247/1247
f 1246/1246 1245/1245 1248/1248
f 1249/1249 1250/1250 1251/1251
f 1250/1250 1249/1249 1252/1252
f 1253/1253 1254/1254 1255/1255
f 1256/1256 1257/1257 1258/1258
f 1259/1259 1260/1260 1261/1261
f 1260/1260 1259/1259 1262/1262
f 1263/1263 1264/1264 1265/1265
f 1264/1264 1263/1263 1266/1266
f 1264/1264 1266/1266 1267/1267
f 1268/1268 1269/1269 1270/1270
f 1271/1271 1272/1272 1273/1273
f 1274/1274 1275/1275 1276/1276
f 1277/1277 1278/1278 1279/1279
f 1280/1280 1281/1281 1282/1282
f 1283/1283 1284/1284 1285/1285
f 1286/1286 1287/1287 1288/1288
f 1289/1289 1290/1290 1291/1291
f 1292/1292 1293/1293 1294/1294
f 1295/1295 1296/1296 1297/1297
f 1296/1296 1295/1295 1298/1298
f 1299/1299 1300/1300 1301/1301
f 1302/1302 1303/1303 1304/1304
f 1303/1303 1302/1302 1305/1305
f 1306/1306 1307/1307 1308/1308
f 1309/1309 1310/1310 1311/1311
f 1310/1310 1309/1309 1312/1312
f 1313/1313 1314/1314 1315/1315
f 1316/1316 1317/1317 1318/1318
f 1319/1319 1320/1320 1321/1321
f 1322/1322 1323/1323 1324/1324
f 1325/1325 1326/1326 1327/1327
f 1328/1328 1329/1329 1330/1330
f 1331/1331 1332/1332 1333/1333
f 1334/1334 1335/1335 1336/1336
f 1337/1337 1338/1338 1339/1339
f 1340/1340 1341/1341 1342/1342
f 1343/1343 1344/1344 1345/1345
f 1344/1344 1343/1343 1346/1346
f 1346/1346 1343/1343 1347/1347
f 1347/1347 1343/1343 1348/1348
f 1348/1348 1343/1343 1349/1349
f 1348/1348 1349/1349 1350/1350
f 1350/1350 1349/1349 1351/1351
f 1350/1350 1351/1351 1352/1352
f 1352/1352 1351/1351 1353/1353
f 1353/1353 1351/1351 1354/1354
f 1353/1353 1354/1354 1355/1355
f 1355/1355 1354/1354 1356/1356
f 1356/1356 1354/1354 1357/1357
f 1357/1357 1354/1354 1358/1358
f 1357/1357 1358/1358 1359/1359
f 1357/1357 1359/1359 1360/1360
f 1361/1361 1362/1362 1363/1363
f 1364/1364 1365/1365 1366/1366
f 1365/1365 1364/1364 1367/1367
f 1368/1368 1369/1369 1370/1370
f 1371/1371 1372/1372 1373/1373
f 1372/1372 1371/1371 1374/1374
f 1375/1375 1376/1376 1377/1377
f 1376/1376 1375/1375 1378/1378
f 1379/1379 1380/1380 1381/1381
f 1380/1380 1379/1379 1382/1382
f 1383/1383 1384/1384 1385/1385
f 1384/1384 1383/1383 1386/1386
f 1384/1384 1386/1386 1387/1387
f 1387/1387 1386/1386 1388/1388
f 1387/1387 1388/1388 1389/1389
f 1389/1389 1388/1388 1390/1390
f 1391/1391 1392/1392 1393/1393
f 1394/1394 1395/1395 1396/1396
f 1395/1395 1394/1394 1397/1397
f 1398/1398 1399/1399 1400/1400
f 1399/1399 1398/1398 1401/1401
f 1402/1402 1403/1403 1404/1404
f 1403/1403 1402/1402 1405/1405
f 1406/1406 1407/1407 1408/1408
f 1407/1407 1406/1406 1409/1409
f 1410/1410 1411/1411 1412/1412
f 1411/1411 1410/1410 1413/1413
f 1414/1414 1415/1415 1416/1416
f 1415/1415 1414/1414 1417/1417
f 1418/1418 1419/1419 1420/1420
f 1421/1421 1422/1422 1423/1423
f 1424/1424 1425/1425 1426/1426
f 1425/1425 1424/1424 1427/1427
f 1428/1428 1429/1429 1430/1430
f 1431/1431 1432/1432 1433/1433
f 1432/1432 1431/1431 1434/1434
f 1435/1435 1436/1436 1437/1437
f 1438/1438 1439/1439 1440/1440
f 1441/1441 1442/1442 1443/1443
f 1444/1444 1445/1445 1446/1446
f 1447/1447 1448/1448 1449/1449
f 1448/1448 1447/1447 1450/1450
f 1451/1451 1452/1452 1453/1453
f 1452/1452 1451/1451 1454/1454
f 1455/1455 1456/1456 1457/1457
f 1458/1458 1459/1459 1460/1460
f 1459/1459 1458/1458 1461/1461
f 1462/1462 1463/1463 1464/1464
f 1463/1463 1462/1462 1465/1465
f 1466/1466 1467/1467 1468/1468
f 1469/1469 1470/1470 1471/1471
f 1470/1470 1469/1469 1472/1472
f 1473/1473 1474/1474 1475/1475
f 1476/1476 1477/1477 1478/1478
f 1479/1479 1480/1480 1481/1481
f 1482/1482 1483/1483 1484/1484
f 1485/1485 1486/1486 1487/1487
f 1486/1486 1485/1485 1488/1488
f 1489/1489 1490/1490 1491/1491
f 1492/1492 1493/1493 1494/1494
f 1493/1493 1492/1492 1495/1495
f 1496/1496 1497/1497 1498/1498
f 1499/1499 1500/1500 1501/1501
f 1502/1502 1503/1503 1504/1504
f 1421/1421 1505/1505 1422/1422
f 1506/1506 1507/1507 1508/1508
f 1507/1507 1506/1506 1509/1509
f 1510/1510 1511/1511 1512/1512
f 1513/1513 1514/1514 1515/1515
f 1514/1514 1513/1513 1516/1516
f 1517/1517 1518/1518 1519/1519
f 1518/1518 1517/1517 1520/1520
f 1521/1521 1522/1522 1523/1523
f 1524/1524 1525/1525 1526/1526
f 1525/1525 1524/1524 1527/1527
f 1528/1528 1529/1529 1530/1530
f 1531/1531 1532/1532 1533/1533
f 1534/1534 1535/1535 1536/1536
f 1537/1537 1538/1538 1539/1539
f 1540/1540 1541/1541 1542/1542
f 1541/1541 1540/1540 1543/1543
f 1544/1544 1545/1545 1546/1546
f 1545/1545 1544/1544 1547/1547
f 1548/1548 1549/1549 1550/1550
f 1551/1551 1552/1552 1553/1553
f 1552/1552 1551/1551 1554/1554
f 1555/1555 1556/1556 1557/1557
f 1558/1558 1559/1559 1560/1560
f 1559/1559 1558/1558 1561/1561
f 1562/1562 1563/1563 1564/1564
f 1565/1565 1566/1566 1567/1567
f 1568/1568 1569/1569 1570/1570
f 1571/1571 1572/1572 1573/1573
f 1574/1574 1575/1575 1576/1576
f 1306/1306 1308/1308 1577/1577
f 970/970 972/972 1578/1578
f 1579/1579 1580/1580 1581/1581
f 1116/1116 1582/1582 1117/1117
f 1583/1583 1584/1584 1585/1585
f 1586/1586 1587/1587 1588/1588
f 1587/1587 1586/1586 1589/1589
f 1590/1590 1591/1591 1592/1592
f 1591/1591 1590/1590 1593/1593
f 1594/1594 1595/1595 1596/1596
f 1595/1595 1594/1594 1597/1597
f 1598/1598 1599/1599 1600/1600
f 1496/1496 1498/1498 1601/1601
f 1602/1602 1603/1603 1604/1604
f 1603/1603 1602/1602 1605/1605
f 1606/1606 1607/1607 1608/1608
f 1609/1609 1610/1610 1611/1611
f 1610/1610 1609/1609 1612/1612
f 1613/1613 1275/1275 1274/1274
f 1614/1614 1615/1615 1616/1616
f 1617/1617 1618/1618 1619/1619
f 1620/1620 1621/1621 1622/1622
f 1621/1621 1620/1620 1623/1623
f 1624/1624 1625/1625 1626/1626
f 1625/1625 1624/1624 1627/1627
f 1628/1628 1629/1629 1630/1630
f 1629/1629 1628/1628 1631/1631
f 1632/1632 1633/1633 1634/1634
f 1635/1635 1636/1636 1637/1637
f 1636/1636 1635/1635 1638/1638
f 1639/1639 1640/1640 1641/1641
f 1642/1642 1643/1643 1644/1644
f 1643/1643 1642/1642 1645/1645
f 1646/1646 1647/1647 1648/1648
f 1647/1647 1646/1646 1649/1649
f 1650/1650 1651/1651 1652/1652
f 1653/1653 1654/1654 1655/1655
f 1656/1656 1657/1657 1658/1658
f 1657/1657 1656/1656 1659/1659
f 1660/1660 1661/1661 1662/1662
f 1663/1663 1664/1664 1665/1665
f 1666/1666 1667/1667 1668/1668
f 1669/1669 1670/1670 1671/1671
f 1670/1670 1669/1669 1672/1672
f 1317/1317 1673/1673 1318/1318
f 1674/1674 617/617 619/619
f 325/325 324/324 1675/1675
f 572/572 571/571 1676/1676
f 242/242 1677/1677 243/243
f 1678/1678 1679/1679 1680/1680
f 1681/1681 1682/1682 1683/1683
f 1684/1684 1685/1685 1686/1686
f 1685/1685 1684/1684 1687/1687
f 1548/1548 1550/1550 1688/1688
f 1689/1689 1690/1690 1691/1691
f 1328/1328 1692/1692 1329/1329
f 1693/1693 1694/1694 1695/1695
f 836/836 835/835 1696/1696
f 1697/1697 1698/1698 1699/1699
f 1698/1698 1697/1697 1700/1700
f 1701/1701 1702/1702 1703/1703
f 601/601 1704/1704 602/602
f 1705/1705 1706/1706 1707/1707
f 1708/1708 1709/1709 1710/1710
f 1709/1709 1708/1708 1711/1711
f 1712/1712 1713/1713 1714/1714
f 1715/1715 1716/1716 1717/1717
f 1718/1718 1719/1719 1720/1720
f 1719/1719 1718/1718 1721/1721
f 1722/1722 1723/1723 1724/1724
f 1723/1723 1722/1722 1725/1725
f 1726/1726 1727/1727 1728/1728
f 1729/1729 1730/1730 1731/1731
f 1730/1730 1729/1729 1732/1732
f 457/457 1733/1733 458/458
f 1734/1734 1735/1735 1736/1736
f 1735/1735 1734/1734 1737/1737
f 734/734 733/733 1738/1738
f 1739/1739 1740/1740 1741/1741
f 1740/1740 1739/1739 1742/1742
f 1740/1740 1742/1742 1743/1743
f 1743/1743 1742/1742 1744/1744
f 1745/1745 1746/1746 1747/1747
f 1292/1292 1294/1294 1748/1748
f 1749/1749 1750/1750 1751/1751
f 1752/1752 1753/1753 1754/1754
f 1755/1755 1756/1756 1757/1757
f 1758/1758 1759/1759 1760/1760
f 1761/1761 1762/1762 1763/1763
f 1764/1764 1765/1765 1766/1766
f 1765/1765 1764/1764 1767/1767
f 1765/1765 1767/1767 1768/1768
f 1765/1765 1768/1768 1769/1769
f 1765/1765 1769/1769 1770/1770
f 1770/1770 1769/1769 1771/1771
f 1770/1770 1771/1771 1772/1772
f 1772/1772 1771/1771 1773/1773
f 1772/1772 1773/1773 1774/1774
f 1772/1772 1774/1774 1775/1775
f 1775/1775 1774/1774 1776/1776
f 1775/1775 1776/1776 1777/1777
f 1775/1775 1777/1777 1778/1778
f 1775/1775 1778/1778 1779/1779
f 1779/1779 1778/1778 1780/1780
f 1780/1780 1778/1778 1781/1781
f 1782/1782 1783/1783 1784/1784
f 1783/1783 1782/1782 1785/1785
f 1786/1786 459/459 461/461
f 1787/1787 1788/1788 1789/1789
f 1065/1065 1790/1790 1066/1066
f 1555/1555 1557/1557 1791/1791
f 1792/1792 1793/1793 1794/1794
f 1793/1793 1792/1792 1795/1795
f 1796/1796 1759/1759 1758/1758
f 1797/1797 1798/1798 1799/1799
f 1798/1798 1797/1797 1800/1800
f 1801/1801 1802/1802 1803/1803
f 1802/1802 1801/1801 1804/1804
f 1805/1805 1806/1806 1807/1807
f 1808/1808 1809/1809 1810/1810
f 1809/1809 1808/1808 1811/1811
f 1812/1812 1813/1813 1814/1814
f 1813/1813 1812/1812 1815/1815
f 1816/1816 1817/1817 1818/1818
f 1819/1819 1820/1820 1821/1821
f 1820/1820 1819/1819 1822/1822
f 1823/1823 1824/1824 1825/1825
f 1824/1824 1823/1823 1826/1826
f 1827/1827 1828/1828 1829/1829
f 1830/1830 1831/1831 1832/1832
f 1833/1833 1834/1834 1835/1835
f 1834/1834 1833/1833 1836/1836
f 1834/1834 1836/1836 1837/1837
f 1837/1837 1836/1836 1838/1838
f 1839/1839 1694/1694 1693/1693
f 1840/1840 1841/1841 1842/1842
f 1841/1841 1840/1840 1843/1843
f 1844/1844 1845/1845 1846/1846
f 1847/1847 1848/1848 1849/1849
f 1850/1850 1851/1851 1852/1852
f 1851/1851 1850/1850 1853/1853
f 1854/1854 1855/1855 1856/1856
f 1857/1857 1858/1858 1859/1859
f 1858/1858 1857/1857 1860/1860
f 1861/1861 1862/1862 1863/1863
f 1864/1864 1865/1865 1866/1866
f 1867/1867 1868/1868 1869/1869
f 1868/1868 1867/1867 1870/1870
f 423/423 1871/1871 424/424
f 1872/1872 1873/1873 1874/1874
f 1875/1875 1876/1876 1877/1877
f 1876/1876 1875/1875 1878/1878
f 1703/1703 1702/1702 1879/1879
f 1098/1098 1100/1100 1880/1880
f 1881/1881 1882/1882 1883/1883
f 1884/1884 1885/1885 1886/1886
f 1887/1887 1888/1888 1889/1889
f 1890/1890 964/964 966/966
f 1891/1891 1892/1892 1893/1893
f 1892/1892 1891/1891 1894/1894
f 1895/1895 1896/1896 1897/1897
f 700/700 1898/1898 701/701
f 1899/1899 1900/1900 1901/1901
f 1900/1900 1899/1899 1902/1902
f 1903/1903 1904/1904 1905/1905
f 1906/1906 1907/1907 1908/1908
f 1909/1909 1910/1910 1911/1911
f 1912/1912 1913/1913 1914/1914
f 1915/1915 1916/1916 1917/1917
f 1916/1916 1915/1915 1918/1918
f 1919/1919 1920/1920 1921/1921
f 1922/1922 1923/1923 1924/1924
f 1923/1923 1922/1922 1925/1925
f 1926/1926 1927/1927 1928/1928
f 1929/1929 1930/1930 1931/1931
f 1930/1930 1929/1929 1932/1932
f 1933/1933 1934/1934 1935/1935
f 1936/1936 1937/1937 1938/1938
f 1937/1937 1936/1936 1939/1939
f 1940/1940 475/475 474/474
f 1941/1941 1942/1942 1943/1943
f 1912/1912 1914/1914 1944/1944
f 1945/1945 1946/1946 1947/1947
f 1948/1948 1949/1949 1950/1950
f 1951/1951 1952/1952 1953/1953
f 1952/1952 1951/1951 1954/1954
f 1955/1955 131/131 17/17
f 1956/1956 1957/1957 1958/1958
f 1959/1959 1960/1960 1961/1961
f 1960/1960 1959/1959 1962/1962
f 1963/1963 1964/1964 1965/1965
f 1964/1964 1963/1963 1966/1966
f 1967/1967 1968/1968 1969/1969
f 1968/1968 1967/1967 1970/1970
f 1971/1971 1972/1972 1973/1973
f 1972/1972 1971/1971 1974/1974
f 1975/1975 1976/1976 1977/1977
f 1978/1978 1979/1979 1980/1980
f 1981/1981 1982/1982 1983/1983
f 1982/1982 1981/1981 1984/1984
f 1985/1985 1986/1986 1987/1987
f 1986/1986 1985/1985 1988/1988
f 1989/1989 1990/1990 1991/1991
f 1990/1990 1989/1989 1992/1992
f 1993/1993 1994/1994 1995/1995
f 1994/1994 1993/1993 1996/1996
f 1996/1996 1993/1993 1997/1997
f 1996/1996 1997/1997 1998/1998
f 1999/1999 2000/2000 2001/2001
f 2000/2000 1999/1999 2002/2002
f 2002/2002 1999/1999 2003/2003
f 2000/2000 2002/2002 2004/2004
f 2004/2004 2002/2002 2005/2005
f 2002/2002 2003/2003 2006/2006
f 2006/2006 2003/2003 2007/2007
f 2007/2007 2003/2003 2008/2008
f 2007/2007 2008/2008 2009/2009
f 2009/2009 2008/2008 2010/2010
f 2009/2009 2010/2010 2011/2011
f 2011/2011 2010/2010 2012/2012
f 2012/2012 2010/2010 2013/2013
f 2005/2005 2014/2014 2011/2011
f 2014/2014 2005/2005 1994/1994
f 1994/1994 2005/2005 2002/2002
f 1994/1994 2002/2002 1995/1995
f 2011/2011 2014/2014 2015/2015
f 2011/2011 2015/2015 2009/2009
f 2016/2016 2004/2004 2005/2005
f 2017/2017 2018/2018 2019/2019
f 2020/2020 2021/2021 2022/2022
f 2021/2021 2020/2020 2023/2023
f 2024/2024 2025/2025 2026/2026
f 2025/2025 2024/2024 2027/2027
f 2028/2028 2029/2029 2030/2030
f 2029/2029 2028/2028 2031/2031
f 2032/2032 2033/2033 2034/2034
f 2035/2035 2036/2036 2037/2037
f 2038/2038 2039/2039 2040/2040
f 2039/2039 2038/2038 2041/2041
f 2042/2042 2043/2043 2044/2044
f 2043/2043 2042/2042 2045/2045
f 2046/2046 2047/2047 2048/2048
f 2047/2047 2046/2046 2049/2049
f 2049/2049 2046/2046 2050/2050
f 2049/2049 2050/2050 2051/2051
f 2052/2052 2053/2053 2054/2054
f 2053/2053 2052/2052 2055/2055
f 2053/2053 2055/2055 2056/2056
f 2056/2056 2055/2055 2057/2057
f 2056/2056 2057/2057 2058/2058
f 2058/2058 2057/2057 2059/2059
f 2059/2059 2057/2057 2060/2060
f 2061/2061 2062/2062 2063/2063
f 2064/2064 2065/2065 2066/2066
f 2067/2067 2068/2068 2069/2069
f 2068/2068 2067/2067 2070/2070
f 2071/2071 2072/2072 2073/2073
f 2072/2072 2071/2071 2074/2074
f 2075/2075 2076/2076 2077/2077
f 2076/2076 2075/2075 2078/2078
f 2079/2079 2080/2080 2081/2081
f 2080/2080 2079/2079 2082/2082
f 2083/2083 2084/2084 2085/2085
f 2084/2084 2083/2083 2086/2086
f 2086/2086 2083/2083 2087/2087
f 2086/2086 2087/2087 2088/2088
f 2088/2088 2087/2087 2089/2089
f 2089/2089 2087/2087 2090/2090
f 2090/2090 2087/2087 2091/2091
f 2090/2090 2091/2091 2092/2092
f 188/188 190/190 2093/2093
f 739/739 2094/2094 740/740
f 2095/2095 2096/2096 2097/2097
f 2096/2096 2095/2095 2098/2098
f 2099/2099 2100/2100 2101/2101
f 2100/2100 2099/2099 2102/2102
f 19/19 2032/2032 2034/2034
f 2103/2103 2104/2104 2105/2105
f 2104/2104 2103/2103 2106/2106
f 2107/2107 2108/2108 2109/2109
f 2108/2108 2107/2107 2110/2110
f 2111/2111 2112/2112 2113/2113
f 2112/2112 2111/2111 2114/2114
f 2115/2115 2116/2116 2117/2117
f 2118/2118 2119/2119 2120/2120
f 2120/2120 2121/2121 2122/2122
f 2121/2121 2120/2120 2119/2119
f 2123/2123 2124/2124 2125/2125
f 2126/2126 2127/2127 2128/2128
f 2127/2127 2126/2126 2129/2129
f 990/990 2130/2130 991/991
f 2131/2131 2132/2132 2133/2133
f 2132/2132 2131/2131 2134/2134
f 2135/2135 2136/2136 2137/2137
f 2138/2138 2139/2139 2140/2140
f 2141/2141 2142/2142 2143/2143
f 2144/2144 2145/2145 2146/2146
f 2034/2034 2033/2033 2017/2017
f 2147/2147 2148/2148 2149/2149
f 2148/2148 2147/2147 2150/2150
f 2150/2150 2147/2147 2151/2151
f 2152/2152 2153/2153 2154/2154
f 2155/2155 2156/2156 2157/2157
f 2156/2156 2155/2155 2158/2158
f 2159/2159 2160/2160 2161/2161
f 2162/2162 2163/2163 2164/2164
f 2165/2165 2166/2166 2167/2167
f 2168/2168 1955/1955 17/17
f 1955/1955 2168/2168 2169/2169
f 2170/2170 2171/2171 2172/2172
f 2171/2171 2170/2170 2173/2173
f 2174/2174 2175/2175 2176/2176
f 2177/2177 2178/2178 2179/2179
f 2180/2180 2181/2181 2182/2182
f 2183/2183 2184/2184 2185/2185
f 643/643 645/645 2186/2186
f 2187/2187 2188/2188 2189/2189
f 2188/2188 2187/2187 2190/2190
f 2191/2191 2192/2192 2193/2193
f 2194/2194 2195/2195 2196/2196
f 2197/2197 2198/2198 2199/2199
f 2200/2200 2201/2201 2202/2202
f 2203/2203 2204/2204 2205/2205
f 2204/2204 2203/2203 2206/2206
f 2207/2207 2208/2208 2209/2209
f 2210/2210 2211/2211 2212/2212
f 2213/2213 2214/2214 2215/2215
f 2216/2216 2217/2217 2218/2218
f 2217/2217 2216/2216 2219/2219
f 2219/2219 2216/2216 2220/2220
f 2220/2220 2216/2216 2221/2221
f 2221/2221 2216/2216 2222/2222
f 2221/2221 2222/2222 2223/2223
f 2223/2223 2222/2222 2224/2224
f 2223/2223 2224/2224 2225/2225
f 2223/2223 2225/2225 2226/2226
f 2226/2226 2225/2225 2227/2227
f 2226/2226 2227/2227 2228/2228
f 2226/2226 2228/2228 2229/2229
f 2229/2229 2228/2228 2230/2230
f 2229/2229 2230/2230 2231/2231
f 2231/2231 2230/2230 2232/2232
f 2231/2231 2232/2232 2233/2233
f 516/516 515/515 2234/2234
f 2235/2235 313/313 315/315
f 2236/2236 2237/2237 2238/2238
f 2237/2237 2236/2236 2239/2239
f 2240/2240 2241/2241 2242/2242
f 2243/2243 2244/2244 2245/2245
f 2246/2246 509/509 508/508
f 2247/2247 2248/2248 2249/2249
f 2250/2250 2251/2251 2252/2252
f 122/122 2253/2253 123/123
f 2254/2254 2255/2255 2256/2256
f 2255/2255 2254/2254 2257/2257
f 161/161 163/163 2258/2258
f 2259/2259 2260/2260 2261/2261
f 2260/2260 2259/2259 2262/2262
f 2263/2263 2264/2264 2265/2265
f 2266/2266 2267/2267 2268/2268
f 2269/2269 2270/2270 2271/2271
f 2272/2272 2273/2273 2274/2274
f 2275/2275 2276/2276 2277/2277
f 2278/2278 2279/2279 2280/2280
f 2182/2182 2181/2181 2281/2281
f 2282/2282 2283/2283 2284/2284
f 2285/2285 2286/2286 2287/2287
f 2286/2286 2285/2285 2288/2288
f 2289/2289 2290/2290 2291/2291
f 2292/2292 2293/2293 2294/2294
f 2295/2295 2296/2296 2297/2297
f 2298/2298 2299/2299 2300/2300
f 2301/2301 2302/2302 2303/2303
f 2302/2302 2301/2301 2304/2304
f 2034/2034 2017/2017 2019/2019
f 2305/2305 2306/2306 2307/2307
f 2308/2308 2309/2309 2310/2310
f 2309/2309 2308/2308 2311/2311
f 2312/2312 2313/2313 2314/2314
f 2313/2313 2312/2312 2315/2315
f 2315/2315 2316/2316 2313/2313
f 2317/2317 2318/2318 2319/2319
f 2318/2318 2317/2317 2320/2320
f 2321/2321 2322/2322 2323/2323
f 2322/2322 2321/2321 2324/2324
f 2325/2325 2326/2326 2327/2327
f 2326/2326 2325/2325 2328/2328
f 2329/2329 2330/2330 2331/2331
f 2330/2330 2329/2329 2332/2332
f 2332/2332 2329/2329 2333/2333
f 2332/2332 2333/2333 2334/2334
f 2334/2334 2333/2333 2335/2335
f 2334/2334 2335/2335 2336/2336
f 2334/2334 2336/2336 2337/2337
f 2338/2338 2339/2339 2340/2340
f 2341/2341 2342/2342 2343/2343
f 2344/2344 2345/2345 2346/2346
f 2347/2347 2348/2348 2349/2349
f 2348/2348 2347/2347 2350/2350
f 2351/2351 2352/2352 2353/2353
f 2352/2352 2351/2351 2354/2354
f 2355/2355 2356/2356 2357/2357
f 2358/2358 2359/2359 2360/2360
f 2359/2359 2358/2358 2361/2361
f 2362/2362 2363/2363 2364/2364
f 2363/2363 2362/2362 2365/2365
f 2213/2213 2215/2215 2366/2366
f 2367/2367 2283/2283 2282/2282
f 2368/2368 2369/2369 2370/2370
f 2371/2371 2372/2372 2373/2373
f 2374/2374 2375/2375 2376/2376
f 2377/2377 2378/2378 2379/2379
f 2380/2380 2381/2381 2382/2382
f 2381/2381 2380/2380 2383/2383
f 2381/2381 2383/2383 2384/2384
f 2384/2384 2383/2383 2385/2385
f 2384/2384 2385/2385 2386/2386
f 2386/2386 2385/2385 2387/2387
f 2388/2388 492/492 494/494
f 2389/2389 2390/2390 2391/2391
f 2392/2392 2393/2393 2394/2394
f 2393/2393 2392/2392 2395/2395
f 2396/2396 2397/2397 2398/2398
f 2399/2399 2400/2400 2401/2401
f 2400/2400 2399/2399 2402/2402
f 306/306 2403/2403 307/307
f 2145/2145 2404/2404 2405/2405
f 2404/2404 2145/2145 2406/2406
f 2406/2406 2145/2145 2407/2407
f 2407/2407 2145/2145 2144/2144
f 2407/2407 2144/2144 2408/2408
f 2407/2407 2408/2408 2409/2409
f 2409/2409 2408/2408 2019/2019
f 2409/2409 2019/2019 2018/2018
f 2409/2409 2018/2018 2410/2410
f 2409/2409 2410/2410 2411/2411
f 2411/2411 2410/2410 2412/2412
f 2411/2411 2412/2412 2413/2413
f 2414/2414 2415/2415 2416/2416
f 2415/2415 2414/2414 2413/2413
f 2415/2415 2413/2413 2417/2417
f 2417/2417 2413/2413 2412/2412
f 2404/2404 2418/2418 2419/2419
f 2418/2418 2404/2404 2406/2406
f 2419/2419 2418/2418 2420/2420
f 2419/2419 2420/2420 2421/2421
f 2421/2421 2420/2420 2422/2422
f 2422/2422 2420/2420 2414/2414
f 2422/2422 2414/2414 2423/2423
f 2423/2423 2414/2414 2416/2416
f 2423/2423 2416/2416 2424/2424
f 2423/2423 2424/2424 2425/2425
f 2425/2425 2424/2424 2426/2426
f 2425/2425 2426/2426 2427/2427
f 2425/2425 2427/2427 2428/2428
f 2428/2428 2427/2427 2429/2429
f 2428/2428 2429/2429 2430/2430
f 2430/2430 2429/2429 2431/2431
f 2430/2430 2431/2431 2432/2432
f 2430/2430 2432/2432 2433/2433
f 2433/2433 2432/2432 2434/2434
f 2421/2421 2435/2435 2419/2419
f 2436/2436 2437/2437 2438/2438
f 2439/2439 1975/1975 1977/1977
f 2440/2440 2441/2441 2442/2442
f 2441/2441 2440/2440 2443/2443
f 2444/2444 2445/2445 2446/2446
f 2445/2445 2444/2444 2447/2447
f 2448/2448 2449/2449 2450/2450
f 2449/2449 2448/2448 2451/2451
f 2452/2452 2453/2453 2454/2454
f 2455/2455 2456/2456 2457/2457
f 2300/2300 2299/2299 2458/2458
f 2378/2378 2459/2459 2379/2379
f 426/426 2460/2460 427/427
f 2355/2355 2357/2357 2461/2461
f 2462/2462 2463/2463 2464/2464
f 2463/2463 2462/2462 2465/2465
f 2466/2466 2467/2467 2468/2468
f 2467/2467 2466/2466 2469/2469
f 2470/2470 2471/2471 2472/2472
f 2473/2473 2474/2474 2475/2475
f 2476/2476 2477/2477 2478/2478
f 2477/2477 2476/2476 2479/2479
f 2480/2480 2481/2481 2482/2482
f 2483/2483 2484/2484 2485/2485
f 2486/2486 2487/2487 2488/2488
f 2489/2489 2490/2490 2491/2491
f 2490/2490 2489/2489 2492/2492
f 2493/2493 2494/2494 2495/2495
f 2496/2496 2497/2497 2498/2498
f 2497/2497 2496/2496 2499/2499
f 2500/2500 2501/2501 2502/2502
f 2501/2501 2500/2500 2503/2503
f 18/18 2032/2032 19/19
f 2504/2504 2505/2505 2506/2506
f 2507/2507 2508/2508 2509/2509
f 2508/2508 2507/2507 2510/2510
f 2511/2511 2512/2512 2513/2513
f 2514/2514 1639/1639 1641/1641
f 2515/2515 2516/2516 2517/2517
f 2516/2516 2515/2515 2518/2518
f 2519/2519 2520/2520 2521/2521
f 2520/2520 2519/2519 2522/2522
f 2523/2523 2524/2524 2525/2525
f 2526/2526 2527/2527 2528/2528
f 2529/2529 2530/2530 2531/2531
f 2532/2532 2533/2533 2534/2534
f 2535/2535 1092/1092 1094/1094
f 2536/2536 2537/2537 2538/2538
f 2537/2537 2536/2536 2539/2539
f 2540/2540 2541/2541 2542/2542
f 2543/2543 2544/2544 2545/2545
f 2544/2544 2543/2543 2546/2546
f 2547/2547 2548/2548 2549/2549
f 2550/2550 2551/2551 2552/2552
f 2553/2553 2554/2554 2555/2555
f 2554/2554 2553/2553 2556/2556
f 2117/2117 2116/2116 2557/2557
f 2390/2390 2558/2558 2391/2391
f 2559/2559 2560/2560 2561/2561
f 2562/2562 347/347 346/346
f 2396/2396 2398/2398 2563/2563
f 321/321 2564/2564 322/322
f 2565/2565 2267/2267 2266/2266
f 2566/2566 2567/2567 2568/2568
f 393/393 2569/2569 394/394
f 2570/2570 2571/2571 2572/2572
f 2573/2573 2574/2574 2575/2575
f 2574/2574 2573/2573 2576/2576
f 2577/2577 2578/2578 2579/2579
f 2578/2578 2577/2577 2580/2580
f 383/383 2581/2581 384/384
f 2295/2295 2297/2297 2582/2582
f 2583/2583 2584/2584 2585/2585
f 2586/2586 2587/2587 2588/2588
f 2587/2587 2586/2586 2589/2589
f 2505/2505 2590/2590 2506/2506
f 2591/2591 2592/2592 2593/2593
f 2594/2594 2595/2595 2596/2596
f 2595/2595 2594/2594 2597/2597
f 2598/2598 2599/2599 2600/2600
f 2599/2599 2598/2598 2601/2601
f 2602/2602 377/377 376/376
f 1128/1128 1127/1127 2603/2603
f 608/608 2604/2604 609/609
f 2605/2605 2606/2606 2607/2607
f 2606/2606 2605/2605 2608/2608
f 2609/2609 2610/2610 2611/2611
f 2610/2610 2609/2609 2612/2612
f 2613/2613 2614/2614 2615/2615
f 2614/2614 2613/2613 2616/2616
f 2617/2617 2618/2618 2619/2619
f 2618/2618 2617/2617 2620/2620
f 2621/2621 2622/2622 2623/2623
f 2622/2622 2621/2621 2624/2624
f 467/467 469/469 2625/2625
f 1573/1573 1572/1572 2626/2626
f 1096/1096 2627/2627 1097/1097
f 2628/2628 2629/2629 2630/2630
f 2629/2629 2628/2628 2631/2631

