# https://github.com/mikedh/trimesh
mtllib material.mtl
usemtl defaultplastic
v 1.00000000 0.00850000 -0.02000000
v 1.00000000 0.00850000 -0.41999999
v 1.00000000 0.01500000 -0.31999999
v 1.00000000 0.01500000 -0.41999999
v 1.00000000 0.08500000 -0.30000001
v 1.00000000 0.01500000 -0.30900872
v 1.00000000 0.08500000 -0.30900872
v 1.00000000 0.01500000 -0.30000001
v 1.00000000 0.01500000 -0.02000000
v 1.00000000 0.00850000 -0.02000000
v 1.00000000 0.08500000 -0.31099129
v 1.00000000 0.09150000 -0.41999999
v 1.00000000 0.08500000 -0.30900872
v 1.00000000 0.09150000 -0.02000000
v 1.00000000 0.08500000 -0.30000001
v 1.00000000 0.08500000 -0.02000000
v 1.00000000 0.08500000 -0.41999999
v 1.00000000 0.09150000 -0.41999999
v 1.00000000 0.08500000 -0.31999999
v 1.00000000 0.08500000 -0.31099129
v 1.00000000 0.01500000 -0.31999999
v 1.00000000 0.01500000 -0.31099129
v 1.00000000 0.00850000 -0.02000000
v 1.00000000 0.01500000 -0.30900872
v 1.00000000 0.01500000 -0.30000001
v 1.00000000 0.08500000 -0.30000001
v 0.03010000 0.00850000 -0.02000000
v 0.03010000 0.00850000 -0.41999999
v 0.03010000 0.01500000 -0.31999999
v 0.03010000 0.01500000 -0.41999999
v 0.03010000 0.08500000 -0.30000001
v 0.03010000 0.01500000 -0.30900872
v 0.03010000 0.08500000 -0.30900872
v 0.03010000 0.01500000 -0.30000001
v 0.03010000 0.01500000 -0.02000000
v 0.03010000 0.00850000 -0.02000000
v 0.03010000 0.08500000 -0.31099129
v 0.03010000 0.09150000 -0.41999999
v 0.03010000 0.08500000 -0.30900872
v 0.03010000 0.09150000 -0.02000000
v 0.03010000 0.08500000 -0.30000001
v 0.03010000 0.08500000 -0.02000000
v 0.03010000 0.08500000 -0.41999999
v 0.03010000 0.09150000 -0.41999999
v 0.03010000 0.08500000 -0.31999999
v 0.03010000 0.08500000 -0.31099129
v 0.03010000 0.01500000 -0.31999999
v 0.03010000 0.01500000 -0.31099129
v 0.03010000 0.00850000 -0.02000000
v 0.03010000 0.01500000 -0.30900872
v 0.03010000 0.01500000 -0.30000001
v 0.03010000 0.08500000 -0.30000001
v 0.00010000 0.00850000 -0.41999999
v 0.00010000 0.00850000 -0.02000000
v 0.00010000 0.01500000 -0.30000001
v 0.00010000 0.01500000 -0.02000000
v 0.00010000 0.01500000 -0.31099129
v 0.00010000 0.00850000 -0.41999999
v 0.00010000 0.01500000 -0.30900872
v 0.00010000 0.01500000 -0.30000001
v 0.00010000 0.08500000 -0.30900872
v 0.00010000 0.08500000 -0.30000001
v 0.00010000 0.09150000 -0.41999999
v 0.00010000 0.08500000 -0.41999999
v 0.00010000 0.08500000 -0.31999999
v 0.00010000 0.01500000 -0.41999999
v 0.00010000 0.00850000 -0.41999999
v 0.00010000 0.01500000 -0.31999999
v 0.00010000 0.01500000 -0.31099129
v 0.00010000 0.08500000 -0.31999999
v 0.00010000 0.08500000 -0.31099129
v 0.00010000 0.09150000 -0.41999999
v 0.00010000 0.08500000 -0.30900872
v 0.00010000 0.09150000 -0.02000000
v 0.00010000 0.08500000 -0.30000001
v 0.00010000 0.08500000 -0.02000000
v 0.97000003 0.00850000 -0.41999999
v 0.97000003 0.00850000 -0.02000000
v 0.97000003 0.01500000 -0.30000001
v 0.97000003 0.01500000 -0.02000000
v 0.97000003 0.01500000 -0.31099129
v 0.97000003 0.00850000 -0.41999999
v 0.97000003 0.01500000 -0.30900872
v 0.97000003 0.01500000 -0.30000001
v 0.97000003 0.08500000 -0.30900872
v 0.97000003 0.08500000 -0.30000001
v 0.97000003 0.09150000 -0.41999999
v 0.97000003 0.08500000 -0.41999999
v 0.97000003 0.08500000 -0.31999999
v 0.97000003 0.01500000 -0.41999999
v 0.97000003 0.00850000 -0.41999999
v 0.97000003 0.01500000 -0.31999999
v 0.97000003 0.01500000 -0.31099129
v 0.97000003 0.08500000 -0.31999999
v 0.97000003 0.08500000 -0.31099129
v 0.97000003 0.09150000 -0.41999999
v 0.97000003 0.08500000 -0.30900872
v 0.97000003 0.09150000 -0.02000000
v 0.97000003 0.08500000 -0.30000001
v 0.97000003 0.08500000 -0.02000000
v 0.67670000 0.01500000 -0.30000001
v 0.67670000 0.01500000 -0.02000000
v 0.67670000 0.00850000 -0.02000000
v 0.67670000 0.08500000 -0.30900872
v 0.67670000 0.08500000 -0.31099129
v 0.67670000 0.09150000 -0.41999999
v 0.67670000 0.00850000 -0.41999999
v 0.67670000 0.01500000 -0.41999999
v 0.67670000 0.01500000 -0.31999999
v 0.67670000 0.08500000 -0.41999999
v 0.67670000 0.09150000 -0.41999999
v 0.67670000 0.08500000 -0.31999999
v 0.67670000 0.08500000 -0.31099129
v 0.67670000 0.01500000 -0.31999999
v 0.67670000 0.01500000 -0.31099129
v 0.67670000 0.00850000 -0.41999999
v 0.67670000 0.01500000 -0.30900872
v 0.67670000 0.09150000 -0.02000000
v 0.67670000 0.08500000 -0.02000000
v 0.67670000 0.08500000 -0.30000001
v 0.67670000 0.00850000 -0.02000000
v 0.67670000 0.00850000 -0.41999999
v 0.67670000 0.01500000 -0.30000001
v 0.67670000 0.01500000 -0.30900872
v 0.67670000 0.08500000 -0.30000001
v 0.67670000 0.08500000 -0.30900872
v 0.67670000 0.09150000 -0.02000000
v 0.67670000 0.09150000 -0.41999999
v 0.64670002 0.08500000 -0.30000001
v 0.64670002 0.08500000 -0.30900872
v 0.64670002 0.01500000 -0.30000001
v 0.64670002 0.01500000 -0.30900872
v 0.64670002 0.01500000 -0.31099129
v 0.64670002 0.00850000 -0.41999999
v 0.64670002 0.01500000 -0.30900872
v 0.64670002 0.00850000 -0.02000000
v 0.64670002 0.01500000 -0.30000001
v 0.64670002 0.01500000 -0.02000000
v 0.64670002 0.09150000 -0.41999999
v 0.64670002 0.08500000 -0.41999999
v 0.64670002 0.08500000 -0.31999999
v 0.64670002 0.01500000 -0.41999999
v 0.64670002 0.00850000 -0.41999999
v 0.64670002 0.01500000 -0.31999999
v 0.64670002 0.01500000 -0.31099129
v 0.64670002 0.08500000 -0.31999999
v 0.64670002 0.08500000 -0.31099129
v 0.64670002 0.09150000 -0.41999999
v 0.64670002 0.08500000 -0.30900872
v 0.64670002 0.09150000 -0.02000000
v 0.64670002 0.08500000 -0.30000001
v 0.64670002 0.08500000 -0.02000000
v 0.32339999 0.08500000 -0.30000001
v 0.32339999 0.08500000 -0.30900872
v 0.32339999 0.01500000 -0.30000001
v 0.32339999 0.01500000 -0.30900872
v 0.32339999 0.01500000 -0.31099129
v 0.32339999 0.00850000 -0.41999999
v 0.32339999 0.01500000 -0.30900872
v 0.32339999 0.00850000 -0.02000000
v 0.32339999 0.01500000 -0.30000001
v 0.32339999 0.01500000 -0.02000000
v 0.32339999 0.09150000 -0.41999999
v 0.32339999 0.08500000 -0.41999999
v 0.32339999 0.08500000 -0.31999999
v 0.32339999 0.01500000 -0.41999999
v 0.32339999 0.00850000 -0.41999999
v 0.32339999 0.01500000 -0.31999999
v 0.32339999 0.01500000 -0.31099129
v 0.32339999 0.08500000 -0.31999999
v 0.32339999 0.08500000 -0.31099129
v 0.32339999 0.09150000 -0.41999999
v 0.32339999 0.08500000 -0.30900872
v 0.32339999 0.09150000 -0.02000000
v 0.32339999 0.08500000 -0.30000001
v 0.32339999 0.08500000 -0.02000000
v 0.35339999 0.01500000 -0.30000001
v 0.35339999 0.01500000 -0.02000000
v 0.35339999 0.00850000 -0.02000000
v 0.35339999 0.08500000 -0.30900872
v 0.35339999 0.08500000 -0.31099129
v 0.35339999 0.09150000 -0.41999999
v 0.35339999 0.00850000 -0.41999999
v 0.35339999 0.01500000 -0.41999999
v 0.35339999 0.01500000 -0.31999999
v 0.35339999 0.08500000 -0.41999999
v 0.35339999 0.09150000 -0.41999999
v 0.35339999 0.08500000 -0.31999999
v 0.35339999 0.08500000 -0.31099129
v 0.35339999 0.01500000 -0.31999999
v 0.35339999 0.01500000 -0.31099129
v 0.35339999 0.00850000 -0.41999999
v 0.35339999 0.01500000 -0.30900872
v 0.35339999 0.09150000 -0.02000000
v 0.35339999 0.08500000 -0.02000000
v 0.35339999 0.08500000 -0.30000001
v 0.35339999 0.00850000 -0.02000000
v 0.35339999 0.00850000 -0.41999999
v 0.35339999 0.01500000 -0.30000001
v 0.35339999 0.01500000 -0.30900872
v 0.35339999 0.08500000 -0.30000001
v 0.35339999 0.08500000 -0.30900872
v 0.35339999 0.09150000 -0.02000000
v 0.35339999 0.09150000 -0.41999999
v 0.32339999 0.08500000 -0.30000001
v 0.32339999 0.01500000 -0.30000001
v 0.32990000 0.08500000 -0.30000001
v 0.32990000 0.01500000 -0.30000001
v 0.34490001 0.01500000 -0.30000001
v 0.34490001 0.08500000 -0.30000001
v 0.33190000 0.01500000 -0.30000001
v 0.33190000 0.08500000 -0.30000001
v 0.35339999 0.01500000 -0.30000001
v 0.35339999 0.08500000 -0.30000001
v 0.34689999 0.01500000 -0.30000001
v 0.34689999 0.08500000 -0.30000001
v 0.32339999 0.01500000 -0.31999999
v 0.32339999 0.08500000 -0.31999999
v 0.32990000 0.01500000 -0.31999999
v 0.32990000 0.08500000 -0.31999999
v 0.34490001 0.08500000 -0.31999999
v 0.34490001 0.01500000 -0.31999999
v 0.33190000 0.08500000 -0.31999999
v 0.33190000 0.01500000 -0.31999999
v 0.35339999 0.08500000 -0.31999999
v 0.35339999 0.01500000 -0.31999999
v 0.34689999 0.08500000 -0.31999999
v 0.34689999 0.01500000 -0.31999999
v 0.64670002 0.08500000 -0.30000001
v 0.64670002 0.01500000 -0.30000001
v 0.65319997 0.08500000 -0.30000001
v 0.65319997 0.01500000 -0.30000001
v 0.66820002 0.01500000 -0.30000001
v 0.66820002 0.08500000 -0.30000001
v 0.65520000 0.01500000 -0.30000001
v 0.65520000 0.08500000 -0.30000001
v 0.67670000 0.01500000 -0.30000001
v 0.67670000 0.08500000 -0.30000001
v 0.67019999 0.01500000 -0.30000001
v 0.67019999 0.08500000 -0.30000001
v 0.64670002 0.01500000 -0.31999999
v 0.64670002 0.08500000 -0.31999999
v 0.65319997 0.01500000 -0.31999999
v 0.65319997 0.08500000 -0.31999999
v 0.66820002 0.08500000 -0.31999999
v 0.66820002 0.01500000 -0.31999999
v 0.65520000 0.08500000 -0.31999999
v 0.65520000 0.01500000 -0.31999999
v 0.67670000 0.08500000 -0.31999999
v 0.67670000 0.01500000 -0.31999999
v 0.67019999 0.08500000 -0.31999999
v 0.67019999 0.01500000 -0.31999999
v 0.97000003 0.08500000 -0.30000001
v 0.97000003 0.01500000 -0.30000001
v 0.97649997 0.08500000 -0.30000001
v 0.97649997 0.01500000 -0.30000001
v 0.99150002 0.01500000 -0.30000001
v 0.99150002 0.08500000 -0.30000001
v 0.97850001 0.01500000 -0.30000001
v 0.97850001 0.08500000 -0.30000001
v 1.00000000 0.01500000 -0.30000001
v 1.00000000 0.08500000 -0.30000001
v 0.99349999 0.01500000 -0.30000001
v 0.99349999 0.08500000 -0.30000001
v 0.97850001 0.01500000 -0.31999999
v 0.97850001 0.08500000 -0.31999999
v 0.99150002 0.01500000 -0.31999999
v 0.99150002 0.08500000 -0.31999999
v 1.00000000 0.08500000 -0.31999999
v 1.00000000 0.01500000 -0.31999999
v 0.99349999 0.08500000 -0.31999999
v 0.99349999 0.01500000 -0.31999999
v 0.97000003 0.01500000 -0.31999999
v 0.97000003 0.08500000 -0.31999999
v 0.97649997 0.01500000 -0.31999999
v 0.97649997 0.08500000 -0.31999999
v 0.00010000 0.08500000 -0.30000001
v 0.00010000 0.01500000 -0.30000001
v 0.00660000 0.08500000 -0.30000001
v 0.00660000 0.01500000 -0.30000001
v 0.02160000 0.01500000 -0.30000001
v 0.02160000 0.08500000 -0.30000001
v 0.00860000 0.01500000 -0.30000001
v 0.00860000 0.08500000 -0.30000001
v 0.03010000 0.01500000 -0.30000001
v 0.03010000 0.08500000 -0.30000001
v 0.02360000 0.01500000 -0.30000001
v 0.02360000 0.08500000 -0.30000001
v 0.00860000 0.01500000 -0.31999999
v 0.00860000 0.08500000 -0.31999999
v 0.02160000 0.01500000 -0.31999999
v 0.02160000 0.08500000 -0.31999999
v 0.03010000 0.08500000 -0.31999999
v 0.03010000 0.01500000 -0.31999999
v 0.02360000 0.08500000 -0.31999999
v 0.02360000 0.01500000 -0.31999999
v 0.00010000 0.01500000 -0.31999999
v 0.00010000 0.08500000 -0.31999999
v 0.00660000 0.01500000 -0.31999999
v 0.00660000 0.08500000 -0.31999999
v 0.00860000 0.08500000 -0.31650001
v 0.00660000 0.08500000 -0.31650001
v 0.00860000 0.08500000 -0.30350000
v 0.00660000 0.08500000 -0.30350000
v 0.02360000 0.08500000 -0.31650001
v 0.02160000 0.08500000 -0.31650001
v 0.02360000 0.08500000 -0.30350000
v 0.02160000 0.08500000 -0.30350000
v 0.00660000 0.01500000 -0.31650001
v 0.00860000 0.01500000 -0.31650001
v 0.00660000 0.01500000 -0.30350000
v 0.00860000 0.01500000 -0.30350000
v 0.02160000 0.01500000 -0.31650001
v 0.02360000 0.01500000 -0.31650001
v 0.02160000 0.01500000 -0.30350000
v 0.02360000 0.01500000 -0.30350000
v 0.99150002 0.08500000 -0.30350000
v 0.99349999 0.08500000 -0.30350000
v 0.99150002 0.08500000 -0.31650001
v 0.99349999 0.08500000 -0.31650001
v 0.97850001 0.08500000 -0.31650001
v 0.97649997 0.08500000 -0.31650001
v 0.97850001 0.08500000 -0.30350000
v 0.97649997 0.08500000 -0.30350000
v 0.99349999 0.01500000 -0.30350000
v 0.99150002 0.01500000 -0.30350000
v 0.99349999 0.01500000 -0.31650001
v 0.99150002 0.01500000 -0.31650001
v 0.97649997 0.01500000 -0.31650001
v 0.97850001 0.01500000 -0.31650001
v 0.97649997 0.01500000 -0.30350000
v 0.97850001 0.01500000 -0.30350000
v 0.66820002 0.01500000 -0.31650001
v 0.67019999 0.01500000 -0.31650001
v 0.66820002 0.01500000 -0.30350000
v 0.67019999 0.01500000 -0.30350000
v 0.65319997 0.01500000 -0.31650001
v 0.65520000 0.01500000 -0.31650001
v 0.65319997 0.01500000 -0.30350000
v 0.65520000 0.01500000 -0.30350000
v 0.65520000 0.08500000 -0.31650001
v 0.65319997 0.08500000 -0.31650001
v 0.65520000 0.08500000 -0.30350000
v 0.65319997 0.08500000 -0.30350000
v 0.67019999 0.08500000 -0.31650001
v 0.66820002 0.08500000 -0.31650001
v 0.67019999 0.08500000 -0.30350000
v 0.66820002 0.08500000 -0.30350000
v 0.33190000 0.01500000 -0.30350000
v 0.32990000 0.01500000 -0.30350000
v 0.33190000 0.01500000 -0.31650001
v 0.32990000 0.01500000 -0.31650001
v 0.34689999 0.01500000 -0.30350000
v 0.34490001 0.01500000 -0.30350000
v 0.34689999 0.01500000 -0.31650001
v 0.34490001 0.01500000 -0.31650001
v 0.32990000 0.08500000 -0.30350000
v 0.33190000 0.08500000 -0.30350000
v 0.32990000 0.08500000 -0.31650001
v 0.33190000 0.08500000 -0.31650001
v 0.34490001 0.08500000 -0.30350000
v 0.34689999 0.08500000 -0.30350000
v 0.34490001 0.08500000 -0.31650001
v 0.34689999 0.08500000 -0.31650001
v 0.97850001 0.01500000 -0.02000000
v 0.99150002 0.01500000 -0.02000000
v 0.97850001 0.01500000 -0.30000001
v 0.99150002 0.01500000 -0.30000001
v 0.99349999 0.01500000 -0.02000000
v 1.00000000 0.01500000 -0.02000000
v 0.99349999 0.01500000 -0.30000001
v 1.00000000 0.01500000 -0.30000001
v 0.97850001 0.01500000 -0.31999999
v 0.99150002 0.01500000 -0.31999999
v 0.97850001 0.01500000 -0.41999999
v 0.99150002 0.01500000 -0.41999999
v 0.99349999 0.01500000 -0.31999999
v 1.00000000 0.01500000 -0.31999999
v 0.99349999 0.01500000 -0.41999999
v 1.00000000 0.01500000 -0.41999999
v 0.34689999 0.08500000 -0.30000001
v 0.35339999 0.08500000 -0.30000001
v 0.34689999 0.08500000 -0.02000000
v 0.35339999 0.08500000 -0.02000000
v 0.34490001 0.08500000 -0.02000000
v 0.33190000 0.08500000 -0.02000000
v 0.34490001 0.08500000 -0.30000001
v 0.33190000 0.08500000 -0.30000001
v 0.34689999 0.08500000 -0.41999999
v 0.35339999 0.08500000 -0.41999999
v 0.34689999 0.08500000 -0.31999999
v 0.35339999 0.08500000 -0.31999999
v 0.34490001 0.08500000 -0.31999999
v 0.33190000 0.08500000 -0.31999999
v 0.34490001 0.08500000 -0.41999999
v 0.33190000 0.08500000 -0.41999999
v 0.02360000 0.01500000 -0.02000000
v 0.03010000 0.01500000 -0.02000000
v 0.02360000 0.01500000 -0.30000001
v 0.03010000 0.01500000 -0.30000001
v 0.02160000 0.01500000 -0.30000001
v 0.00860000 0.01500000 -0.30000001
v 0.02160000 0.01500000 -0.02000000
v 0.00860000 0.01500000 -0.02000000
v 0.02360000 0.01500000 -0.31999999
v 0.03010000 0.01500000 -0.31999999
v 0.02360000 0.01500000 -0.41999999
v 0.03010000 0.01500000 -0.41999999
v 0.02160000 0.01500000 -0.41999999
v 0.00860000 0.01500000 -0.41999999
v 0.02160000 0.01500000 -0.31999999
v 0.00860000 0.01500000 -0.31999999
v 0.02360000 0.08500000 -0.30000001
v 0.03010000 0.08500000 -0.30000001
v 0.02360000 0.08500000 -0.02000000
v 0.03010000 0.08500000 -0.02000000
v 0.02160000 0.08500000 -0.02000000
v 0.00860000 0.08500000 -0.02000000
v 0.02160000 0.08500000 -0.30000001
v 0.00860000 0.08500000 -0.30000001
v 0.02360000 0.08500000 -0.41999999
v 0.03010000 0.08500000 -0.41999999
v 0.02360000 0.08500000 -0.31999999
v 0.03010000 0.08500000 -0.31999999
v 0.02160000 0.08500000 -0.31999999
v 0.00860000 0.08500000 -0.31999999
v 0.02160000 0.08500000 -0.41999999
v 0.00860000 0.08500000 -0.41999999
v 0.97850001 0.08500000 -0.30000001
v 0.99150002 0.08500000 -0.30000001
v 0.97850001 0.08500000 -0.02000000
v 0.99150002 0.08500000 -0.02000000
v 0.99349999 0.08500000 -0.30000001
v 1.00000000 0.08500000 -0.30000001
v 0.99349999 0.08500000 -0.02000000
v 1.00000000 0.08500000 -0.02000000
v 0.97850001 0.08500000 -0.41999999
v 0.99150002 0.08500000 -0.41999999
v 0.97850001 0.08500000 -0.31999999
v 0.99150002 0.08500000 -0.31999999
v 0.99349999 0.08500000 -0.41999999
v 1.00000000 0.08500000 -0.41999999
v 0.99349999 0.08500000 -0.31999999
v 1.00000000 0.08500000 -0.31999999
v 0.65520000 0.01500000 -0.02000000
v 0.66820002 0.01500000 -0.02000000
v 0.65520000 0.01500000 -0.30000001
v 0.66820002 0.01500000 -0.30000001
v 0.67019999 0.01500000 -0.02000000
v 0.67670000 0.01500000 -0.02000000
v 0.67019999 0.01500000 -0.30000001
v 0.67670000 0.01500000 -0.30000001
v 0.65520000 0.01500000 -0.31999999
v 0.66820002 0.01500000 -0.31999999
v 0.65520000 0.01500000 -0.41999999
v 0.66820002 0.01500000 -0.41999999
v 0.67019999 0.01500000 -0.31999999
v 0.67670000 0.01500000 -0.31999999
v 0.67019999 0.01500000 -0.41999999
v 0.67670000 0.01500000 -0.41999999
v 0.67019999 0.08500000 -0.30000001
v 0.67670000 0.08500000 -0.30000001
v 0.67019999 0.08500000 -0.02000000
v 0.67670000 0.08500000 -0.02000000
v 0.66820002 0.08500000 -0.02000000
v 0.65520000 0.08500000 -0.02000000
v 0.66820002 0.08500000 -0.30000001
v 0.65520000 0.08500000 -0.30000001
v 0.67019999 0.08500000 -0.41999999
v 0.67670000 0.08500000 -0.41999999
v 0.67019999 0.08500000 -0.31999999
v 0.67670000 0.08500000 -0.31999999
v 0.66820002 0.08500000 -0.31999999
v 0.65520000 0.08500000 -0.31999999
v 0.66820002 0.08500000 -0.41999999
v 0.65520000 0.08500000 -0.41999999
v 0.34689999 0.01500000 -0.02000000
v 0.35339999 0.01500000 -0.02000000
v 0.34689999 0.01500000 -0.30000001
v 0.35339999 0.01500000 -0.30000001
v 0.34490001 0.01500000 -0.30000001
v 0.33190000 0.01500000 -0.30000001
v 0.34490001 0.01500000 -0.02000000
v 0.33190000 0.01500000 -0.02000000
v 0.34689999 0.01500000 -0.31999999
v 0.35339999 0.01500000 -0.31999999
v 0.34689999 0.01500000 -0.41999999
v 0.35339999 0.01500000 -0.41999999
v 0.34490001 0.01500000 -0.41999999
v 0.33190000 0.01500000 -0.41999999
v 0.34490001 0.01500000 -0.31999999
v 0.33190000 0.01500000 -0.31999999
v 1.00000000 0.00000000 -0.02000000
v 1.00000000 0.00000000 -0.41999999
v 1.00000000 0.00650000 -0.02000000
v 1.00000000 0.00650000 -0.41999999
v 0.03010000 0.00650000 -0.02000000
v 0.03010000 0.00000000 -0.02000000
v 0.03010000 0.00650000 -0.41999999
v 0.03010000 0.00000000 -0.41999999
v 0.00010000 0.00650000 -0.41999999
v 0.00010000 0.00000000 -0.41999999
v 0.00010000 0.00650000 -0.02000000
v 0.00010000 0.00000000 -0.02000000
v 0.97000003 0.00650000 -0.41999999
v 0.97000003 0.00000000 -0.41999999
v 0.97000003 0.00650000 -0.02000000
v 0.97000003 0.00000000 -0.02000000
v 0.67670000 0.00650000 -0.02000000
v 0.67670000 0.00000000 -0.02000000
v 0.67670000 0.00650000 -0.41999999
v 0.67670000 0.00000000 -0.41999999
v 0.64670002 0.00650000 -0.41999999
v 0.64670002 0.00000000 -0.41999999
v 0.64670002 0.00650000 -0.02000000
v 0.64670002 0.00000000 -0.02000000
v 0.32339999 0.00650000 -0.41999999
v 0.32339999 0.00000000 -0.41999999
v 0.32339999 0.00650000 -0.02000000
v 0.32339999 0.00000000 -0.02000000
v 0.35339999 0.00650000 -0.02000000
v 0.35339999 0.00000000 -0.02000000
v 0.35339999 0.00650000 -0.41999999
v 0.35339999 0.00000000 -0.41999999
v 0.97649997 0.01500000 -0.30000001
v 0.97000003 0.01500000 -0.30000001
v 0.97649997 0.01500000 -0.02000000
v 0.97000003 0.01500000 -0.02000000
v 0.97649997 0.01500000 -0.41999999
v 0.97000003 0.01500000 -0.41999999
v 0.97649997 0.01500000 -0.31999999
v 0.97000003 0.01500000 -0.31999999
v 0.32990000 0.08500000 -0.02000000
v 0.32339999 0.08500000 -0.02000000
v 0.32990000 0.08500000 -0.30000001
v 0.32339999 0.08500000 -0.30000001
v 0.32990000 0.08500000 -0.31999999
v 0.32339999 0.08500000 -0.31999999
v 0.32990000 0.08500000 -0.41999999
v 0.32339999 0.08500000 -0.41999999
v 0.00660000 0.01500000 -0.30000001
v 0.00010000 0.01500000 -0.30000001
v 0.00660000 0.01500000 -0.02000000
v 0.00010000 0.01500000 -0.02000000
v 0.00660000 0.01500000 -0.41999999
v 0.00010000 0.01500000 -0.41999999
v 0.00660000 0.01500000 -0.31999999
v 0.00010000 0.01500000 -0.31999999
v 0.00660000 0.08500000 -0.02000000
v 0.00010000 0.08500000 -0.02000000
v 0.00660000 0.08500000 -0.30000001
v 0.00010000 0.08500000 -0.30000001
v 0.00660000 0.08500000 -0.31999999
v 0.00010000 0.08500000 -0.31999999
v 0.00660000 0.08500000 -0.41999999
v 0.00010000 0.08500000 -0.41999999
v 0.97649997 0.08500000 -0.02000000
v 0.97000003 0.08500000 -0.02000000
v 0.97649997 0.08500000 -0.30000001
v 0.97000003 0.08500000 -0.30000001
v 0.97649997 0.08500000 -0.31999999
v 0.97000003 0.08500000 -0.31999999
v 0.97649997 0.08500000 -0.41999999
v 0.97000003 0.08500000 -0.41999999
v 0.65319997 0.01500000 -0.30000001
v 0.64670002 0.01500000 -0.30000001
v 0.65319997 0.01500000 -0.02000000
v 0.64670002 0.01500000 -0.02000000
v 0.65319997 0.01500000 -0.41999999
v 0.64670002 0.01500000 -0.41999999
v 0.65319997 0.01500000 -0.31999999
v 0.64670002 0.01500000 -0.31999999
v 0.65319997 0.08500000 -0.02000000
v 0.64670002 0.08500000 -0.02000000
v 0.65319997 0.08500000 -0.30000001
v 0.64670002 0.08500000 -0.30000001
v 0.65319997 0.08500000 -0.31999999
v 0.64670002 0.08500000 -0.31999999
v 0.65319997 0.08500000 -0.41999999
v 0.64670002 0.08500000 -0.41999999
v 0.32990000 0.01500000 -0.30000001
v 0.32339999 0.01500000 -0.30000001
v 0.32990000 0.01500000 -0.02000000
v 0.32339999 0.01500000 -0.02000000
v 0.32990000 0.01500000 -0.41999999
v 0.32339999 0.01500000 -0.41999999
v 0.32990000 0.01500000 -0.31999999
v 0.32339999 0.01500000 -0.31999999
v 0.00000000 0.10000000 0.00000000
v 1.00000000 0.10000000 0.00000000
v 0.65319997 0.10000000 -0.02000000
v 0.65520000 0.10000000 -0.02000000
v 1.00000000 0.10000000 -0.41999999
v 0.99349999 0.10000000 -0.41999999
v 1.00000000 0.10000000 -0.02000000
v 0.99349999 0.10000000 -0.02000000
v 0.66820002 0.10000000 -0.02000000
v 0.66820002 0.10000000 -0.41999999
v 0.65520000 0.10000000 -0.41999999
v 0.35339999 0.10000000 -0.02000000
v 0.00000000 0.10000000 0.00000000
v 0.64670002 0.10000000 -0.02000000
v 0.65319997 0.10000000 -0.02000000
v 0.64670002 0.10000000 -0.41999999
v 0.65319997 0.10000000 -0.41999999
v 1.00000000 0.10000000 -0.02000000
v 1.00999999 0.10000000 -0.01000000
v 1.00965929 0.10000000 -0.01258819
v 1.00500000 0.10000000 -0.01866025
v 1.00258815 0.10000000 -0.01965926
v 1.00707102 0.10000000 -0.01707107
v 1.00000000 0.10000000 -0.02000000
v 1.00866020 0.10000000 -0.01500000
v 1.00965929 0.10000000 -0.01258819
v 0.32990000 0.10000000 -0.02000000
v 0.32990000 0.10000000 -0.41999999
v 0.32339999 0.10000000 -0.41999999
v 0.99150002 0.10000000 -0.02000000
v 1.00000000 0.10000000 0.00000000
v 1.00258815 0.10000000 -0.00034074
v 0.99150002 0.10000000 -0.41999999
v 0.97850001 0.10000000 -0.41999999
v 0.99150002 0.10000000 -0.02000000
v 0.97850001 0.10000000 -0.02000000
v 1.00000000 0.10000000 0.00000000
v 0.97649997 0.10000000 -0.02000000
v 1.00258815 0.10000000 -0.00034074
v 1.00500000 0.10000000 -0.00133975
v 0.99150002 0.10000000 -0.02000000
v 1.00707102 0.10000000 -0.00292893
v 0.99349999 0.10000000 -0.02000000
v 1.00866020 0.10000000 -0.00500000
v 1.00000000 0.10000000 -0.02000000
v 1.00965929 0.10000000 -0.00741181
v 1.00999999 0.10000000 -0.01000000
v 0.97649997 0.10000000 -0.41999999
v 0.97000003 0.10000000 -0.41999999
v 0.97649997 0.10000000 -0.02000000
v 0.97000003 0.10000000 -0.02000000
v 1.00000000 0.10000000 0.00000000
v 0.67670000 0.10000000 -0.02000000
v 0.32339999 0.10000000 -0.02000000
v 0.03010000 0.10000000 -0.02000000
v 0.00000000 0.10000000 0.00000000
v 0.67670000 0.10000000 -0.41999999
v 0.67019999 0.10000000 -0.41999999
v 0.67670000 0.10000000 -0.02000000
v 0.67019999 0.10000000 -0.02000000
v 1.00000000 0.10000000 0.00000000
v 0.66820002 0.10000000 -0.02000000
v 0.65520000 0.10000000 -0.02000000
v 0.65520000 0.10000000 -0.41999999
v 0.35339999 0.10000000 -0.41999999
v 0.34689999 0.10000000 -0.41999999
v 0.35339999 0.10000000 -0.02000000
v 0.34689999 0.10000000 -0.02000000
v 0.00000000 0.10000000 0.00000000
v 0.34490001 0.10000000 -0.02000000
v 0.03010000 0.10000000 -0.41999999
v 0.02360000 0.10000000 -0.41999999
v 0.03010000 0.10000000 -0.02000000
v 0.02360000 0.10000000 -0.02000000
v 0.00000000 0.10000000 0.00000000
v 0.02160000 0.10000000 -0.41999999
v 0.00860000 0.10000000 -0.41999999
v 0.02160000 0.10000000 -0.02000000
v 0.00860000 0.10000000 -0.02000000
v 0.34490001 0.10000000 -0.41999999
v 0.33190000 0.10000000 -0.41999999
v 0.34490001 0.10000000 -0.02000000
v 0.33190000 0.10000000 -0.02000000
v 0.00000000 0.10000000 0.00000000
v 0.32990000 0.10000000 -0.02000000
v 0.32339999 0.10000000 -0.02000000
v 0.32339999 0.10000000 -0.41999999
v 0.00660000 0.10000000 -0.02000000
v -0.00866025 0.10000000 -0.00500000
v -0.00707107 0.10000000 -0.00292893
v 0.02360000 0.10000000 -0.02000000
v 0.02160000 0.10000000 -0.02000000
v 0.00000000 0.10000000 0.00000000
v 0.00860000 0.10000000 -0.02000000
v -0.00258819 0.10000000 -0.00034074
v 0.00660000 0.10000000 -0.02000000
v -0.00500000 0.10000000 -0.00133975
v -0.00707107 0.10000000 -0.00292893
v 0.00660000 0.10000000 -0.41999999
v 0.00010000 0.10000000 -0.41999999
v 0.00660000 0.10000000 -0.02000000
v 0.00010000 0.10000000 -0.02000000
v -0.00866025 0.10000000 -0.00500000
v -0.00000000 0.10000000 -0.02000000
v -0.00258819 0.10000000 -0.01965926
v -0.01000000 0.10000000 -0.01000000
v -0.00707107 0.10000000 -0.01707107
v -0.00965926 0.10000000 -0.01258819
v -0.00866025 0.10000000 -0.01500000
v -0.00258819 0.10000000 -0.01965926
v -0.00500000 0.10000000 -0.01866025
v -0.00866025 0.10000000 -0.00500000
v -0.00707107 0.10000000 -0.01707107
v -0.00965926 0.10000000 -0.00741181
v -0.01000000 0.10000000 -0.01000000
v 1.00000000 0.10000000 -0.41999999
v 1.00000000 0.10000000 -0.02000000
v 1.00000000 0.09350000 -0.41999999
v 1.00000000 0.09350000 -0.02000000
v 0.00860000 0.00000000 -0.02000000
v 0.00860000 0.00000000 -0.41999999
v 0.02160000 0.00000000 -0.41999999
v 1.00000000 0.00000000 0.00000000
v 0.00000000 0.00000000 0.00000000
v 0.02360000 0.00000000 -0.02000000
v 0.02160000 0.00000000 -0.02000000
v 0.00000000 0.00000000 -0.02000000
v 0.00010000 0.00000000 -0.02000000
v 0.00000000 0.00000000 0.00000000
v 0.32339999 0.00000000 -0.02000000
v 1.00000000 0.00000000 0.00000000
v 0.03010000 0.00000000 -0.02000000
v 0.02360000 0.00000000 -0.02000000
v 0.03010000 0.00000000 -0.41999999
v 0.02360000 0.00000000 -0.41999999
v 0.00010000 0.00000000 -0.41999999
v 0.00660000 0.00000000 -0.41999999
v 0.00010000 0.00000000 -0.02000000
v 0.00660000 0.00000000 -0.02000000
v 0.00000000 0.00000000 0.00000000
v 0.00860000 0.00000000 -0.02000000
v 0.02160000 0.00000000 -0.02000000
v 0.02160000 0.00000000 -0.41999999
v 0.00000000 0.00000000 0.00000000
v -0.00258819 0.00000000 -0.00034074
v 0.00000000 0.00000000 -0.02000000
v -0.00500000 0.00000000 -0.00133975
v -0.00707107 0.00000000 -0.00292893
v 0.34689999 0.00000000 -0.02000000
v 0.34689999 0.00000000 -0.41999999
v 0.35339999 0.00000000 -0.41999999
v 0.00000000 0.00000000 -0.02000000
v -0.01000000 0.00000000 -0.01000000
v -0.00965926 0.00000000 -0.01258819
v -0.00707107 0.00000000 -0.00292893
v -0.00866025 0.00000000 -0.00500000
v 0.00000000 0.00000000 -0.02000000
v -0.00965926 0.00000000 -0.00741181
v -0.01000000 0.00000000 -0.01000000
v -0.00500000 0.00000000 -0.01866025
v -0.00258819 0.00000000 -0.01965926
v -0.00707107 0.00000000 -0.01707107
v 0.00000000 0.00000000 -0.02000000
v -0.00866025 0.00000000 -0.01500000
v -0.00965926 0.00000000 -0.01258819
v 0.32339999 0.00000000 -0.41999999
v 0.32990000 0.00000000 -0.41999999
v 0.32339999 0.00000000 -0.02000000
v 0.32990000 0.00000000 -0.02000000
v 1.00000000 0.00000000 0.00000000
v 0.33190000 0.00000000 -0.02000000
v 0.35339999 0.00000000 -0.02000000
v 0.64670002 0.00000000 -0.02000000
v 1.00000000 0.00000000 0.00000000
v 0.67019999 0.00000000 -0.02000000
v 0.67019999 0.00000000 -0.41999999
v 0.67670000 0.00000000 -0.41999999
v 0.35339999 0.00000000 -0.41999999
v 0.35339999 0.00000000 -0.02000000
v 0.34689999 0.00000000 -0.02000000
v 1.00000000 0.00000000 0.00000000
v 0.34490001 0.00000000 -0.02000000
v 0.33190000 0.00000000 -0.02000000
v 0.34490001 0.00000000 -0.41999999
v 0.33190000 0.00000000 -0.41999999
v 0.67670000 0.00000000 -0.02000000
v 0.97000003 0.00000000 -0.02000000
v 1.00000000 0.00000000 0.00000000
v 0.64670002 0.00000000 -0.41999999
v 0.65319997 0.00000000 -0.41999999
v 0.64670002 0.00000000 -0.02000000
v 0.65319997 0.00000000 -0.02000000
v 1.00000000 0.00000000 0.00000000
v 0.65520000 0.00000000 -0.02000000
v 0.97850001 0.00000000 -0.02000000
v 0.97850001 0.00000000 -0.41999999
v 0.99150002 0.00000000 -0.41999999
v 0.65520000 0.00000000 -0.41999999
v 0.66820002 0.00000000 -0.41999999
v 0.65520000 0.00000000 -0.02000000
v 0.66820002 0.00000000 -0.02000000
v 1.00000000 0.00000000 0.00000000
v 0.67019999 0.00000000 -0.02000000
v 0.67670000 0.00000000 -0.02000000
v 0.67670000 0.00000000 -0.41999999
v 0.99150002 0.00000000 -0.41999999
v 0.99150002 0.00000000 -0.02000000
v 0.97850001 0.00000000 -0.02000000
v 1.00000000 0.00000000 0.00000000
v 0.97649997 0.00000000 -0.02000000
v 0.97000003 0.00000000 -0.02000000
v 0.97649997 0.00000000 -0.41999999
v 0.97000003 0.00000000 -0.41999999
v 0.99349999 0.00000000 -0.41999999
v 1.00000000 0.00000000 -0.41999999
v 0.99349999 0.00000000 -0.02000000
v 1.00000000 0.00000000 -0.02000000
v 1.00866020 0.00000000 -0.00500000
v 1.00707102 0.00000000 -0.00292893
v 0.99150002 0.00000000 -0.02000000
v 1.00965929 0.00000000 -0.01258819
v 1.00999999 0.00000000 -0.01000000
v 1.00000000 0.00000000 -0.02000000
v 1.00707102 0.00000000 -0.00292893
v 1.00500000 0.00000000 -0.00133975
v 0.99150002 0.00000000 -0.02000000
v 1.00258815 0.00000000 -0.00034074
v 1.00000000 0.00000000 0.00000000
v 1.00258815 0.00000000 -0.01965926
v 1.00500000 0.00000000 -0.01866025
v 1.00707102 0.00000000 -0.01707107
v 0.99150002 0.00000000 -0.02000000
v 0.99349999 0.00000000 -0.02000000
v 1.00866020 0.00000000 -0.00500000
v 1.00000000 0.00000000 -0.02000000
v 1.00965929 0.00000000 -0.00741181
v 1.00999999 0.00000000 -0.01000000
v 1.00258815 0.00000000 -0.01965926
v 1.00707102 0.00000000 -0.01707107
v 1.00000000 0.00000000 -0.02000000
v 1.00866020 0.00000000 -0.01500000
v 1.00965929 0.00000000 -0.01258819
v 0.97649997 0.08650000 -0.02000000
v 0.97500002 0.08650000 -0.02000000
v 0.97649997 0.08850000 -0.02000000
v 0.02860000 0.09150000 -0.02000000
v 0.02860000 0.09000000 -0.02000000
v 0.02660000 0.09150000 -0.02000000
v 0.00160000 0.09350000 -0.02000000
v 0.00160000 0.09500000 -0.02000000
v 0.00360000 0.09350000 -0.02000000
v 0.35190001 0.09150000 -0.02000000
v 0.35190001 0.09000000 -0.02000000
v 0.34990001 0.09150000 -0.02000000
v 0.67519999 0.09150000 -0.02000000
v 0.67519999 0.09000000 -0.02000000
v 0.67320001 0.09150000 -0.02000000
v 0.97149998 0.00850000 -0.02000000
v 0.97149998 0.01000000 -0.02000000
v 0.97350001 0.00850000 -0.02000000
v 0.02860000 0.00650000 -0.02000000
v 0.02860000 0.00500000 -0.02000000
v 0.02660000 0.00650000 -0.02000000
v 0.35339999 0.09350000 -0.02000000
v 0.35339999 0.10000000 -0.02000000
v 0.64670002 0.10000000 -0.02000000
v 0.99349999 0.01350000 -0.02000000
v 0.99500000 0.01350000 -0.02000000
v 0.99349999 0.01150000 -0.02000000
v 0.32339999 0.00000000 -0.02000000
v 0.03010000 0.00000000 -0.02000000
v 0.03010000 0.00650000 -0.02000000
v 0.02660000 0.09350000 -0.02000000
v 0.02860000 0.09500000 -0.02000000
v 0.02860000 0.09350000 -0.02000000
v 0.35190001 0.00650000 -0.02000000
v 0.35190001 0.00500000 -0.02000000
v 0.34990001 0.00650000 -0.02000000
v 0.64670002 0.00650000 -0.02000000
v 0.64670002 0.00000000 -0.02000000
v 0.35339999 0.00000000 -0.02000000
v 0.97149998 0.09350000 -0.02000000
v 0.97149998 0.09500000 -0.02000000
v 0.97350001 0.09350000 -0.02000000
v 0.99150002 0.08650000 -0.02000000
v 0.99000001 0.08650000 -0.02000000
v 0.99150002 0.08850000 -0.02000000
v 0.00010000 0.09150000 -0.02000000
v 0.00010000 0.08500000 -0.02000000
v 0.00000000 0.10000000 -0.02000000
v 0.02360000 0.01350000 -0.02000000
v 0.02510000 0.01350000 -0.02000000
v 0.02360000 0.01150000 -0.02000000
v 0.00010000 0.00650000 -0.02000000
v 0.00010000 0.00000000 -0.02000000
v 0.00000000 0.00000000 -0.02000000
v 0.00160000 0.00850000 -0.02000000
v 0.00160000 0.01000000 -0.02000000
v 0.00360000 0.00850000 -0.02000000
v 0.34689999 0.01350000 -0.02000000
v 0.34840000 0.01350000 -0.02000000
v 0.34689999 0.01150000 -0.02000000
v 0.67519999 0.00650000 -0.02000000
v 0.67519999 0.00500000 -0.02000000
v 0.67320001 0.00650000 -0.02000000
v 0.34990001 0.09350000 -0.02000000
v 0.35190001 0.09500000 -0.02000000
v 0.35190001 0.09350000 -0.02000000
v 0.97649997 0.08500000 -0.02000000
v 1.00000000 0.01500000 -0.02000000
v 0.97000003 0.08500000 -0.02000000
v 0.99349999 0.01500000 -0.02000000
v 0.97850001 0.01350000 -0.02000000
v 0.98000002 0.01350000 -0.02000000
v 0.97850001 0.01150000 -0.02000000
v 0.97850001 0.08850000 -0.02000000
v 0.98000002 0.08650000 -0.02000000
v 0.97850001 0.08650000 -0.02000000
v 0.00360000 0.09150000 -0.02000000
v 0.00160000 0.09000000 -0.02000000
v 0.00360000 0.09350000 -0.02000000
v 0.00160000 0.09150000 -0.02000000
v 0.00160000 0.09350000 -0.02000000
v 0.00010000 0.09150000 -0.02000000
v 0.00010000 0.09350000 -0.02000000
v 0.00000000 0.10000000 -0.02000000
v 0.00010000 0.10000000 -0.02000000
v 0.03010000 0.09350000 -0.02000000
v 0.03010000 0.09150000 -0.02000000
v 0.02860000 0.09350000 -0.02000000
v 0.02860000 0.09150000 -0.02000000
v 0.02660000 0.09350000 -0.02000000
v 0.02660000 0.09150000 -0.02000000
v 0.34990001 0.00850000 -0.02000000
v 0.35190001 0.01000000 -0.02000000
v 0.35190001 0.00850000 -0.02000000
v 0.97000003 0.00000000 -0.02000000
v 0.67670000 0.00000000 -0.02000000
v 0.67670000 0.00650000 -0.02000000
v 0.67320001 0.09350000 -0.02000000
v 0.67519999 0.09500000 -0.02000000
v 0.67519999 0.09350000 -0.02000000
v 0.99150002 0.01150000 -0.02000000
v 0.99000001 0.01350000 -0.02000000
v 0.99150002 0.01350000 -0.02000000
v 0.00010000 0.00850000 -0.02000000
v 0.00160000 0.00850000 -0.02000000
v 0.00160000 0.00650000 -0.02000000
v 0.00360000 0.00850000 -0.02000000
v 0.00160000 0.00500000 -0.02000000
v 0.00360000 0.00650000 -0.02000000
v 0.00160000 0.00650000 -0.02000000
v 0.00010000 0.00650000 -0.02000000
v 0.00010000 0.00850000 -0.02000000
v 0.00000000 0.00000000 -0.02000000
v 0.00010000 0.01500000 -0.02000000
v 0.32990000 0.08650000 -0.02000000
v 0.32839999 0.08650000 -0.02000000
v 0.32990000 0.08850000 -0.02000000
v 0.32690001 0.00650000 -0.02000000
v 0.32490000 0.00500000 -0.02000000
v 0.32690001 0.00850000 -0.02000000
v 0.32490000 0.00650000 -0.02000000
v 0.67019999 0.01350000 -0.02000000
v 0.67170000 0.01350000 -0.02000000
v 0.67019999 0.01150000 -0.02000000
v 0.64819998 0.00850000 -0.02000000
v 0.64819998 0.01000000 -0.02000000
v 0.65020001 0.00850000 -0.02000000
v 0.34990001 0.09150000 -0.02000000
v 0.34990001 0.09350000 -0.02000000
v 0.35190001 0.09150000 -0.02000000
v 0.35190001 0.09350000 -0.02000000
v 0.35339999 0.09150000 -0.02000000
v 0.02660000 0.00850000 -0.02000000
v 0.02860000 0.01000000 -0.02000000
v 0.02860000 0.00850000 -0.02000000
v 0.00660000 0.08650000 -0.02000000
v 0.00510000 0.08650000 -0.02000000
v 0.00660000 0.08850000 -0.02000000
v 0.33190000 0.01350000 -0.02000000
v 0.33340001 0.01350000 -0.02000000
v 0.33190000 0.01150000 -0.02000000
v 0.67670000 0.09350000 -0.02000000
v 0.97000003 0.09150000 -0.02000000
v 0.97000003 0.08500000 -0.02000000
v 0.99150002 0.08500000 -0.02000000
v 1.00000000 0.01500000 -0.02000000
v 0.97850001 0.08500000 -0.02000000
v 0.97649997 0.08500000 -0.02000000
v 0.97850001 0.08650000 -0.02000000
v 0.97649997 0.08650000 -0.02000000
v 0.97850001 0.08850000 -0.02000000
v 0.97649997 0.08850000 -0.02000000
v 0.02660000 0.00650000 -0.02000000
v 0.02660000 0.00850000 -0.02000000
v 0.02860000 0.00650000 -0.02000000
v 0.02860000 0.00850000 -0.02000000
v 0.03010000 0.00650000 -0.02000000
v 0.03010000 0.00850000 -0.02000000
v 0.32339999 0.00000000 -0.02000000
v 0.03010000 0.01500000 -0.02000000
v 0.00860000 0.01350000 -0.02000000
v 0.01010000 0.01350000 -0.02000000
v 0.00860000 0.01150000 -0.02000000
v 0.34490001 0.08650000 -0.02000000
v 0.34340000 0.08650000 -0.02000000
v 0.34490001 0.08850000 -0.02000000
v 0.34490001 0.01150000 -0.02000000
v 0.34340000 0.01350000 -0.02000000
v 0.34490001 0.01350000 -0.02000000
v 0.97350001 0.09150000 -0.02000000
v 0.97149998 0.09000000 -0.02000000
v 0.97350001 0.09350000 -0.02000000
v 0.97149998 0.09150000 -0.02000000
v 0.97149998 0.09350000 -0.02000000
v 0.97000003 0.09150000 -0.02000000
v 0.97000003 0.09350000 -0.02000000
v 0.67670000 0.09350000 -0.02000000
v 0.97000003 0.10000000 -0.02000000
v 0.67670000 0.10000000 -0.02000000
v 0.97850001 0.01500000 -0.02000000
v 0.97000003 0.08500000 -0.02000000
v 0.99150002 0.01500000 -0.02000000
v 0.99349999 0.01500000 -0.02000000
v 0.99150002 0.01350000 -0.02000000
v 0.99349999 0.01350000 -0.02000000
v 0.99150002 0.01150000 -0.02000000
v 0.99349999 0.01150000 -0.02000000
v 0.99349999 0.08850000 -0.02000000
v 0.99500000 0.08650000 -0.02000000
v 0.99349999 0.08650000 -0.02000000
v 0.02360000 0.01500000 -0.02000000
v 0.00010000 0.08500000 -0.02000000
v 0.03010000 0.01500000 -0.02000000
v 0.00660000 0.08500000 -0.02000000
v 0.02160000 0.08650000 -0.02000000
v 0.02010000 0.08650000 -0.02000000
v 0.02160000 0.08850000 -0.02000000
v 0.02160000 0.01150000 -0.02000000
v 0.02010000 0.01350000 -0.02000000
v 0.02160000 0.01350000 -0.02000000
v 0.33190000 0.08850000 -0.02000000
v 0.33340001 0.08650000 -0.02000000
v 0.33190000 0.08650000 -0.02000000
v 0.67320001 0.00850000 -0.02000000
v 0.67519999 0.01000000 -0.02000000
v 0.67519999 0.00850000 -0.02000000
v 0.65319997 0.08650000 -0.02000000
v 0.65170002 0.08650000 -0.02000000
v 0.65319997 0.08850000 -0.02000000
v 0.97649997 0.01150000 -0.02000000
v 0.97500002 0.01350000 -0.02000000
v 0.97649997 0.01350000 -0.02000000
v 0.00860000 0.08850000 -0.02000000
v 0.01010000 0.08650000 -0.02000000
v 0.00860000 0.08650000 -0.02000000
v 0.65520000 0.01350000 -0.02000000
v 0.65670002 0.01350000 -0.02000000
v 0.65520000 0.01150000 -0.02000000
v 0.33190000 0.08500000 -0.02000000
v 0.34490001 0.08500000 -0.02000000
v 0.35339999 0.01500000 -0.02000000
v 0.34689999 0.01150000 -0.02000000
v 0.34490001 0.01150000 -0.02000000
v 0.34689999 0.01350000 -0.02000000
v 0.34490001 0.01350000 -0.02000000
v 0.34689999 0.01500000 -0.02000000
v 0.66820002 0.08650000 -0.02000000
v 0.66670001 0.08650000 -0.02000000
v 0.66820002 0.08850000 -0.02000000
v 0.66820002 0.01150000 -0.02000000
v 0.66670001 0.01350000 -0.02000000
v 0.66820002 0.01350000 -0.02000000
v 1.00000000 0.08500000 -0.02000000
v 1.00000000 0.01500000 -0.02000000
v 0.99349999 0.08500000 -0.02000000
v 0.99150002 0.08500000 -0.02000000
v 0.99349999 0.08650000 -0.02000000
v 0.99150002 0.08650000 -0.02000000
v 0.99349999 0.08850000 -0.02000000
v 0.99150002 0.08850000 -0.02000000
v 0.00860000 0.01500000 -0.02000000
v 0.00010000 0.08500000 -0.02000000
v 0.02160000 0.01500000 -0.02000000
v 0.02360000 0.01500000 -0.02000000
v 0.02160000 0.01350000 -0.02000000
v 0.02360000 0.01350000 -0.02000000
v 0.02160000 0.01150000 -0.02000000
v 0.02360000 0.01150000 -0.02000000
v 0.32990000 0.08850000 -0.02000000
v 0.33190000 0.08850000 -0.02000000
v 0.32990000 0.08650000 -0.02000000
v 0.33190000 0.08650000 -0.02000000
v 0.32990000 0.08500000 -0.02000000
v 0.64819998 0.09350000 -0.02000000
v 0.64819998 0.09500000 -0.02000000
v 0.65020001 0.09350000 -0.02000000
v 0.32690001 0.09150000 -0.02000000
v 0.32490000 0.09000000 -0.02000000
v 0.32690001 0.09350000 -0.02000000
v 0.32490000 0.09150000 -0.02000000
v 0.32990000 0.01150000 -0.02000000
v 0.32839999 0.01350000 -0.02000000
v 0.32990000 0.01350000 -0.02000000
v 0.65520000 0.08850000 -0.02000000
v 0.65670002 0.08650000 -0.02000000
v 0.65520000 0.08650000 -0.02000000
v 0.97350001 0.00650000 -0.02000000
v 0.97149998 0.00500000 -0.02000000
v 0.97350001 0.00850000 -0.02000000
v 0.97149998 0.00650000 -0.02000000
v 0.97149998 0.00850000 -0.02000000
v 0.97000003 0.00650000 -0.02000000
v 0.97000003 0.00850000 -0.02000000
v 0.67670000 0.09350000 -0.02000000
v 0.97000003 0.01500000 -0.02000000
v 0.97000003 0.08500000 -0.02000000
v 0.97649997 0.01500000 -0.02000000
v 0.97850001 0.01500000 -0.02000000
v 0.97649997 0.01350000 -0.02000000
v 0.97850001 0.01350000 -0.02000000
v 0.97649997 0.01150000 -0.02000000
v 0.97850001 0.01150000 -0.02000000
v 0.00660000 0.01150000 -0.02000000
v 0.00510000 0.01350000 -0.02000000
v 0.00660000 0.01350000 -0.02000000
v 0.34689999 0.08850000 -0.02000000
v 0.34840000 0.08650000 -0.02000000
v 0.34689999 0.08650000 -0.02000000
v 0.66820002 0.01500000 -0.02000000
v 0.65520000 0.01500000 -0.02000000
v 0.64670002 0.08500000 -0.02000000
v 0.02360000 0.08850000 -0.02000000
v 0.02510000 0.08650000 -0.02000000
v 0.02360000 0.08650000 -0.02000000
v 0.34490001 0.01350000 -0.02000000
v 0.34490001 0.01500000 -0.02000000
v 0.34689999 0.01500000 -0.02000000
v 0.32339999 0.08500000 -0.02000000
v 0.35339999 0.01500000 -0.02000000
v 0.32990000 0.08500000 -0.02000000
v 0.33190000 0.08500000 -0.02000000
v 0.33190000 0.08650000 -0.02000000
v 0.67019999 0.01150000 -0.02000000
v 0.66820002 0.01150000 -0.02000000
v 0.67019999 0.01350000 -0.02000000
v 0.66820002 0.01350000 -0.02000000
v 0.67019999 0.01500000 -0.02000000
v 0.64670002 0.09150000 -0.02000000
v 0.64670002 0.08500000 -0.02000000
v 0.35339999 0.00000000 -0.02000000
v 0.03010000 0.10000000 -0.02000000
v 0.32339999 0.10000000 -0.02000000
v 0.32339999 0.09350000 -0.02000000
v 0.32490000 0.09500000 -0.02000000
v 0.32690001 0.09350000 -0.02000000
v 0.32490000 0.09350000 -0.02000000
v 0.32490000 0.09150000 -0.02000000
v 0.32339999 0.09350000 -0.02000000
v 0.32339999 0.09150000 -0.02000000
v 0.03010000 0.10000000 -0.02000000
v 0.32339999 0.08500000 -0.02000000
v 0.33190000 0.01500000 -0.02000000
v 0.34490001 0.01500000 -0.02000000
v 0.32339999 0.00850000 -0.02000000
v 0.03010000 0.09350000 -0.02000000
v 0.32339999 0.01500000 -0.02000000
v 0.03010000 0.10000000 -0.02000000
v 0.32990000 0.01500000 -0.02000000
v 0.33190000 0.01500000 -0.02000000
v 0.32990000 0.01350000 -0.02000000
v 0.33190000 0.01350000 -0.02000000
v 0.32990000 0.01150000 -0.02000000
v 0.33190000 0.01150000 -0.02000000
v 0.65319997 0.08850000 -0.02000000
v 0.65520000 0.08850000 -0.02000000
v 0.65319997 0.08650000 -0.02000000
v 0.65520000 0.08650000 -0.02000000
v 0.65319997 0.08500000 -0.02000000
v 0.65520000 0.08650000 -0.02000000
v 0.65520000 0.08500000 -0.02000000
v 0.65319997 0.08500000 -0.02000000
v 0.67670000 0.01500000 -0.02000000
v 0.64670002 0.08500000 -0.02000000
v 0.67019999 0.01500000 -0.02000000
v 0.66820002 0.01500000 -0.02000000
v 0.66820002 0.01350000 -0.02000000
v 0.97000003 0.00650000 -0.02000000
v 0.97000003 0.00000000 -0.02000000
v 0.67670000 0.09350000 -0.02000000
v 0.67670000 0.09150000 -0.02000000
v 0.67519999 0.09350000 -0.02000000
v 0.67519999 0.09150000 -0.02000000
v 0.67320001 0.09350000 -0.02000000
v 0.67320001 0.09150000 -0.02000000
v 0.65319997 0.01150000 -0.02000000
v 0.65170002 0.01350000 -0.02000000
v 0.65319997 0.01350000 -0.02000000
v 0.00000000 0.00000000 -0.02000000
v 0.00000000 0.10000000 -0.02000000
v 0.00010000 0.01500000 -0.02000000
v 0.00010000 0.08500000 -0.02000000
v 0.00660000 0.01500000 -0.02000000
v 0.00860000 0.01500000 -0.02000000
v 0.00660000 0.01350000 -0.02000000
v 0.00860000 0.01350000 -0.02000000
v 0.00660000 0.01150000 -0.02000000
v 0.00860000 0.01150000 -0.02000000
v 0.35190001 0.09350000 -0.02000000
v 0.35339999 0.09350000 -0.02000000
v 0.35339999 0.09150000 -0.02000000
v 0.64670002 0.10000000 -0.02000000
v 0.35339999 0.08500000 -0.02000000
v 0.67320001 0.00650000 -0.02000000
v 0.67320001 0.00850000 -0.02000000
v 0.67519999 0.00650000 -0.02000000
v 0.67519999 0.00850000 -0.02000000
v 0.67670000 0.00650000 -0.02000000
v 0.67670000 0.00850000 -0.02000000
v 0.97000003 0.00000000 -0.02000000
v 0.67670000 0.01500000 -0.02000000
v 0.66820002 0.08500000 -0.02000000
v 0.65520000 0.08500000 -0.02000000
v 0.67019999 0.08850000 -0.02000000
v 0.67170000 0.08650000 -0.02000000
v 0.67019999 0.08650000 -0.02000000
v 0.02360000 0.08500000 -0.02000000
v 0.02160000 0.08500000 -0.02000000
v 0.02360000 0.08650000 -0.02000000
v 0.02160000 0.08650000 -0.02000000
v 0.02360000 0.08850000 -0.02000000
v 0.02160000 0.08850000 -0.02000000
v 0.00660000 0.08850000 -0.02000000
v 0.00860000 0.08850000 -0.02000000
v 0.00660000 0.08650000 -0.02000000
v 0.00860000 0.08650000 -0.02000000
v 0.00660000 0.08500000 -0.02000000
v 0.00860000 0.08500000 -0.02000000
v 0.03010000 0.01500000 -0.02000000
v 0.02160000 0.08500000 -0.02000000
v 0.32339999 0.00000000 -0.02000000
v 0.02360000 0.08500000 -0.02000000
v 0.03010000 0.08500000 -0.02000000
v 0.32490000 0.01000000 -0.02000000
v 0.32690001 0.00850000 -0.02000000
v 0.32490000 0.00850000 -0.02000000
v 0.32490000 0.00650000 -0.02000000
v 0.32339999 0.00850000 -0.02000000
v 0.32339999 0.00650000 -0.02000000
v 0.03010000 0.09350000 -0.02000000
v 0.32339999 0.00000000 -0.02000000
v 0.03010000 0.09150000 -0.02000000
v 0.03010000 0.08500000 -0.02000000
v 0.65020001 0.09150000 -0.02000000
v 0.64819998 0.09000000 -0.02000000
v 0.65020001 0.09350000 -0.02000000
v 0.64819998 0.09150000 -0.02000000
v 0.64819998 0.09350000 -0.02000000
v 0.64670002 0.09150000 -0.02000000
v 0.64670002 0.09350000 -0.02000000
v 0.35339999 0.00000000 -0.02000000
v 0.35339999 0.00650000 -0.02000000
v 0.65020001 0.00650000 -0.02000000
v 0.64819998 0.00500000 -0.02000000
v 0.65020001 0.00850000 -0.02000000
v 0.64819998 0.00650000 -0.02000000
v 0.64819998 0.00850000 -0.02000000
v 0.64670002 0.00650000 -0.02000000
v 0.64670002 0.00850000 -0.02000000
v 0.35339999 0.00000000 -0.02000000
v 0.64670002 0.01500000 -0.02000000
v 0.64670002 0.08500000 -0.02000000
v 0.65319997 0.01500000 -0.02000000
v 0.65520000 0.01500000 -0.02000000
v 0.65319997 0.01350000 -0.02000000
v 0.65520000 0.01350000 -0.02000000
v 0.65319997 0.01150000 -0.02000000
v 0.65520000 0.01150000 -0.02000000
v 0.66820002 0.08850000 -0.02000000
v 0.67019999 0.08850000 -0.02000000
v 0.66820002 0.08650000 -0.02000000
v 0.67019999 0.08650000 -0.02000000
v 0.66820002 0.08500000 -0.02000000
v 0.67019999 0.08500000 -0.02000000
v 0.97000003 0.00000000 -0.02000000
v 0.67670000 0.08500000 -0.02000000
v 0.67670000 0.09150000 -0.02000000
v 0.34990001 0.00650000 -0.02000000
v 0.34990001 0.00850000 -0.02000000
v 0.35190001 0.00650000 -0.02000000
v 0.35190001 0.00850000 -0.02000000
v 0.35339999 0.00650000 -0.02000000
v 0.35339999 0.00850000 -0.02000000
v 0.64670002 0.09350000 -0.02000000
v 0.35339999 0.01500000 -0.02000000
v 0.34490001 0.08850000 -0.02000000
v 0.34689999 0.08850000 -0.02000000
v 0.34490001 0.08650000 -0.02000000
v 0.34689999 0.08650000 -0.02000000
v 0.34490001 0.08500000 -0.02000000
v 0.34689999 0.08500000 -0.02000000
v 0.35339999 0.01500000 -0.02000000
v 0.35339999 0.08500000 -0.02000000
v 0.64670002 0.09350000 -0.02000000
v 0.64670002 0.10000000 -0.02000000
v 0.99849999 0.00500000 -0.41999999
v 0.99849999 0.00650000 -0.41999999
v 1.00000000 0.00650000 -0.41999999
v 0.97000003 0.00000000 -0.41999999
v 0.97000003 0.00650000 -0.41999999
v 0.97149998 0.00500000 -0.41999999
v 0.97149998 0.00650000 -0.41999999
v 1.00000000 0.00000000 -0.41999999
v 0.99349999 0.00000000 -0.41999999
v 0.99500000 0.00150000 -0.41999999
v 0.99349999 0.00150000 -0.41999999
v 0.97850001 0.00000000 -0.41999999
v 0.97850001 0.00150000 -0.41999999
v 0.98000002 0.00150000 -0.41999999
v 0.97000003 0.01500000 -0.41999999
v 0.97649997 0.01500000 -0.41999999
v 0.97500002 0.01350000 -0.41999999
v 0.97649997 0.01350000 -0.41999999
v 0.99000001 0.01350000 -0.41999999
v 0.97850001 0.01150000 -0.41999999
v 0.98000002 0.01350000 -0.41999999
v 0.99150002 0.01350000 -0.41999999
v 0.99000001 0.01350000 -0.41999999
v 0.99000001 0.01350000 -0.41999999
v 0.99150002 0.01500000 -0.41999999
v 0.99150002 0.01500000 -0.41999999
v 0.98000002 0.01350000 -0.41999999
v 0.98000002 0.01350000 -0.41999999
v 0.97850001 0.01500000 -0.41999999
v 0.97850001 0.01350000 -0.41999999
v 0.97149998 0.01000000 -0.41999999
v 0.97149998 0.00850000 -0.41999999
v 0.97000003 0.00850000 -0.41999999
v 0.99349999 0.01350000 -0.41999999
v 0.99349999 0.01500000 -0.41999999
v 0.99500000 0.01350000 -0.41999999
v 1.00000000 0.01500000 -0.41999999
v 1.00000000 0.01500000 -0.41999999
v 1.00000000 0.00850000 -0.41999999
v 0.99849999 0.01000000 -0.41999999
v 0.99849999 0.00850000 -0.41999999
v 0.99000001 0.00150000 -0.41999999
v 0.99150002 0.00150000 -0.41999999
v 0.99150002 0.00000000 -0.41999999
v 0.97649997 0.00150000 -0.41999999
v 0.97649997 0.00000000 -0.41999999
v 0.97500002 0.00150000 -0.41999999
v 0.97000003 0.00000000 -0.41999999
v 0.97649997 0.00350000 -0.41999999
v 0.97149998 0.00500000 -0.41999999
v 0.97850001 0.00350000 -0.41999999
v 1.00000000 0.01500000 -0.41999999
v 0.99849999 0.01000000 -0.41999999
v 0.99500000 0.01350000 -0.41999999
v 0.99650002 0.00850000 -0.41999999
v 0.99349999 0.01150000 -0.41999999
v 0.97850001 0.00000000 -0.41999999
v 0.98000002 0.00150000 -0.41999999
v 0.99150002 0.00000000 -0.41999999
v 0.97850001 0.00350000 -0.41999999
v 0.99000001 0.00150000 -0.41999999
v 0.97149998 0.00500000 -0.41999999
v 0.97350001 0.00650000 -0.41999999
v 0.97000003 0.00850000 -0.41999999
v 0.97000003 0.01500000 -0.41999999
v 0.97149998 0.01000000 -0.41999999
v 0.97500002 0.01350000 -0.41999999
v 0.97350001 0.00850000 -0.41999999
v 0.97649997 0.01150000 -0.41999999
v 0.97850001 0.01150000 -0.41999999
v 1.00000000 0.00650000 -0.41999999
v 1.00000000 0.00000000 -0.41999999
v 0.99849999 0.00500000 -0.41999999
v 0.99500000 0.00150000 -0.41999999
v 0.99650002 0.00650000 -0.41999999
v 0.99349999 0.00350000 -0.41999999
v 0.99650002 0.00850000 -0.41999999
v 0.99349999 0.01150000 -0.41999999
v 0.99650002 0.00850000 -0.41999999
v 0.99150002 0.01150000 -0.41999999
v 0.99349999 0.00350000 -0.41999999
v 0.99150002 0.00350000 -0.41999999
v 0.97350001 0.00650000 -0.41999999
v 0.97350001 0.00850000 -0.41999999
v 0.99000001 0.00150000 -0.41999999
v 0.97850001 0.01150000 -0.41999999
v 0.99150002 0.00350000 -0.41999999
v 0.99000001 0.01350000 -0.41999999
v 0.99150002 0.01150000 -0.41999999
v 0.35190001 0.09000000 -0.41999999
v 0.35190001 0.09150000 -0.41999999
v 0.35339999 0.09150000 -0.41999999
v 0.32339999 0.08500000 -0.41999999
v 0.32339999 0.09150000 -0.41999999
v 0.32490000 0.09000000 -0.41999999
v 0.32490000 0.09150000 -0.41999999
v 0.34340000 0.08650000 -0.41999999
v 0.34490001 0.08650000 -0.41999999
v 0.34490001 0.08500000 -0.41999999
v 0.35339999 0.08500000 -0.41999999
v 0.34689999 0.08500000 -0.41999999
v 0.34840000 0.08650000 -0.41999999
v 0.34689999 0.08650000 -0.41999999
v 0.32839999 0.08650000 -0.41999999
v 0.32990000 0.08650000 -0.41999999
v 0.32990000 0.08500000 -0.41999999
v 0.33190000 0.08500000 -0.41999999
v 0.33190000 0.08650000 -0.41999999
v 0.33340001 0.08650000 -0.41999999
v 0.32990000 0.10000000 -0.41999999
v 0.32990000 0.09850000 -0.41999999
v 0.32839999 0.09850000 -0.41999999
v 0.34490001 0.10000000 -0.41999999
v 0.34490001 0.09850000 -0.41999999
v 0.34340000 0.09850000 -0.41999999
v 0.35339999 0.10000000 -0.41999999
v 0.35339999 0.09350000 -0.41999999
v 0.35190001 0.09500000 -0.41999999
v 0.35190001 0.09350000 -0.41999999
v 0.32490000 0.09350000 -0.41999999
v 0.32339999 0.09350000 -0.41999999
v 0.32490000 0.09500000 -0.41999999
v 0.32339999 0.10000000 -0.41999999
v 0.33340001 0.09850000 -0.41999999
v 0.33190000 0.09850000 -0.41999999
v 0.33190000 0.10000000 -0.41999999
v 0.34689999 0.09850000 -0.41999999
v 0.34689999 0.10000000 -0.41999999
v 0.34840000 0.09850000 -0.41999999
v 0.34840000 0.09850000 -0.41999999
v 0.35339999 0.10000000 -0.41999999
v 0.35339999 0.10000000 -0.41999999
v 0.34689999 0.09650000 -0.41999999
v 0.34689999 0.09650000 -0.41999999
v 0.35190001 0.09500000 -0.41999999
v 0.34490001 0.08500000 -0.41999999
v 0.33190000 0.08500000 -0.41999999
v 0.33190000 0.08500000 -0.41999999
v 0.34340000 0.08650000 -0.41999999
v 0.34340000 0.08650000 -0.41999999
v 0.33340001 0.08650000 -0.41999999
v 0.33340001 0.08650000 -0.41999999
v 0.34490001 0.08850000 -0.41999999
v 0.33190000 0.08850000 -0.41999999
v 0.34490001 0.10000000 -0.41999999
v 0.34340000 0.09850000 -0.41999999
v 0.33190000 0.10000000 -0.41999999
v 0.34490001 0.09650000 -0.41999999
v 0.33340001 0.09850000 -0.41999999
v 0.35339999 0.09150000 -0.41999999
v 0.35339999 0.08500000 -0.41999999
v 0.35190001 0.09000000 -0.41999999
v 0.34840000 0.08650000 -0.41999999
v 0.34990001 0.09150000 -0.41999999
v 0.34689999 0.08850000 -0.41999999
v 0.34990001 0.09350000 -0.41999999
v 0.33340001 0.09850000 -0.41999999
v 0.35190001 0.09500000 -0.41999999
v 0.34490001 0.09650000 -0.41999999
v 0.34689999 0.09650000 -0.41999999
v 0.33190000 0.08850000 -0.41999999
v 0.32990000 0.08850000 -0.41999999
v 0.32690001 0.09350000 -0.41999999
v 0.34689999 0.08850000 -0.41999999
v 0.34490001 0.08850000 -0.41999999
v 0.33340001 0.09850000 -0.41999999
v 0.33190000 0.08850000 -0.41999999
v 0.33190000 0.09650000 -0.41999999
v 0.32690001 0.09350000 -0.41999999
v 0.32990000 0.09650000 -0.41999999
v 0.32490000 0.09500000 -0.41999999
v 0.32839999 0.09850000 -0.41999999
v 0.32339999 0.10000000 -0.41999999
v 0.32990000 0.10000000 -0.41999999
v 0.32990000 0.08500000 -0.41999999
v 0.32339999 0.08500000 -0.41999999
v 0.32839999 0.08650000 -0.41999999
v 0.32490000 0.09000000 -0.41999999
v 0.32990000 0.08850000 -0.41999999
v 0.32690001 0.09150000 -0.41999999
v 0.32690001 0.09350000 -0.41999999
v 0.02860000 0.00500000 -0.41999999
v 0.02860000 0.00650000 -0.41999999
v 0.03010000 0.00650000 -0.41999999
v 0.00010000 0.00000000 -0.41999999
v 0.00010000 0.00650000 -0.41999999
v 0.00160000 0.00500000 -0.41999999
v 0.00160000 0.00650000 -0.41999999
v 0.03010000 0.00000000 -0.41999999
v 0.02360000 0.00000000 -0.41999999
v 0.02510000 0.00150000 -0.41999999
v 0.02360000 0.00150000 -0.41999999
v 0.00860000 0.00000000 -0.41999999
v 0.00860000 0.00150000 -0.41999999
v 0.01010000 0.00150000 -0.41999999
v 0.00660000 0.01500000 -0.41999999
v 0.00660000 0.01350000 -0.41999999
v 0.00510000 0.01350000 -0.41999999
v 0.02160000 0.01350000 -0.41999999
v 0.02010000 0.01350000 -0.41999999
v 0.02160000 0.01500000 -0.41999999
v 0.01010000 0.01350000 -0.41999999
v 0.00860000 0.01500000 -0.41999999
v 0.00860000 0.01350000 -0.41999999
v 0.02360000 0.01350000 -0.41999999
v 0.02360000 0.01500000 -0.41999999
v 0.02510000 0.01350000 -0.41999999
v 0.03010000 0.01500000 -0.41999999
v 0.00160000 0.00850000 -0.41999999
v 0.00010000 0.00850000 -0.41999999
v 0.00160000 0.01000000 -0.41999999
v 0.00010000 0.01500000 -0.41999999
v 0.03010000 0.00850000 -0.41999999
v 0.02860000 0.00850000 -0.41999999
v 0.02860000 0.01000000 -0.41999999
v 0.02010000 0.00150000 -0.41999999
v 0.02160000 0.00150000 -0.41999999
v 0.02160000 0.00000000 -0.41999999
v 0.00660000 0.00150000 -0.41999999
v 0.00660000 0.00000000 -0.41999999
v 0.00510000 0.00150000 -0.41999999
v 0.00010000 0.00000000 -0.41999999
v 0.00660000 0.00350000 -0.41999999
v 0.00160000 0.00500000 -0.41999999
v 0.00860000 0.00350000 -0.41999999
v 0.02160000 0.01150000 -0.41999999
v 0.02360000 0.01150000 -0.41999999
v 0.02660000 0.00850000 -0.41999999
v 0.02510000 0.01350000 -0.41999999
v 0.02860000 0.01000000 -0.41999999
v 0.03010000 0.01500000 -0.41999999
v 0.03010000 0.00850000 -0.41999999
v 0.00860000 0.00000000 -0.41999999
v 0.01010000 0.00150000 -0.41999999
v 0.02160000 0.00000000 -0.41999999
v 0.00860000 0.00350000 -0.41999999
v 0.02010000 0.00150000 -0.41999999
v 0.03010000 0.00650000 -0.41999999
v 0.03010000 0.00000000 -0.41999999
v 0.02860000 0.00500000 -0.41999999
v 0.02510000 0.00150000 -0.41999999
v 0.02660000 0.00650000 -0.41999999
v 0.02360000 0.00350000 -0.41999999
v 0.02660000 0.00850000 -0.41999999
v 0.02660000 0.00850000 -0.41999999
v 0.02360000 0.00350000 -0.41999999
v 0.02160000 0.01150000 -0.41999999
v 0.02160000 0.00350000 -0.41999999
v 0.02010000 0.01350000 -0.41999999
v 0.00860000 0.01150000 -0.41999999
v 0.01010000 0.01350000 -0.41999999
v 0.00860000 0.00350000 -0.41999999
v 0.00160000 0.00500000 -0.41999999
v 0.00160000 0.00500000 -0.41999999
v 0.02010000 0.00150000 -0.41999999
v 0.02010000 0.00150000 -0.41999999
v 0.00360000 0.00650000 -0.41999999
v 0.00360000 0.00850000 -0.41999999
v 0.02160000 0.00350000 -0.41999999
v 0.02010000 0.00150000 -0.41999999
v 0.00860000 0.01150000 -0.41999999
v 0.00360000 0.00850000 -0.41999999
v 0.00660000 0.01150000 -0.41999999
v 0.00160000 0.01000000 -0.41999999
v 0.00510000 0.01350000 -0.41999999
v 0.00010000 0.01500000 -0.41999999
v 0.00660000 0.01500000 -0.41999999
v 0.03010000 0.09350000 -0.41999999
v 0.03010000 0.10000000 -0.41999999
v 0.03010000 0.09350000 -0.02000000
v 0.03010000 0.10000000 -0.02000000
v 0.00010000 0.09350000 -0.02000000
v 0.00010000 0.10000000 -0.02000000
v 0.00010000 0.09350000 -0.41999999
v 0.00010000 0.10000000 -0.41999999
v 0.02860000 0.09000000 -0.41999999
v 0.02860000 0.09150000 -0.41999999
v 0.03010000 0.09150000 -0.41999999
v 0.00010000 0.08500000 -0.41999999
v 0.00010000 0.09150000 -0.41999999
v 0.00160000 0.09000000 -0.41999999
v 0.00160000 0.09150000 -0.41999999
v 0.00860000 0.10000000 -0.41999999
v 0.02160000 0.10000000 -0.41999999
v 0.02010000 0.09850000 -0.41999999
v 0.02160000 0.09850000 -0.41999999
v 0.01010000 0.09850000 -0.41999999
v 0.00860000 0.09850000 -0.41999999
v 0.00860000 0.10000000 -0.41999999
v 0.02010000 0.08650000 -0.41999999
v 0.02160000 0.08650000 -0.41999999
v 0.02160000 0.08500000 -0.41999999
v 0.02360000 0.09850000 -0.41999999
v 0.02360000 0.10000000 -0.41999999
v 0.02510000 0.09850000 -0.41999999
v 0.03010000 0.10000000 -0.41999999
v 0.03010000 0.08500000 -0.41999999
v 0.02360000 0.08500000 -0.41999999
v 0.02510000 0.08650000 -0.41999999
v 0.02360000 0.08650000 -0.41999999
v 0.00510000 0.08650000 -0.41999999
v 0.00660000 0.08650000 -0.41999999
v 0.00660000 0.08500000 -0.41999999
v 0.00860000 0.08500000 -0.41999999
v 0.00860000 0.08650000 -0.41999999
v 0.01010000 0.08650000 -0.41999999
v 0.00660000 0.10000000 -0.41999999
v 0.00660000 0.09850000 -0.41999999
v 0.00510000 0.09850000 -0.41999999
v 0.03010000 0.09350000 -0.41999999
v 0.02860000 0.09350000 -0.41999999
v 0.02860000 0.09500000 -0.41999999
v 0.00160000 0.09350000 -0.41999999
v 0.00010000 0.09350000 -0.41999999
v 0.00160000 0.09500000 -0.41999999
v 0.00010000 0.10000000 -0.41999999
v 0.02160000 0.09650000 -0.41999999
v 0.02360000 0.09650000 -0.41999999
v 0.02660000 0.09350000 -0.41999999
v 0.02510000 0.09850000 -0.41999999
v 0.02860000 0.09500000 -0.41999999
v 0.03010000 0.10000000 -0.41999999
v 0.03010000 0.09350000 -0.41999999
v 0.02160000 0.09650000 -0.41999999
v 0.01010000 0.08650000 -0.41999999
v 0.00860000 0.08850000 -0.41999999
v 0.00860000 0.08850000 -0.41999999
v 0.00660000 0.08850000 -0.41999999
v 0.00360000 0.09350000 -0.41999999
v 0.03010000 0.09150000 -0.41999999
v 0.03010000 0.08500000 -0.41999999
v 0.02860000 0.09000000 -0.41999999
v 0.02510000 0.08650000 -0.41999999
v 0.02660000 0.09150000 -0.41999999
v 0.02360000 0.08850000 -0.41999999
v 0.02160000 0.08850000 -0.41999999
v 0.02160000 0.09650000 -0.41999999
v 0.00860000 0.08850000 -0.41999999
v 0.02010000 0.09850000 -0.41999999
v 0.02660000 0.09350000 -0.41999999
v 0.02660000 0.09150000 -0.41999999
v 0.02160000 0.09650000 -0.41999999
v 0.02160000 0.08850000 -0.41999999
v 0.01010000 0.08650000 -0.41999999
v 0.02010000 0.08650000 -0.41999999
v 0.00860000 0.08500000 -0.41999999
v 0.02160000 0.08500000 -0.41999999
v 0.00860000 0.10000000 -0.41999999
v 0.02010000 0.09850000 -0.41999999
v 0.01010000 0.09850000 -0.41999999
v 0.00860000 0.08850000 -0.41999999
v 0.00860000 0.09650000 -0.41999999
v 0.00360000 0.09350000 -0.41999999
v 0.00660000 0.09650000 -0.41999999
v 0.00160000 0.09500000 -0.41999999
v 0.00510000 0.09850000 -0.41999999
v 0.00010000 0.10000000 -0.41999999
v 0.00660000 0.10000000 -0.41999999
v 0.00660000 0.08500000 -0.41999999
v 0.00010000 0.08500000 -0.41999999
v 0.00510000 0.08650000 -0.41999999
v 0.00160000 0.09000000 -0.41999999
v 0.00660000 0.08850000 -0.41999999
v 0.00360000 0.09150000 -0.41999999
v 0.00360000 0.09350000 -0.41999999
v 0.97000003 0.09350000 -0.02000000
v 0.97000003 0.10000000 -0.02000000
v 0.97000003 0.09350000 -0.41999999
v 0.97000003 0.10000000 -0.41999999
v 0.99849999 0.09000000 -0.41999999
v 0.99849999 0.09150000 -0.41999999
v 1.00000000 0.09150000 -0.41999999
v 0.97000003 0.08500000 -0.41999999
v 0.97000003 0.09150000 -0.41999999
v 0.97149998 0.09000000 -0.41999999
v 0.97149998 0.09150000 -0.41999999
v 0.97649997 0.10000000 -0.41999999
v 0.97649997 0.09850000 -0.41999999
v 0.97500002 0.09850000 -0.41999999
v 0.99000001 0.08650000 -0.41999999
v 0.99150002 0.08650000 -0.41999999
v 0.99150002 0.08500000 -0.41999999
v 1.00000000 0.08500000 -0.41999999
v 0.99349999 0.08500000 -0.41999999
v 0.99500000 0.08650000 -0.41999999
v 0.99349999 0.08650000 -0.41999999
v 0.97500002 0.08650000 -0.41999999
v 0.97649997 0.08650000 -0.41999999
v 0.97649997 0.08500000 -0.41999999
v 0.97850001 0.08500000 -0.41999999
v 0.97850001 0.08650000 -0.41999999
v 0.98000002 0.08650000 -0.41999999
v 0.97149998 0.09350000 -0.41999999
v 0.97000003 0.09350000 -0.41999999
v 0.97149998 0.09500000 -0.41999999
v 0.97000003 0.10000000 -0.41999999
v 1.00000000 0.10000000 -0.41999999
v 1.00000000 0.09350000 -0.41999999
v 0.99849999 0.09500000 -0.41999999
v 0.99849999 0.09350000 -0.41999999
v 0.99150002 0.10000000 -0.41999999
v 0.99150002 0.09850000 -0.41999999
v 0.99000001 0.09850000 -0.41999999
v 0.98000002 0.09850000 -0.41999999
v 0.97850001 0.09850000 -0.41999999
v 0.97850001 0.10000000 -0.41999999
v 0.99349999 0.09850000 -0.41999999
v 0.99349999 0.10000000 -0.41999999
v 0.99500000 0.09850000 -0.41999999
v 0.99500000 0.09850000 -0.41999999
v 1.00000000 0.10000000 -0.41999999
v 1.00000000 0.10000000 -0.41999999
v 0.99349999 0.09650000 -0.41999999
v 0.99349999 0.09650000 -0.41999999
v 0.99849999 0.09500000 -0.41999999
v 0.97850001 0.09650000 -0.41999999
v 0.97350001 0.09350000 -0.41999999
v 0.97649997 0.09650000 -0.41999999
v 0.97149998 0.09500000 -0.41999999
v 0.97500002 0.09850000 -0.41999999
v 0.97000003 0.10000000 -0.41999999
v 0.97649997 0.10000000 -0.41999999
v 0.97649997 0.08850000 -0.41999999
v 0.97350001 0.09350000 -0.41999999
v 0.97850001 0.08850000 -0.41999999
v 0.97850001 0.09650000 -0.41999999
v 0.98000002 0.08650000 -0.41999999
v 0.99349999 0.08850000 -0.41999999
v 0.99150002 0.08850000 -0.41999999
v 0.98000002 0.09850000 -0.41999999
v 0.99150002 0.08500000 -0.41999999
v 0.97850001 0.08500000 -0.41999999
v 0.97850001 0.08500000 -0.41999999
v 0.99000001 0.08650000 -0.41999999
v 0.99000001 0.08650000 -0.41999999
v 0.98000002 0.08650000 -0.41999999
v 0.98000002 0.08650000 -0.41999999
v 0.99150002 0.08850000 -0.41999999
v 0.97850001 0.09650000 -0.41999999
v 0.98000002 0.09850000 -0.41999999
v 0.99150002 0.10000000 -0.41999999
v 0.99000001 0.09850000 -0.41999999
v 0.97850001 0.10000000 -0.41999999
v 0.99150002 0.09650000 -0.41999999
v 0.98000002 0.09850000 -0.41999999
v 1.00000000 0.09150000 -0.41999999
v 1.00000000 0.08500000 -0.41999999
v 0.99849999 0.09000000 -0.41999999
v 0.99500000 0.08650000 -0.41999999
v 0.99650002 0.09150000 -0.41999999
v 0.99349999 0.08850000 -0.41999999
v 0.99650002 0.09350000 -0.41999999
v 0.98000002 0.09850000 -0.41999999
v 0.99849999 0.09500000 -0.41999999
v 0.99150002 0.09650000 -0.41999999
v 0.99349999 0.09650000 -0.41999999
v 0.97649997 0.08500000 -0.41999999
v 0.97000003 0.08500000 -0.41999999
v 0.97500002 0.08650000 -0.41999999
v 0.97149998 0.09000000 -0.41999999
v 0.97649997 0.08850000 -0.41999999
v 0.97350001 0.09150000 -0.41999999
v 0.97350001 0.09350000 -0.41999999
v 0.66670001 0.00150000 -0.41999999
v 0.66820002 0.00150000 -0.41999999
v 0.66820002 0.00000000 -0.41999999
v 0.65670002 0.01350000 -0.41999999
v 0.65520000 0.01350000 -0.41999999
v 0.65520000 0.01500000 -0.41999999
v 0.65520000 0.00000000 -0.41999999
v 0.65520000 0.00150000 -0.41999999
v 0.65670002 0.00150000 -0.41999999
v 0.66820002 0.01500000 -0.41999999
v 0.66820002 0.01350000 -0.41999999
v 0.66670001 0.01350000 -0.41999999
v 0.67519999 0.00650000 -0.41999999
v 0.67670000 0.00650000 -0.41999999
v 0.67519999 0.00500000 -0.41999999
v 0.67670000 0.00000000 -0.41999999
v 0.64670002 0.00000000 -0.41999999
v 0.64670002 0.00650000 -0.41999999
v 0.64819998 0.00500000 -0.41999999
v 0.64819998 0.00650000 -0.41999999
v 0.65170002 0.00150000 -0.41999999
v 0.65319997 0.00150000 -0.41999999
v 0.65319997 0.00000000 -0.41999999
v 0.67670000 0.00850000 -0.41999999
v 0.67519999 0.00850000 -0.41999999
v 0.67519999 0.01000000 -0.41999999
v 0.67019999 0.00000000 -0.41999999
v 0.67019999 0.00150000 -0.41999999
v 0.67170000 0.00150000 -0.41999999
v 0.65319997 0.01500000 -0.41999999
v 0.65319997 0.01350000 -0.41999999
v 0.65170002 0.01350000 -0.41999999
v 0.67670000 0.00850000 -0.41999999
v 0.67519999 0.01000000 -0.41999999
v 0.67670000 0.01500000 -0.41999999
v 0.67670000 0.01500000 -0.41999999
v 0.67320001 0.00850000 -0.41999999
v 0.67320001 0.00850000 -0.41999999
v 0.67019999 0.00350000 -0.41999999
v 0.67320001 0.00850000 -0.41999999
v 0.67320001 0.00650000 -0.41999999
v 0.67019999 0.00350000 -0.41999999
v 0.67519999 0.00500000 -0.41999999
v 0.67170000 0.00150000 -0.41999999
v 0.67670000 0.00000000 -0.41999999
v 0.67019999 0.00000000 -0.41999999
v 0.64819998 0.00850000 -0.41999999
v 0.64670002 0.00850000 -0.41999999
v 0.64819998 0.01000000 -0.41999999
v 0.64670002 0.01500000 -0.41999999
v 0.65020001 0.00850000 -0.41999999
v 0.65319997 0.00350000 -0.41999999
v 0.65319997 0.00000000 -0.41999999
v 0.64670002 0.00000000 -0.41999999
v 0.65170002 0.00150000 -0.41999999
v 0.64819998 0.00500000 -0.41999999
v 0.65319997 0.00350000 -0.41999999
v 0.65020001 0.00650000 -0.41999999
v 0.65020001 0.00850000 -0.41999999
v 0.65520000 0.00350000 -0.41999999
v 0.66670001 0.01350000 -0.41999999
v 0.65670002 0.00150000 -0.41999999
v 0.66820002 0.01150000 -0.41999999
v 0.65520000 0.01500000 -0.41999999
v 0.66820002 0.01500000 -0.41999999
v 0.66820002 0.01500000 -0.41999999
v 0.65670002 0.01350000 -0.41999999
v 0.65670002 0.01350000 -0.41999999
v 0.66670001 0.01350000 -0.41999999
v 0.66670001 0.01350000 -0.41999999
v 0.65520000 0.01150000 -0.41999999
v 0.65520000 0.00350000 -0.41999999
v 0.65319997 0.01150000 -0.41999999
v 0.65319997 0.00350000 -0.41999999
v 0.65170002 0.01350000 -0.41999999
v 0.64670002 0.01500000 -0.41999999
v 0.65319997 0.01500000 -0.41999999
v 0.67019999 0.01350000 -0.41999999
v 0.67019999 0.01500000 -0.41999999
v 0.67170000 0.01350000 -0.41999999
v 0.67170000 0.01350000 -0.41999999
v 0.67670000 0.01500000 -0.41999999
v 0.67670000 0.01500000 -0.41999999
v 0.67019999 0.01150000 -0.41999999
v 0.67019999 0.01150000 -0.41999999
v 0.67019999 0.00350000 -0.41999999
v 0.66820002 0.01150000 -0.41999999
v 0.66820002 0.00350000 -0.41999999
v 0.65670002 0.00150000 -0.41999999
v 0.65670002 0.00150000 -0.41999999
v 0.66670001 0.00150000 -0.41999999
v 0.66670001 0.00150000 -0.41999999
v 0.65520000 0.00000000 -0.41999999
v 0.65520000 0.00000000 -0.41999999
v 0.66820002 0.00000000 -0.41999999
v 0.67670000 0.09350000 -0.41999999
v 0.67670000 0.10000000 -0.41999999
v 0.67670000 0.09350000 -0.02000000
v 0.67670000 0.10000000 -0.02000000
v 0.64670002 0.09350000 -0.02000000
v 0.64670002 0.10000000 -0.02000000
v 0.64670002 0.09350000 -0.41999999
v 0.64670002 0.10000000 -0.41999999
v 0.67519999 0.09000000 -0.41999999
v 0.67519999 0.09150000 -0.41999999
v 0.67670000 0.09150000 -0.41999999
v 0.66820002 0.10000000 -0.41999999
v 0.66820002 0.09850000 -0.41999999
v 0.66670001 0.09850000 -0.41999999
v 0.64670002 0.08500000 -0.41999999
v 0.64670002 0.09150000 -0.41999999
v 0.64819998 0.09000000 -0.41999999
v 0.64819998 0.09150000 -0.41999999
v 0.65319997 0.10000000 -0.41999999
v 0.65319997 0.09850000 -0.41999999
v 0.65170002 0.09850000 -0.41999999
v 0.66670001 0.08650000 -0.41999999
v 0.66820002 0.08650000 -0.41999999
v 0.66820002 0.08500000 -0.41999999
v 0.67670000 0.08500000 -0.41999999
v 0.67019999 0.08500000 -0.41999999
v 0.67170000 0.08650000 -0.41999999
v 0.67019999 0.08650000 -0.41999999
v 0.65170002 0.08650000 -0.41999999
v 0.65319997 0.08650000 -0.41999999
v 0.65319997 0.08500000 -0.41999999
v 0.65520000 0.08500000 -0.41999999
v 0.65520000 0.08650000 -0.41999999
v 0.65670002 0.08650000 -0.41999999
v 0.64819998 0.09350000 -0.41999999
v 0.64670002 0.09350000 -0.41999999
v 0.64819998 0.09500000 -0.41999999
v 0.64670002 0.10000000 -0.41999999
v 0.67670000 0.10000000 -0.41999999
v 0.67670000 0.09350000 -0.41999999
v 0.67519999 0.09500000 -0.41999999
v 0.67519999 0.09350000 -0.41999999
v 0.67019999 0.09850000 -0.41999999
v 0.67019999 0.10000000 -0.41999999
v 0.67170000 0.09850000 -0.41999999
v 0.67170000 0.09850000 -0.41999999
v 0.67670000 0.10000000 -0.41999999
v 0.67670000 0.10000000 -0.41999999
v 0.67019999 0.09650000 -0.41999999
v 0.67019999 0.09650000 -0.41999999
v 0.67519999 0.09500000 -0.41999999
v 0.65670002 0.09850000 -0.41999999
v 0.65520000 0.09850000 -0.41999999
v 0.65520000 0.10000000 -0.41999999
v 0.66820002 0.08500000 -0.41999999
v 0.65520000 0.08500000 -0.41999999
v 0.65520000 0.08500000 -0.41999999
v 0.66670001 0.08650000 -0.41999999
v 0.66670001 0.08650000 -0.41999999
v 0.65670002 0.08650000 -0.41999999
v 0.65670002 0.08650000 -0.41999999
v 0.66820002 0.08850000 -0.41999999
v 0.65520000 0.08850000 -0.41999999
v 0.66820002 0.10000000 -0.41999999
v 0.66670001 0.09850000 -0.41999999
v 0.65520000 0.10000000 -0.41999999
v 0.66820002 0.09650000 -0.41999999
v 0.65670002 0.09850000 -0.41999999
v 0.67670000 0.09150000 -0.41999999
v 0.67670000 0.08500000 -0.41999999
v 0.67519999 0.09000000 -0.41999999
v 0.67170000 0.08650000 -0.41999999
v 0.67320001 0.09150000 -0.41999999
v 0.67019999 0.08850000 -0.41999999
v 0.67320001 0.09350000 -0.41999999
v 0.65670002 0.09850000 -0.41999999
v 0.67519999 0.09500000 -0.41999999
v 0.66820002 0.09650000 -0.41999999
v 0.67019999 0.09650000 -0.41999999
v 0.65520000 0.08850000 -0.41999999
v 0.65319997 0.08850000 -0.41999999
v 0.65020001 0.09350000 -0.41999999
v 0.67019999 0.08850000 -0.41999999
v 0.66820002 0.08850000 -0.41999999
v 0.65670002 0.09850000 -0.41999999
v 0.65520000 0.08850000 -0.41999999
v 0.65520000 0.09650000 -0.41999999
v 0.65020001 0.09350000 -0.41999999
v 0.65319997 0.09650000 -0.41999999
v 0.64819998 0.09500000 -0.41999999
v 0.65170002 0.09850000 -0.41999999
v 0.64670002 0.10000000 -0.41999999
v 0.65319997 0.10000000 -0.41999999
v 0.65319997 0.08500000 -0.41999999
v 0.64670002 0.08500000 -0.41999999
v 0.65170002 0.08650000 -0.41999999
v 0.64819998 0.09000000 -0.41999999
v 0.65319997 0.08850000 -0.41999999
v 0.65020001 0.09150000 -0.41999999
v 0.65020001 0.09350000 -0.41999999
v 0.32339999 0.09350000 -0.02000000
v 0.32339999 0.10000000 -0.02000000
v 0.32339999 0.09350000 -0.41999999
v 0.32339999 0.10000000 -0.41999999
v 0.35339999 0.09350000 -0.41999999
v 0.35339999 0.10000000 -0.41999999
v 0.35339999 0.09350000 -0.02000000
v 0.35339999 0.10000000 -0.02000000
v 0.32339999 0.00000000 -0.41999999
v 0.32339999 0.00650000 -0.41999999
v 0.32490000 0.00500000 -0.41999999
v 0.32490000 0.00650000 -0.41999999
v 0.35339999 0.00000000 -0.41999999
v 0.34689999 0.00000000 -0.41999999
v 0.34840000 0.00150000 -0.41999999
v 0.34689999 0.00150000 -0.41999999
v 0.33190000 0.00000000 -0.41999999
v 0.33190000 0.00150000 -0.41999999
v 0.33340001 0.00150000 -0.41999999
v 0.32990000 0.01500000 -0.41999999
v 0.32990000 0.01350000 -0.41999999
v 0.32839999 0.01350000 -0.41999999
v 0.34490001 0.01350000 -0.41999999
v 0.34340000 0.01350000 -0.41999999
v 0.34340000 0.01350000 -0.41999999
v 0.34490001 0.01500000 -0.41999999
v 0.34490001 0.01500000 -0.41999999
v 0.33340001 0.01350000 -0.41999999
v 0.33340001 0.01350000 -0.41999999
v 0.33190000 0.01500000 -0.41999999
v 0.33190000 0.01350000 -0.41999999
v 0.34689999 0.01350000 -0.41999999
v 0.34689999 0.01500000 -0.41999999
v 0.34840000 0.01350000 -0.41999999
v 0.35339999 0.01500000 -0.41999999
v 0.35190001 0.00500000 -0.41999999
v 0.35190001 0.00650000 -0.41999999
v 0.35339999 0.00650000 -0.41999999
v 0.32490000 0.00850000 -0.41999999
v 0.32339999 0.00850000 -0.41999999
v 0.32490000 0.01000000 -0.41999999
v 0.32339999 0.01500000 -0.41999999
v 0.35339999 0.00850000 -0.41999999
v 0.35190001 0.00850000 -0.41999999
v 0.35190001 0.01000000 -0.41999999
v 0.34340000 0.00150000 -0.41999999
v 0.34490001 0.00150000 -0.41999999
v 0.34490001 0.00000000 -0.41999999
v 0.32990000 0.00150000 -0.41999999
v 0.32990000 0.00000000 -0.41999999
v 0.32839999 0.00150000 -0.41999999
v 0.32839999 0.00150000 -0.41999999
v 0.32339999 0.00000000 -0.41999999
v 0.32339999 0.00000000 -0.41999999
v 0.32990000 0.00350000 -0.41999999
v 0.32990000 0.00350000 -0.41999999
v 0.32490000 0.00500000 -0.41999999
v 0.33190000 0.00350000 -0.41999999
v 0.33190000 0.00000000 -0.41999999
v 0.33340001 0.00150000 -0.41999999
v 0.34490001 0.00000000 -0.41999999
v 0.33190000 0.00350000 -0.41999999
v 0.34340000 0.00150000 -0.41999999
v 0.34490001 0.01150000 -0.41999999
v 0.34689999 0.01150000 -0.41999999
v 0.34990001 0.00850000 -0.41999999
v 0.34840000 0.01350000 -0.41999999
v 0.35190001 0.01000000 -0.41999999
v 0.35339999 0.01500000 -0.41999999
v 0.35339999 0.00850000 -0.41999999
v 0.35339999 0.00650000 -0.41999999
v 0.35339999 0.00000000 -0.41999999
v 0.35190001 0.00500000 -0.41999999
v 0.34840000 0.00150000 -0.41999999
v 0.34990001 0.00650000 -0.41999999
v 0.34689999 0.00350000 -0.41999999
v 0.34990001 0.00850000 -0.41999999
v 0.34990001 0.00850000 -0.41999999
v 0.34689999 0.00350000 -0.41999999
v 0.34490001 0.01150000 -0.41999999
v 0.34490001 0.00350000 -0.41999999
v 0.34340000 0.01350000 -0.41999999
v 0.33190000 0.01150000 -0.41999999
v 0.33340001 0.01350000 -0.41999999
v 0.33190000 0.00350000 -0.41999999
v 0.32490000 0.00500000 -0.41999999
v 0.34340000 0.00150000 -0.41999999
v 0.32690001 0.00650000 -0.41999999
v 0.32690001 0.00850000 -0.41999999
v 0.34490001 0.00350000 -0.41999999
v 0.34340000 0.00150000 -0.41999999
v 0.33190000 0.01150000 -0.41999999
v 0.32690001 0.00850000 -0.41999999
v 0.32990000 0.01150000 -0.41999999
v 0.32490000 0.01000000 -0.41999999
v 0.32839999 0.01350000 -0.41999999
v 0.32339999 0.01500000 -0.41999999
v 0.32990000 0.01500000 -0.41999999
v 0.99849999 0.09150000 -0.41999999
v 0.99849999 0.09000000 -0.41999999
v 0.99849999 0.09150000 -0.02000000
v 0.99849999 0.09000000 -0.02000000
v 1.00000000 0.09150000 -0.41999999
v 0.99849999 0.09150000 -0.41999999
v 1.00000000 0.09150000 -0.02000000
v 0.99849999 0.09150000 -0.02000000
v 0.99849999 0.09350000 -0.41999999
v 1.00000000 0.09350000 -0.41999999
v 0.99849999 0.09350000 -0.02000000
v 1.00000000 0.09350000 -0.02000000
v 0.99849999 0.09500000 -0.41999999
v 0.99849999 0.09350000 -0.41999999
v 0.99849999 0.09500000 -0.02000000
v 0.99849999 0.09350000 -0.02000000
v 0.99650002 0.09350000 -0.41999999
v 0.99849999 0.09500000 -0.41999999
v 0.99650002 0.09350000 -0.02000000
v 0.99849999 0.09500000 -0.02000000
v 0.99650002 0.09150000 -0.41999999
v 0.99650002 0.09350000 -0.41999999
v 0.99650002 0.09150000 -0.02000000
v 0.99650002 0.09350000 -0.02000000
v 0.99849999 0.09000000 -0.41999999
v 0.99650002 0.09150000 -0.41999999
v 0.99849999 0.09000000 -0.02000000
v 0.99650002 0.09150000 -0.02000000
v 0.99849999 0.09150000 -0.02000000
v 0.99849999 0.09000000 -0.02000000
v 0.99650002 0.09150000 -0.02000000
v 0.99650002 0.09350000 -0.02000000
v 0.99849999 0.09500000 -0.02000000
v 0.99849999 0.09350000 -0.02000000
v 1.00000000 0.09350000 -0.02000000
v 1.00000000 0.09150000 -0.02000000
v 0.99849999 0.09350000 -0.02000000
v 0.99849999 0.09150000 -0.02000000
v 0.99650002 0.09350000 -0.02000000
v 0.99650002 0.09150000 -0.02000000
v 0.99849999 0.00650000 -0.41999999
v 0.99849999 0.00500000 -0.41999999
v 0.99849999 0.00650000 -0.02000000
v 0.99849999 0.00500000 -0.02000000
v 1.00000000 0.00650000 -0.41999999
v 0.99849999 0.00650000 -0.41999999
v 1.00000000 0.00650000 -0.02000000
v 0.99849999 0.00650000 -0.02000000
v 0.99849999 0.00850000 -0.41999999
v 1.00000000 0.00850000 -0.41999999
v 0.99849999 0.00850000 -0.02000000
v 1.00000000 0.00850000 -0.02000000
v 0.99849999 0.01000000 -0.41999999
v 0.99849999 0.00850000 -0.41999999
v 0.99849999 0.01000000 -0.02000000
v 0.99849999 0.00850000 -0.02000000
v 0.99650002 0.00850000 -0.41999999
v 0.99849999 0.01000000 -0.41999999
v 0.99650002 0.00850000 -0.02000000
v 0.99849999 0.01000000 -0.02000000
v 0.99650002 0.00650000 -0.41999999
v 0.99650002 0.00850000 -0.41999999
v 0.99650002 0.00650000 -0.02000000
v 0.99650002 0.00850000 -0.02000000
v 0.99849999 0.00500000 -0.41999999
v 0.99650002 0.00650000 -0.41999999
v 0.99849999 0.00500000 -0.02000000
v 0.99650002 0.00650000 -0.02000000
v 0.99849999 0.00650000 -0.02000000
v 0.99849999 0.00500000 -0.02000000
v 0.99650002 0.00650000 -0.02000000
v 0.99650002 0.00850000 -0.02000000
v 0.99849999 0.01000000 -0.02000000
v 0.99849999 0.00850000 -0.02000000
v 1.00000000 0.00850000 -0.02000000
v 1.00000000 0.00650000 -0.02000000
v 0.99849999 0.00850000 -0.02000000
v 0.99849999 0.00650000 -0.02000000
v 0.99650002 0.00850000 -0.02000000
v 0.99650002 0.00650000 -0.02000000
v 0.01010000 0.08650000 -0.41999999
v 0.00860000 0.08650000 -0.41999999
v 0.01010000 0.08650000 -0.02000000
v 0.00860000 0.08650000 -0.02000000
v 0.00860000 0.08850000 -0.41999999
v 0.01010000 0.08650000 -0.41999999
v 0.00860000 0.08850000 -0.02000000
v 0.01010000 0.08650000 -0.02000000
v 0.00660000 0.08850000 -0.41999999
v 0.00860000 0.08850000 -0.41999999
v 0.00660000 0.08850000 -0.02000000
v 0.00860000 0.08850000 -0.02000000
v 0.00510000 0.08650000 -0.41999999
v 0.00660000 0.08850000 -0.41999999
v 0.00510000 0.08650000 -0.02000000
v 0.00660000 0.08850000 -0.02000000
v 0.00660000 0.08650000 -0.41999999
v 0.00510000 0.08650000 -0.41999999
v 0.00660000 0.08650000 -0.02000000
v 0.00510000 0.08650000 -0.02000000
v 0.02510000 0.08650000 -0.41999999
v 0.02360000 0.08650000 -0.41999999
v 0.02510000 0.08650000 -0.02000000
v 0.02360000 0.08650000 -0.02000000
v 0.02360000 0.08850000 -0.41999999
v 0.02510000 0.08650000 -0.41999999
v 0.02360000 0.08850000 -0.02000000
v 0.02510000 0.08650000 -0.02000000
v 0.02160000 0.08850000 -0.41999999
v 0.02360000 0.08850000 -0.41999999
v 0.02160000 0.08850000 -0.02000000
v 0.02360000 0.08850000 -0.02000000
v 0.02010000 0.08650000 -0.41999999
v 0.02160000 0.08850000 -0.41999999
v 0.02010000 0.08650000 -0.02000000
v 0.02160000 0.08850000 -0.02000000
v 0.02160000 0.08650000 -0.41999999
v 0.02010000 0.08650000 -0.41999999
v 0.02160000 0.08650000 -0.02000000
v 0.02010000 0.08650000 -0.02000000
v 0.00860000 0.01350000 -0.41999999
v 0.01010000 0.01350000 -0.41999999
v 0.00860000 0.01350000 -0.02000000
v 0.01010000 0.01350000 -0.02000000
v 0.00860000 0.01350000 -0.41999999
v 0.00860000 0.01350000 -0.02000000
v 0.00860000 0.01500000 -0.30000001
v 0.00860000 0.01500000 -0.02000000
v 0.00860000 0.08500000 -0.31999999
v 0.00860000 0.01500000 -0.31850001
v 0.00860000 0.08500000 -0.31850001
v 0.00860000 0.01500000 -0.31999999
v 0.00860000 0.01500000 -0.41999999
v 0.00860000 0.01350000 -0.41999999
v 0.00860000 0.08650000 -0.41999999
v 0.00860000 0.08500000 -0.41999999
v 0.00860000 0.08500000 -0.31999999
v 0.00860000 0.08500000 -0.31999999
v 0.00860000 0.08500000 -0.31850001
v 0.00860000 0.08650000 -0.41999999
v 0.00860000 0.08500000 -0.31650001
v 0.00860000 0.08650000 -0.02000000
v 0.00860000 0.08500000 -0.30350000
v 0.00860000 0.08500000 -0.30149999
v 0.00860000 0.08500000 -0.02000000
v 0.00860000 0.08650000 -0.02000000
v 0.00860000 0.08500000 -0.30000001
v 0.00860000 0.08500000 -0.30149999
v 0.00860000 0.01500000 -0.30000001
v 0.00860000 0.01500000 -0.30149999
v 0.00860000 0.01350000 -0.41999999
v 0.00860000 0.01500000 -0.30350000
v 0.00860000 0.01500000 -0.30350000
v 0.00860000 0.01500000 -0.31650001
v 0.00860000 0.01350000 -0.41999999
v 0.00860000 0.01500000 -0.31850001
v 0.00860000 0.01500000 -0.31999999
v 0.00860000 0.08500000 -0.31999999
v 0.00660000 0.08500000 -0.31650001
v 0.00660000 0.08500000 -0.31850001
v 0.00660000 0.08650000 -0.41999999
v 0.00660000 0.08500000 -0.30000001
v 0.00660000 0.01500000 -0.30149999
v 0.00660000 0.08500000 -0.30149999
v 0.00660000 0.08500000 -0.02000000
v 0.00660000 0.08500000 -0.30000001
v 0.00660000 0.08650000 -0.02000000
v 0.00660000 0.08500000 -0.30149999
v 0.00660000 0.08650000 -0.41999999
v 0.00660000 0.08500000 -0.30350000
v 0.00660000 0.08500000 -0.31650001
v 0.00660000 0.08500000 -0.41999999
v 0.00660000 0.08650000 -0.41999999
v 0.00660000 0.08500000 -0.31999999
v 0.00660000 0.08500000 -0.31850001
v 0.00660000 0.01500000 -0.31999999
v 0.00660000 0.01500000 -0.31850001
v 0.00660000 0.01500000 -0.30000001
v 0.00660000 0.01500000 -0.02000000
v 0.00660000 0.01350000 -0.02000000
v 0.00660000 0.01500000 -0.41999999
v 0.00660000 0.01500000 -0.31999999
v 0.00660000 0.01350000 -0.41999999
v 0.00660000 0.01500000 -0.31850001
v 0.00660000 0.01350000 -0.02000000
v 0.00660000 0.01500000 -0.31650001
v 0.00660000 0.01500000 -0.31650001
v 0.00660000 0.01500000 -0.30350000
v 0.00660000 0.01350000 -0.02000000
v 0.00660000 0.01500000 -0.30149999
v 0.00660000 0.01500000 -0.30000001
v 0.00660000 0.08500000 -0.30000001
v 0.00510000 0.01350000 -0.41999999
v 0.00660000 0.01350000 -0.41999999
v 0.00510000 0.01350000 -0.02000000
v 0.00660000 0.01350000 -0.02000000
v 0.00660000 0.01150000 -0.41999999
v 0.00510000 0.01350000 -0.41999999
v 0.00660000 0.01150000 -0.02000000
v 0.00510000 0.01350000 -0.02000000
v 0.00860000 0.01150000 -0.41999999
v 0.00660000 0.01150000 -0.41999999
v 0.00860000 0.01150000 -0.02000000
v 0.00660000 0.01150000 -0.02000000
v 0.01010000 0.01350000 -0.41999999
v 0.00860000 0.01150000 -0.41999999
v 0.01010000 0.01350000 -0.02000000
v 0.00860000 0.01150000 -0.02000000
v 0.02360000 0.01150000 -0.41999999
v 0.02160000 0.01150000 -0.41999999
v 0.02360000 0.01150000 -0.02000000
v 0.02160000 0.01150000 -0.02000000
v 0.02510000 0.01350000 -0.41999999
v 0.02360000 0.01150000 -0.41999999
v 0.02510000 0.01350000 -0.02000000
v 0.02360000 0.01150000 -0.02000000
v 0.02360000 0.01350000 -0.41999999
v 0.02510000 0.01350000 -0.41999999
v 0.02360000 0.01350000 -0.02000000
v 0.02510000 0.01350000 -0.02000000
v 0.02360000 0.01350000 -0.41999999
v 0.02360000 0.01350000 -0.02000000
v 0.02360000 0.01500000 -0.30000001
v 0.02360000 0.01500000 -0.02000000
v 0.02360000 0.08500000 -0.31999999
v 0.02360000 0.01500000 -0.31850001
v 0.02360000 0.08500000 -0.31850001
v 0.02360000 0.01500000 -0.31999999
v 0.02360000 0.01500000 -0.41999999
v 0.02360000 0.01350000 -0.41999999
v 0.02360000 0.08650000 -0.41999999
v 0.02360000 0.08500000 -0.41999999
v 0.02360000 0.08500000 -0.31999999
v 0.02360000 0.08500000 -0.31999999
v 0.02360000 0.08500000 -0.31850001
v 0.02360000 0.08650000 -0.41999999
v 0.02360000 0.08500000 -0.31650001
v 0.02360000 0.08650000 -0.02000000
v 0.02360000 0.08500000 -0.30350000
v 0.02360000 0.08500000 -0.30149999
v 0.02360000 0.08500000 -0.02000000
v 0.02360000 0.08650000 -0.02000000
v 0.02360000 0.08500000 -0.30000001
v 0.02360000 0.08500000 -0.30149999
v 0.02360000 0.01500000 -0.30000001
v 0.02360000 0.01500000 -0.30149999
v 0.02360000 0.01350000 -0.41999999
v 0.02360000 0.01500000 -0.30350000
v 0.02360000 0.01500000 -0.30350000
v 0.02360000 0.01500000 -0.31650001
v 0.02360000 0.01350000 -0.41999999
v 0.02360000 0.01500000 -0.31850001
v 0.02360000 0.01500000 -0.31999999
v 0.02360000 0.08500000 -0.31999999
v 0.02160000 0.08500000 -0.31650001
v 0.02160000 0.08500000 -0.31850001
v 0.02160000 0.08650000 -0.41999999
v 0.02160000 0.08500000 -0.30000001
v 0.02160000 0.01500000 -0.30149999
v 0.02160000 0.08500000 -0.30149999
v 0.02160000 0.08500000 -0.02000000
v 0.02160000 0.08500000 -0.30000001
v 0.02160000 0.08650000 -0.02000000
v 0.02160000 0.08500000 -0.30149999
v 0.02160000 0.08650000 -0.41999999
v 0.02160000 0.08500000 -0.30350000
v 0.02160000 0.08500000 -0.31650001
v 0.02160000 0.08500000 -0.41999999
v 0.02160000 0.08650000 -0.41999999
v 0.02160000 0.08500000 -0.31999999
v 0.02160000 0.08500000 -0.31850001
v 0.02160000 0.01500000 -0.31999999
v 0.02160000 0.01500000 -0.31850001
v 0.02160000 0.01500000 -0.30000001
v 0.02160000 0.01500000 -0.02000000
v 0.02160000 0.01350000 -0.02000000
v 0.02160000 0.01500000 -0.41999999
v 0.02160000 0.01500000 -0.31999999
v 0.02160000 0.01350000 -0.41999999
v 0.02160000 0.01500000 -0.31850001
v 0.02160000 0.01350000 -0.02000000
v 0.02160000 0.01500000 -0.31650001
v 0.02160000 0.01500000 -0.31650001
v 0.02160000 0.01500000 -0.30350000
v 0.02160000 0.01350000 -0.02000000
v 0.02160000 0.01500000 -0.30149999
v 0.02160000 0.01500000 -0.30000001
v 0.02160000 0.08500000 -0.30000001
v 0.02010000 0.01350000 -0.41999999
v 0.02160000 0.01350000 -0.41999999
v 0.02010000 0.01350000 -0.02000000
v 0.02160000 0.01350000 -0.02000000
v 0.02160000 0.01150000 -0.41999999
v 0.02010000 0.01350000 -0.41999999
v 0.02160000 0.01150000 -0.02000000
v 0.02010000 0.01350000 -0.02000000
v 0.99500000 0.08650000 -0.41999999
v 0.99349999 0.08650000 -0.41999999
v 0.99500000 0.08650000 -0.02000000
v 0.99349999 0.08650000 -0.02000000
v 0.99349999 0.08850000 -0.41999999
v 0.99500000 0.08650000 -0.41999999
v 0.99349999 0.08850000 -0.02000000
v 0.99500000 0.08650000 -0.02000000
v 0.99150002 0.08850000 -0.41999999
v 0.99349999 0.08850000 -0.41999999
v 0.99150002 0.08850000 -0.02000000
v 0.99349999 0.08850000 -0.02000000
v 0.99000001 0.08650000 -0.41999999
v 0.99150002 0.08850000 -0.41999999
v 0.99000001 0.08650000 -0.02000000
v 0.99150002 0.08850000 -0.02000000
v 0.99150002 0.08650000 -0.41999999
v 0.99000001 0.08650000 -0.41999999
v 0.99150002 0.08650000 -0.02000000
v 0.99000001 0.08650000 -0.02000000
v 0.98000002 0.08650000 -0.41999999
v 0.97850001 0.08650000 -0.41999999
v 0.98000002 0.08650000 -0.02000000
v 0.97850001 0.08650000 -0.02000000
v 0.97850001 0.08850000 -0.41999999
v 0.98000002 0.08650000 -0.41999999
v 0.97850001 0.08850000 -0.02000000
v 0.98000002 0.08650000 -0.02000000
v 0.97649997 0.08850000 -0.41999999
v 0.97850001 0.08850000 -0.41999999
v 0.97649997 0.08850000 -0.02000000
v 0.97850001 0.08850000 -0.02000000
v 0.97500002 0.08650000 -0.41999999
v 0.97649997 0.08850000 -0.41999999
v 0.97500002 0.08650000 -0.02000000
v 0.97649997 0.08850000 -0.02000000
v 0.97649997 0.08650000 -0.41999999
v 0.97500002 0.08650000 -0.41999999
v 0.97649997 0.08650000 -0.02000000
v 0.97500002 0.08650000 -0.02000000
v 0.99349999 0.01150000 -0.41999999
v 0.99150002 0.01150000 -0.41999999
v 0.99349999 0.01150000 -0.02000000
v 0.99150002 0.01150000 -0.02000000
v 0.99500000 0.01350000 -0.41999999
v 0.99349999 0.01150000 -0.41999999
v 0.99500000 0.01350000 -0.02000000
v 0.99349999 0.01150000 -0.02000000
v 0.99349999 0.01350000 -0.41999999
v 0.99500000 0.01350000 -0.41999999
v 0.99349999 0.01350000 -0.02000000
v 0.99500000 0.01350000 -0.02000000
v 0.99349999 0.01350000 -0.41999999
v 0.99349999 0.01350000 -0.02000000
v 0.99349999 0.01500000 -0.30000001
v 0.99349999 0.01500000 -0.02000000
v 0.99349999 0.08500000 -0.31999999
v 0.99349999 0.01500000 -0.31850001
v 0.99349999 0.08500000 -0.31850001
v 0.99349999 0.01500000 -0.31999999
v 0.99349999 0.01500000 -0.41999999
v 0.99349999 0.01350000 -0.41999999
v 0.99349999 0.08650000 -0.41999999
v 0.99349999 0.08500000 -0.41999999
v 0.99349999 0.08500000 -0.31999999
v 0.99349999 0.08500000 -0.31999999
v 0.99349999 0.08500000 -0.31850001
v 0.99349999 0.08650000 -0.41999999
v 0.99349999 0.08500000 -0.31650001
v 0.99349999 0.08650000 -0.02000000
v 0.99349999 0.08500000 -0.30350000
v 0.99349999 0.08500000 -0.30149999
v 0.99349999 0.08500000 -0.02000000
v 0.99349999 0.08650000 -0.02000000
v 0.99349999 0.08500000 -0.30000001
v 0.99349999 0.08500000 -0.30149999
v 0.99349999 0.01500000 -0.30000001
v 0.99349999 0.01500000 -0.30149999
v 0.99349999 0.01350000 -0.41999999
v 0.99349999 0.01500000 -0.30350000
v 0.99349999 0.01500000 -0.30350000
v 0.99349999 0.01500000 -0.31650001
v 0.99349999 0.01350000 -0.41999999
v 0.99349999 0.01500000 -0.31850001
v 0.99349999 0.01500000 -0.31999999
v 0.99349999 0.08500000 -0.31999999
v 0.99150002 0.08500000 -0.31999999
v 0.99150002 0.08500000 -0.41999999
v 0.99150002 0.08650000 -0.41999999
v 0.99150002 0.01350000 -0.41999999
v 0.99150002 0.01500000 -0.41999999
v 0.99150002 0.01500000 -0.31999999
v 0.99150002 0.08500000 -0.31850001
v 0.99150002 0.01500000 -0.31850001
v 0.99150002 0.01500000 -0.31999999
v 0.99150002 0.01500000 -0.31999999
v 0.99150002 0.01500000 -0.31850001
v 0.99150002 0.01350000 -0.41999999
v 0.99150002 0.01500000 -0.31650001
v 0.99150002 0.01350000 -0.02000000
v 0.99150002 0.01500000 -0.30350000
v 0.99150002 0.01500000 -0.30149999
v 0.99150002 0.08500000 -0.30149999
v 0.99150002 0.08500000 -0.30350000
v 0.99150002 0.08650000 -0.41999999
v 0.99150002 0.08650000 -0.02000000
v 0.99150002 0.08500000 -0.02000000
v 0.99150002 0.08500000 -0.30000001
v 0.99150002 0.01500000 -0.31999999
v 0.99150002 0.08500000 -0.31999999
v 0.99150002 0.08500000 -0.31850001
v 0.99150002 0.08650000 -0.41999999
v 0.99150002 0.08500000 -0.31650001
v 0.99150002 0.08500000 -0.30350000
v 0.99150002 0.01500000 -0.02000000
v 0.99150002 0.01350000 -0.02000000
v 0.99150002 0.01500000 -0.30000001
v 0.99150002 0.01500000 -0.30149999
v 0.99150002 0.08500000 -0.30000001
v 0.99150002 0.08500000 -0.30149999
v 0.99150002 0.08650000 -0.02000000
v 0.99150002 0.08650000 -0.41999999
v 0.99000001 0.01350000 -0.41999999
v 0.99150002 0.01350000 -0.41999999
v 0.99000001 0.01350000 -0.02000000
v 0.99150002 0.01350000 -0.02000000
v 0.99150002 0.01150000 -0.41999999
v 0.99000001 0.01350000 -0.41999999
v 0.99150002 0.01150000 -0.02000000
v 0.99000001 0.01350000 -0.02000000
v 0.97850001 0.01350000 -0.41999999
v 0.98000002 0.01350000 -0.41999999
v 0.97850001 0.01350000 -0.02000000
v 0.98000002 0.01350000 -0.02000000
v 0.97850001 0.01350000 -0.41999999
v 0.97850001 0.01350000 -0.02000000
v 0.97850001 0.01500000 -0.30000001
v 0.97850001 0.01500000 -0.02000000
v 0.97850001 0.08500000 -0.31999999
v 0.97850001 0.01500000 -0.31850001
v 0.97850001 0.08500000 -0.31850001
v 0.97850001 0.01500000 -0.31999999
v 0.97850001 0.01500000 -0.41999999
v 0.97850001 0.01350000 -0.41999999
v 0.97850001 0.08650000 -0.41999999
v 0.97850001 0.08500000 -0.41999999
v 0.97850001 0.08500000 -0.31999999
v 0.97850001 0.08500000 -0.31999999
v 0.97850001 0.08500000 -0.31850001
v 0.97850001 0.08650000 -0.41999999
v 0.97850001 0.08500000 -0.31650001
v 0.97850001 0.08650000 -0.02000000
v 0.97850001 0.08500000 -0.30350000
v 0.97850001 0.08500000 -0.30149999
v 0.97850001 0.08500000 -0.02000000
v 0.97850001 0.08650000 -0.02000000
v 0.97850001 0.08500000 -0.30000001
v 0.97850001 0.08500000 -0.30149999
v 0.97850001 0.01500000 -0.30000001
v 0.97850001 0.01500000 -0.30149999
v 0.97850001 0.01350000 -0.41999999
v 0.97850001 0.01500000 -0.30350000
v 0.97850001 0.01500000 -0.30350000
v 0.97850001 0.01500000 -0.31650001
v 0.97850001 0.01350000 -0.41999999
v 0.97850001 0.01500000 -0.31850001
v 0.97850001 0.01500000 -0.31999999
v 0.97850001 0.08500000 -0.31999999
v 0.97649997 0.08500000 -0.31999999
v 0.97649997 0.08500000 -0.41999999
v 0.97649997 0.08650000 -0.41999999
v 0.97649997 0.08500000 -0.31850001
v 0.97649997 0.01500000 -0.31850001
v 0.97649997 0.01500000 -0.31999999
v 0.97649997 0.01500000 -0.30350000
v 0.97649997 0.01500000 -0.30149999
v 0.97649997 0.01350000 -0.02000000
v 0.97649997 0.08500000 -0.30149999
v 0.97649997 0.08500000 -0.30350000
v 0.97649997 0.08650000 -0.41999999
v 0.97649997 0.01500000 -0.41999999
v 0.97649997 0.01500000 -0.31999999
v 0.97649997 0.01350000 -0.41999999
v 0.97649997 0.01500000 -0.31850001
v 0.97649997 0.01350000 -0.02000000
v 0.97649997 0.01500000 -0.31650001
v 0.97649997 0.01500000 -0.30350000
v 0.97649997 0.08650000 -0.02000000
v 0.97649997 0.08500000 -0.02000000
v 0.97649997 0.08500000 -0.30000001
v 0.97649997 0.01500000 -0.31999999
v 0.97649997 0.08500000 -0.31999999
v 0.97649997 0.08500000 -0.31850001
v 0.97649997 0.08650000 -0.41999999
v 0.97649997 0.08500000 -0.31650001
v 0.97649997 0.08500000 -0.30350000
v 0.97649997 0.01500000 -0.02000000
v 0.97649997 0.01350000 -0.02000000
v 0.97649997 0.01500000 -0.30000001
v 0.97649997 0.01500000 -0.30149999
v 0.97649997 0.08500000 -0.30000001
v 0.97649997 0.08500000 -0.30149999
v 0.97649997 0.08650000 -0.02000000
v 0.97649997 0.08650000 -0.41999999
v 0.97500002 0.01350000 -0.41999999
v 0.97649997 0.01350000 -0.41999999
v 0.97500002 0.01350000 -0.02000000
v 0.97649997 0.01350000 -0.02000000
v 0.97649997 0.01150000 -0.41999999
v 0.97500002 0.01350000 -0.41999999
v 0.97649997 0.01150000 -0.02000000
v 0.97500002 0.01350000 -0.02000000
v 0.97850001 0.01150000 -0.41999999
v 0.97649997 0.01150000 -0.41999999
v 0.97850001 0.01150000 -0.02000000
v 0.97649997 0.01150000 -0.02000000
v 0.98000002 0.01350000 -0.41999999
v 0.97850001 0.01150000 -0.41999999
v 0.98000002 0.01350000 -0.02000000
v 0.97850001 0.01150000 -0.02000000
v 0.67019999 0.01150000 -0.41999999
v 0.66820002 0.01150000 -0.41999999
v 0.67019999 0.01150000 -0.02000000
v 0.66820002 0.01150000 -0.02000000
v 0.67170000 0.01350000 -0.41999999
v 0.67019999 0.01150000 -0.41999999
v 0.67170000 0.01350000 -0.02000000
v 0.67019999 0.01150000 -0.02000000
v 0.67019999 0.01350000 -0.41999999
v 0.67170000 0.01350000 -0.41999999
v 0.67019999 0.01350000 -0.02000000
v 0.67170000 0.01350000 -0.02000000
v 0.66670001 0.01350000 -0.41999999
v 0.66820002 0.01350000 -0.41999999
v 0.66670001 0.01350000 -0.02000000
v 0.66820002 0.01350000 -0.02000000
v 0.66820002 0.01150000 -0.41999999
v 0.66670001 0.01350000 -0.41999999
v 0.66820002 0.01150000 -0.02000000
v 0.66670001 0.01350000 -0.02000000
v 0.65520000 0.01350000 -0.41999999
v 0.65670002 0.01350000 -0.41999999
v 0.65520000 0.01350000 -0.02000000
v 0.65670002 0.01350000 -0.02000000
v 0.65170002 0.01350000 -0.41999999
v 0.65319997 0.01350000 -0.41999999
v 0.65170002 0.01350000 -0.02000000
v 0.65319997 0.01350000 -0.02000000
v 0.65319997 0.01150000 -0.41999999
v 0.65170002 0.01350000 -0.41999999
v 0.65319997 0.01150000 -0.02000000
v 0.65170002 0.01350000 -0.02000000
v 0.65520000 0.01150000 -0.41999999
v 0.65319997 0.01150000 -0.41999999
v 0.65520000 0.01150000 -0.02000000
v 0.65319997 0.01150000 -0.02000000
v 0.65670002 0.01350000 -0.41999999
v 0.65520000 0.01150000 -0.41999999
v 0.65670002 0.01350000 -0.02000000
v 0.65520000 0.01150000 -0.02000000
v 0.65520000 0.01500000 -0.31999999
v 0.65520000 0.01500000 -0.41999999
v 0.65520000 0.01350000 -0.41999999
v 0.65520000 0.01500000 -0.31850001
v 0.65520000 0.08500000 -0.31850001
v 0.65520000 0.08500000 -0.31999999
v 0.65520000 0.01500000 -0.30149999
v 0.65520000 0.01500000 -0.30350000
v 0.65520000 0.01350000 -0.41999999
v 0.65520000 0.08500000 -0.30350000
v 0.65520000 0.08500000 -0.30149999
v 0.65520000 0.08650000 -0.02000000
v 0.65520000 0.01350000 -0.02000000
v 0.65520000 0.01500000 -0.02000000
v 0.65520000 0.01500000 -0.30000001
v 0.65520000 0.01500000 -0.30350000
v 0.65520000 0.01500000 -0.31650001
v 0.65520000 0.01350000 -0.41999999
v 0.65520000 0.01500000 -0.31850001
v 0.65520000 0.01500000 -0.31999999
v 0.65520000 0.08500000 -0.31999999
v 0.65520000 0.08500000 -0.41999999
v 0.65520000 0.08500000 -0.31999999
v 0.65520000 0.08650000 -0.41999999
v 0.65520000 0.08500000 -0.31850001
v 0.65520000 0.08650000 -0.02000000
v 0.65520000 0.08500000 -0.31650001
v 0.65520000 0.08500000 -0.30350000
v 0.65520000 0.08500000 -0.02000000
v 0.65520000 0.08650000 -0.02000000
v 0.65520000 0.08500000 -0.30000001
v 0.65520000 0.08500000 -0.30149999
v 0.65520000 0.01500000 -0.30000001
v 0.65520000 0.01500000 -0.30149999
v 0.65520000 0.01350000 -0.02000000
v 0.65520000 0.01350000 -0.41999999
v 0.65670002 0.08650000 -0.41999999
v 0.65520000 0.08650000 -0.41999999
v 0.65670002 0.08650000 -0.02000000
v 0.65520000 0.08650000 -0.02000000
v 0.65520000 0.08850000 -0.41999999
v 0.65670002 0.08650000 -0.41999999
v 0.65520000 0.08850000 -0.02000000
v 0.65670002 0.08650000 -0.02000000
v 0.65319997 0.08850000 -0.41999999
v 0.65520000 0.08850000 -0.41999999
v 0.65319997 0.08850000 -0.02000000
v 0.65520000 0.08850000 -0.02000000
v 0.65170002 0.08650000 -0.41999999
v 0.65319997 0.08850000 -0.41999999
v 0.65170002 0.08650000 -0.02000000
v 0.65319997 0.08850000 -0.02000000
v 0.65319997 0.08650000 -0.41999999
v 0.65170002 0.08650000 -0.41999999
v 0.65319997 0.08650000 -0.02000000
v 0.65170002 0.08650000 -0.02000000
v 0.65319997 0.08500000 -0.31650001
v 0.65319997 0.08500000 -0.31850001
v 0.65319997 0.08650000 -0.41999999
v 0.65319997 0.08500000 -0.30149999
v 0.65319997 0.08500000 -0.30000001
v 0.65319997 0.01500000 -0.30149999
v 0.65319997 0.01500000 -0.30000001
v 0.65319997 0.08500000 -0.02000000
v 0.65319997 0.08500000 -0.30000001
v 0.65319997 0.08650000 -0.02000000
v 0.65319997 0.08500000 -0.30149999
v 0.65319997 0.08650000 -0.41999999
v 0.65319997 0.08500000 -0.30350000
v 0.65319997 0.08500000 -0.31650001
v 0.65319997 0.01350000 -0.41999999
v 0.65319997 0.01500000 -0.41999999
v 0.65319997 0.01500000 -0.31999999
v 0.65319997 0.08500000 -0.41999999
v 0.65319997 0.08650000 -0.41999999
v 0.65319997 0.08500000 -0.31999999
v 0.65319997 0.08500000 -0.31850001
v 0.65319997 0.01500000 -0.31999999
v 0.65319997 0.01500000 -0.31850001
v 0.65319997 0.01350000 -0.41999999
v 0.65319997 0.01500000 -0.31650001
v 0.65319997 0.01500000 -0.30350000
v 0.65319997 0.01500000 -0.02000000
v 0.65319997 0.01350000 -0.02000000
v 0.65319997 0.01500000 -0.30000001
v 0.65319997 0.01350000 -0.41999999
v 0.65319997 0.01500000 -0.30149999
v 0.65319997 0.01500000 -0.30350000
v 0.67019999 0.01500000 -0.31999999
v 0.67019999 0.01500000 -0.41999999
v 0.67019999 0.01350000 -0.41999999
v 0.67019999 0.01500000 -0.31850001
v 0.67019999 0.08500000 -0.31850001
v 0.67019999 0.08500000 -0.31999999
v 0.67019999 0.01500000 -0.30149999
v 0.67019999 0.01500000 -0.30350000
v 0.67019999 0.01350000 -0.41999999
v 0.67019999 0.08500000 -0.30350000
v 0.67019999 0.08500000 -0.30149999
v 0.67019999 0.08650000 -0.02000000
v 0.67019999 0.01350000 -0.02000000
v 0.67019999 0.01500000 -0.02000000
v 0.67019999 0.01500000 -0.30000001
v 0.67019999 0.01500000 -0.30350000
v 0.67019999 0.01500000 -0.31650001
v 0.67019999 0.01350000 -0.41999999
v 0.67019999 0.01500000 -0.31850001
v 0.67019999 0.01500000 -0.31999999
v 0.67019999 0.08500000 -0.31999999
v 0.67019999 0.08500000 -0.41999999
v 0.67019999 0.08500000 -0.31999999
v 0.67019999 0.08650000 -0.41999999
v 0.67019999 0.08500000 -0.31850001
v 0.67019999 0.08650000 -0.02000000
v 0.67019999 0.08500000 -0.31650001
v 0.67019999 0.08500000 -0.30350000
v 0.67019999 0.08500000 -0.02000000
v 0.67019999 0.08650000 -0.02000000
v 0.67019999 0.08500000 -0.30000001
v 0.67019999 0.08500000 -0.30149999
v 0.67019999 0.01500000 -0.30000001
v 0.67019999 0.01500000 -0.30149999
v 0.67019999 0.01350000 -0.02000000
v 0.67019999 0.01350000 -0.41999999
v 0.67170000 0.08650000 -0.41999999
v 0.67019999 0.08650000 -0.41999999
v 0.67170000 0.08650000 -0.02000000
v 0.67019999 0.08650000 -0.02000000
v 0.67019999 0.08850000 -0.41999999
v 0.67170000 0.08650000 -0.41999999
v 0.67019999 0.08850000 -0.02000000
v 0.67170000 0.08650000 -0.02000000
v 0.66820002 0.08850000 -0.41999999
v 0.67019999 0.08850000 -0.41999999
v 0.66820002 0.08850000 -0.02000000
v 0.67019999 0.08850000 -0.02000000
v 0.66670001 0.08650000 -0.41999999
v 0.66820002 0.08850000 -0.41999999
v 0.66670001 0.08650000 -0.02000000
v 0.66820002 0.08850000 -0.02000000
v 0.66820002 0.08650000 -0.41999999
v 0.66670001 0.08650000 -0.41999999
v 0.66820002 0.08650000 -0.02000000
v 0.66670001 0.08650000 -0.02000000
v 0.66820002 0.08500000 -0.31650001
v 0.66820002 0.08500000 -0.31850001
v 0.66820002 0.08650000 -0.41999999
v 0.66820002 0.08500000 -0.30149999
v 0.66820002 0.08500000 -0.30000001
v 0.66820002 0.01500000 -0.30149999
v 0.66820002 0.01500000 -0.30000001
v 0.66820002 0.08500000 -0.02000000
v 0.66820002 0.08500000 -0.30000001
v 0.66820002 0.08650000 -0.02000000
v 0.66820002 0.08500000 -0.30149999
v 0.66820002 0.08650000 -0.41999999
v 0.66820002 0.08500000 -0.30350000
v 0.66820002 0.08500000 -0.31650001
v 0.66820002 0.01350000 -0.41999999
v 0.66820002 0.01500000 -0.41999999
v 0.66820002 0.01500000 -0.31999999
v 0.66820002 0.08500000 -0.41999999
v 0.66820002 0.08650000 -0.41999999
v 0.66820002 0.08500000 -0.31999999
v 0.66820002 0.08500000 -0.31850001
v 0.66820002 0.01500000 -0.31999999
v 0.66820002 0.01500000 -0.31850001
v 0.66820002 0.01350000 -0.41999999
v 0.66820002 0.01500000 -0.31650001
v 0.66820002 0.01500000 -0.30350000
v 0.66820002 0.01500000 -0.02000000
v 0.66820002 0.01350000 -0.02000000
v 0.66820002 0.01500000 -0.30000001
v 0.66820002 0.01350000 -0.41999999
v 0.66820002 0.01500000 -0.30149999
v 0.66820002 0.01500000 -0.30350000
v 0.33190000 0.01350000 -0.41999999
v 0.33340001 0.01350000 -0.41999999
v 0.33190000 0.01350000 -0.02000000
v 0.33340001 0.01350000 -0.02000000
v 0.32839999 0.01350000 -0.41999999
v 0.32990000 0.01350000 -0.41999999
v 0.32839999 0.01350000 -0.02000000
v 0.32990000 0.01350000 -0.02000000
v 0.32990000 0.01150000 -0.41999999
v 0.32839999 0.01350000 -0.41999999
v 0.32990000 0.01150000 -0.02000000
v 0.32839999 0.01350000 -0.02000000
v 0.33190000 0.01150000 -0.41999999
v 0.32990000 0.01150000 -0.41999999
v 0.33190000 0.01150000 -0.02000000
v 0.32990000 0.01150000 -0.02000000
v 0.33340001 0.01350000 -0.41999999
v 0.33190000 0.01150000 -0.41999999
v 0.33340001 0.01350000 -0.02000000
v 0.33190000 0.01150000 -0.02000000
v 0.34689999 0.01150000 -0.41999999
v 0.34490001 0.01150000 -0.41999999
v 0.34689999 0.01150000 -0.02000000
v 0.34490001 0.01150000 -0.02000000
v 0.34840000 0.01350000 -0.41999999
v 0.34689999 0.01150000 -0.41999999
v 0.34840000 0.01350000 -0.02000000
v 0.34689999 0.01150000 -0.02000000
v 0.34689999 0.01350000 -0.41999999
v 0.34840000 0.01350000 -0.41999999
v 0.34689999 0.01350000 -0.02000000
v 0.34840000 0.01350000 -0.02000000
v 0.34340000 0.01350000 -0.41999999
v 0.34490001 0.01350000 -0.41999999
v 0.34340000 0.01350000 -0.02000000
v 0.34490001 0.01350000 -0.02000000
v 0.34490001 0.01150000 -0.41999999
v 0.34340000 0.01350000 -0.41999999
v 0.34490001 0.01150000 -0.02000000
v 0.34340000 0.01350000 -0.02000000
v 0.33190000 0.08650000 -0.41999999
v 0.33190000 0.08500000 -0.41999999
v 0.33190000 0.08500000 -0.31999999
v 0.33190000 0.01500000 -0.31999999
v 0.33190000 0.01500000 -0.31850001
v 0.33190000 0.08500000 -0.31999999
v 0.33190000 0.08500000 -0.31850001
v 0.33190000 0.08650000 -0.41999999
v 0.33190000 0.08500000 -0.31650001
v 0.33190000 0.08650000 -0.02000000
v 0.33190000 0.08500000 -0.30350000
v 0.33190000 0.08500000 -0.30149999
v 0.33190000 0.01350000 -0.02000000
v 0.33190000 0.01500000 -0.02000000
v 0.33190000 0.01500000 -0.30000001
v 0.33190000 0.01500000 -0.41999999
v 0.33190000 0.01350000 -0.41999999
v 0.33190000 0.01500000 -0.31999999
v 0.33190000 0.01350000 -0.02000000
v 0.33190000 0.01500000 -0.31850001
v 0.33190000 0.01500000 -0.31650001
v 0.33190000 0.08500000 -0.02000000
v 0.33190000 0.08650000 -0.02000000
v 0.33190000 0.08500000 -0.30000001
v 0.33190000 0.08500000 -0.30149999
v 0.33190000 0.01500000 -0.30000001
v 0.33190000 0.01500000 -0.30149999
v 0.33190000 0.01350000 -0.02000000
v 0.33190000 0.01500000 -0.30350000
v 0.33190000 0.01500000 -0.31650001
v 0.33340001 0.08650000 -0.41999999
v 0.33190000 0.08650000 -0.41999999
v 0.33340001 0.08650000 -0.02000000
v 0.33190000 0.08650000 -0.02000000
v 0.33190000 0.08850000 -0.41999999
v 0.33340001 0.08650000 -0.41999999
v 0.33190000 0.08850000 -0.02000000
v 0.33340001 0.08650000 -0.02000000
v 0.32990000 0.08850000 -0.41999999
v 0.33190000 0.08850000 -0.41999999
v 0.32990000 0.08850000 -0.02000000
v 0.33190000 0.08850000 -0.02000000
v 0.32839999 0.08650000 -0.41999999
v 0.32990000 0.08850000 -0.41999999
v 0.32839999 0.08650000 -0.02000000
v 0.32990000 0.08850000 -0.02000000
v 0.32990000 0.08650000 -0.41999999
v 0.32839999 0.08650000 -0.41999999
v 0.32990000 0.08650000 -0.02000000
v 0.32839999 0.08650000 -0.02000000
v 0.32990000 0.08500000 -0.31999999
v 0.32990000 0.08500000 -0.41999999
v 0.32990000 0.08650000 -0.41999999
v 0.32990000 0.01350000 -0.41999999
v 0.32990000 0.01500000 -0.41999999
v 0.32990000 0.01500000 -0.31999999
v 0.32990000 0.08650000 -0.02000000
v 0.32990000 0.08500000 -0.02000000
v 0.32990000 0.08500000 -0.30000001
v 0.32990000 0.08500000 -0.31650001
v 0.32990000 0.08500000 -0.31850001
v 0.32990000 0.08650000 -0.02000000
v 0.32990000 0.01500000 -0.02000000
v 0.32990000 0.01350000 -0.02000000
v 0.32990000 0.01500000 -0.30000001
v 0.32990000 0.01500000 -0.30149999
v 0.32990000 0.08500000 -0.30000001
v 0.32990000 0.08500000 -0.30149999
v 0.32990000 0.08650000 -0.02000000
v 0.32990000 0.08500000 -0.30350000
v 0.32990000 0.08500000 -0.31650001
v 0.32990000 0.08650000 -0.41999999
v 0.32990000 0.08650000 -0.02000000
v 0.32990000 0.08500000 -0.31999999
v 0.32990000 0.08500000 -0.31850001
v 0.32990000 0.01500000 -0.31999999
v 0.32990000 0.01500000 -0.31850001
v 0.32990000 0.01350000 -0.41999999
v 0.32990000 0.01500000 -0.31650001
v 0.32990000 0.01350000 -0.02000000
v 0.32990000 0.01500000 -0.30350000
v 0.32990000 0.01500000 -0.30149999
v 0.34689999 0.08650000 -0.41999999
v 0.34689999 0.08500000 -0.41999999
v 0.34689999 0.08500000 -0.31999999
v 0.34689999 0.01500000 -0.31999999
v 0.34689999 0.01500000 -0.31850001
v 0.34689999 0.08500000 -0.31999999
v 0.34689999 0.08500000 -0.31850001
v 0.34689999 0.08650000 -0.41999999
v 0.34689999 0.08500000 -0.31650001
v 0.34689999 0.08650000 -0.02000000
v 0.34689999 0.08500000 -0.30350000
v 0.34689999 0.08500000 -0.30149999
v 0.34689999 0.01350000 -0.02000000
v 0.34689999 0.01500000 -0.02000000
v 0.34689999 0.01500000 -0.30000001
v 0.34689999 0.01500000 -0.41999999
v 0.34689999 0.01350000 -0.41999999
v 0.34689999 0.01500000 -0.31999999
v 0.34689999 0.01350000 -0.02000000
v 0.34689999 0.01500000 -0.31850001
v 0.34689999 0.01500000 -0.31650001
v 0.34689999 0.08500000 -0.02000000
v 0.34689999 0.08650000 -0.02000000
v 0.34689999 0.08500000 -0.30000001
v 0.34689999 0.08500000 -0.30149999
v 0.34689999 0.01500000 -0.30000001
v 0.34689999 0.01500000 -0.30149999
v 0.34689999 0.01350000 -0.02000000
v 0.34689999 0.01500000 -0.30350000
v 0.34689999 0.01500000 -0.31650001
v 0.34840000 0.08650000 -0.41999999
v 0.34689999 0.08650000 -0.41999999
v 0.34840000 0.08650000 -0.02000000
v 0.34689999 0.08650000 -0.02000000
v 0.34689999 0.08850000 -0.41999999
v 0.34840000 0.08650000 -0.41999999
v 0.34689999 0.08850000 -0.02000000
v 0.34840000 0.08650000 -0.02000000
v 0.34490001 0.08850000 -0.41999999
v 0.34689999 0.08850000 -0.41999999
v 0.34490001 0.08850000 -0.02000000
v 0.34689999 0.08850000 -0.02000000
v 0.34340000 0.08650000 -0.41999999
v 0.34490001 0.08850000 -0.41999999
v 0.34340000 0.08650000 -0.02000000
v 0.34490001 0.08850000 -0.02000000
v 0.34490001 0.08650000 -0.41999999
v 0.34340000 0.08650000 -0.41999999
v 0.34490001 0.08650000 -0.02000000
v 0.34340000 0.08650000 -0.02000000
v 0.34490001 0.08500000 -0.31999999
v 0.34490001 0.08500000 -0.41999999
v 0.34490001 0.08650000 -0.41999999
v 0.34490001 0.01350000 -0.41999999
v 0.34490001 0.01500000 -0.41999999
v 0.34490001 0.01500000 -0.31999999
v 0.34490001 0.08650000 -0.02000000
v 0.34490001 0.08500000 -0.02000000
v 0.34490001 0.08500000 -0.30000001
v 0.34490001 0.08500000 -0.31650001
v 0.34490001 0.08500000 -0.31850001
v 0.34490001 0.08650000 -0.02000000
v 0.34490001 0.01500000 -0.02000000
v 0.34490001 0.01350000 -0.02000000
v 0.34490001 0.01500000 -0.30000001
v 0.34490001 0.01500000 -0.30149999
v 0.34490001 0.08500000 -0.30000001
v 0.34490001 0.08500000 -0.30149999
v 0.34490001 0.08650000 -0.02000000
v 0.34490001 0.08500000 -0.30350000
v 0.34490001 0.08500000 -0.31650001
v 0.34490001 0.08650000 -0.41999999
v 0.34490001 0.08650000 -0.02000000
v 0.34490001 0.08500000 -0.31999999
v 0.34490001 0.08500000 -0.31850001
v 0.34490001 0.01500000 -0.31999999
v 0.34490001 0.01500000 -0.31850001
v 0.34490001 0.01350000 -0.41999999
v 0.34490001 0.01500000 -0.31650001
v 0.34490001 0.01350000 -0.02000000
v 0.34490001 0.01500000 -0.30350000
v 0.34490001 0.01500000 -0.30149999
v 0.34689999 0.00150000 -0.41999999
v 0.34689999 0.00000000 -0.41999999
v 0.34689999 0.00150000 -0.02000000
v 0.34689999 0.00000000 -0.02000000
v 0.34840000 0.00150000 -0.41999999
v 0.34689999 0.00150000 -0.41999999
v 0.34840000 0.00150000 -0.02000000
v 0.34689999 0.00150000 -0.02000000
v 0.34689999 0.00350000 -0.41999999
v 0.34840000 0.00150000 -0.41999999
v 0.34689999 0.00350000 -0.02000000
v 0.34840000 0.00150000 -0.02000000
v 0.34490001 0.00350000 -0.41999999
v 0.34689999 0.00350000 -0.41999999
v 0.34490001 0.00350000 -0.02000000
v 0.34689999 0.00350000 -0.02000000
v 0.34340000 0.00150000 -0.41999999
v 0.34490001 0.00350000 -0.41999999
v 0.34340000 0.00150000 -0.02000000
v 0.34490001 0.00350000 -0.02000000
v 0.34490001 0.00150000 -0.41999999
v 0.34340000 0.00150000 -0.41999999
v 0.34490001 0.00150000 -0.02000000
v 0.34340000 0.00150000 -0.02000000
v 0.34490001 0.00000000 -0.41999999
v 0.34490001 0.00150000 -0.41999999
v 0.34490001 0.00000000 -0.02000000
v 0.34490001 0.00150000 -0.02000000
v 0.34490001 0.00150000 -0.02000000
v 0.34340000 0.00150000 -0.02000000
v 0.34490001 0.00350000 -0.02000000
v 0.34689999 0.00350000 -0.02000000
v 0.34840000 0.00150000 -0.02000000
v 0.34689999 0.00150000 -0.02000000
v 0.34689999 0.00000000 -0.02000000
v 0.34490001 0.00000000 -0.02000000
v 0.34689999 0.00150000 -0.02000000
v 0.34490001 0.00150000 -0.02000000
v 0.34689999 0.00350000 -0.02000000
v 0.34490001 0.00350000 -0.02000000
v 0.33190000 0.00150000 -0.41999999
v 0.33190000 0.00000000 -0.41999999
v 0.33190000 0.00150000 -0.02000000
v 0.33190000 0.00000000 -0.02000000
v 0.33340001 0.00150000 -0.41999999
v 0.33190000 0.00150000 -0.41999999
v 0.33340001 0.00150000 -0.02000000
v 0.33190000 0.00150000 -0.02000000
v 0.33190000 0.00350000 -0.41999999
v 0.33340001 0.00150000 -0.41999999
v 0.33190000 0.00350000 -0.02000000
v 0.33340001 0.00150000 -0.02000000
v 0.32990000 0.00350000 -0.41999999
v 0.33190000 0.00350000 -0.41999999
v 0.32990000 0.00350000 -0.02000000
v 0.33190000 0.00350000 -0.02000000
v 0.32839999 0.00150000 -0.41999999
v 0.32990000 0.00350000 -0.41999999
v 0.32839999 0.00150000 -0.02000000
v 0.32990000 0.00350000 -0.02000000
v 0.32990000 0.00150000 -0.41999999
v 0.32839999 0.00150000 -0.41999999
v 0.32990000 0.00150000 -0.02000000
v 0.32839999 0.00150000 -0.02000000
v 0.32990000 0.00000000 -0.41999999
v 0.32990000 0.00150000 -0.41999999
v 0.32990000 0.00000000 -0.02000000
v 0.32990000 0.00150000 -0.02000000
v 0.32990000 0.00150000 -0.02000000
v 0.32839999 0.00150000 -0.02000000
v 0.32990000 0.00350000 -0.02000000
v 0.33190000 0.00350000 -0.02000000
v 0.33340001 0.00150000 -0.02000000
v 0.33190000 0.00150000 -0.02000000
v 0.33190000 0.00000000 -0.02000000
v 0.32990000 0.00000000 -0.02000000
v 0.33190000 0.00150000 -0.02000000
v 0.32990000 0.00150000 -0.02000000
v 0.33190000 0.00350000 -0.02000000
v 0.32990000 0.00350000 -0.02000000
v 0.35190001 0.00650000 -0.41999999
v 0.35190001 0.00500000 -0.41999999
v 0.35190001 0.00650000 -0.02000000
v 0.35190001 0.00500000 -0.02000000
v 0.35339999 0.00650000 -0.41999999
v 0.35190001 0.00650000 -0.41999999
v 0.35339999 0.00650000 -0.02000000
v 0.35190001 0.00650000 -0.02000000
v 0.35190001 0.00850000 -0.41999999
v 0.35339999 0.00850000 -0.41999999
v 0.35190001 0.00850000 -0.02000000
v 0.35339999 0.00850000 -0.02000000
v 0.35190001 0.01000000 -0.41999999
v 0.35190001 0.00850000 -0.41999999
v 0.35190001 0.01000000 -0.02000000
v 0.35190001 0.00850000 -0.02000000
v 0.34990001 0.00850000 -0.41999999
v 0.35190001 0.01000000 -0.41999999
v 0.34990001 0.00850000 -0.02000000
v 0.35190001 0.01000000 -0.02000000
v 0.34990001 0.00650000 -0.41999999
v 0.34990001 0.00850000 -0.41999999
v 0.34990001 0.00650000 -0.02000000
v 0.34990001 0.00850000 -0.02000000
v 0.35190001 0.00500000 -0.41999999
v 0.34990001 0.00650000 -0.41999999
v 0.35190001 0.00500000 -0.02000000
v 0.34990001 0.00650000 -0.02000000
v 0.32490000 0.00650000 -0.41999999
v 0.32339999 0.00650000 -0.41999999
v 0.32490000 0.00650000 -0.02000000
v 0.32339999 0.00650000 -0.02000000
v 0.32490000 0.00500000 -0.41999999
v 0.32490000 0.00650000 -0.41999999
v 0.32490000 0.00500000 -0.02000000
v 0.32490000 0.00650000 -0.02000000
v 0.32690001 0.00650000 -0.41999999
v 0.32490000 0.00500000 -0.41999999
v 0.32690001 0.00650000 -0.02000000
v 0.32490000 0.00500000 -0.02000000
v 0.32690001 0.00850000 -0.41999999
v 0.32690001 0.00650000 -0.41999999
v 0.32690001 0.00850000 -0.02000000
v 0.32690001 0.00650000 -0.02000000
v 0.32490000 0.01000000 -0.41999999
v 0.32690001 0.00850000 -0.41999999
v 0.32490000 0.01000000 -0.02000000
v 0.32690001 0.00850000 -0.02000000
v 0.32490000 0.00850000 -0.41999999
v 0.32490000 0.01000000 -0.41999999
v 0.32490000 0.00850000 -0.02000000
v 0.32490000 0.01000000 -0.02000000
v 0.32339999 0.00850000 -0.41999999
v 0.32490000 0.00850000 -0.41999999
v 0.32339999 0.00850000 -0.02000000
v 0.32490000 0.00850000 -0.02000000
v 0.35190001 0.09150000 -0.41999999
v 0.35190001 0.09000000 -0.41999999
v 0.35190001 0.09150000 -0.02000000
v 0.35190001 0.09000000 -0.02000000
v 0.35339999 0.09150000 -0.41999999
v 0.35190001 0.09150000 -0.41999999
v 0.35339999 0.09150000 -0.02000000
v 0.35190001 0.09150000 -0.02000000
v 0.35190001 0.09350000 -0.41999999
v 0.35339999 0.09350000 -0.41999999
v 0.35190001 0.09350000 -0.02000000
v 0.35339999 0.09350000 -0.02000000
v 0.35190001 0.09500000 -0.41999999
v 0.35190001 0.09350000 -0.41999999
v 0.35190001 0.09500000 -0.02000000
v 0.35190001 0.09350000 -0.02000000
v 0.34990001 0.09350000 -0.41999999
v 0.35190001 0.09500000 -0.41999999
v 0.34990001 0.09350000 -0.02000000
v 0.35190001 0.09500000 -0.02000000
v 0.34990001 0.09150000 -0.41999999
v 0.34990001 0.09350000 -0.41999999
v 0.34990001 0.09150000 -0.02000000
v 0.34990001 0.09350000 -0.02000000
v 0.35190001 0.09000000 -0.41999999
v 0.34990001 0.09150000 -0.41999999
v 0.35190001 0.09000000 -0.02000000
v 0.34990001 0.09150000 -0.02000000
v 0.32490000 0.09150000 -0.41999999
v 0.32339999 0.09150000 -0.41999999
v 0.32490000 0.09150000 -0.02000000
v 0.32339999 0.09150000 -0.02000000
v 0.32490000 0.09000000 -0.41999999
v 0.32490000 0.09150000 -0.41999999
v 0.32490000 0.09000000 -0.02000000
v 0.32490000 0.09150000 -0.02000000
v 0.32690001 0.09150000 -0.41999999
v 0.32490000 0.09000000 -0.41999999
v 0.32690001 0.09150000 -0.02000000
v 0.32490000 0.09000000 -0.02000000
v 0.32690001 0.09350000 -0.41999999
v 0.32690001 0.09150000 -0.41999999
v 0.32690001 0.09350000 -0.02000000
v 0.32690001 0.09150000 -0.02000000
v 0.32490000 0.09500000 -0.41999999
v 0.32690001 0.09350000 -0.41999999
v 0.32490000 0.09500000 -0.02000000
v 0.32690001 0.09350000 -0.02000000
v 0.32490000 0.09350000 -0.41999999
v 0.32490000 0.09500000 -0.41999999
v 0.32490000 0.09350000 -0.02000000
v 0.32490000 0.09500000 -0.02000000
v 0.32339999 0.09350000 -0.41999999
v 0.32490000 0.09350000 -0.41999999
v 0.32339999 0.09350000 -0.02000000
v 0.32490000 0.09350000 -0.02000000
v 0.64819998 0.09150000 -0.41999999
v 0.64670002 0.09150000 -0.41999999
v 0.64819998 0.09150000 -0.02000000
v 0.64670002 0.09150000 -0.02000000
v 0.64819998 0.09000000 -0.41999999
v 0.64819998 0.09150000 -0.41999999
v 0.64819998 0.09000000 -0.02000000
v 0.64819998 0.09150000 -0.02000000
v 0.65020001 0.09150000 -0.41999999
v 0.64819998 0.09000000 -0.41999999
v 0.65020001 0.09150000 -0.02000000
v 0.64819998 0.09000000 -0.02000000
v 0.65020001 0.09350000 -0.41999999
v 0.65020001 0.09150000 -0.41999999
v 0.65020001 0.09350000 -0.02000000
v 0.65020001 0.09150000 -0.02000000
v 0.64819998 0.09500000 -0.41999999
v 0.65020001 0.09350000 -0.41999999
v 0.64819998 0.09500000 -0.02000000
v 0.65020001 0.09350000 -0.02000000
v 0.64819998 0.09350000 -0.41999999
v 0.64819998 0.09500000 -0.41999999
v 0.64819998 0.09350000 -0.02000000
v 0.64819998 0.09500000 -0.02000000
v 0.64670002 0.09350000 -0.41999999
v 0.64819998 0.09350000 -0.41999999
v 0.64670002 0.09350000 -0.02000000
v 0.64819998 0.09350000 -0.02000000
v 0.67519999 0.09150000 -0.41999999
v 0.67519999 0.09000000 -0.41999999
v 0.67519999 0.09150000 -0.02000000
v 0.67519999 0.09000000 -0.02000000
v 0.67670000 0.09150000 -0.41999999
v 0.67519999 0.09150000 -0.41999999
v 0.67670000 0.09150000 -0.02000000
v 0.67519999 0.09150000 -0.02000000
v 0.67519999 0.09350000 -0.41999999
v 0.67670000 0.09350000 -0.41999999
v 0.67519999 0.09350000 -0.02000000
v 0.67670000 0.09350000 -0.02000000
v 0.67519999 0.09500000 -0.41999999
v 0.67519999 0.09350000 -0.41999999
v 0.67519999 0.09500000 -0.02000000
v 0.67519999 0.09350000 -0.02000000
v 0.67320001 0.09350000 -0.41999999
v 0.67519999 0.09500000 -0.41999999
v 0.67320001 0.09350000 -0.02000000
v 0.67519999 0.09500000 -0.02000000
v 0.67320001 0.09150000 -0.41999999
v 0.67320001 0.09350000 -0.41999999
v 0.67320001 0.09150000 -0.02000000
v 0.67320001 0.09350000 -0.02000000
v 0.67519999 0.09000000 -0.41999999
v 0.67320001 0.09150000 -0.41999999
v 0.67519999 0.09000000 -0.02000000
v 0.67320001 0.09150000 -0.02000000
v 0.67019999 0.09650000 -0.41999999
v 0.66820002 0.09650000 -0.41999999
v 0.67019999 0.09650000 -0.02000000
v 0.66820002 0.09650000 -0.02000000
v 0.67170000 0.09850000 -0.41999999
v 0.67019999 0.09650000 -0.41999999
v 0.67170000 0.09850000 -0.02000000
v 0.67019999 0.09650000 -0.02000000
v 0.67019999 0.09850000 -0.41999999
v 0.67170000 0.09850000 -0.41999999
v 0.67019999 0.09850000 -0.02000000
v 0.67170000 0.09850000 -0.02000000
v 0.67019999 0.10000000 -0.41999999
v 0.67019999 0.09850000 -0.41999999
v 0.67019999 0.10000000 -0.02000000
v 0.67019999 0.09850000 -0.02000000
v 0.66820002 0.09850000 -0.41999999
v 0.66820002 0.10000000 -0.41999999
v 0.66820002 0.09850000 -0.02000000
v 0.66820002 0.10000000 -0.02000000
v 0.66670001 0.09850000 -0.41999999
v 0.66820002 0.09850000 -0.41999999
v 0.66670001 0.09850000 -0.02000000
v 0.66820002 0.09850000 -0.02000000
v 0.66820002 0.09650000 -0.41999999
v 0.66670001 0.09850000 -0.41999999
v 0.66820002 0.09650000 -0.02000000
v 0.66670001 0.09850000 -0.02000000
v 0.66820002 0.09650000 -0.02000000
v 0.66670001 0.09850000 -0.02000000
v 0.67019999 0.09650000 -0.02000000
v 0.66820002 0.09850000 -0.02000000
v 0.67170000 0.09850000 -0.02000000
v 0.67019999 0.09650000 -0.02000000
v 0.67019999 0.09850000 -0.02000000
v 0.66820002 0.09850000 -0.02000000
v 0.67019999 0.10000000 -0.02000000
v 0.66820002 0.10000000 -0.02000000
v 0.65520000 0.09850000 -0.41999999
v 0.65670002 0.09850000 -0.41999999
v 0.65520000 0.09850000 -0.02000000
v 0.65670002 0.09850000 -0.02000000
v 0.65520000 0.10000000 -0.41999999
v 0.65520000 0.09850000 -0.41999999
v 0.65520000 0.10000000 -0.02000000
v 0.65520000 0.09850000 -0.02000000
v 0.65319997 0.09850000 -0.41999999
v 0.65319997 0.10000000 -0.41999999
v 0.65319997 0.09850000 -0.02000000
v 0.65319997 0.10000000 -0.02000000
v 0.65170002 0.09850000 -0.41999999
v 0.65319997 0.09850000 -0.41999999
v 0.65170002 0.09850000 -0.02000000
v 0.65319997 0.09850000 -0.02000000
v 0.65319997 0.09650000 -0.41999999
v 0.65170002 0.09850000 -0.41999999
v 0.65319997 0.09650000 -0.02000000
v 0.65170002 0.09850000 -0.02000000
v 0.65520000 0.09650000 -0.41999999
v 0.65319997 0.09650000 -0.41999999
v 0.65520000 0.09650000 -0.02000000
v 0.65319997 0.09650000 -0.02000000
v 0.65670002 0.09850000 -0.41999999
v 0.65520000 0.09650000 -0.41999999
v 0.65670002 0.09850000 -0.02000000
v 0.65520000 0.09650000 -0.02000000
v 0.65319997 0.09650000 -0.02000000
v 0.65170002 0.09850000 -0.02000000
v 0.65520000 0.09650000 -0.02000000
v 0.65319997 0.09850000 -0.02000000
v 0.65670002 0.09850000 -0.02000000
v 0.65520000 0.09650000 -0.02000000
v 0.65520000 0.09850000 -0.02000000
v 0.65319997 0.09850000 -0.02000000
v 0.65520000 0.10000000 -0.02000000
v 0.65319997 0.10000000 -0.02000000
v 0.64819998 0.00650000 -0.41999999
v 0.64670002 0.00650000 -0.41999999
v 0.64819998 0.00650000 -0.02000000
v 0.64670002 0.00650000 -0.02000000
v 0.64819998 0.00500000 -0.41999999
v 0.64819998 0.00650000 -0.41999999
v 0.64819998 0.00500000 -0.02000000
v 0.64819998 0.00650000 -0.02000000
v 0.65020001 0.00650000 -0.41999999
v 0.64819998 0.00500000 -0.41999999
v 0.65020001 0.00650000 -0.02000000
v 0.64819998 0.00500000 -0.02000000
v 0.65020001 0.00850000 -0.41999999
v 0.65020001 0.00650000 -0.41999999
v 0.65020001 0.00850000 -0.02000000
v 0.65020001 0.00650000 -0.02000000
v 0.64819998 0.01000000 -0.41999999
v 0.65020001 0.00850000 -0.41999999
v 0.64819998 0.01000000 -0.02000000
v 0.65020001 0.00850000 -0.02000000
v 0.64819998 0.00850000 -0.41999999
v 0.64819998 0.01000000 -0.41999999
v 0.64819998 0.00850000 -0.02000000
v 0.64819998 0.01000000 -0.02000000
v 0.64670002 0.00850000 -0.41999999
v 0.64819998 0.00850000 -0.41999999
v 0.64670002 0.00850000 -0.02000000
v 0.64819998 0.00850000 -0.02000000
v 0.67519999 0.00650000 -0.41999999
v 0.67519999 0.00500000 -0.41999999
v 0.67519999 0.00650000 -0.02000000
v 0.67519999 0.00500000 -0.02000000
v 0.67670000 0.00650000 -0.41999999
v 0.67519999 0.00650000 -0.41999999
v 0.67670000 0.00650000 -0.02000000
v 0.67519999 0.00650000 -0.02000000
v 0.67519999 0.00850000 -0.41999999
v 0.67670000 0.00850000 -0.41999999
v 0.67519999 0.00850000 -0.02000000
v 0.67670000 0.00850000 -0.02000000
v 0.67519999 0.01000000 -0.41999999
v 0.67519999 0.00850000 -0.41999999
v 0.67519999 0.01000000 -0.02000000
v 0.67519999 0.00850000 -0.02000000
v 0.67320001 0.00850000 -0.41999999
v 0.67519999 0.01000000 -0.41999999
v 0.67320001 0.00850000 -0.02000000
v 0.67519999 0.01000000 -0.02000000
v 0.67320001 0.00650000 -0.41999999
v 0.67320001 0.00850000 -0.41999999
v 0.67320001 0.00650000 -0.02000000
v 0.67320001 0.00850000 -0.02000000
v 0.67519999 0.00500000 -0.41999999
v 0.67320001 0.00650000 -0.41999999
v 0.67519999 0.00500000 -0.02000000
v 0.67320001 0.00650000 -0.02000000
v 0.65520000 0.00150000 -0.41999999
v 0.65520000 0.00000000 -0.41999999
v 0.65520000 0.00150000 -0.02000000
v 0.65520000 0.00000000 -0.02000000
v 0.65670002 0.00150000 -0.41999999
v 0.65520000 0.00150000 -0.41999999
v 0.65670002 0.00150000 -0.02000000
v 0.65520000 0.00150000 -0.02000000
v 0.65520000 0.00350000 -0.41999999
v 0.65670002 0.00150000 -0.41999999
v 0.65520000 0.00350000 -0.02000000
v 0.65670002 0.00150000 -0.02000000
v 0.65319997 0.00350000 -0.41999999
v 0.65520000 0.00350000 -0.41999999
v 0.65319997 0.00350000 -0.02000000
v 0.65520000 0.00350000 -0.02000000
v 0.65170002 0.00150000 -0.41999999
v 0.65319997 0.00350000 -0.41999999
v 0.65170002 0.00150000 -0.02000000
v 0.65319997 0.00350000 -0.02000000
v 0.65319997 0.00150000 -0.41999999
v 0.65170002 0.00150000 -0.41999999
v 0.65319997 0.00150000 -0.02000000
v 0.65170002 0.00150000 -0.02000000
v 0.65319997 0.00000000 -0.41999999
v 0.65319997 0.00150000 -0.41999999
v 0.65319997 0.00000000 -0.02000000
v 0.65319997 0.00150000 -0.02000000
v 0.65319997 0.00150000 -0.02000000
v 0.65170002 0.00150000 -0.02000000
v 0.65319997 0.00350000 -0.02000000
v 0.65520000 0.00350000 -0.02000000
v 0.65670002 0.00150000 -0.02000000
v 0.65520000 0.00150000 -0.02000000
v 0.65520000 0.00000000 -0.02000000
v 0.65319997 0.00000000 -0.02000000
v 0.65520000 0.00150000 -0.02000000
v 0.65319997 0.00150000 -0.02000000
v 0.65520000 0.00350000 -0.02000000
v 0.65319997 0.00350000 -0.02000000
v 0.67019999 0.00150000 -0.41999999
v 0.67019999 0.00000000 -0.41999999
v 0.67019999 0.00150000 -0.02000000
v 0.67019999 0.00000000 -0.02000000
v 0.67170000 0.00150000 -0.41999999
v 0.67019999 0.00150000 -0.41999999
v 0.67170000 0.00150000 -0.02000000
v 0.67019999 0.00150000 -0.02000000
v 0.67019999 0.00350000 -0.41999999
v 0.67170000 0.00150000 -0.41999999
v 0.67019999 0.00350000 -0.02000000
v 0.67170000 0.00150000 -0.02000000
v 0.66820002 0.00350000 -0.41999999
v 0.67019999 0.00350000 -0.41999999
v 0.66820002 0.00350000 -0.02000000
v 0.67019999 0.00350000 -0.02000000
v 0.66670001 0.00150000 -0.41999999
v 0.66820002 0.00350000 -0.41999999
v 0.66670001 0.00150000 -0.02000000
v 0.66820002 0.00350000 -0.02000000
v 0.66820002 0.00150000 -0.41999999
v 0.66670001 0.00150000 -0.41999999
v 0.66820002 0.00150000 -0.02000000
v 0.66670001 0.00150000 -0.02000000
v 0.66820002 0.00000000 -0.41999999
v 0.66820002 0.00150000 -0.41999999
v 0.66820002 0.00000000 -0.02000000
v 0.66820002 0.00150000 -0.02000000
v 0.66820002 0.00150000 -0.02000000
v 0.66670001 0.00150000 -0.02000000
v 0.66820002 0.00350000 -0.02000000
v 0.67019999 0.00350000 -0.02000000
v 0.67170000 0.00150000 -0.02000000
v 0.67019999 0.00150000 -0.02000000
v 0.67019999 0.00000000 -0.02000000
v 0.66820002 0.00000000 -0.02000000
v 0.67019999 0.00150000 -0.02000000
v 0.66820002 0.00150000 -0.02000000
v 0.67019999 0.00350000 -0.02000000
v 0.66820002 0.00350000 -0.02000000
v 0.97149998 0.09150000 -0.41999999
v 0.97000003 0.09150000 -0.41999999
v 0.97149998 0.09150000 -0.02000000
v 0.97000003 0.09150000 -0.02000000
v 0.97149998 0.09000000 -0.41999999
v 0.97149998 0.09150000 -0.41999999
v 0.97149998 0.09000000 -0.02000000
v 0.97149998 0.09150000 -0.02000000
v 0.97350001 0.09150000 -0.41999999
v 0.97149998 0.09000000 -0.41999999
v 0.97350001 0.09150000 -0.02000000
v 0.97149998 0.09000000 -0.02000000
v 0.97350001 0.09350000 -0.41999999
v 0.97350001 0.09150000 -0.41999999
v 0.97350001 0.09350000 -0.02000000
v 0.97350001 0.09150000 -0.02000000
v 0.97149998 0.09500000 -0.41999999
v 0.97350001 0.09350000 -0.41999999
v 0.97149998 0.09500000 -0.02000000
v 0.97350001 0.09350000 -0.02000000
v 0.97149998 0.09350000 -0.41999999
v 0.97149998 0.09500000 -0.41999999
v 0.97149998 0.09350000 -0.02000000
v 0.97149998 0.09500000 -0.02000000
v 0.97000003 0.09350000 -0.41999999
v 0.97149998 0.09350000 -0.41999999
v 0.97000003 0.09350000 -0.02000000
v 0.97149998 0.09350000 -0.02000000
v 0.99349999 0.09650000 -0.41999999
v 0.99150002 0.09650000 -0.41999999
v 0.99349999 0.09650000 -0.02000000
v 0.99150002 0.09650000 -0.02000000
v 0.99500000 0.09850000 -0.41999999
v 0.99349999 0.09650000 -0.41999999
v 0.99500000 0.09850000 -0.02000000
v 0.99349999 0.09650000 -0.02000000
v 0.99349999 0.09850000 -0.41999999
v 0.99500000 0.09850000 -0.41999999
v 0.99349999 0.09850000 -0.02000000
v 0.99500000 0.09850000 -0.02000000
v 0.99349999 0.10000000 -0.41999999
v 0.99349999 0.09850000 -0.41999999
v 0.99349999 0.10000000 -0.02000000
v 0.99349999 0.09850000 -0.02000000
v 0.99150002 0.09850000 -0.41999999
v 0.99150002 0.10000000 -0.41999999
v 0.99150002 0.09850000 -0.02000000
v 0.99150002 0.10000000 -0.02000000
v 0.99000001 0.09850000 -0.41999999
v 0.99150002 0.09850000 -0.41999999
v 0.99000001 0.09850000 -0.02000000
v 0.99150002 0.09850000 -0.02000000
v 0.99150002 0.09650000 -0.41999999
v 0.99000001 0.09850000 -0.41999999
v 0.99150002 0.09650000 -0.02000000
v 0.99000001 0.09850000 -0.02000000
v 0.99150002 0.09650000 -0.02000000
v 0.99000001 0.09850000 -0.02000000
v 0.99349999 0.09650000 -0.02000000
v 0.99150002 0.09850000 -0.02000000
v 0.99500000 0.09850000 -0.02000000
v 0.99349999 0.09650000 -0.02000000
v 0.99349999 0.09850000 -0.02000000
v 0.99150002 0.09850000 -0.02000000
v 0.99349999 0.10000000 -0.02000000
v 0.99150002 0.10000000 -0.02000000
v 0.97850001 0.09850000 -0.41999999
v 0.98000002 0.09850000 -0.41999999
v 0.97850001 0.09850000 -0.02000000
v 0.98000002 0.09850000 -0.02000000
v 0.97850001 0.10000000 -0.41999999
v 0.97850001 0.09850000 -0.41999999
v 0.97850001 0.10000000 -0.02000000
v 0.97850001 0.09850000 -0.02000000
v 0.97649997 0.09850000 -0.41999999
v 0.97649997 0.10000000 -0.41999999
v 0.97649997 0.09850000 -0.02000000
v 0.97649997 0.10000000 -0.02000000
v 0.97500002 0.09850000 -0.41999999
v 0.97649997 0.09850000 -0.41999999
v 0.97500002 0.09850000 -0.02000000
v 0.97649997 0.09850000 -0.02000000
v 0.97649997 0.09650000 -0.41999999
v 0.97500002 0.09850000 -0.41999999
v 0.97649997 0.09650000 -0.02000000
v 0.97500002 0.09850000 -0.02000000
v 0.97850001 0.09650000 -0.41999999
v 0.97649997 0.09650000 -0.41999999
v 0.97850001 0.09650000 -0.02000000
v 0.97649997 0.09650000 -0.02000000
v 0.98000002 0.09850000 -0.41999999
v 0.97850001 0.09650000 -0.41999999
v 0.98000002 0.09850000 -0.02000000
v 0.97850001 0.09650000 -0.02000000
v 0.97649997 0.09650000 -0.02000000
v 0.97500002 0.09850000 -0.02000000
v 0.97850001 0.09650000 -0.02000000
v 0.97649997 0.09850000 -0.02000000
v 0.98000002 0.09850000 -0.02000000
v 0.97850001 0.09650000 -0.02000000
v 0.97850001 0.09850000 -0.02000000
v 0.97649997 0.09850000 -0.02000000
v 0.97850001 0.10000000 -0.02000000
v 0.97649997 0.10000000 -0.02000000
v 0.97149998 0.00650000 -0.41999999
v 0.97000003 0.00650000 -0.41999999
v 0.97149998 0.00650000 -0.02000000
v 0.97000003 0.00650000 -0.02000000
v 0.97149998 0.00500000 -0.41999999
v 0.97149998 0.00650000 -0.41999999
v 0.97149998 0.00500000 -0.02000000
v 0.97149998 0.00650000 -0.02000000
v 0.97350001 0.00650000 -0.41999999
v 0.97149998 0.00500000 -0.41999999
v 0.97350001 0.00650000 -0.02000000
v 0.97149998 0.00500000 -0.02000000
v 0.97350001 0.00850000 -0.41999999
v 0.97350001 0.00650000 -0.41999999
v 0.97350001 0.00850000 -0.02000000
v 0.97350001 0.00650000 -0.02000000
v 0.97149998 0.01000000 -0.41999999
v 0.97350001 0.00850000 -0.41999999
v 0.97149998 0.01000000 -0.02000000
v 0.97350001 0.00850000 -0.02000000
v 0.97149998 0.00850000 -0.41999999
v 0.97149998 0.01000000 -0.41999999
v 0.97149998 0.00850000 -0.02000000
v 0.97149998 0.01000000 -0.02000000
v 0.97000003 0.00850000 -0.41999999
v 0.97149998 0.00850000 -0.41999999
v 0.97000003 0.00850000 -0.02000000
v 0.97149998 0.00850000 -0.02000000
v 0.02860000 0.09150000 -0.41999999
v 0.02860000 0.09000000 -0.41999999
v 0.02860000 0.09150000 -0.02000000
v 0.02860000 0.09000000 -0.02000000
v 0.03010000 0.09150000 -0.41999999
v 0.02860000 0.09150000 -0.41999999
v 0.03010000 0.09150000 -0.02000000
v 0.02860000 0.09150000 -0.02000000
v 0.02860000 0.09350000 -0.41999999
v 0.03010000 0.09350000 -0.41999999
v 0.02860000 0.09350000 -0.02000000
v 0.03010000 0.09350000 -0.02000000
v 0.02860000 0.09500000 -0.41999999
v 0.02860000 0.09350000 -0.41999999
v 0.02860000 0.09500000 -0.02000000
v 0.02860000 0.09350000 -0.02000000
v 0.02660000 0.09350000 -0.41999999
v 0.02860000 0.09500000 -0.41999999
v 0.02660000 0.09350000 -0.02000000
v 0.02860000 0.09500000 -0.02000000
v 0.02660000 0.09150000 -0.41999999
v 0.02660000 0.09350000 -0.41999999
v 0.02660000 0.09150000 -0.02000000
v 0.02660000 0.09350000 -0.02000000
v 0.02860000 0.09000000 -0.41999999
v 0.02660000 0.09150000 -0.41999999
v 0.02860000 0.09000000 -0.02000000
v 0.02660000 0.09150000 -0.02000000
v 0.02360000 0.09650000 -0.41999999
v 0.02160000 0.09650000 -0.41999999
v 0.02360000 0.09650000 -0.02000000
v 0.02160000 0.09650000 -0.02000000
v 0.02510000 0.09850000 -0.41999999
v 0.02360000 0.09650000 -0.41999999
v 0.02510000 0.09850000 -0.02000000
v 0.02360000 0.09650000 -0.02000000
v 0.02360000 0.09850000 -0.41999999
v 0.02510000 0.09850000 -0.41999999
v 0.02360000 0.09850000 -0.02000000
v 0.02510000 0.09850000 -0.02000000
v 0.02360000 0.10000000 -0.41999999
v 0.02360000 0.09850000 -0.41999999
v 0.02360000 0.10000000 -0.02000000
v 0.02360000 0.09850000 -0.02000000
v 0.02160000 0.09850000 -0.41999999
v 0.02160000 0.10000000 -0.41999999
v 0.02160000 0.09850000 -0.02000000
v 0.02160000 0.10000000 -0.02000000
v 0.02010000 0.09850000 -0.41999999
v 0.02160000 0.09850000 -0.41999999
v 0.02010000 0.09850000 -0.02000000
v 0.02160000 0.09850000 -0.02000000
v 0.02160000 0.09650000 -0.41999999
v 0.02010000 0.09850000 -0.41999999
v 0.02160000 0.09650000 -0.02000000
v 0.02010000 0.09850000 -0.02000000
v 0.02160000 0.09650000 -0.02000000
v 0.02010000 0.09850000 -0.02000000
v 0.02360000 0.09650000 -0.02000000
v 0.02160000 0.09850000 -0.02000000
v 0.02510000 0.09850000 -0.02000000
v 0.02360000 0.09650000 -0.02000000
v 0.02360000 0.09850000 -0.02000000
v 0.02160000 0.09850000 -0.02000000
v 0.02360000 0.10000000 -0.02000000
v 0.02160000 0.10000000 -0.02000000
v 0.00860000 0.09850000 -0.41999999
v 0.01010000 0.09850000 -0.41999999
v 0.00860000 0.09850000 -0.02000000
v 0.01010000 0.09850000 -0.02000000
v 0.00860000 0.10000000 -0.41999999
v 0.00860000 0.09850000 -0.41999999
v 0.00860000 0.10000000 -0.02000000
v 0.00860000 0.09850000 -0.02000000
v 0.00660000 0.09850000 -0.41999999
v 0.00660000 0.10000000 -0.41999999
v 0.00660000 0.09850000 -0.02000000
v 0.00660000 0.10000000 -0.02000000
v 0.00510000 0.09850000 -0.41999999
v 0.00660000 0.09850000 -0.41999999
v 0.00510000 0.09850000 -0.02000000
v 0.00660000 0.09850000 -0.02000000
v 0.00660000 0.09650000 -0.41999999
v 0.00510000 0.09850000 -0.41999999
v 0.00660000 0.09650000 -0.02000000
v 0.00510000 0.09850000 -0.02000000
v 0.00860000 0.09650000 -0.41999999
v 0.00660000 0.09650000 -0.41999999
v 0.00860000 0.09650000 -0.02000000
v 0.00660000 0.09650000 -0.02000000
v 0.01010000 0.09850000 -0.41999999
v 0.00860000 0.09650000 -0.41999999
v 0.01010000 0.09850000 -0.02000000
v 0.00860000 0.09650000 -0.02000000
v 0.00660000 0.09650000 -0.02000000
v 0.00510000 0.09850000 -0.02000000
v 0.00860000 0.09650000 -0.02000000
v 0.00660000 0.09850000 -0.02000000
v 0.01010000 0.09850000 -0.02000000
v 0.00860000 0.09650000 -0.02000000
v 0.00860000 0.09850000 -0.02000000
v 0.00660000 0.09850000 -0.02000000
v 0.00860000 0.10000000 -0.02000000
v 0.00660000 0.10000000 -0.02000000
v 0.00160000 0.09150000 -0.41999999
v 0.00010000 0.09150000 -0.41999999
v 0.00160000 0.09150000 -0.02000000
v 0.00010000 0.09150000 -0.02000000
v 0.00160000 0.09000000 -0.41999999
v 0.00160000 0.09150000 -0.41999999
v 0.00160000 0.09000000 -0.02000000
v 0.00160000 0.09150000 -0.02000000
v 0.00360000 0.09150000 -0.41999999
v 0.00160000 0.09000000 -0.41999999
v 0.00360000 0.09150000 -0.02000000
v 0.00160000 0.09000000 -0.02000000
v 0.00360000 0.09350000 -0.41999999
v 0.00360000 0.09150000 -0.41999999
v 0.00360000 0.09350000 -0.02000000
v 0.00360000 0.09150000 -0.02000000
v 0.00160000 0.09500000 -0.41999999
v 0.00360000 0.09350000 -0.41999999
v 0.00160000 0.09500000 -0.02000000
v 0.00360000 0.09350000 -0.02000000
v 0.00160000 0.09350000 -0.41999999
v 0.00160000 0.09500000 -0.41999999
v 0.00160000 0.09350000 -0.02000000
v 0.00160000 0.09500000 -0.02000000
v 0.00010000 0.09350000 -0.41999999
v 0.00160000 0.09350000 -0.41999999
v 0.00010000 0.09350000 -0.02000000
v 0.00160000 0.09350000 -0.02000000
v 0.00160000 0.00650000 -0.41999999
v 0.00010000 0.00650000 -0.41999999
v 0.00160000 0.00650000 -0.02000000
v 0.00010000 0.00650000 -0.02000000
v 0.00160000 0.00500000 -0.41999999
v 0.00160000 0.00650000 -0.41999999
v 0.00160000 0.00500000 -0.02000000
v 0.00160000 0.00650000 -0.02000000
v 0.00360000 0.00650000 -0.41999999
v 0.00160000 0.00500000 -0.41999999
v 0.00360000 0.00650000 -0.02000000
v 0.00160000 0.00500000 -0.02000000
v 0.00360000 0.00850000 -0.41999999
v 0.00360000 0.00650000 -0.41999999
v 0.00360000 0.00850000 -0.02000000
v 0.00360000 0.00650000 -0.02000000
v 0.00160000 0.01000000 -0.41999999
v 0.00360000 0.00850000 -0.41999999
v 0.00160000 0.01000000 -0.02000000
v 0.00360000 0.00850000 -0.02000000
v 0.00160000 0.00850000 -0.41999999
v 0.00160000 0.01000000 -0.41999999
v 0.00160000 0.00850000 -0.02000000
v 0.00160000 0.01000000 -0.02000000
v 0.00010000 0.00850000 -0.41999999
v 0.00160000 0.00850000 -0.41999999
v 0.00010000 0.00850000 -0.02000000
v 0.00160000 0.00850000 -0.02000000
v 0.02860000 0.00650000 -0.41999999
v 0.02860000 0.00500000 -0.41999999
v 0.02860000 0.00650000 -0.02000000
v 0.02860000 0.00500000 -0.02000000
v 0.03010000 0.00650000 -0.41999999
v 0.02860000 0.00650000 -0.41999999
v 0.03010000 0.00650000 -0.02000000
v 0.02860000 0.00650000 -0.02000000
v 0.02860000 0.00850000 -0.41999999
v 0.03010000 0.00850000 -0.41999999
v 0.02860000 0.00850000 -0.02000000
v 0.03010000 0.00850000 -0.02000000
v 0.02860000 0.01000000 -0.41999999
v 0.02860000 0.00850000 -0.41999999
v 0.02860000 0.01000000 -0.02000000
v 0.02860000 0.00850000 -0.02000000
v 0.02660000 0.00850000 -0.41999999
v 0.02860000 0.01000000 -0.41999999
v 0.02660000 0.00850000 -0.02000000
v 0.02860000 0.01000000 -0.02000000
v 0.02660000 0.00650000 -0.41999999
v 0.02660000 0.00850000 -0.41999999
v 0.02660000 0.00650000 -0.02000000
v 0.02660000 0.00850000 -0.02000000
v 0.02860000 0.00500000 -0.41999999
v 0.02660000 0.00650000 -0.41999999
v 0.02860000 0.00500000 -0.02000000
v 0.02660000 0.00650000 -0.02000000
v 0.02360000 0.00150000 -0.41999999
v 0.02360000 0.00000000 -0.41999999
v 0.02360000 0.00150000 -0.02000000
v 0.02360000 0.00000000 -0.02000000
v 0.02510000 0.00150000 -0.41999999
v 0.02360000 0.00150000 -0.41999999
v 0.02510000 0.00150000 -0.02000000
v 0.02360000 0.00150000 -0.02000000
v 0.02360000 0.00350000 -0.41999999
v 0.02510000 0.00150000 -0.41999999
v 0.02360000 0.00350000 -0.02000000
v 0.02510000 0.00150000 -0.02000000
v 0.02160000 0.00350000 -0.41999999
v 0.02360000 0.00350000 -0.41999999
v 0.02160000 0.00350000 -0.02000000
v 0.02360000 0.00350000 -0.02000000
v 0.02010000 0.00150000 -0.41999999
v 0.02160000 0.00350000 -0.41999999
v 0.02010000 0.00150000 -0.02000000
v 0.02160000 0.00350000 -0.02000000
v 0.02160000 0.00150000 -0.41999999
v 0.02010000 0.00150000 -0.41999999
v 0.02160000 0.00150000 -0.02000000
v 0.02010000 0.00150000 -0.02000000
v 0.02160000 0.00000000 -0.41999999
v 0.02160000 0.00150000 -0.41999999
v 0.02160000 0.00000000 -0.02000000
v 0.02160000 0.00150000 -0.02000000
v 0.02160000 0.00150000 -0.02000000
v 0.02010000 0.00150000 -0.02000000
v 0.02160000 0.00350000 -0.02000000
v 0.02360000 0.00350000 -0.02000000
v 0.02510000 0.00150000 -0.02000000
v 0.02360000 0.00150000 -0.02000000
v 0.02360000 0.00000000 -0.02000000
v 0.02160000 0.00000000 -0.02000000
v 0.02360000 0.00150000 -0.02000000
v 0.02160000 0.00150000 -0.02000000
v 0.02360000 0.00350000 -0.02000000
v 0.02160000 0.00350000 -0.02000000
v 0.00860000 0.00150000 -0.41999999
v 0.00860000 0.00000000 -0.41999999
v 0.00860000 0.00150000 -0.02000000
v 0.00860000 0.00000000 -0.02000000
v 0.01010000 0.00150000 -0.41999999
v 0.00860000 0.00150000 -0.41999999
v 0.01010000 0.00150000 -0.02000000
v 0.00860000 0.00150000 -0.02000000
v 0.00860000 0.00350000 -0.41999999
v 0.01010000 0.00150000 -0.41999999
v 0.00860000 0.00350000 -0.02000000
v 0.01010000 0.00150000 -0.02000000
v 0.00660000 0.00350000 -0.41999999
v 0.00860000 0.00350000 -0.41999999
v 0.00660000 0.00350000 -0.02000000
v 0.00860000 0.00350000 -0.02000000
v 0.00510000 0.00150000 -0.41999999
v 0.00660000 0.00350000 -0.41999999
v 0.00510000 0.00150000 -0.02000000
v 0.00660000 0.00350000 -0.02000000
v 0.00660000 0.00150000 -0.41999999
v 0.00510000 0.00150000 -0.41999999
v 0.00660000 0.00150000 -0.02000000
v 0.00510000 0.00150000 -0.02000000
v 0.00660000 0.00000000 -0.41999999
v 0.00660000 0.00150000 -0.41999999
v 0.00660000 0.00000000 -0.02000000
v 0.00660000 0.00150000 -0.02000000
v 0.00660000 0.00150000 -0.02000000
v 0.00510000 0.00150000 -0.02000000
v 0.00660000 0.00350000 -0.02000000
v 0.00860000 0.00350000 -0.02000000
v 0.01010000 0.00150000 -0.02000000
v 0.00860000 0.00150000 -0.02000000
v 0.00860000 0.00000000 -0.02000000
v 0.00660000 0.00000000 -0.02000000
v 0.00860000 0.00150000 -0.02000000
v 0.00660000 0.00150000 -0.02000000
v 0.00860000 0.00350000 -0.02000000
v 0.00660000 0.00350000 -0.02000000
v 0.34689999 0.09650000 -0.41999999
v 0.34490001 0.09650000 -0.41999999
v 0.34689999 0.09650000 -0.02000000
v 0.34490001 0.09650000 -0.02000000
v 0.34840000 0.09850000 -0.41999999
v 0.34689999 0.09650000 -0.41999999
v 0.34840000 0.09850000 -0.02000000
v 0.34689999 0.09650000 -0.02000000
v 0.34689999 0.09850000 -0.41999999
v 0.34840000 0.09850000 -0.41999999
v 0.34689999 0.09850000 -0.02000000
v 0.34840000 0.09850000 -0.02000000
v 0.34689999 0.10000000 -0.41999999
v 0.34689999 0.09850000 -0.41999999
v 0.34689999 0.10000000 -0.02000000
v 0.34689999 0.09850000 -0.02000000
v 0.34490001 0.09850000 -0.41999999
v 0.34490001 0.10000000 -0.41999999
v 0.34490001 0.09850000 -0.02000000
v 0.34490001 0.10000000 -0.02000000
v 0.34340000 0.09850000 -0.41999999
v 0.34490001 0.09850000 -0.41999999
v 0.34340000 0.09850000 -0.02000000
v 0.34490001 0.09850000 -0.02000000
v 0.34490001 0.09650000 -0.41999999
v 0.34340000 0.09850000 -0.41999999
v 0.34490001 0.09650000 -0.02000000
v 0.34340000 0.09850000 -0.02000000
v 0.34490001 0.09650000 -0.02000000
v 0.34340000 0.09850000 -0.02000000
v 0.34689999 0.09650000 -0.02000000
v 0.34490001 0.09850000 -0.02000000
v 0.34840000 0.09850000 -0.02000000
v 0.34689999 0.09650000 -0.02000000
v 0.34689999 0.09850000 -0.02000000
v 0.34490001 0.09850000 -0.02000000
v 0.34689999 0.10000000 -0.02000000
v 0.34490001 0.10000000 -0.02000000
v 0.33190000 0.09850000 -0.41999999
v 0.33340001 0.09850000 -0.41999999
v 0.33190000 0.09850000 -0.02000000
v 0.33340001 0.09850000 -0.02000000
v 0.33190000 0.10000000 -0.41999999
v 0.33190000 0.09850000 -0.41999999
v 0.33190000 0.10000000 -0.02000000
v 0.33190000 0.09850000 -0.02000000
v 0.32990000 0.09850000 -0.41999999
v 0.32990000 0.10000000 -0.41999999
v 0.32990000 0.09850000 -0.02000000
v 0.32990000 0.10000000 -0.02000000
v 0.32839999 0.09850000 -0.41999999
v 0.32990000 0.09850000 -0.41999999
v 0.32839999 0.09850000 -0.02000000
v 0.32990000 0.09850000 -0.02000000
v 0.32990000 0.09650000 -0.41999999
v 0.32839999 0.09850000 -0.41999999
v 0.32990000 0.09650000 -0.02000000
v 0.32839999 0.09850000 -0.02000000
v 0.33190000 0.09650000 -0.41999999
v 0.32990000 0.09650000 -0.41999999
v 0.33190000 0.09650000 -0.02000000
v 0.32990000 0.09650000 -0.02000000
v 0.33340001 0.09850000 -0.41999999
v 0.33190000 0.09650000 -0.41999999
v 0.33340001 0.09850000 -0.02000000
v 0.33190000 0.09650000 -0.02000000
v 0.32990000 0.09650000 -0.02000000
v 0.32839999 0.09850000 -0.02000000
v 0.33190000 0.09650000 -0.02000000
v 0.32990000 0.09850000 -0.02000000
v 0.33340001 0.09850000 -0.02000000
v 0.33190000 0.09650000 -0.02000000
v 0.33190000 0.09850000 -0.02000000
v 0.32990000 0.09850000 -0.02000000
v 0.33190000 0.10000000 -0.02000000
v 0.32990000 0.10000000 -0.02000000
v 0.99349999 0.00150000 -0.41999999
v 0.99349999 0.00000000 -0.41999999
v 0.99349999 0.00150000 -0.02000000
v 0.99349999 0.00000000 -0.02000000
v 0.99500000 0.00150000 -0.41999999
v 0.99349999 0.00150000 -0.41999999
v 0.99500000 0.00150000 -0.02000000
v 0.99349999 0.00150000 -0.02000000
v 0.99349999 0.00350000 -0.41999999
v 0.99500000 0.00150000 -0.41999999
v 0.99349999 0.00350000 -0.02000000
v 0.99500000 0.00150000 -0.02000000
v 0.99150002 0.00350000 -0.41999999
v 0.99349999 0.00350000 -0.41999999
v 0.99150002 0.00350000 -0.02000000
v 0.99349999 0.00350000 -0.02000000
v 0.99000001 0.00150000 -0.41999999
v 0.99150002 0.00350000 -0.41999999
v 0.99000001 0.00150000 -0.02000000
v 0.99150002 0.00350000 -0.02000000
v 0.99150002 0.00150000 -0.41999999
v 0.99000001 0.00150000 -0.41999999
v 0.99150002 0.00150000 -0.02000000
v 0.99000001 0.00150000 -0.02000000
v 0.99150002 0.00000000 -0.41999999
v 0.99150002 0.00150000 -0.41999999
v 0.99150002 0.00000000 -0.02000000
v 0.99150002 0.00150000 -0.02000000
v 0.99150002 0.00150000 -0.02000000
v 0.99000001 0.00150000 -0.02000000
v 0.99150002 0.00350000 -0.02000000
v 0.99349999 0.00350000 -0.02000000
v 0.99500000 0.00150000 -0.02000000
v 0.99349999 0.00150000 -0.02000000
v 0.99349999 0.00000000 -0.02000000
v 0.99150002 0.00000000 -0.02000000
v 0.99349999 0.00150000 -0.02000000
v 0.99150002 0.00150000 -0.02000000
v 0.99349999 0.00350000 -0.02000000
v 0.99150002 0.00350000 -0.02000000
v 0.97850001 0.00150000 -0.41999999
v 0.97850001 0.00000000 -0.41999999
v 0.97850001 0.00150000 -0.02000000
v 0.97850001 0.00000000 -0.02000000
v 0.98000002 0.00150000 -0.41999999
v 0.97850001 0.00150000 -0.41999999
v 0.98000002 0.00150000 -0.02000000
v 0.97850001 0.00150000 -0.02000000
v 0.97850001 0.00350000 -0.41999999
v 0.98000002 0.00150000 -0.41999999
v 0.97850001 0.00350000 -0.02000000
v 0.98000002 0.00150000 -0.02000000
v 0.97649997 0.00350000 -0.41999999
v 0.97850001 0.00350000 -0.41999999
v 0.97649997 0.00350000 -0.02000000
v 0.97850001 0.00350000 -0.02000000
v 0.97500002 0.00150000 -0.41999999
v 0.97649997 0.00350000 -0.41999999
v 0.97500002 0.00150000 -0.02000000
v 0.97649997 0.00350000 -0.02000000
v 0.97649997 0.00150000 -0.41999999
v 0.97500002 0.00150000 -0.41999999
v 0.97649997 0.00150000 -0.02000000
v 0.97500002 0.00150000 -0.02000000
v 0.97649997 0.00000000 -0.41999999
v 0.97649997 0.00150000 -0.41999999
v 0.97649997 0.00000000 -0.02000000
v 0.97649997 0.00150000 -0.02000000
v 0.97649997 0.00150000 -0.02000000
v 0.97500002 0.00150000 -0.02000000
v 0.97649997 0.00350000 -0.02000000
v 0.97850001 0.00350000 -0.02000000
v 0.98000002 0.00150000 -0.02000000
v 0.97850001 0.00150000 -0.02000000
v 0.97850001 0.00000000 -0.02000000
v 0.97649997 0.00000000 -0.02000000
v 0.97850001 0.00150000 -0.02000000
v 0.97649997 0.00150000 -0.02000000
v 0.97850001 0.00350000 -0.02000000
v 0.97649997 0.00350000 -0.02000000
v 0.34840000 0.01500000 -0.30149999
v 0.34689999 0.01500000 -0.30350000
v 0.34689999 0.01500000 -0.30149999
v 0.34340000 0.01500000 -0.30149999
v 0.34490001 0.01500000 -0.30149999
v 0.34490001 0.01500000 -0.30350000
v 0.34840000 0.08500000 -0.30149999
v 0.34689999 0.08500000 -0.30149999
v 0.34689999 0.08500000 -0.30350000
v 0.34340000 0.08500000 -0.30149999
v 0.34490001 0.08500000 -0.30350000
v 0.34490001 0.08500000 -0.30149999
v 0.34340000 0.08500000 -0.30149999
v 0.34490001 0.08500000 -0.30149999
v 0.34340000 0.01500000 -0.30149999
v 0.34490001 0.01500000 -0.30149999
v 0.34490001 0.08500000 -0.30350000
v 0.34340000 0.08500000 -0.30149999
v 0.34490001 0.01500000 -0.30350000
v 0.34340000 0.01500000 -0.30149999
v 0.34689999 0.08500000 -0.30350000
v 0.34490001 0.08500000 -0.30350000
v 0.34689999 0.01500000 -0.30350000
v 0.34490001 0.01500000 -0.30350000
v 0.34840000 0.08500000 -0.30149999
v 0.34689999 0.08500000 -0.30350000
v 0.34840000 0.01500000 -0.30149999
v 0.34689999 0.01500000 -0.30350000
v 0.34689999 0.08500000 -0.30149999
v 0.34840000 0.08500000 -0.30149999
v 0.34689999 0.01500000 -0.30149999
v 0.34840000 0.01500000 -0.30149999
v 0.34840000 0.01500000 -0.31850001
v 0.34689999 0.01500000 -0.31850001
v 0.34689999 0.01500000 -0.31650001
v 0.34340000 0.01500000 -0.31850001
v 0.34490001 0.01500000 -0.31650001
v 0.34490001 0.01500000 -0.31850001
v 0.34689999 0.08500000 -0.31850001
v 0.34840000 0.08500000 -0.31850001
v 0.34689999 0.08500000 -0.31650001
v 0.34490001 0.08500000 -0.31650001
v 0.34340000 0.08500000 -0.31850001
v 0.34490001 0.08500000 -0.31850001
v 0.34840000 0.08500000 -0.31850001
v 0.34689999 0.08500000 -0.31850001
v 0.34840000 0.01500000 -0.31850001
v 0.34689999 0.01500000 -0.31850001
v 0.34689999 0.08500000 -0.31650001
v 0.34840000 0.08500000 -0.31850001
v 0.34689999 0.01500000 -0.31650001
v 0.34840000 0.01500000 -0.31850001
v 0.34490001 0.08500000 -0.31650001
v 0.34689999 0.08500000 -0.31650001
v 0.34490001 0.01500000 -0.31650001
v 0.34689999 0.01500000 -0.31650001
v 0.34340000 0.08500000 -0.31850001
v 0.34490001 0.08500000 -0.31650001
v 0.34340000 0.01500000 -0.31850001
v 0.34490001 0.01500000 -0.31650001
v 0.34490001 0.08500000 -0.31850001
v 0.34340000 0.08500000 -0.31850001
v 0.34490001 0.01500000 -0.31850001
v 0.34340000 0.01500000 -0.31850001
v 0.33340001 0.01500000 -0.30149999
v 0.33190000 0.01500000 -0.30350000
v 0.33190000 0.01500000 -0.30149999
v 0.32839999 0.01500000 -0.30149999
v 0.32990000 0.01500000 -0.30149999
v 0.32990000 0.01500000 -0.30350000
v 0.33340001 0.08500000 -0.30149999
v 0.33190000 0.08500000 -0.30149999
v 0.33190000 0.08500000 -0.30350000
v 0.32839999 0.08500000 -0.30149999
v 0.32990000 0.08500000 -0.30350000
v 0.32990000 0.08500000 -0.30149999
v 0.32839999 0.08500000 -0.30149999
v 0.32990000 0.08500000 -0.30149999
v 0.32839999 0.01500000 -0.30149999
v 0.32990000 0.01500000 -0.30149999
v 0.32990000 0.08500000 -0.30350000
v 0.32839999 0.08500000 -0.30149999
v 0.32990000 0.01500000 -0.30350000
v 0.32839999 0.01500000 -0.30149999
v 0.33190000 0.08500000 -0.30350000
v 0.32990000 0.08500000 -0.30350000
v 0.33190000 0.01500000 -0.30350000
v 0.32990000 0.01500000 -0.30350000
v 0.33340001 0.08500000 -0.30149999
v 0.33190000 0.08500000 -0.30350000
v 0.33340001 0.01500000 -0.30149999
v 0.33190000 0.01500000 -0.30350000
v 0.33190000 0.08500000 -0.30149999
v 0.33340001 0.08500000 -0.30149999
v 0.33190000 0.01500000 -0.30149999
v 0.33340001 0.01500000 -0.30149999
v 0.33340001 0.01500000 -0.31850001
v 0.33190000 0.01500000 -0.31850001
v 0.33190000 0.01500000 -0.31650001
v 0.32839999 0.01500000 -0.31850001
v 0.32990000 0.01500000 -0.31650001
v 0.32990000 0.01500000 -0.31850001
v 0.33190000 0.08500000 -0.31850001
v 0.33340001 0.08500000 -0.31850001
v 0.33190000 0.08500000 -0.31650001
v 0.32990000 0.08500000 -0.31650001
v 0.32839999 0.08500000 -0.31850001
v 0.32990000 0.08500000 -0.31850001
v 0.33340001 0.08500000 -0.31850001
v 0.33190000 0.08500000 -0.31850001
v 0.33340001 0.01500000 -0.31850001
v 0.33190000 0.01500000 -0.31850001
v 0.33190000 0.08500000 -0.31650001
v 0.33340001 0.08500000 -0.31850001
v 0.33190000 0.01500000 -0.31650001
v 0.33340001 0.01500000 -0.31850001
v 0.32990000 0.08500000 -0.31650001
v 0.33190000 0.08500000 -0.31650001
v 0.32990000 0.01500000 -0.31650001
v 0.33190000 0.01500000 -0.31650001
v 0.32839999 0.08500000 -0.31850001
v 0.32990000 0.08500000 -0.31650001
v 0.32839999 0.01500000 -0.31850001
v 0.32990000 0.01500000 -0.31650001
v 0.32990000 0.08500000 -0.31850001
v 0.32839999 0.08500000 -0.31850001
v 0.32990000 0.01500000 -0.31850001
v 0.32839999 0.01500000 -0.31850001
v 0.67170000 0.01500000 -0.31850001
v 0.67019999 0.01500000 -0.31850001
v 0.67019999 0.01500000 -0.31650001
v 0.66670001 0.01500000 -0.31850001
v 0.66820002 0.01500000 -0.31650001
v 0.66820002 0.01500000 -0.31850001
v 0.67019999 0.08500000 -0.31850001
v 0.67170000 0.08500000 -0.31850001
v 0.67019999 0.08500000 -0.31650001
v 0.66820002 0.08500000 -0.31650001
v 0.66670001 0.08500000 -0.31850001
v 0.66820002 0.08500000 -0.31850001
v 0.67170000 0.08500000 -0.31850001
v 0.67019999 0.08500000 -0.31850001
v 0.67170000 0.01500000 -0.31850001
v 0.67019999 0.01500000 -0.31850001
v 0.67019999 0.08500000 -0.31650001
v 0.67170000 0.08500000 -0.31850001
v 0.67019999 0.01500000 -0.31650001
v 0.67170000 0.01500000 -0.31850001
v 0.66820002 0.08500000 -0.31650001
v 0.67019999 0.08500000 -0.31650001
v 0.66820002 0.01500000 -0.31650001
v 0.67019999 0.01500000 -0.31650001
v 0.66670001 0.08500000 -0.31850001
v 0.66820002 0.08500000 -0.31650001
v 0.66670001 0.01500000 -0.31850001
v 0.66820002 0.01500000 -0.31650001
v 0.66820002 0.08500000 -0.31850001
v 0.66670001 0.08500000 -0.31850001
v 0.66820002 0.01500000 -0.31850001
v 0.66670001 0.01500000 -0.31850001
v 0.67170000 0.01500000 -0.30149999
v 0.67019999 0.01500000 -0.30350000
v 0.67019999 0.01500000 -0.30149999
v 0.66670001 0.01500000 -0.30149999
v 0.66820002 0.01500000 -0.30149999
v 0.66820002 0.01500000 -0.30350000
v 0.67170000 0.08500000 -0.30149999
v 0.67019999 0.08500000 -0.30149999
v 0.67019999 0.08500000 -0.30350000
v 0.66670001 0.08500000 -0.30149999
v 0.66820002 0.08500000 -0.30350000
v 0.66820002 0.08500000 -0.30149999
v 0.66670001 0.08500000 -0.30149999
v 0.66820002 0.08500000 -0.30149999
v 0.66670001 0.01500000 -0.30149999
v 0.66820002 0.01500000 -0.30149999
v 0.66820002 0.08500000 -0.30350000
v 0.66670001 0.08500000 -0.30149999
v 0.66820002 0.01500000 -0.30350000
v 0.66670001 0.01500000 -0.30149999
v 0.67019999 0.08500000 -0.30350000
v 0.66820002 0.08500000 -0.30350000
v 0.67019999 0.01500000 -0.30350000
v 0.66820002 0.01500000 -0.30350000
v 0.67170000 0.08500000 -0.30149999
v 0.67019999 0.08500000 -0.30350000
v 0.67170000 0.01500000 -0.30149999
v 0.67019999 0.01500000 -0.30350000
v 0.67019999 0.08500000 -0.30149999
v 0.67170000 0.08500000 -0.30149999
v 0.67019999 0.01500000 -0.30149999
v 0.67170000 0.01500000 -0.30149999
v 0.65670002 0.01500000 -0.31850001
v 0.65520000 0.01500000 -0.31850001
v 0.65520000 0.01500000 -0.31650001
v 0.65170002 0.01500000 -0.31850001
v 0.65319997 0.01500000 -0.31650001
v 0.65319997 0.01500000 -0.31850001
v 0.65520000 0.08500000 -0.31850001
v 0.65670002 0.08500000 -0.31850001
v 0.65520000 0.08500000 -0.31650001
v 0.65319997 0.08500000 -0.31650001
v 0.65170002 0.08500000 -0.31850001
v 0.65319997 0.08500000 -0.31850001
v 0.65670002 0.08500000 -0.31850001
v 0.65520000 0.08500000 -0.31850001
v 0.65670002 0.01500000 -0.31850001
v 0.65520000 0.01500000 -0.31850001
v 0.65520000 0.08500000 -0.31650001
v 0.65670002 0.08500000 -0.31850001
v 0.65520000 0.01500000 -0.31650001
v 0.65670002 0.01500000 -0.31850001
v 0.65319997 0.08500000 -0.31650001
v 0.65520000 0.08500000 -0.31650001
v 0.65319997 0.01500000 -0.31650001
v 0.65520000 0.01500000 -0.31650001
v 0.65170002 0.08500000 -0.31850001
v 0.65319997 0.08500000 -0.31650001
v 0.65170002 0.01500000 -0.31850001
v 0.65319997 0.01500000 -0.31650001
v 0.65319997 0.08500000 -0.31850001
v 0.65170002 0.08500000 -0.31850001
v 0.65319997 0.01500000 -0.31850001
v 0.65170002 0.01500000 -0.31850001
v 0.65670002 0.01500000 -0.30149999
v 0.65520000 0.01500000 -0.30350000
v 0.65520000 0.01500000 -0.30149999
v 0.65170002 0.01500000 -0.30149999
v 0.65319997 0.01500000 -0.30149999
v 0.65319997 0.01500000 -0.30350000
v 0.65670002 0.08500000 -0.30149999
v 0.65520000 0.08500000 -0.30149999
v 0.65520000 0.08500000 -0.30350000
v 0.65170002 0.08500000 -0.30149999
v 0.65319997 0.08500000 -0.30350000
v 0.65319997 0.08500000 -0.30149999
v 0.65170002 0.08500000 -0.30149999
v 0.65319997 0.08500000 -0.30149999
v 0.65170002 0.01500000 -0.30149999
v 0.65319997 0.01500000 -0.30149999
v 0.65319997 0.08500000 -0.30350000
v 0.65170002 0.08500000 -0.30149999
v 0.65319997 0.01500000 -0.30350000
v 0.65170002 0.01500000 -0.30149999
v 0.65520000 0.08500000 -0.30350000
v 0.65319997 0.08500000 -0.30350000
v 0.65520000 0.01500000 -0.30350000
v 0.65319997 0.01500000 -0.30350000
v 0.65670002 0.08500000 -0.30149999
v 0.65520000 0.08500000 -0.30350000
v 0.65670002 0.01500000 -0.30149999
v 0.65520000 0.01500000 -0.30350000
v 0.65520000 0.08500000 -0.30149999
v 0.65670002 0.08500000 -0.30149999
v 0.65520000 0.01500000 -0.30149999
v 0.65670002 0.01500000 -0.30149999
v 0.97850001 0.08500000 -0.31850001
v 0.98000002 0.08500000 -0.31850001
v 0.97850001 0.08500000 -0.31650001
v 0.97649997 0.08500000 -0.31650001
v 0.97500002 0.08500000 -0.31850001
v 0.97649997 0.08500000 -0.31850001
v 0.98000002 0.01500000 -0.31850001
v 0.97850001 0.01500000 -0.31850001
v 0.97850001 0.01500000 -0.31650001
v 0.97500002 0.01500000 -0.31850001
v 0.97649997 0.01500000 -0.31650001
v 0.97649997 0.01500000 -0.31850001
v 0.98000002 0.08500000 -0.31850001
v 0.97850001 0.08500000 -0.31850001
v 0.98000002 0.01500000 -0.31850001
v 0.97850001 0.01500000 -0.31850001
v 0.97850001 0.08500000 -0.31650001
v 0.98000002 0.08500000 -0.31850001
v 0.97850001 0.01500000 -0.31650001
v 0.98000002 0.01500000 -0.31850001
v 0.97649997 0.08500000 -0.31650001
v 0.97850001 0.08500000 -0.31650001
v 0.97649997 0.01500000 -0.31650001
v 0.97850001 0.01500000 -0.31650001
v 0.97500002 0.08500000 -0.31850001
v 0.97649997 0.08500000 -0.31650001
v 0.97500002 0.01500000 -0.31850001
v 0.97649997 0.01500000 -0.31650001
v 0.97649997 0.08500000 -0.31850001
v 0.97500002 0.08500000 -0.31850001
v 0.97649997 0.01500000 -0.31850001
v 0.97500002 0.01500000 -0.31850001
v 0.98000002 0.08500000 -0.30149999
v 0.97850001 0.08500000 -0.30149999
v 0.97850001 0.08500000 -0.30350000
v 0.97500002 0.08500000 -0.30149999
v 0.97649997 0.08500000 -0.30350000
v 0.97649997 0.08500000 -0.30149999
v 0.98000002 0.01500000 -0.30149999
v 0.97850001 0.01500000 -0.30350000
v 0.97850001 0.01500000 -0.30149999
v 0.97500002 0.01500000 -0.30149999
v 0.97649997 0.01500000 -0.30149999
v 0.97649997 0.01500000 -0.30350000
v 0.97500002 0.08500000 -0.30149999
v 0.97649997 0.08500000 -0.30149999
v 0.97500002 0.01500000 -0.30149999
v 0.97649997 0.01500000 -0.30149999
v 0.97649997 0.08500000 -0.30350000
v 0.97500002 0.08500000 -0.30149999
v 0.97649997 0.01500000 -0.30350000
v 0.97500002 0.01500000 -0.30149999
v 0.97850001 0.08500000 -0.30350000
v 0.97649997 0.08500000 -0.30350000
v 0.97850001 0.01500000 -0.30350000
v 0.97649997 0.01500000 -0.30350000
v 0.98000002 0.08500000 -0.30149999
v 0.97850001 0.08500000 -0.30350000
v 0.98000002 0.01500000 -0.30149999
v 0.97850001 0.01500000 -0.30350000
v 0.97850001 0.08500000 -0.30149999
v 0.98000002 0.08500000 -0.30149999
v 0.97850001 0.01500000 -0.30149999
v 0.98000002 0.01500000 -0.30149999
v 0.99500000 0.08500000 -0.30149999
v 0.99349999 0.08500000 -0.30149999
v 0.99349999 0.08500000 -0.30350000
v 0.99000001 0.08500000 -0.30149999
v 0.99150002 0.08500000 -0.30350000
v 0.99150002 0.08500000 -0.30149999
v 0.99500000 0.01500000 -0.30149999
v 0.99349999 0.01500000 -0.30350000
v 0.99349999 0.01500000 -0.30149999
v 0.99000001 0.01500000 -0.30149999
v 0.99150002 0.01500000 -0.30149999
v 0.99150002 0.01500000 -0.30350000
v 0.99000001 0.08500000 -0.30149999
v 0.99150002 0.08500000 -0.30149999
v 0.99000001 0.01500000 -0.30149999
v 0.99150002 0.01500000 -0.30149999
v 0.99150002 0.08500000 -0.30350000
v 0.99000001 0.08500000 -0.30149999
v 0.99150002 0.01500000 -0.30350000
v 0.99000001 0.01500000 -0.30149999
v 0.99349999 0.08500000 -0.30350000
v 0.99150002 0.08500000 -0.30350000
v 0.99349999 0.01500000 -0.30350000
v 0.99150002 0.01500000 -0.30350000
v 0.99500000 0.08500000 -0.30149999
v 0.99349999 0.08500000 -0.30350000
v 0.99500000 0.01500000 -0.30149999
v 0.99349999 0.01500000 -0.30350000
v 0.99349999 0.08500000 -0.30149999
v 0.99500000 0.08500000 -0.30149999
v 0.99349999 0.01500000 -0.30149999
v 0.99500000 0.01500000 -0.30149999
v 0.99349999 0.08500000 -0.31850001
v 0.99500000 0.08500000 -0.31850001
v 0.99349999 0.08500000 -0.31650001
v 0.99150002 0.08500000 -0.31650001
v 0.99000001 0.08500000 -0.31850001
v 0.99150002 0.08500000 -0.31850001
v 0.99500000 0.01500000 -0.31850001
v 0.99349999 0.01500000 -0.31850001
v 0.99349999 0.01500000 -0.31650001
v 0.99000001 0.01500000 -0.31850001
v 0.99150002 0.01500000 -0.31650001
v 0.99150002 0.01500000 -0.31850001
v 0.99500000 0.08500000 -0.31850001
v 0.99349999 0.08500000 -0.31850001
v 0.99500000 0.01500000 -0.31850001
v 0.99349999 0.01500000 -0.31850001
v 0.99349999 0.08500000 -0.31650001
v 0.99500000 0.08500000 -0.31850001
v 0.99349999 0.01500000 -0.31650001
v 0.99500000 0.01500000 -0.31850001
v 0.99150002 0.08500000 -0.31650001
v 0.99349999 0.08500000 -0.31650001
v 0.99150002 0.01500000 -0.31650001
v 0.99349999 0.01500000 -0.31650001
v 0.99000001 0.08500000 -0.31850001
v 0.99150002 0.08500000 -0.31650001
v 0.99000001 0.01500000 -0.31850001
v 0.99150002 0.01500000 -0.31650001
v 0.99150002 0.08500000 -0.31850001
v 0.99000001 0.08500000 -0.31850001
v 0.99150002 0.01500000 -0.31850001
v 0.99000001 0.01500000 -0.31850001
v 0.02360000 0.08500000 -0.31850001
v 0.02510000 0.08500000 -0.31850001
v 0.02360000 0.08500000 -0.31650001
v 0.02160000 0.08500000 -0.31650001
v 0.02010000 0.08500000 -0.31850001
v 0.02160000 0.08500000 -0.31850001
v 0.02510000 0.01500000 -0.31850001
v 0.02360000 0.01500000 -0.31850001
v 0.02360000 0.01500000 -0.31650001
v 0.02010000 0.01500000 -0.31850001
v 0.02160000 0.01500000 -0.31650001
v 0.02160000 0.01500000 -0.31850001
v 0.02510000 0.08500000 -0.31850001
v 0.02360000 0.08500000 -0.31850001
v 0.02510000 0.01500000 -0.31850001
v 0.02360000 0.01500000 -0.31850001
v 0.02360000 0.08500000 -0.31650001
v 0.02510000 0.08500000 -0.31850001
v 0.02360000 0.01500000 -0.31650001
v 0.02510000 0.01500000 -0.31850001
v 0.02160000 0.08500000 -0.31650001
v 0.02360000 0.08500000 -0.31650001
v 0.02160000 0.01500000 -0.31650001
v 0.02360000 0.01500000 -0.31650001
v 0.02010000 0.08500000 -0.31850001
v 0.02160000 0.08500000 -0.31650001
v 0.02010000 0.01500000 -0.31850001
v 0.02160000 0.01500000 -0.31650001
v 0.02160000 0.08500000 -0.31850001
v 0.02010000 0.08500000 -0.31850001
v 0.02160000 0.01500000 -0.31850001
v 0.02010000 0.01500000 -0.31850001
v 0.02510000 0.08500000 -0.30149999
v 0.02360000 0.08500000 -0.30149999
v 0.02360000 0.08500000 -0.30350000
v 0.02010000 0.08500000 -0.30149999
v 0.02160000 0.08500000 -0.30350000
v 0.02160000 0.08500000 -0.30149999
v 0.02510000 0.01500000 -0.30149999
v 0.02360000 0.01500000 -0.30350000
v 0.02360000 0.01500000 -0.30149999
v 0.02010000 0.01500000 -0.30149999
v 0.02160000 0.01500000 -0.30149999
v 0.02160000 0.01500000 -0.30350000
v 0.02010000 0.08500000 -0.30149999
v 0.02160000 0.08500000 -0.30149999
v 0.02010000 0.01500000 -0.30149999
v 0.02160000 0.01500000 -0.30149999
v 0.02160000 0.08500000 -0.30350000
v 0.02010000 0.08500000 -0.30149999
v 0.02160000 0.01500000 -0.30350000
v 0.02010000 0.01500000 -0.30149999
v 0.02360000 0.08500000 -0.30350000
v 0.02160000 0.08500000 -0.30350000
v 0.02360000 0.01500000 -0.30350000
v 0.02160000 0.01500000 -0.30350000
v 0.02510000 0.08500000 -0.30149999
v 0.02360000 0.08500000 -0.30350000
v 0.02510000 0.01500000 -0.30149999
v 0.02360000 0.01500000 -0.30350000
v 0.02360000 0.08500000 -0.30149999
v 0.02510000 0.08500000 -0.30149999
v 0.02360000 0.01500000 -0.30149999
v 0.02510000 0.01500000 -0.30149999
v 0.00860000 0.08500000 -0.31850001
v 0.01010000 0.08500000 -0.31850001
v 0.00860000 0.08500000 -0.31650001
v 0.00660000 0.08500000 -0.31650001
v 0.00510000 0.08500000 -0.31850001
v 0.00660000 0.08500000 -0.31850001
v 0.01010000 0.01500000 -0.31850001
v 0.00860000 0.01500000 -0.31850001
v 0.00860000 0.01500000 -0.31650001
v 0.00510000 0.01500000 -0.31850001
v 0.00660000 0.01500000 -0.31650001
v 0.00660000 0.01500000 -0.31850001
v 0.01010000 0.08500000 -0.31850001
v 0.00860000 0.08500000 -0.31850001
v 0.01010000 0.01500000 -0.31850001
v 0.00860000 0.01500000 -0.31850001
v 0.00860000 0.08500000 -0.31650001
v 0.01010000 0.08500000 -0.31850001
v 0.00860000 0.01500000 -0.31650001
v 0.01010000 0.01500000 -0.31850001
v 0.00660000 0.08500000 -0.31650001
v 0.00860000 0.08500000 -0.31650001
v 0.00660000 0.01500000 -0.31650001
v 0.00860000 0.01500000 -0.31650001
v 0.00510000 0.08500000 -0.31850001
v 0.00660000 0.08500000 -0.31650001
v 0.00510000 0.01500000 -0.31850001
v 0.00660000 0.01500000 -0.31650001
v 0.00660000 0.08500000 -0.31850001
v 0.00510000 0.08500000 -0.31850001
v 0.00660000 0.01500000 -0.31850001
v 0.00510000 0.01500000 -0.31850001
v 0.01010000 0.08500000 -0.30149999
v 0.00860000 0.08500000 -0.30149999
v 0.00860000 0.08500000 -0.30350000
v 0.00510000 0.08500000 -0.30149999
v 0.00660000 0.08500000 -0.30350000
v 0.00660000 0.08500000 -0.30149999
v 0.01010000 0.01500000 -0.30149999
v 0.00860000 0.01500000 -0.30350000
v 0.00860000 0.01500000 -0.30149999
v 0.00510000 0.01500000 -0.30149999
v 0.00660000 0.01500000 -0.30149999
v 0.00660000 0.01500000 -0.30350000
v 0.00510000 0.08500000 -0.30149999
v 0.00660000 0.08500000 -0.30149999
v 0.00510000 0.01500000 -0.30149999
v 0.00660000 0.01500000 -0.30149999
v 0.00660000 0.08500000 -0.30350000
v 0.00510000 0.08500000 -0.30149999
v 0.00660000 0.01500000 -0.30350000
v 0.00510000 0.01500000 -0.30149999
v 0.00860000 0.08500000 -0.30350000
v 0.00660000 0.08500000 -0.30350000
v 0.00860000 0.01500000 -0.30350000
v 0.00660000 0.01500000 -0.30350000
v 0.01010000 0.08500000 -0.30149999
v 0.00860000 0.08500000 -0.30350000
v 0.01010000 0.01500000 -0.30149999
v 0.00860000 0.01500000 -0.30350000
v 0.00860000 0.08500000 -0.30149999
v 0.01010000 0.08500000 -0.30149999
v 0.00860000 0.01500000 -0.30149999
v 0.01010000 0.01500000 -0.30149999
v 0.35339999 0.08500000 -0.31099129
v 0.35190001 0.08500000 -0.31099129
v 0.35339999 0.01500000 -0.31099129
v 0.35190001 0.01500000 -0.31099129
v 0.35190001 0.08500000 -0.30900872
v 0.35339999 0.08500000 -0.30900872
v 0.35190001 0.01500000 -0.30900872
v 0.35339999 0.01500000 -0.30900872
v 0.35190001 0.08500000 -0.30750871
v 0.35190001 0.08500000 -0.30900872
v 0.35190001 0.01500000 -0.30750871
v 0.35190001 0.01500000 -0.30900872
v 0.34990001 0.08500000 -0.30900872
v 0.35190001 0.08500000 -0.30750871
v 0.34990001 0.01500000 -0.30900872
v 0.35190001 0.01500000 -0.30750871
v 0.34990001 0.08500000 -0.31100872
v 0.34990001 0.08500000 -0.30900872
v 0.34990001 0.01500000 -0.31100872
v 0.34990001 0.01500000 -0.30900872
v 0.35190001 0.08500000 -0.31250873
v 0.34990001 0.08500000 -0.31100872
v 0.35190001 0.01500000 -0.31250873
v 0.34990001 0.01500000 -0.31100872
v 0.35190001 0.08500000 -0.31099129
v 0.35190001 0.08500000 -0.31250873
v 0.35190001 0.01500000 -0.31099129
v 0.35190001 0.01500000 -0.31250873
v 0.35190001 0.08500000 -0.30900872
v 0.35190001 0.08500000 -0.30750871
v 0.34990001 0.08500000 -0.30900872
v 0.34990001 0.08500000 -0.31100872
v 0.35190001 0.08500000 -0.31250873
v 0.35190001 0.08500000 -0.31099129
v 0.35339999 0.08500000 -0.31099129
v 0.35339999 0.08500000 -0.30900872
v 0.35190001 0.08500000 -0.31099129
v 0.35190001 0.08500000 -0.30900872
v 0.34990001 0.08500000 -0.31100872
v 0.34990001 0.08500000 -0.30900872
v 0.34990001 0.01500000 -0.30900872
v 0.35190001 0.01500000 -0.30750871
v 0.34990001 0.01500000 -0.31100872
v 0.35190001 0.01500000 -0.30900872
v 0.35190001 0.01500000 -0.31250873
v 0.34990001 0.01500000 -0.31100872
v 0.35190001 0.01500000 -0.31099129
v 0.35190001 0.01500000 -0.30900872
v 0.35339999 0.01500000 -0.31099129
v 0.35339999 0.01500000 -0.30900872
v 0.32490000 0.08500000 -0.31250873
v 0.32490000 0.08500000 -0.31099129
v 0.32490000 0.01500000 -0.31250873
v 0.32490000 0.01500000 -0.31099129
v 0.32690001 0.08500000 -0.31100872
v 0.32490000 0.08500000 -0.31250873
v 0.32690001 0.01500000 -0.31100872
v 0.32490000 0.01500000 -0.31250873
v 0.32690001 0.08500000 -0.30900872
v 0.32690001 0.08500000 -0.31100872
v 0.32690001 0.01500000 -0.30900872
v 0.32690001 0.01500000 -0.31100872
v 0.32490000 0.08500000 -0.30750871
v 0.32690001 0.08500000 -0.30900872
v 0.32490000 0.01500000 -0.30750871
v 0.32690001 0.01500000 -0.30900872
v 0.32490000 0.08500000 -0.30900872
v 0.32490000 0.08500000 -0.30750871
v 0.32490000 0.01500000 -0.30900872
v 0.32490000 0.01500000 -0.30750871
v 0.32339999 0.08500000 -0.30900872
v 0.32490000 0.08500000 -0.30900872
v 0.32339999 0.01500000 -0.30900872
v 0.32490000 0.01500000 -0.30900872
v 0.32490000 0.08500000 -0.31099129
v 0.32339999 0.08500000 -0.31099129
v 0.32490000 0.01500000 -0.31099129
v 0.32339999 0.01500000 -0.31099129
v 0.32690001 0.08500000 -0.30900872
v 0.32490000 0.08500000 -0.30750871
v 0.32690001 0.08500000 -0.31100872
v 0.32490000 0.08500000 -0.30900872
v 0.32490000 0.08500000 -0.31250873
v 0.32690001 0.08500000 -0.31100872
v 0.32490000 0.08500000 -0.31099129
v 0.32490000 0.08500000 -0.30900872
v 0.32339999 0.08500000 -0.31099129
v 0.32339999 0.08500000 -0.30900872
v 0.32490000 0.01500000 -0.30900872
v 0.32490000 0.01500000 -0.30750871
v 0.32690001 0.01500000 -0.30900872
v 0.32690001 0.01500000 -0.31100872
v 0.32490000 0.01500000 -0.31250873
v 0.32490000 0.01500000 -0.31099129
v 0.32339999 0.01500000 -0.31099129
v 0.32339999 0.01500000 -0.30900872
v 0.32490000 0.01500000 -0.31099129
v 0.32490000 0.01500000 -0.30900872
v 0.32690001 0.01500000 -0.31100872
v 0.32690001 0.01500000 -0.30900872
v 0.64819998 0.08500000 -0.31250873
v 0.64819998 0.08500000 -0.31099129
v 0.64819998 0.01500000 -0.31250873
v 0.64819998 0.01500000 -0.31099129
v 0.65020001 0.08500000 -0.31100872
v 0.64819998 0.08500000 -0.31250873
v 0.65020001 0.01500000 -0.31100872
v 0.64819998 0.01500000 -0.31250873
v 0.65020001 0.08500000 -0.30900872
v 0.65020001 0.08500000 -0.31100872
v 0.65020001 0.01500000 -0.30900872
v 0.65020001 0.01500000 -0.31100872
v 0.64819998 0.08500000 -0.30750871
v 0.65020001 0.08500000 -0.30900872
v 0.64819998 0.01500000 -0.30750871
v 0.65020001 0.01500000 -0.30900872
v 0.64819998 0.08500000 -0.30900872
v 0.64819998 0.08500000 -0.30750871
v 0.64819998 0.01500000 -0.30900872
v 0.64819998 0.01500000 -0.30750871
v 0.64670002 0.08500000 -0.30900872
v 0.64819998 0.08500000 -0.30900872
v 0.64670002 0.01500000 -0.30900872
v 0.64819998 0.01500000 -0.30900872
v 0.64819998 0.08500000 -0.31099129
v 0.64670002 0.08500000 -0.31099129
v 0.64819998 0.01500000 -0.31099129
v 0.64670002 0.01500000 -0.31099129
v 0.65020001 0.08500000 -0.30900872
v 0.64819998 0.08500000 -0.30750871
v 0.65020001 0.08500000 -0.31100872
v 0.64819998 0.08500000 -0.30900872
v 0.64819998 0.08500000 -0.31250873
v 0.65020001 0.08500000 -0.31100872
v 0.64819998 0.08500000 -0.31099129
v 0.64819998 0.08500000 -0.30900872
v 0.64670002 0.08500000 -0.31099129
v 0.64670002 0.08500000 -0.30900872
v 0.64819998 0.01500000 -0.30900872
v 0.64819998 0.01500000 -0.30750871
v 0.65020001 0.01500000 -0.30900872
v 0.65020001 0.01500000 -0.31100872
v 0.64819998 0.01500000 -0.31250873
v 0.64819998 0.01500000 -0.31099129
v 0.64670002 0.01500000 -0.31099129
v 0.64670002 0.01500000 -0.30900872
v 0.64819998 0.01500000 -0.31099129
v 0.64819998 0.01500000 -0.30900872
v 0.65020001 0.01500000 -0.31100872
v 0.65020001 0.01500000 -0.30900872
v 0.67670000 0.08500000 -0.31099129
v 0.67519999 0.08500000 -0.31099129
v 0.67670000 0.01500000 -0.31099129
v 0.67519999 0.01500000 -0.31099129
v 0.67519999 0.08500000 -0.30900872
v 0.67670000 0.08500000 -0.30900872
v 0.67519999 0.01500000 -0.30900872
v 0.67670000 0.01500000 -0.30900872
v 0.67519999 0.08500000 -0.30750871
v 0.67519999 0.08500000 -0.30900872
v 0.67519999 0.01500000 -0.30750871
v 0.67519999 0.01500000 -0.30900872
v 0.67320001 0.08500000 -0.30900872
v 0.67519999 0.08500000 -0.30750871
v 0.67320001 0.01500000 -0.30900872
v 0.67519999 0.01500000 -0.30750871
v 0.67320001 0.08500000 -0.31100872
v 0.67320001 0.08500000 -0.30900872
v 0.67320001 0.01500000 -0.31100872
v 0.67320001 0.01500000 -0.30900872
v 0.67519999 0.08500000 -0.31250873
v 0.67320001 0.08500000 -0.31100872
v 0.67519999 0.01500000 -0.31250873
v 0.67320001 0.01500000 -0.31100872
v 0.67519999 0.08500000 -0.31099129
v 0.67519999 0.08500000 -0.31250873
v 0.67519999 0.01500000 -0.31099129
v 0.67519999 0.01500000 -0.31250873
v 0.67519999 0.08500000 -0.30900872
v 0.67519999 0.08500000 -0.30750871
v 0.67320001 0.08500000 -0.30900872
v 0.67320001 0.08500000 -0.31100872
v 0.67519999 0.08500000 -0.31250873
v 0.67519999 0.08500000 -0.31099129
v 0.67670000 0.08500000 -0.31099129
v 0.67670000 0.08500000 -0.30900872
v 0.67519999 0.08500000 -0.31099129
v 0.67519999 0.08500000 -0.30900872
v 0.67320001 0.08500000 -0.31100872
v 0.67320001 0.08500000 -0.30900872
v 0.67320001 0.01500000 -0.30900872
v 0.67519999 0.01500000 -0.30750871
v 0.67320001 0.01500000 -0.31100872
v 0.67519999 0.01500000 -0.30900872
v 0.67519999 0.01500000 -0.31250873
v 0.67320001 0.01500000 -0.31100872
v 0.67519999 0.01500000 -0.31099129
v 0.67519999 0.01500000 -0.30900872
v 0.67670000 0.01500000 -0.31099129
v 0.67670000 0.01500000 -0.30900872
v 0.97149998 0.08500000 -0.31250873
v 0.97149998 0.08500000 -0.31099129
v 0.97149998 0.01500000 -0.31250873
v 0.97149998 0.01500000 -0.31099129
v 0.97350001 0.08500000 -0.31100872
v 0.97149998 0.08500000 -0.31250873
v 0.97350001 0.01500000 -0.31100872
v 0.97149998 0.01500000 -0.31250873
v 0.97350001 0.08500000 -0.30900872
v 0.97350001 0.08500000 -0.31100872
v 0.97350001 0.01500000 -0.30900872
v 0.97350001 0.01500000 -0.31100872
v 0.97149998 0.08500000 -0.30750871
v 0.97350001 0.08500000 -0.30900872
v 0.97149998 0.01500000 -0.30750871
v 0.97350001 0.01500000 -0.30900872
v 0.97149998 0.08500000 -0.30900872
v 0.97149998 0.08500000 -0.30750871
v 0.97149998 0.01500000 -0.30900872
v 0.97149998 0.01500000 -0.30750871
v 0.97000003 0.08500000 -0.30900872
v 0.97149998 0.08500000 -0.30900872
v 0.97000003 0.01500000 -0.30900872
v 0.97149998 0.01500000 -0.30900872
v 0.97149998 0.08500000 -0.31099129
v 0.97000003 0.08500000 -0.31099129
v 0.97149998 0.01500000 -0.31099129
v 0.97000003 0.01500000 -0.31099129
v 0.97350001 0.08500000 -0.30900872
v 0.97149998 0.08500000 -0.30750871
v 0.97350001 0.08500000 -0.31100872
v 0.97149998 0.08500000 -0.30900872
v 0.97149998 0.08500000 -0.31250873
v 0.97350001 0.08500000 -0.31100872
v 0.97149998 0.08500000 -0.31099129
v 0.97149998 0.08500000 -0.30900872
v 0.97000003 0.08500000 -0.31099129
v 0.97000003 0.08500000 -0.30900872
v 0.97149998 0.01500000 -0.30900872
v 0.97149998 0.01500000 -0.30750871
v 0.97350001 0.01500000 -0.30900872
v 0.97350001 0.01500000 -0.31100872
v 0.97149998 0.01500000 -0.31250873
v 0.97149998 0.01500000 -0.31099129
v 0.97000003 0.01500000 -0.31099129
v 0.97000003 0.01500000 -0.30900872
v 0.97149998 0.01500000 -0.31099129
v 0.97149998 0.01500000 -0.30900872
v 0.97350001 0.01500000 -0.31100872
v 0.97350001 0.01500000 -0.30900872
v 0.00160000 0.08500000 -0.31250873
v 0.00160000 0.08500000 -0.31099129
v 0.00160000 0.01500000 -0.31250873
v 0.00160000 0.01500000 -0.31099129
v 0.00360000 0.08500000 -0.31100872
v 0.00160000 0.08500000 -0.31250873
v 0.00360000 0.01500000 -0.31100872
v 0.00160000 0.01500000 -0.31250873
v 0.00360000 0.08500000 -0.30900872
v 0.00360000 0.08500000 -0.31100872
v 0.00360000 0.01500000 -0.30900872
v 0.00360000 0.01500000 -0.31100872
v 0.00160000 0.08500000 -0.30750871
v 0.00360000 0.08500000 -0.30900872
v 0.00160000 0.01500000 -0.30750871
v 0.00360000 0.01500000 -0.30900872
v 0.00160000 0.08500000 -0.30900872
v 0.00160000 0.08500000 -0.30750871
v 0.00160000 0.01500000 -0.30900872
v 0.00160000 0.01500000 -0.30750871
v 0.00010000 0.08500000 -0.30900872
v 0.00160000 0.08500000 -0.30900872
v 0.00010000 0.01500000 -0.30900872
v 0.00160000 0.01500000 -0.30900872
v 0.00160000 0.08500000 -0.31099129
v 0.00010000 0.08500000 -0.31099129
v 0.00160000 0.01500000 -0.31099129
v 0.00010000 0.01500000 -0.31099129
v 0.00360000 0.08500000 -0.30900872
v 0.00160000 0.08500000 -0.30750871
v 0.00360000 0.08500000 -0.31100872
v 0.00160000 0.08500000 -0.30900872
v 0.00160000 0.08500000 -0.31250873
v 0.00360000 0.08500000 -0.31100872
v 0.00160000 0.08500000 -0.31099129
v 0.00160000 0.08500000 -0.30900872
v 0.00010000 0.08500000 -0.31099129
v 0.00010000 0.08500000 -0.30900872
v 0.00160000 0.01500000 -0.30900872
v 0.00160000 0.01500000 -0.30750871
v 0.00360000 0.01500000 -0.30900872
v 0.00360000 0.01500000 -0.31100872
v 0.00160000 0.01500000 -0.31250873
v 0.00160000 0.01500000 -0.31099129
v 0.00010000 0.01500000 -0.31099129
v 0.00010000 0.01500000 -0.30900872
v 0.00160000 0.01500000 -0.31099129
v 0.00160000 0.01500000 -0.30900872
v 0.00360000 0.01500000 -0.31100872
v 0.00360000 0.01500000 -0.30900872
v 0.03010000 0.08500000 -0.31099129
v 0.02860000 0.08500000 -0.31099129
v 0.03010000 0.01500000 -0.31099129
v 0.02860000 0.01500000 -0.31099129
v 0.02860000 0.08500000 -0.30900872
v 0.03010000 0.08500000 -0.30900872
v 0.02860000 0.01500000 -0.30900872
v 0.03010000 0.01500000 -0.30900872
v 0.02860000 0.08500000 -0.30750871
v 0.02860000 0.08500000 -0.30900872
v 0.02860000 0.01500000 -0.30750871
v 0.02860000 0.01500000 -0.30900872
v 0.02660000 0.08500000 -0.30900872
v 0.02860000 0.08500000 -0.30750871
v 0.02660000 0.01500000 -0.30900872
v 0.02860000 0.01500000 -0.30750871
v 0.02660000 0.08500000 -0.31100872
v 0.02660000 0.08500000 -0.30900872
v 0.02660000 0.01500000 -0.31100872
v 0.02660000 0.01500000 -0.30900872
v 0.02860000 0.08500000 -0.31250873
v 0.02660000 0.08500000 -0.31100872
v 0.02860000 0.01500000 -0.31250873
v 0.02660000 0.01500000 -0.31100872
v 0.02860000 0.08500000 -0.31099129
v 0.02860000 0.08500000 -0.31250873
v 0.02860000 0.01500000 -0.31099129
v 0.02860000 0.01500000 -0.31250873
v 0.02860000 0.08500000 -0.30900872
v 0.02860000 0.08500000 -0.30750871
v 0.02660000 0.08500000 -0.30900872
v 0.02660000 0.08500000 -0.31100872
v 0.02860000 0.08500000 -0.31250873
v 0.02860000 0.08500000 -0.31099129
v 0.03010000 0.08500000 -0.31099129
v 0.03010000 0.08500000 -0.30900872
v 0.02860000 0.08500000 -0.31099129
v 0.02860000 0.08500000 -0.30900872
v 0.02660000 0.08500000 -0.31100872
v 0.02660000 0.08500000 -0.30900872
v 0.02660000 0.01500000 -0.30900872
v 0.02860000 0.01500000 -0.30750871
v 0.02660000 0.01500000 -0.31100872
v 0.02860000 0.01500000 -0.30900872
v 0.02860000 0.01500000 -0.31250873
v 0.02660000 0.01500000 -0.31100872
v 0.02860000 0.01500000 -0.31099129
v 0.02860000 0.01500000 -0.30900872
v 0.03010000 0.01500000 -0.31099129
v 0.03010000 0.01500000 -0.30900872
v 1.00000000 0.08500000 -0.31099129
v 0.99849999 0.08500000 -0.31099129
v 1.00000000 0.01500000 -0.31099129
v 0.99849999 0.01500000 -0.31099129
v 0.99849999 0.08500000 -0.30900872
v 1.00000000 0.08500000 -0.30900872
v 0.99849999 0.01500000 -0.30900872
v 1.00000000 0.01500000 -0.30900872
v 0.99849999 0.08500000 -0.30750871
v 0.99849999 0.08500000 -0.30900872
v 0.99849999 0.01500000 -0.30750871
v 0.99849999 0.01500000 -0.30900872
v 0.99650002 0.08500000 -0.30900872
v 0.99849999 0.08500000 -0.30750871
v 0.99650002 0.01500000 -0.30900872
v 0.99849999 0.01500000 -0.30750871
v 0.99650002 0.08500000 -0.31100872
v 0.99650002 0.08500000 -0.30900872
v 0.99650002 0.01500000 -0.31100872
v 0.99650002 0.01500000 -0.30900872
v 0.99849999 0.08500000 -0.31250873
v 0.99650002 0.08500000 -0.31100872
v 0.99849999 0.01500000 -0.31250873
v 0.99650002 0.01500000 -0.31100872
v 0.99849999 0.08500000 -0.31099129
v 0.99849999 0.08500000 -0.31250873
v 0.99849999 0.01500000 -0.31099129
v 0.99849999 0.01500000 -0.31250873
v 0.99849999 0.08500000 -0.30900872
v 0.99849999 0.08500000 -0.30750871
v 0.99650002 0.08500000 -0.30900872
v 0.99650002 0.08500000 -0.31100872
v 0.99849999 0.08500000 -0.31250873
v 0.99849999 0.08500000 -0.31099129
v 1.00000000 0.08500000 -0.31099129
v 1.00000000 0.08500000 -0.30900872
v 0.99849999 0.08500000 -0.31099129
v 0.99849999 0.08500000 -0.30900872
v 0.99650002 0.08500000 -0.31100872
v 0.99650002 0.08500000 -0.30900872
v 0.99650002 0.01500000 -0.30900872
v 0.99849999 0.01500000 -0.30750871
v 0.99650002 0.01500000 -0.31100872
v 0.99849999 0.01500000 -0.30900872
v 0.99849999 0.01500000 -0.31250873
v 0.99650002 0.01500000 -0.31100872
v 0.99849999 0.01500000 -0.31099129
v 0.99849999 0.01500000 -0.30900872
v 1.00000000 0.01500000 -0.31099129
v 1.00000000 0.01500000 -0.30900872
vt 0.81752598 0.36372232
vt 0.81752592 0.53535950
vt 0.81473684 0.49245024
vt 0.81473684 0.53535950
vt 0.71245009 0.17163718
vt 0.71245009 0.20192140
vt 0.70861614 0.17213058
vt 0.57475704 0.82548273
vt 0.57475704 0.70533669
vt 0.57754618 0.70533669
vt 0.82310414 0.31694752
vt 0.82031506 0.36372238
vt 0.82310414 0.31609678
vt 0.82031506 0.19208521
vt 0.82310414 0.31223124
vt 0.82310414 0.19208521
vt 0.67970544 0.56642652
vt 0.68249047 0.56627566
vt 0.68202627 0.60927302
vt 0.68223536 0.61313289
vt 0.65203375 0.61089760
vt 0.65224284 0.61475754
vt 0.65621126 0.73958790
vt 0.65228885 0.61560696
vt 0.65249789 0.61946690
vt 0.68249047 0.61784232
vt 0.81767529 0.64476484
vt 0.81767529 0.81640202
vt 0.81488621 0.77349269
vt 0.81488615 0.81640202
vt 0.71628404 0.17163718
vt 0.71628404 0.20192140
vt 0.71245009 0.17213058
vt 0.44172725 0.82685930
vt 0.44172728 0.70671326
vt 0.44451639 0.70671326
vt 0.82310414 0.48858470
vt 0.82031500 0.53535956
vt 0.82310414 0.48773396
vt 0.82031506 0.36372238
vt 0.82310414 0.48386842
vt 0.82310414 0.36372238
vt 0.50503355 0.56645375
vt 0.50781858 0.56630296
vt 0.50735438 0.60930026
vt 0.50756347 0.61316019
vt 0.47736186 0.61092484
vt 0.47757092 0.61478478
vt 0.48153940 0.73961520
vt 0.47761694 0.61563426
vt 0.47782603 0.61949414
vt 0.50781858 0.61786956
vt 0.81818002 0.00000000
vt 0.81818002 0.17163718
vt 0.81539088 0.05149114
vt 0.81539088 0.17163718
vt 0.00025509 0.69547147
vt 0.00000000 0.74232870
vt 0.00020908 0.69462198
vt -0.00000000 0.69076204
vt 0.03020162 0.69299740
vt 0.02999254 0.68913746
vt 0.06877057 0.78204024
vt 0.06598146 0.78204024
vt 0.06598146 0.73913097
vt 0.44980347 0.29194117
vt 0.45259258 0.29194117
vt 0.44980347 0.33485043
vt 0.44980347 0.33871603
vt 0.41976696 0.33485043
vt 0.41976696 0.33871603
vt 0.41697785 0.29194117
vt 0.41976696 0.33956671
vt 0.41697785 0.46357834
vt 0.41976696 0.34343231
vt 0.41976693 0.46357834
vt 0.82031506 0.19208521
vt 0.82031506 0.36372238
vt 0.81752598 0.24357635
vt 0.81752598 0.36372238
vt 0.03045671 0.69547147
vt 0.03020162 0.74232870
vt 0.03041070 0.69462198
vt 0.03020162 0.69076210
vt 0.06040324 0.69299740
vt 0.06019416 0.68913746
vt 0.07155967 0.78204024
vt 0.06877057 0.78204024
vt 0.06877057 0.73913097
vt 0.14483052 0.45608163
vt 0.14761963 0.45608163
vt 0.14483052 0.49899095
vt 0.14483052 0.50285655
vt 0.11479402 0.49899095
vt 0.11479402 0.50285655
vt 0.11200491 0.45608163
vt 0.11479402 0.50370723
vt 0.11200491 0.62771887
vt 0.11479402 0.50757283
vt 0.11479401 0.62771887
vt 0.41973087 0.82685930
vt 0.41973090 0.70671326
vt 0.42252001 0.70671326
vt 0.30163452 0.38941598
vt 0.30158481 0.38856673
vt 0.30163455 0.34170878
vt 0.66876835 0.78249723
vt 0.66597927 0.78249723
vt 0.66597927 0.73958790
vt 0.41976693 0.51120394
vt 0.41697785 0.51120394
vt 0.41976693 0.46829468
vt 0.41976693 0.46442914
vt 0.44980344 0.46829468
vt 0.44980344 0.46442914
vt 0.45259255 0.51120394
vt 0.44980344 0.46357840
vt 0.57196796 0.82548273
vt 0.56917888 0.82548273
vt 0.56917882 0.70533669
vt 0.65843987 0.00000000
vt 0.65843987 0.17163718
vt 0.65565079 0.12014604
vt 0.65565079 0.12401164
vt 0.62561429 0.12014604
vt 0.62561429 0.12401164
vt 0.62282515 0.00000000
vt 0.62282515 0.17163718
vt 0.69641459 0.30113745
vt 0.70028019 0.30113745
vt 0.69641459 0.33117396
vt 0.70028019 0.33117396
vt 0.81752598 0.41049725
vt 0.82031506 0.36372232
vt 0.81752598 0.41134793
vt 0.82031506 0.53535956
vt 0.81752598 0.41521353
vt 0.81752592 0.53535956
vt 0.07434878 0.78204024
vt 0.07155968 0.78204024
vt 0.07155967 0.73913097
vt 0.69126546 0.00000000
vt 0.69405460 0.00000000
vt 0.69126546 0.04290926
vt 0.69126546 0.04677486
vt 0.66122895 0.04290926
vt 0.66122895 0.04677486
vt 0.65843987 0.00000000
vt 0.66122895 0.04762554
vt 0.65843987 0.17163718
vt 0.66122895 0.05149114
vt 0.66122895 0.17163718
vt 0.70475060 0.17163718
vt 0.70861614 0.17163718
vt 0.70475060 0.20167369
vt 0.70861614 0.20167369
vt 0.81767529 0.69153970
vt 0.82046443 0.64476484
vt 0.81767529 0.69239044
vt 0.82046437 0.81640202
vt 0.81767529 0.69625598
vt 0.81767529 0.81640202
vt 0.07713788 0.78204024
vt 0.07434878 0.78204024
vt 0.07434878 0.73913097
vt 0.72688019 0.00000000
vt 0.72966933 0.00000000
vt 0.72688019 0.04290932
vt 0.72688019 0.04677486
vt 0.69684368 0.04290932
vt 0.69684368 0.04677486
vt 0.69405460 0.00000000
vt 0.69684368 0.04762560
vt 0.69405460 0.17163718
vt 0.69684368 0.05149114
vt 0.69684368 0.17163718
vt 0.43893817 0.82685930
vt 0.43893817 0.70671326
vt 0.44172728 0.70671326
vt 0.30141959 0.38941598
vt 0.30136985 0.38856673
vt 0.30141959 0.34170878
vt 0.68249041 0.78249723
vt 0.67970133 0.78249723
vt 0.67970133 0.73958790
vt 0.26854423 0.73260874
vt 0.26575512 0.73260874
vt 0.26854423 0.68969947
vt 0.26854423 0.68583387
vt 0.29858074 0.68969947
vt 0.29858074 0.68583387
vt 0.30136985 0.73260874
vt 0.29858074 0.68498319
vt 0.57475704 0.82548273
vt 0.57196796 0.82548273
vt 0.57196796 0.70533669
vt 0.73700583 0.33321989
vt 0.73700577 0.50485706
vt 0.73421669 0.45336592
vt 0.73421669 0.45723146
vt 0.70418018 0.45336592
vt 0.70418018 0.45723146
vt 0.70139110 0.33321989
vt 0.70139110 0.50485706
vt 0.72269374 0.17163718
vt 0.72269374 0.20167369
vt 0.71990466 0.17163718
vt 0.71990466 0.20167369
vt 0.64646286 0.32902849
vt 0.64646286 0.29899204
vt 0.65204108 0.32902849
vt 0.65204108 0.29899204
vt 0.72269374 0.20167369
vt 0.72269374 0.17163718
vt 0.72548288 0.20167369
vt 0.72548288 0.17163718
vt 0.72548282 0.20167369
vt 0.72548282 0.17163718
vt 0.72827196 0.20167369
vt 0.72827196 0.17163718
vt 0.65761924 0.29899204
vt 0.65761924 0.32902849
vt 0.65204108 0.29899204
vt 0.65204108 0.32902849
vt 0.74876124 0.46736848
vt 0.74876124 0.49740493
vt 0.74597216 0.46736848
vt 0.74597216 0.49740493
vt 0.49130735 0.73961514
vt 0.49130735 0.76965165
vt 0.48851827 0.73961514
vt 0.48851827 0.76965165
vt 0.66294539 0.33117396
vt 0.66294539 0.30113745
vt 0.66852361 0.33117396
vt 0.66852361 0.30113745
vt 0.74876130 0.49740493
vt 0.74876130 0.46736848
vt 0.75155044 0.49740493
vt 0.75155044 0.46736848
vt 0.50502944 0.76965165
vt 0.50502944 0.73961514
vt 0.50781852 0.76965165
vt 0.50781852 0.73961514
vt 0.67410177 0.30113745
vt 0.67410177 0.33117396
vt 0.66852355 0.30113745
vt 0.66852355 0.33117396
vt 0.75433946 0.46736848
vt 0.75433946 0.49740493
vt 0.75155038 0.46736848
vt 0.75155038 0.49740493
vt 0.49409646 0.73961514
vt 0.49409646 0.76965165
vt 0.49130738 0.73961514
vt 0.49130738 0.76965165
vt 0.67410177 0.33117396
vt 0.67410177 0.30113745
vt 0.67967999 0.33117396
vt 0.67967999 0.30113745
vt 0.75433946 0.49740493
vt 0.75433946 0.46736848
vt 0.75712860 0.49740493
vt 0.75712860 0.46736848
vt 0.67967999 0.33117396
vt 0.67967999 0.30113745
vt 0.68525821 0.33117396
vt 0.68525821 0.30113745
vt 0.75991768 0.46736848
vt 0.75991768 0.49740493
vt 0.75712860 0.46736848
vt 0.75712860 0.49740493
vt 0.50224036 0.76965165
vt 0.50224036 0.73961514
vt 0.50502944 0.76965165
vt 0.50502944 0.73961514
vt 0.76270682 0.46736848
vt 0.76270682 0.49740493
vt 0.75991768 0.46736848
vt 0.75991768 0.49740493
vt 0.68525821 0.33117396
vt 0.68525821 0.30113745
vt 0.69083643 0.33117396
vt 0.69083643 0.30113745
vt 0.76549590 0.49740493
vt 0.76549590 0.46736848
vt 0.76828498 0.49740493
vt 0.76828498 0.46736848
vt 0.69083643 0.33117396
vt 0.69083643 0.30113745
vt 0.69641465 0.33117396
vt 0.69641465 0.30113745
vt 0.48851824 0.73961514
vt 0.48851824 0.76965165
vt 0.48572916 0.73961514
vt 0.48572916 0.76965165
vt 0.76270676 0.49740493
vt 0.76270676 0.46736848
vt 0.76549590 0.49740493
vt 0.76549590 0.46736848
vt 0.74185365 0.19002920
vt 0.74099547 0.19002920
vt 0.74185365 0.18445098
vt 0.74099547 0.18445098
vt 0.74271178 0.19002920
vt 0.74185359 0.19002920
vt 0.74271178 0.18445098
vt 0.74185359 0.18445098
vt 0.74314177 0.18163657
vt 0.74228358 0.18163657
vt 0.74314177 0.17605841
vt 0.74228358 0.17605841
vt 0.74357003 0.19002920
vt 0.74271184 0.19002920
vt 0.74357003 0.18445098
vt 0.74271184 0.18445098
vt 0.74314177 0.17605841
vt 0.74399996 0.17605841
vt 0.74314177 0.18163657
vt 0.74399996 0.18163657
vt 0.45348915 0.50799859
vt 0.45263094 0.50799859
vt 0.45348915 0.50242037
vt 0.45263094 0.50242037
vt 0.74356997 0.18445098
vt 0.74442816 0.18445098
vt 0.74356997 0.19002920
vt 0.74442816 0.19002920
vt 0.47605532 0.51207072
vt 0.47519714 0.51207072
vt 0.47605532 0.50649250
vt 0.47519714 0.50649250
vt 0.74485809 0.18163657
vt 0.74399990 0.18163657
vt 0.74485809 0.17605841
vt 0.74399990 0.17605841
vt 0.47605526 0.51764894
vt 0.47519708 0.51764894
vt 0.47605526 0.51207072
vt 0.47519708 0.51207072
vt 0.47605529 0.52322716
vt 0.47519711 0.52322716
vt 0.47605529 0.51764894
vt 0.47519711 0.51764894
vt 0.74528635 0.19002920
vt 0.74442816 0.19002920
vt 0.74528635 0.18445098
vt 0.74442816 0.18445098
vt 0.69941825 0.28888679
vt 0.70027643 0.28888679
vt 0.69941825 0.29446495
vt 0.70027643 0.29446495
vt 0.74485815 0.17605841
vt 0.74571633 0.17605841
vt 0.74485815 0.18163657
vt 0.74571633 0.18163657
vt 0.69941831 0.29446495
vt 0.70027649 0.29446495
vt 0.69941831 0.30004323
vt 0.70027649 0.30004323
vt 0.74528623 0.18445098
vt 0.74614441 0.18445098
vt 0.74528623 0.19002920
vt 0.74614441 0.19002920
vt 0.77527684 0.33321983
vt 0.78085506 0.33321983
vt 0.77527684 0.45336586
vt 0.78085506 0.45336586
vt 0.43614906 0.70671326
vt 0.43893817 0.70671326
vt 0.43614906 0.82685930
vt 0.43893817 0.82685930
vt 0.46961886 0.47230995
vt 0.47519708 0.47230995
vt 0.46961886 0.51521927
vt 0.47519708 0.51521927
vt 0.07713789 0.73913097
vt 0.07992700 0.73913097
vt 0.07713789 0.78204024
vt 0.07992700 0.78204024
vt 0.42530912 0.82685930
vt 0.42252001 0.82685930
vt 0.42530912 0.70671326
vt 0.42252001 0.70671326
vt 0.78085500 0.33321983
vt 0.78643322 0.33321983
vt 0.78085500 0.45336586
vt 0.78643322 0.45336586
vt 0.08271610 0.78204024
vt 0.07992700 0.78204024
vt 0.08271610 0.73913097
vt 0.07992700 0.73913097
vt 0.45971090 0.47238380
vt 0.46528912 0.47238380
vt 0.45971090 0.51529312
vt 0.46528912 0.51529312
vt 0.83162087 0.64476478
vt 0.83440995 0.64476478
vt 0.83162087 0.76491088
vt 0.83440995 0.76491088
vt 0.80651885 0.76491088
vt 0.80094069 0.76491088
vt 0.80651885 0.64476478
vt 0.80094069 0.64476478
vt 0.67691225 0.73958790
vt 0.67970133 0.73958790
vt 0.67691225 0.78249723
vt 0.67970133 0.78249723
vt 0.78085506 0.49627513
vt 0.77527684 0.49627513
vt 0.78085506 0.45336580
vt 0.77527684 0.45336580
vt 0.83491427 0.12014604
vt 0.83212519 0.12014604
vt 0.83491427 0.00000000
vt 0.83212519 0.00000000
vt 0.80144536 0.00000000
vt 0.80702358 0.00000000
vt 0.80144536 0.12014604
vt 0.80702358 0.12014604
vt 0.67691219 0.78249723
vt 0.67412311 0.78249723
vt 0.67691219 0.73958790
vt 0.67412311 0.73958790
vt 0.06040325 0.73913097
vt 0.06598146 0.73913097
vt 0.06040325 0.78204024
vt 0.06598146 0.78204024
vt 0.79201156 0.45336586
vt 0.78643334 0.45336586
vt 0.79201156 0.33321983
vt 0.78643334 0.33321983
vt 0.43614906 0.82685930
vt 0.43335995 0.82685930
vt 0.43614906 0.70671326
vt 0.43335995 0.70671326
vt 0.45971090 0.51529312
vt 0.45413268 0.51529312
vt 0.45971090 0.47238380
vt 0.45413268 0.47238380
vt 0.09172446 0.78204024
vt 0.08893535 0.78204024
vt 0.09172446 0.73913097
vt 0.08893535 0.73913097
vt 0.79028893 0.00000000
vt 0.79586715 0.00000000
vt 0.79028893 0.12014604
vt 0.79586715 0.12014604
vt 0.42530912 0.70671326
vt 0.42809823 0.70671326
vt 0.42530912 0.82685930
vt 0.42809823 0.82685930
vt 0.26323423 0.57720065
vt 0.26881242 0.57720065
vt 0.26323423 0.62010992
vt 0.26881242 0.62010992
vt 0.08614622 0.73913097
vt 0.08893532 0.73913097
vt 0.08614622 0.78204024
vt 0.08893532 0.78204024
vt 0.43088734 0.82685930
vt 0.42809823 0.82685930
vt 0.43088734 0.70671326
vt 0.42809823 0.70671326
vt 0.79536247 0.64476478
vt 0.80094069 0.64476478
vt 0.79536247 0.76491088
vt 0.80094069 0.76491088
vt 0.08614622 0.78204024
vt 0.08335711 0.78204024
vt 0.08614622 0.73913097
vt 0.08335711 0.73913097
vt 0.26323423 0.62010992
vt 0.26881242 0.62010992
vt 0.26323423 0.66301924
vt 0.26881242 0.66301924
vt 0.82883173 0.64476478
vt 0.83162081 0.64476478
vt 0.82883173 0.76491088
vt 0.83162081 0.76491088
vt 0.80144536 0.12014604
vt 0.79586715 0.12014604
vt 0.80144536 0.00000000
vt 0.79586715 0.00000000
vt 0.65203375 0.73958790
vt 0.65482283 0.73958790
vt 0.65203375 0.78249723
vt 0.65482283 0.78249723
vt 0.30136985 0.77551800
vt 0.29579163 0.77551800
vt 0.30136985 0.73260868
vt 0.29579163 0.73260868
vt 0.79480058 0.33321989
vt 0.79480058 0.50485706
vt 0.79201144 0.33321989
vt 0.79201144 0.50485706
vt 0.80702358 0.00000000
vt 0.80981272 0.00000000
vt 0.80702358 0.17163718
vt 0.80981266 0.17163718
vt 0.80981272 0.00000000
vt 0.81260180 0.00000000
vt 0.80981266 0.17163718
vt 0.81260180 0.17163718
vt 0.81260180 0.00000000
vt 0.81539088 0.00000000
vt 0.81260180 0.17163718
vt 0.81539088 0.17163718
vt 0.80651885 0.64476484
vt 0.80930799 0.64476484
vt 0.80651885 0.81640202
vt 0.80930799 0.81640202
vt 0.80930799 0.64476484
vt 0.81209707 0.64476484
vt 0.80930799 0.81640202
vt 0.81209707 0.81640202
vt 0.81209707 0.64476484
vt 0.81488621 0.64476484
vt 0.81209707 0.81640202
vt 0.81488621 0.81640202
vt 0.81473684 0.19208515
vt 0.81752592 0.19208515
vt 0.81473678 0.36372232
vt 0.81752592 0.36372232
vt 0.83704931 0.48386836
vt 0.83426023 0.48386836
vt 0.83704931 0.36372232
vt 0.83426023 0.36372232
vt 0.67412311 0.78249723
vt 0.67133403 0.78249723
vt 0.67412311 0.73958790
vt 0.67133403 0.73958790
vt 0.82933611 0.00000000
vt 0.83212519 0.00000000
vt 0.82933611 0.12014604
vt 0.83212519 0.12014604
vt 0.65482289 0.73958790
vt 0.65761197 0.73958790
vt 0.65482289 0.78249723
vt 0.65761197 0.78249723
vt 0.83426058 0.31223118
vt 0.83147144 0.31223118
vt 0.83426058 0.19208515
vt 0.83147144 0.19208515
vt 0.66319013 0.78249723
vt 0.66040105 0.78249723
vt 0.66319013 0.73958790
vt 0.66040105 0.73958790
vt 0.83147115 0.48386836
vt 0.83426023 0.48386836
vt 0.83147115 0.60401446
vt 0.83426023 0.60401446
vt 0.66319019 0.73958790
vt 0.66597927 0.73958790
vt 0.66319019 0.78249723
vt 0.66597927 0.78249723
vt 0.83426058 0.19208515
vt 0.83704966 0.19208515
vt 0.83426058 0.31223118
vt 0.83704966 0.31223118
vt 0.47736186 0.73961520
vt 0.48015094 0.73961520
vt 0.47736186 0.78252447
vt 0.48015094 0.78252447
vt 0.83704931 0.60401446
vt 0.83426023 0.60401446
vt 0.83704931 0.48386836
vt 0.83426023 0.48386836
vt 0.48294002 0.78252447
vt 0.48015094 0.78252447
vt 0.48294002 0.73961520
vt 0.48015094 0.73961520
vt 0.83441001 0.64476478
vt 0.83719909 0.64476478
vt 0.83441001 0.76491088
vt 0.83719909 0.76491088
vt 0.48294005 0.73961520
vt 0.48572913 0.73961520
vt 0.48294005 0.78252447
vt 0.48572913 0.78252447
vt 0.83426023 0.48386836
vt 0.83147109 0.48386836
vt 0.83426023 0.36372232
vt 0.83147109 0.36372232
vt 0.66040105 0.78249723
vt 0.65761197 0.78249723
vt 0.66040105 0.73958790
vt 0.65761197 0.73958790
vt 0.81473684 0.19208521
vt 0.81473690 0.62117815
vt 0.80615503 0.47236872
vt 0.80615503 0.47322690
vt 0.82883173 0.81640202
vt 0.82604265 0.81640202
vt 0.82883173 0.64476478
vt 0.82604265 0.64476478
vt 0.25207779 0.57720065
vt 0.25207779 0.74883783
vt 0.24649957 0.74883783
vt 0.55275834 0.13184893
vt 0.47736183 0.00000000
vt 0.62130600 0.23739600
vt 0.62282515 0.23973513
vt 0.47736180 0.33088070
vt 0.47888091 0.33321977
vt 0.74699450 0.19087327
vt 0.74699450 0.18480492
vt 0.74767643 0.18569362
vt 0.74699450 0.18797708
vt 0.74670458 0.18905914
vt 0.74699450 0.18685699
vt 0.74614453 0.19002920
vt 0.74670458 0.18577498
vt 0.74614453 0.18480486
vt 0.82933605 0.00000000
vt 0.82933605 0.17163718
vt 0.82654697 0.17163718
vt 0.27004606 0.67271370
vt 0.26900691 0.66344702
vt 0.27004606 0.66302884
vt 0.47519711 0.47219712
vt 0.46962002 0.47230995
vt 0.47172421 0.30059505
vt 0.46614712 0.30070794
vt 0.47519711 0.29194117
vt 0.46528912 0.30072534
vt 0.42169398 0.51133895
vt 0.42280596 0.51120389
vt 0.42169398 0.52102381
vt 0.42391500 0.51136130
vt 0.42244145 0.52060223
vt 0.42494553 0.51180035
vt 0.42487079 0.51923203
vt 0.42582735 0.51249111
vt 0.42650026 0.51338661
vt 0.42332453 0.70671332
vt 0.42054075 0.70654112
vt 0.43392208 0.53540361
vt 0.43113834 0.53523141
vt 0.44451642 0.52746075
vt 0.30552548 0.52746075
vt 0.57694715 0.70533675
vt 0.56917888 0.57972378
vt 0.57694715 0.56630296
vt 0.11200480 0.68351024
vt 0.10979465 0.68521154
vt 0.00731038 0.54750139
vt 0.00510023 0.54920268
vt 0.11200480 0.45608169
vt 0.00442020 0.54972619
vt -0.00000009 0.55312872
vt 0.10469433 0.68913758
vt 0.30767593 0.52746063
vt 0.30552548 0.52568448
vt 0.41697785 0.39512622
vt 0.41482744 0.39335001
vt 0.30552545 0.29194117
vt 0.41416577 0.39280355
vt 0.68527520 0.74693555
vt 0.68249047 0.74677902
vt 0.69490439 0.57556868
vt 0.69211972 0.57541221
vt 0.68249053 0.56627572
vt 0.26323423 0.74883783
vt 0.25765601 0.74883783
vt 0.26323423 0.57720065
vt 0.25765601 0.57720065
vt 0.48467150 0.56630296
vt 0.48025173 0.56289971
vt 0.58938622 0.43030977
vt 0.58496648 0.42690659
vt 0.47736186 0.33321983
vt 0.58428651 0.42638296
vt 0.58207661 0.42468137
vt 0.47736189 0.56067455
vt 0.45971090 0.52467763
vt 0.45862311 0.51556057
vt 0.45971090 0.51529318
vt 0.42169398 0.52598006
vt 0.42113912 0.52532536
vt 0.42169398 0.51270616
vt 0.41753271 0.52106977
vt 0.42086440 0.51195347
vt 0.41697785 0.52041507
vt 0.41986832 0.51144111
vt 0.41877353 0.51120400
vt 0.69776875 0.74444777
vt 0.69498026 0.74438888
vt 0.70139104 0.57284880
vt 0.69860256 0.57278991
vt 0.69498026 0.56627566
vt 0.69855970 0.57278901
vt 0.69745243 0.57261938
vt 0.47720346 0.29194123
vt 0.47720346 0.29522538
vt 0.47691354 0.29302323
vt 0.47691354 0.29414338
vt 0.44771072 0.52660531
vt 0.44691867 0.52581322
vt 0.44771072 0.51979685
vt 0.44635856 0.52484316
vt 0.44691867 0.52058893
vt 0.44635856 0.52155900
vt 0.82046443 0.81640202
vt 0.82046443 0.64476484
vt 0.82325351 0.81640202
vt 0.82325351 0.64476484
vt 0.77527684 0.33321989
vt 0.77527684 0.50485706
vt 0.76969862 0.50485706
vt 0.79757303 0.62117815
vt 0.79757309 0.19208521
vt 0.80615491 0.20221180
vt 0.80615491 0.20135361
vt 0.05677406 0.88693225
vt 0.05673115 0.88693225
vt 0.05677406 0.87835044
vt 0.10749285 0.26982796
vt 0.00000000 0.00000000
vt 0.15750386 0.38531768
vt 0.15861218 0.38787711
vt 0.00000001 0.45352221
vt 0.00110834 0.45608169
vt 0.15688600 0.63630074
vt 0.15409689 0.63630140
vt 0.15684512 0.46466357
vt 0.15405603 0.46466422
vt 0.15688600 0.45608169
vt 0.15319784 0.46466446
vt 0.14761963 0.46466577
vt 0.14766049 0.63630295
vt 0.72827196 0.18317729
vt 0.72938257 0.18332350
vt 0.72827196 0.19175917
vt 0.73041743 0.18375218
vt 0.73130614 0.18443406
vt 0.82868230 0.36372232
vt 0.83147109 0.53533685
vt 0.82868230 0.53538221
vt 0.74682224 0.50347328
vt 0.74682224 0.49740505
vt 0.74750412 0.49829370
vt 0.45165825 0.51921791
vt 0.45262834 0.51977795
vt 0.45165825 0.52714652
vt 0.45342040 0.52057004
vt 0.45398048 0.52154011
vt 0.74682212 0.50057721
vt 0.74653220 0.50165921
vt 0.74682212 0.49945712
vt 0.74597216 0.50262934
vt 0.74653220 0.49837506
vt 0.74597216 0.49740505
vt 0.16009340 0.34170878
vt 0.15861216 0.33934557
vt 0.30552548 0.25055599
vt 0.30404425 0.24819279
vt 0.15861218 0.00000000
vt 0.30358848 0.24746561
vt 0.30552548 0.61929303
vt 0.30163458 0.49350023
vt 0.30552548 0.34170878
vt 0.81817997 0.00000000
vt 0.82096869 0.17161453
vt 0.81817997 0.17165983
vt 0.30552545 0.28271985
vt 0.47708577 0.27758408
vt 0.47716922 0.28037190
vt 0.47736180 0.00000000
vt 0.47719491 0.28122973
vt 0.47736183 0.28680545
vt 0.30563456 0.28636551
vt 0.30580148 0.29194123
vt 0.58471781 0.70529395
vt 0.57694715 0.57968110
vt 0.58471781 0.56630301
vt 0.16076286 0.57720065
vt 0.15861219 0.57542479
vt 0.27004609 0.44485074
vt 0.26789543 0.44307494
vt 0.15861221 0.34170878
vt 0.26723367 0.44252849
vt 0.25765601 0.57720065
vt 0.25765601 0.74883783
vt 0.25207779 0.74883783
vt 0.59669662 0.56627572
vt 0.59227633 0.56287313
vt 0.70139104 0.43026686
vt 0.69697076 0.42686433
vt 0.58938617 0.33321989
vt 0.69629073 0.42634082
vt 0.69408059 0.42463958
vt 0.58938617 0.56064838
vt 0.45259264 0.47219712
vt 0.45606554 0.30059505
vt 0.46164259 0.30070794
vt 0.45259264 0.29194117
vt 0.46250063 0.30072534
vt 0.46528915 0.30078173
vt 0.45902774 0.47232735
vt 0.46181625 0.47238380
vt 0.83147150 0.36372232
vt 0.82868236 0.36372232
vt 0.83147150 0.19208515
vt 0.82868236 0.19208515
vt 0.46985379 0.51541638
vt 0.47095647 0.51521933
vt 0.47095647 0.52513385
vt 0.74726599 0.17694706
vt 0.74794793 0.17605841
vt 0.74794793 0.18212664
vt 0.72827184 0.19175911
vt 0.72938794 0.19185418
vt 0.72827184 0.20167363
vt 0.73044145 0.19223487
vt 0.73136050 0.19287527
vt 0.05692030 0.88057166
vt 0.05677409 0.87946111
vt 0.05692030 0.87835056
vt 0.73671007 0.19175911
vt 0.73614532 0.19111300
vt 0.73671007 0.18197930
vt 0.73430973 0.18901306
vt 0.73564875 0.18233764
vt 0.73471642 0.18295842
vt 0.74670583 0.18031263
vt 0.74641591 0.17811048
vt 0.74726593 0.18128270
vt 0.74670589 0.17702848
vt 0.74726593 0.17605841
vt 0.02638892 0.87903702
vt 0.02587402 0.87942320
vt 0.02587402 0.87835050
vt 0.00682258 0.87835044
vt 0.00746622 0.87835044
vt 0.00682258 0.87920862
vt 0.00746622 0.87835044
vt 0.00810985 0.87835044
vt 0.00746622 0.87920862
vt 0.46589592 0.51600832
vt 0.46538100 0.51639450
vt 0.46538100 0.51532173
vt 0.01428877 0.87835044
vt 0.01493240 0.87835044
vt 0.01428877 0.87920862
vt 0.45294836 0.51707327
vt 0.45346326 0.51668710
vt 0.45346326 0.51775980
vt 0.00000000 0.87835044
vt 0.00064364 0.87835044
vt 0.00000000 0.87920862
vt 0.58192986 0.83114702
vt 0.57914078 0.83114702
vt 0.57914078 0.70529401
vt 0.45805764 0.51782489
vt 0.45857257 0.51743871
vt 0.45857257 0.51851147
vt 0.58938622 0.82466084
vt 0.58659780 0.69883871
vt 0.58938622 0.69877696
vt 0.00810986 0.87835038
vt 0.00875349 0.87920856
vt 0.00810986 0.87920856
vt 0.46589592 0.51922655
vt 0.46538103 0.51961273
vt 0.46538103 0.51853997
vt 0.10714053 0.68913764
vt 0.10992896 0.68919939
vt 0.10714053 0.81502151
vt 0.42039922 0.52598006
vt 0.42104286 0.52598006
vt 0.42039922 0.52683824
vt 0.41891626 0.52683824
vt 0.41827261 0.52683824
vt 0.41891626 0.52598006
vt 0.05693888 0.88199788
vt 0.05692029 0.88478690
vt 0.05692029 0.87835038
vt 0.00437675 0.87835044
vt 0.00502039 0.87835044
vt 0.00437675 0.87920862
vt 0.05693888 0.87835044
vt 0.05698178 0.88113922
vt 0.05693888 0.88113987
vt 0.00566403 0.87835044
vt 0.00630767 0.87835044
vt 0.00566403 0.87920862
vt 0.63762891 0.33209968
vt 0.63827258 0.33209968
vt 0.63762891 0.33295786
vt 0.01300149 0.87835044
vt 0.01364513 0.87835044
vt 0.01300149 0.87920862
vt 0.46538100 0.52068543
vt 0.46538100 0.51961267
vt 0.46589589 0.51999891
vt 0.74332809 0.46825612
vt 0.74332809 0.49994004
vt 0.74068403 0.46736848
vt 0.74068403 0.49905241
vt 0.63827264 0.33209968
vt 0.63891625 0.33209968
vt 0.63827264 0.33295786
vt 0.41975555 0.52598006
vt 0.42039919 0.52683824
vt 0.41975555 0.52683824
vt 0.74074030 0.50422359
vt 0.73987460 0.50485706
vt 0.74075043 0.50336546
vt 0.73988217 0.50421351
vt 0.73989230 0.50335538
vt 0.73923862 0.50420594
vt 0.73924869 0.50334781
vt 0.73923862 0.50055838
vt 0.73928154 0.50055885
vt 0.43921039 0.52589118
vt 0.44006857 0.52589118
vt 0.43921039 0.52653486
vt 0.44006857 0.52653486
vt 0.43921039 0.52739304
vt 0.44006857 0.52739304
vt 0.67538893 0.33117390
vt 0.67603260 0.33203208
vt 0.67538893 0.33203208
vt 0.10714052 0.81502146
vt 0.10435210 0.68919939
vt 0.10714052 0.68913758
vt 0.01493240 0.87835038
vt 0.01557604 0.87920856
vt 0.01493240 0.87920856
vt 0.63955986 0.33295786
vt 0.63891625 0.33209968
vt 0.63955986 0.33209968
vt 0.45820907 0.52467757
vt 0.45885271 0.52467757
vt 0.45885271 0.52553576
vt 0.45971090 0.52467757
vt 0.45885271 0.52617943
vt 0.45971090 0.52553576
vt 0.74641597 0.17969537
vt 0.74577242 0.17970526
vt 0.74575919 0.17884719
vt 0.74577242 0.18249464
vt 0.74571627 0.17605841
vt 0.41955990 0.52683824
vt 0.41891626 0.52683824
vt 0.41955990 0.52598006
vt 0.46589595 0.50090957
vt 0.46574426 0.50197148
vt 0.46528915 0.50030273
vt 0.46528915 0.50151640
vt 0.63955992 0.33209968
vt 0.64020354 0.33209968
vt 0.63955992 0.33295786
vt 0.41762897 0.52598006
vt 0.41827261 0.52598006
vt 0.41762897 0.52683824
vt 0.65933567 0.33296490
vt 0.65847749 0.33296490
vt 0.65933567 0.33210671
vt 0.65847749 0.33210671
vt 0.65933567 0.33146310
vt 0.00115854 0.87942320
vt 0.00115854 0.87835050
vt 0.00167345 0.87873667
vt 0.00218842 0.87903696
vt 0.00167351 0.87942314
vt 0.00167351 0.87835038
vt 0.64020354 0.33209968
vt 0.64084721 0.33209968
vt 0.64020354 0.33295786
vt 0.58192992 0.70529395
vt 0.58471787 0.83111900
vt 0.58192992 0.83119977
vt 0.62892693 0.30246413
vt 0.62282521 0.33209968
vt 0.62363875 0.30068886
vt 0.62282521 0.30041569
vt 0.62384361 0.30007863
vt 0.62303001 0.29980552
vt 0.62411672 0.29926509
vt 0.62330317 0.29899198
vt 0.09172444 0.68915623
vt 0.09258242 0.68913746
vt 0.09174323 0.69001424
vt 0.09260121 0.68999547
vt 0.09175733 0.69065773
vt 0.09261531 0.69063896
vt 0.09172445 0.81654161
vt 0.09540374 0.69057786
vt 0.00321818 0.87873662
vt 0.00373309 0.87835044
vt 0.00373309 0.87942314
vt 0.42714387 0.52686584
vt 0.42650023 0.52686584
vt 0.42714387 0.52600765
vt 0.66169560 0.33296490
vt 0.66105199 0.33210671
vt 0.66169560 0.33210671
vt 0.15470982 0.76369208
vt 0.15405603 0.76284158
vt 0.15556794 0.76368189
vt 0.15469962 0.76283395
vt 0.15555775 0.76282376
vt 0.15469198 0.76219034
vt 0.15555011 0.76218015
vt 0.15405603 0.63633603
vt 0.15833901 0.76214707
vt 0.15684494 0.63630295
vt 0.62892687 0.32862747
vt 0.63502860 0.29899198
vt 0.63421506 0.33040279
vt 0.63502860 0.33067590
vt 0.63401020 0.33101296
vt 0.63482374 0.33128607
vt 0.63373709 0.33182657
vt 0.63455063 0.33209968
vt 0.42714387 0.52600765
vt 0.42778751 0.52686584
vt 0.42714387 0.52686584
vt 0.74332803 0.49905241
vt 0.74332803 0.46736848
vt 0.74597210 0.49994010
vt 0.74597210 0.46825612
vt 0.00270330 0.87903702
vt 0.00218839 0.87942320
vt 0.00218839 0.87835050
vt 0.67989445 0.33203208
vt 0.67925084 0.33117390
vt 0.67989445 0.33117390
vt 0.42778751 0.52600765
vt 0.42843115 0.52686584
vt 0.42778751 0.52686584
vt 0.01364513 0.87835038
vt 0.01428877 0.87920856
vt 0.01364513 0.87920856
vt 0.01042698 0.87903702
vt 0.00991208 0.87942320
vt 0.00991208 0.87835050
vt 0.02059633 0.87920862
vt 0.01995271 0.87835044
vt 0.02059633 0.87835044
vt 0.67731988 0.33203208
vt 0.67796350 0.33289027
vt 0.67731988 0.33289027
vt 0.66169560 0.33210671
vt 0.66233921 0.33210671
vt 0.66169560 0.33296490
vt 0.69941825 0.17163718
vt 0.70475060 0.17327499
vt 0.69941825 0.20305854
vt 0.67066890 0.33267576
vt 0.66981077 0.33267576
vt 0.67066890 0.33181757
vt 0.66981077 0.33181757
vt 0.67066890 0.33117396
vt 0.47605526 0.52687442
vt 0.47541162 0.52687442
vt 0.47605526 0.52601624
vt 0.67217070 0.33203208
vt 0.67152709 0.33117390
vt 0.67217070 0.33117390
vt 0.71990466 0.17356771
vt 0.71628398 0.20338523
vt 0.71713591 0.17323154
vt 0.71628398 0.17312807
vt 0.71721351 0.17259258
vt 0.71636158 0.17248917
vt 0.71731693 0.17174065
vt 0.71646500 0.17163718
vt 0.63502866 0.32862753
vt 0.64113039 0.29899204
vt 0.64031684 0.33040285
vt 0.64113039 0.33067596
vt 0.64011198 0.33101302
vt 0.64092559 0.33128619
vt 0.63983887 0.33182657
vt 0.64065242 0.33209968
vt 0.44006854 0.52589124
vt 0.44092673 0.52589124
vt 0.44006854 0.52674943
vt 0.44092673 0.52674943
vt 0.44006854 0.52739304
vt 0.01042695 0.87873662
vt 0.01094186 0.87835044
vt 0.01094186 0.87942320
vt 0.46589592 0.50424707
vt 0.46574420 0.50530899
vt 0.46528909 0.50364023
vt 0.46528909 0.50485384
vt 0.45805770 0.51743865
vt 0.45805770 0.51636595
vt 0.45857263 0.51675212
vt 0.45820904 0.52617943
vt 0.45885268 0.52703762
vt 0.45820904 0.52703762
vt 0.73786908 0.46593046
vt 0.73700583 0.46529359
vt 0.73869103 0.46568370
vt 0.73762232 0.46510851
vt 0.73844427 0.46486175
vt 0.73743725 0.46449208
vt 0.73825920 0.46424532
vt 0.73700583 0.33321989
vt 0.74093050 0.46344340
vt 0.76969868 0.45480710
vt 0.74173248 0.46611470
vt 0.74197924 0.46693671
vt 0.74111599 0.46629977
vt 0.74136275 0.46712172
vt 0.74029404 0.46654654
vt 0.74054080 0.46736848
vt 0.00064369 0.87942320
vt 0.00064369 0.87835044
vt 0.00115860 0.87873662
vt 0.45885274 0.52617943
vt 0.45949638 0.52703762
vt 0.45885274 0.52703762
vt 0.64646280 0.33041334
vt 0.64113039 0.32877553
vt 0.64646280 0.29899204
vt 0.45857260 0.51851141
vt 0.45857260 0.51958418
vt 0.45805770 0.51919800
vt 0.65761924 0.33102918
vt 0.65780455 0.33041275
vt 0.65862638 0.33065993
vt 0.65761918 0.29899198
vt 0.66129738 0.33146310
vt 0.66029018 0.29979515
vt 0.66111201 0.30004227
vt 0.66129738 0.29942584
vt 0.67152709 0.33267576
vt 0.67066890 0.33267576
vt 0.67152709 0.33181757
vt 0.67066890 0.33181757
vt 0.67152709 0.33117396
vt 0.10168958 0.68913746
vt 0.10435212 0.68996805
vt 0.10168957 0.82097250
vt 0.09890044 0.81499052
vt 0.09890044 0.68913752
vt 0.10168955 0.68913752
vt 0.76494259 0.62719816
vt 0.76455569 0.62819874
vt 0.76432306 0.62737268
vt 0.76349699 0.62760532
vt 0.76414859 0.62675315
vt 0.76332253 0.62698579
vt 0.73271495 0.50485700
vt 0.76063788 0.62774193
vt 0.73271495 0.63939542
vt 0.73422718 0.64476472
vt 0.30163458 0.75107688
vt 0.30262333 0.62004918
vt 0.30431923 0.75032073
vt 0.30530801 0.61929303
vt 0.30507535 0.75300545
vt 0.30530801 0.75383145
vt 0.30445582 0.75317991
vt 0.30468845 0.75400597
vt 0.30362976 0.75341254
vt 0.30386242 0.75423861
vt 0.43731013 0.52589124
vt 0.43816835 0.52589124
vt 0.43731013 0.52674943
vt 0.43816835 0.52674943
vt 0.43731013 0.52739304
vt 0.74068397 0.46780241
vt 0.74049860 0.46841884
vt 0.73967677 0.46817172
vt 0.74068397 0.49983966
vt 0.73700583 0.46736854
vt 0.73801297 0.49903643
vt 0.73719114 0.49878931
vt 0.73700583 0.49940574
vt 0.79746586 0.46592051
vt 0.79480058 0.46674216
vt 0.79606313 0.33465505
vt 0.79524302 0.33490789
vt 0.79587346 0.33403999
vt 0.79505336 0.33429277
vt 0.79562068 0.33321989
vt 0.79480058 0.33347273
vt 0.02123994 0.87920862
vt 0.02059633 0.87835044
vt 0.02123994 0.87835044
vt 0.46592867 0.51521927
vt 0.46592867 0.47230995
vt 0.46597156 0.50878286
vt 0.46597156 0.47874635
vt 0.46876067 0.50878286
vt 0.46961886 0.50878286
vt 0.46876067 0.50942653
vt 0.46961886 0.50942653
vt 0.46876067 0.51028472
vt 0.46961886 0.51028472
vt 0.15126692 0.63630295
vt 0.15126692 0.63694656
vt 0.15040873 0.63694656
vt 0.15405604 0.76279956
vt 0.14761963 0.63694656
vt 0.11200490 0.64428484
vt 0.11283094 0.64405221
vt 0.11223754 0.64511091
vt 0.11306360 0.64487821
vt 0.11241204 0.64573044
vt 0.11323808 0.64549780
vt 0.14384568 0.76762658
vt 0.11592274 0.64474165
vt 0.14384568 0.63308817
vt 0.14233345 0.62771887
vt 0.46210325 0.52640194
vt 0.46274689 0.52726012
vt 0.46210325 0.52726012
vt 0.65847743 0.33296490
vt 0.65761924 0.33296490
vt 0.65847743 0.33232129
vt 0.65761924 0.33232129
vt 0.65847743 0.33146310
vt 0.65761924 0.33146310
vt 0.76534909 0.19208521
vt 0.76558799 0.19290948
vt 0.76452482 0.19232404
vt 0.76476371 0.19314837
vt 0.76390666 0.19250321
vt 0.76414549 0.19332749
vt 0.73786402 0.21054912
vt 0.76569819 0.19868523
vt 0.76671344 0.33321989
vt 0.76593709 0.19950950
vt 0.76671344 0.20218837
vt 0.58938617 0.69777340
vt 0.58900684 0.69877684
vt 0.58876801 0.69795257
vt 0.58794373 0.69819146
vt 0.58858883 0.69733435
vt 0.58776456 0.69757324
vt 0.58858883 0.56630290
vt 0.58508569 0.69834960
vt 0.58776456 0.56654179
vt 0.58508569 0.56731814
vt 0.62368333 0.17163718
vt 0.62432694 0.17249537
vt 0.62282515 0.17163718
vt 0.62368333 0.17249537
vt 0.62282515 0.17249537
vt 0.62368333 0.17313898
vt 0.62282515 0.17313898
vt 0.66294533 0.29899198
vt 0.66015625 0.29899198
vt 0.73507488 0.20586503
vt 0.73571855 0.20672321
vt 0.73421669 0.20586503
vt 0.73507488 0.20672321
vt 0.73421669 0.20672321
vt 0.73507488 0.20736688
vt 0.73421669 0.20736688
vt 0.73786402 0.33321989
vt 0.73142761 0.20736688
vt 0.70139110 0.20736688
vt 0.73142761 0.20457780
vt 0.73142761 0.20371962
vt 0.73207122 0.20457780
vt 0.73207122 0.20371962
vt 0.73292941 0.20457780
vt 0.73292941 0.20371962
vt 0.14539178 0.62771881
vt 0.14562443 0.62854487
vt 0.14456573 0.62795150
vt 0.14479838 0.62877750
vt 0.14394620 0.62812597
vt 0.14417884 0.62895203
vt 0.14394620 0.76266444
vt 0.14493497 0.63163668
vt 0.14761962 0.63088053
vt 0.09847332 0.82185030
vt 0.09765057 0.82160622
vt 0.09871737 0.82102752
vt 0.09789462 0.82078350
vt 0.09890040 0.82041049
vt 0.09807765 0.82016641
vt 0.09890041 0.68913752
vt 0.09540370 0.81937325
vt 0.69448370 0.17163718
vt 0.69448370 0.17249537
vt 0.69362551 0.17163718
vt 0.69362551 0.17249537
vt 0.69298190 0.17163718
vt 0.69298190 0.17249537
vt 0.66294539 0.17528445
vt 0.69298190 0.17528445
vt 0.69662917 0.30113745
vt 0.69941831 0.30113745
vt 0.03260430 0.87899405
vt 0.03196066 0.87899405
vt 0.03196066 0.87835044
vt 0.74207377 0.18445098
vt 0.74207377 0.18166190
vt 0.74271739 0.18230551
vt 0.74271739 0.18166190
vt 0.66194099 0.32902849
vt 0.66194099 0.33181757
vt 0.66129738 0.33117390
vt 0.66129738 0.33181757
vt 0.03517886 0.87899405
vt 0.03453522 0.87899405
vt 0.03453522 0.87835044
vt 0.74144691 0.17792243
vt 0.74144691 0.17513335
vt 0.74209058 0.17577696
vt 0.74209058 0.17513335
vt 0.43921036 0.52224398
vt 0.43921036 0.52725261
vt 0.43847516 0.52647144
vt 0.74814767 0.49789500
vt 0.74814767 0.49853861
vt 0.74814767 0.49853861
vt 0.74750400 0.49789500
vt 0.74750400 0.49789500
vt 0.74814767 0.50282955
vt 0.74814767 0.50282955
vt 0.74750400 0.50347322
vt 0.74814767 0.50347322
vt 0.05453370 0.87835044
vt 0.05453370 0.87899405
vt 0.05389008 0.87899405
vt 0.72891557 0.17442632
vt 0.72827196 0.17442632
vt 0.72891557 0.17378265
vt 0.72827196 0.17163718
vt 0.42864570 0.52042943
vt 0.42864570 0.52321851
vt 0.42800206 0.52257490
vt 0.42800206 0.52321851
vt 0.03260430 0.87899411
vt 0.03260430 0.87835050
vt 0.03324794 0.87835050
vt 0.73914069 0.17772561
vt 0.73851132 0.17786050
vt 0.73900580 0.17709631
vt 0.73792696 0.17513335
vt 0.73997980 0.17754579
vt 0.74015963 0.17531312
vt 0.74015963 0.17838496
vt 0.74122167 0.17860246
vt 0.74228358 0.18057466
vt 0.74015969 0.18057466
vt 0.74213189 0.18163663
vt 0.74031138 0.18163663
vt 0.73158908 0.17783880
vt 0.73239177 0.17826813
vt 0.73320681 0.18317729
vt 0.73302639 0.17740327
vt 0.73363614 0.18237466
vt 0.73277128 0.17434204
vt 0.73363614 0.17497671
vt 0.65483016 0.32902849
vt 0.65761924 0.32902849
vt 0.65547377 0.32967210
vt 0.65697563 0.33117396
vt 0.65483016 0.33053029
vt 0.65611744 0.33181757
vt 0.65611744 0.33267576
vt 0.46528912 0.52194411
vt 0.46528912 0.52473319
vt 0.46464548 0.52258772
vt 0.46314365 0.52408957
vt 0.46378729 0.52194411
vt 0.46250001 0.52323139
vt 0.46378729 0.52108592
vt 0.73756826 0.18755752
vt 0.73885554 0.18884480
vt 0.73671013 0.18755752
vt 0.73756826 0.19099027
vt 0.73671013 0.19099027
vt 0.44793463 0.51145285
vt 0.44875595 0.51120394
vt 0.44793463 0.51885080
vt 0.45061010 0.51288390
vt 0.44894260 0.51921791
vt 0.45286247 0.51735753
vt 0.45222783 0.51822239
vt 0.05214770 0.87926066
vt 0.05169258 0.87880552
vt 0.05214770 0.87835044
vt 0.43194646 0.52506769
vt 0.43194646 0.52227861
vt 0.43259010 0.52292222
vt 0.43259010 0.52227861
vt 0.02922992 0.87835050
vt 0.02968505 0.87880564
vt 0.02922992 0.87926072
vt 0.74143004 0.18166184
vt 0.74143004 0.18445098
vt 0.74078643 0.18380737
vt 0.74078643 0.18445098
vt 0.03968434 0.87899411
vt 0.03968434 0.87835044
vt 0.04032797 0.87835044
vt 0.05078241 0.87926066
vt 0.05032729 0.87880552
vt 0.05078241 0.87835044
vt 0.02968507 0.87835044
vt 0.03014019 0.87880552
vt 0.02968507 0.87926066
vt 0.02858628 0.87899405
vt 0.02794264 0.87899405
vt 0.02794264 0.87835044
vt 0.74268126 0.50206792
vt 0.74268126 0.50485700
vt 0.74203759 0.50421339
vt 0.74203759 0.50485700
vt 0.47605529 0.52601624
vt 0.47541165 0.52601624
vt 0.47605529 0.52537262
vt 0.47541165 0.52322716
vt 0.04510006 0.87926066
vt 0.04464494 0.87880552
vt 0.04510006 0.87835044
vt 0.64177406 0.33320248
vt 0.64113045 0.33320248
vt 0.64177406 0.33255881
vt 0.64177406 0.33255881
vt 0.64113045 0.33041334
vt 0.64113045 0.33041334
vt 0.64263225 0.33320248
vt 0.64263225 0.33320248
vt 0.64327592 0.33105695
vt 0.42319581 0.52102387
vt 0.42319581 0.52660209
vt 0.42319581 0.52660209
vt 0.42255217 0.52166748
vt 0.42255217 0.52166748
vt 0.42255217 0.52595842
vt 0.42255217 0.52595842
vt 0.42169398 0.52102387
vt 0.42169398 0.52660209
vt 0.15688600 0.62771887
vt 0.15752964 0.62836248
vt 0.15688600 0.63329709
vt 0.15838781 0.62771887
vt 0.15752964 0.63265342
vt 0.46860015 0.52430236
vt 0.46592867 0.52510381
vt 0.46779871 0.52387083
vt 0.46592867 0.52286386
vt 0.46816862 0.52286386
vt 0.46656573 0.52200073
vt 0.46899059 0.52261728
vt 0.46901116 0.51521933
vt 0.46985370 0.52325433
vt 0.46960711 0.52019238
vt 0.46985370 0.52101439
vt 0.46589598 0.48862123
vt 0.46528915 0.48801446
vt 0.46589598 0.48558712
vt 0.43921036 0.52224398
vt 0.43869954 0.52155435
vt 0.43921036 0.51503509
vt 0.43537924 0.51707196
vt 0.43813765 0.51502866
vt 0.43582621 0.51407093
vt 0.43762681 0.51433909
vt 0.43583259 0.51299816
vt 0.43793330 0.51331103
vt 0.43717346 0.51120394
vt 0.43883362 0.51344514
vt 0.43143481 0.52407676
vt 0.42864570 0.52407676
vt 0.43079117 0.52343315
vt 0.42928934 0.52193129
vt 0.43143481 0.52257496
vt 0.43014753 0.52128768
vt 0.43014753 0.52042949
vt 0.04710905 0.87899405
vt 0.04710905 0.87835044
vt 0.04775269 0.87835044
vt 0.73885554 0.18445098
vt 0.73885554 0.18166190
vt 0.73949915 0.18230551
vt 0.73949915 0.18166190
vt 0.73732048 0.19175917
vt 0.73732048 0.19454825
vt 0.73667687 0.19390464
vt 0.73667687 0.19454825
vt 0.04775269 0.87899411
vt 0.04775269 0.87835050
vt 0.04839632 0.87835050
vt 0.04710905 0.87899405
vt 0.04646540 0.87899405
vt 0.04646540 0.87835044
vt 0.74859148 0.17605841
vt 0.74859148 0.17670202
vt 0.74794781 0.17605841
vt 0.74859148 0.18099296
vt 0.74794781 0.18163657
vt 0.74859148 0.18163657
vt 0.74139398 0.50485700
vt 0.74075037 0.50485700
vt 0.74139398 0.50421339
vt 0.74075037 0.50206792
vt 0.74014282 0.18445098
vt 0.73949915 0.18445098
vt 0.74014282 0.18380737
vt 0.73949915 0.18166190
vt 0.04601028 0.87926066
vt 0.04555516 0.87880552
vt 0.04601028 0.87835044
vt 0.04601034 0.87835044
vt 0.04646546 0.87880558
vt 0.04601034 0.87926066
vt 0.73914075 0.18097728
vt 0.73851138 0.18111217
vt 0.73900592 0.18034792
vt 0.73792702 0.17838496
vt 0.73997992 0.18079746
vt 0.74015969 0.17856479
vt 0.74015969 0.18163657
vt 0.43387741 0.52227861
vt 0.43387741 0.52313679
vt 0.43259013 0.52442408
vt 0.43473560 0.52378041
vt 0.43323377 0.52528226
vt 0.43537924 0.52592587
vt 0.43259013 0.52592587
vt 0.73671007 0.18197930
vt 0.73735374 0.18262291
vt 0.73671007 0.18755752
vt 0.73821193 0.18197930
vt 0.73735374 0.18691385
vt 0.44199947 0.52310216
vt 0.44199947 0.52589124
vt 0.44135582 0.52374583
vt 0.43985400 0.52524763
vt 0.44049764 0.52310216
vt 0.43921036 0.52438945
vt 0.44049764 0.52224398
vt 0.44599313 0.52704954
vt 0.44349128 0.52707767
vt 0.44596502 0.52454770
vt 0.44304150 0.52634680
vt 0.44635856 0.52354974
vt 0.44304150 0.51979697
vt 0.44410971 0.51989537
vt 0.73345155 0.18875551
vt 0.73280787 0.19175917
vt 0.73280787 0.19175917
vt 0.73430973 0.18382096
vt 0.73430973 0.18382096
vt 0.73216426 0.19090098
vt 0.73130608 0.19090098
vt 0.26851210 0.68370163
vt 0.26743937 0.68370163
vt 0.26791134 0.67717940
vt 0.26559424 0.67623544
vt 0.26739645 0.67649287
vt 0.26559424 0.67516267
vt 0.26769680 0.67546302
vt 0.26692444 0.67336047
vt 0.26859790 0.67559177
vt 0.82375795 0.17163718
vt 0.82096881 0.17163718
vt 0.82375795 0.00000000
vt 0.82096881 0.00000000
vt 0.82589316 0.36372232
vt 0.82310408 0.36372232
vt 0.82589322 0.19208515
vt 0.82310408 0.19208515
vt 0.04968360 0.87899411
vt 0.04903996 0.87899411
vt 0.04903996 0.87835050
vt 0.74014282 0.18445098
vt 0.74014282 0.18166190
vt 0.74078649 0.18230551
vt 0.74078649 0.18166190
vt 0.73821187 0.18755752
vt 0.73821187 0.18197930
vt 0.73885548 0.18262291
vt 0.73885548 0.18197930
vt 0.04464492 0.87899411
vt 0.04400128 0.87899411
vt 0.04400128 0.87835050
vt 0.04354613 0.87835038
vt 0.04400124 0.87880552
vt 0.04354613 0.87926066
vt 0.64606494 0.33320248
vt 0.64542133 0.33320248
vt 0.64606494 0.33255881
vt 0.64542133 0.33041334
vt 0.74207371 0.18166190
vt 0.74207371 0.18445098
vt 0.74143010 0.18380737
vt 0.74143010 0.18445098
vt 0.04839632 0.87899411
vt 0.04839632 0.87835050
vt 0.04903996 0.87835050
vt 0.05032724 0.87899411
vt 0.04968360 0.87899411
vt 0.04968360 0.87835050
vt 0.04510007 0.87835050
vt 0.04555519 0.87880558
vt 0.04510007 0.87926072
vt 0.05169263 0.87926066
vt 0.05123751 0.87880558
vt 0.05169263 0.87835044
vt 0.74080330 0.17792243
vt 0.74015963 0.17792243
vt 0.74080330 0.17727876
vt 0.74015963 0.17513335
vt 0.64775014 0.32902849
vt 0.64775014 0.32988667
vt 0.64646286 0.33117396
vt 0.64860833 0.33053029
vt 0.64710647 0.33203214
vt 0.64925194 0.33267581
vt 0.64646286 0.33267581
vt 0.73992544 0.18445098
vt 0.73992544 0.19099033
vt 0.73885548 0.19091284
vt 0.46589598 0.48558724
vt 0.46528915 0.48498040
vt 0.46589598 0.48255312
vt 0.64925200 0.32902849
vt 0.65204108 0.32902849
vt 0.64989561 0.32967210
vt 0.65139747 0.33117396
vt 0.64925200 0.33053029
vt 0.65053928 0.33181763
vt 0.65053928 0.33267576
vt 0.74099541 0.18452835
vt 0.73992544 0.19099021
vt 0.73992544 0.18445098
vt 0.45031384 0.51921797
vt 0.45096144 0.51978105
vt 0.44793463 0.51999223
vt 0.45052502 0.52224475
vt 0.44793463 0.52653152
vt 0.45075026 0.52329355
vt 0.44799799 0.52743953
vt 0.45165831 0.52323020
vt 0.44793463 0.51482064
vt 0.44793463 0.51979697
vt 0.44737962 0.51554209
vt 0.44304150 0.51545882
vt 0.44644541 0.51501483
vt 0.44489145 0.51305389
vt 0.44633442 0.51416385
vt 0.44541869 0.51211971
vt 0.44710213 0.51341462
vt 0.44746289 0.51120394
vt 0.44782361 0.51396966
vt 0.43816835 0.52589124
vt 0.43537924 0.52589124
vt 0.43752471 0.52524757
vt 0.43602288 0.52374578
vt 0.43816835 0.52438939
vt 0.43688107 0.52310210
vt 0.43688107 0.52224392
vt 0.82589316 0.53535956
vt 0.82310408 0.53535956
vt 0.82589316 0.36372232
vt 0.82310408 0.36372232
vt 0.04097161 0.87899405
vt 0.04032797 0.87899405
vt 0.04032797 0.87835044
vt 0.74271739 0.18445098
vt 0.74271739 0.18166190
vt 0.74336100 0.18230551
vt 0.74336100 0.18166190
vt 0.05324649 0.87835050
vt 0.05324649 0.87899411
vt 0.05260287 0.87899411
vt 0.04097161 0.87899411
vt 0.04097161 0.87835050
vt 0.04161525 0.87835050
vt 0.74144691 0.17513335
vt 0.74144691 0.17792243
vt 0.74080324 0.17727876
vt 0.74080324 0.17792243
vt 0.05563244 0.87835050
vt 0.05627606 0.87835050
vt 0.05627606 0.87899411
vt 0.04225888 0.87899405
vt 0.04161524 0.87899405
vt 0.04161524 0.87835044
vt 0.74396855 0.50485700
vt 0.74332494 0.50485700
vt 0.74396855 0.50421339
vt 0.74332494 0.50206792
vt 0.15838782 0.63329709
vt 0.15838782 0.63608617
vt 0.15774418 0.63544255
vt 0.15774418 0.63608617
vt 0.03014020 0.87835044
vt 0.03059532 0.87880558
vt 0.03014020 0.87926066
vt 0.03105040 0.87926072
vt 0.03059527 0.87880558
vt 0.03105040 0.87835044
vt 0.64391953 0.33320248
vt 0.64327592 0.33320248
vt 0.64391953 0.33255881
vt 0.64391953 0.33255881
vt 0.64327592 0.33041334
vt 0.64327592 0.33041334
vt 0.64477772 0.33320248
vt 0.64477772 0.33320248
vt 0.64542139 0.33105695
vt 0.43143472 0.52719027
vt 0.42893326 0.52724344
vt 0.43068960 0.52676445
vt 0.42850748 0.52625883
vt 0.43055657 0.52570003
vt 0.42901313 0.52407670
vt 0.43143472 0.52546048
vt 0.73531902 0.19502664
vt 0.73436427 0.19271392
vt 0.73616773 0.19515389
vt 0.73667693 0.19175917
vt 0.73667693 0.19609809
vt 0.46579990 0.47951889
vt 0.46528909 0.47882926
vt 0.46579990 0.47231001
vt 0.46528912 0.52108592
vt 0.45971090 0.52108592
vt 0.45971090 0.52108592
vt 0.46464548 0.52044225
vt 0.46464548 0.52044225
vt 0.46035454 0.52044225
vt 0.46035454 0.52044225
vt 0.46528912 0.51958406
vt 0.45971090 0.51615131
vt 0.46035454 0.51529312
vt 0.73436427 0.19609809
vt 0.73500788 0.19674176
vt 0.73436427 0.20167631
vt 0.73586607 0.19609809
vt 0.73500788 0.20103270
vt 0.45680416 0.52437615
vt 0.45413268 0.52517760
vt 0.45600271 0.52394462
vt 0.45413268 0.52293772
vt 0.45637262 0.52293772
vt 0.45476970 0.52207458
vt 0.45719460 0.52269107
vt 0.45721513 0.51529318
vt 0.45805767 0.52332813
vt 0.45781109 0.52026623
vt 0.45805767 0.52108818
vt 0.73414969 0.20334470
vt 0.73136061 0.20334470
vt 0.73350608 0.20270103
vt 0.73200423 0.20119917
vt 0.73414969 0.20184284
vt 0.73286247 0.20055556
vt 0.73286247 0.19969738
vt 0.03324794 0.87899405
vt 0.03324794 0.87835044
vt 0.03389158 0.87835044
vt 0.03710978 0.87899405
vt 0.03710978 0.87835044
vt 0.03775343 0.87835044
vt 0.03582250 0.87899411
vt 0.03517886 0.87899411
vt 0.03517886 0.87835050
vt 0.03839706 0.87899411
vt 0.03775342 0.87899411
vt 0.03775342 0.87835050
vt 0.45263094 0.50799859
vt 0.45327458 0.50799859
vt 0.45263094 0.50864220
vt 0.45327458 0.51078767
vt 0.74268126 0.50485700
vt 0.74268126 0.50206792
vt 0.74332494 0.50271153
vt 0.74332494 0.50206792
vt 0.05324649 0.87835050
vt 0.05389011 0.87835050
vt 0.05389011 0.87899411
vt 0.03839706 0.87899405
vt 0.03839706 0.87835044
vt 0.03904070 0.87835044
vt 0.03646614 0.87899405
vt 0.03582251 0.87899405
vt 0.03582251 0.87835044
vt 0.05517734 0.87835050
vt 0.05517734 0.87899411
vt 0.05453372 0.87899411
vt 0.27004606 0.67514187
vt 0.26916900 0.67489827
vt 0.26867366 0.67271376
vt 0.26867366 0.67271376
vt 0.26873863 0.67588085
vt 0.26873863 0.67588085
vt 0.26867366 0.67838204
vt 0.42499843 0.52102393
vt 0.42499843 0.52188212
vt 0.42371115 0.52316940
vt 0.42585659 0.52252573
vt 0.42435479 0.52402759
vt 0.42650023 0.52467120
vt 0.42371115 0.52467120
vt 0.26923397 0.68112677
vt 0.26867366 0.68081003
vt 0.26955068 0.68056643
vt 0.27004606 0.67838198
vt 0.26998109 0.68154901
vt 0.27004606 0.68405020
vt 0.73642516 0.18163657
vt 0.73363608 0.18163657
vt 0.73578155 0.18099296
vt 0.73427969 0.17949110
vt 0.73642516 0.18013477
vt 0.73513794 0.17884749
vt 0.73513794 0.17798930
vt 0.70006180 0.20959783
vt 0.70006180 0.20305854
vt 0.70113176 0.20967519
vt 0.70113176 0.20313597
vt 0.42650023 0.51678210
vt 0.42650023 0.51120389
vt 0.42650023 0.51120389
vt 0.42714387 0.51613843
vt 0.42714387 0.51613843
vt 0.42714387 0.51184750
vt 0.42714387 0.51184750
vt 0.42800206 0.51678210
vt 0.43143481 0.51678210
vt 0.42800206 0.51764029
vt 0.43143481 0.51764029
vt 0.42714387 0.51828390
vt 0.42650023 0.52042937
vt 0.42650023 0.51764029
vt 0.43188995 0.51363134
vt 0.43143481 0.51317620
vt 0.43234506 0.51317620
vt 0.43234506 0.51317620
vt 0.43340701 0.51120400
vt 0.43340701 0.51120400
vt 0.43249676 0.51423818
vt 0.43249676 0.51423818
vt 0.43492410 0.51666546
vt 0.43188995 0.51484501
vt 0.43431726 0.51727229
vt 0.43143481 0.52136838
vt 0.43143481 0.52136838
vt 0.43446895 0.51833427
vt 0.43446895 0.51833427
vt 0.43143481 0.52227867
vt 0.43143481 0.52227867
vt 0.43537921 0.51833427
vt 0.82604253 0.81640202
vt 0.82325339 0.81640202
vt 0.82604253 0.64476484
vt 0.82325345 0.64476484
vt 0.82654691 0.17163718
vt 0.82375783 0.17163718
vt 0.82654691 0.00000000
vt 0.82375783 0.00000000
vt 0.05260288 0.87926060
vt 0.05214775 0.87880552
vt 0.05260288 0.87835038
vt 0.02922992 0.87899411
vt 0.02858628 0.87899411
vt 0.02858628 0.87835050
vt 0.74336094 0.18445098
vt 0.74336094 0.18166190
vt 0.74400455 0.18230551
vt 0.74400455 0.18166190
vt 0.05627608 0.87835044
vt 0.05673120 0.87880558
vt 0.05627608 0.87926066
vt 0.04225889 0.87899405
vt 0.04225889 0.87835044
vt 0.04290253 0.87835044
vt 0.74203765 0.50206792
vt 0.74203765 0.50485700
vt 0.74139398 0.50421339
vt 0.74139398 0.50485700
vt 0.05078239 0.87835044
vt 0.05123750 0.87880558
vt 0.05078239 0.87926066
vt 0.04354616 0.87899411
vt 0.04290253 0.87899411
vt 0.04290253 0.87835050
vt 0.74461216 0.50485700
vt 0.74396855 0.50485700
vt 0.74461216 0.50421339
vt 0.74396855 0.50206792
vt 0.15752964 0.63329709
vt 0.15752964 0.63608617
vt 0.15688600 0.63544255
vt 0.15688600 0.63608617
vt 0.42453310 0.52485609
vt 0.42514962 0.52467114
vt 0.42471805 0.52547258
vt 0.42471805 0.52547258
vt 0.42595106 0.52734262
vt 0.42595106 0.52734262
vt 0.42371112 0.52510267
vt 0.42371112 0.52510267
vt 0.42371112 0.52734262
vt 0.03150552 0.87926066
vt 0.03105040 0.87880552
vt 0.03150552 0.87835044
vt 0.73736787 0.19609809
vt 0.73736787 0.20167631
vt 0.73736787 0.20167631
vt 0.73672426 0.19674176
vt 0.73672426 0.19674176
vt 0.73672426 0.20103270
vt 0.73672426 0.20103270
vt 0.73586607 0.19609809
vt 0.73586607 0.20167631
vt 0.73642516 0.17605841
vt 0.73706877 0.17670202
vt 0.73642516 0.18163657
vt 0.73792696 0.17605841
vt 0.73706877 0.18099296
vt 0.47394350 0.52430236
vt 0.47127202 0.52510381
vt 0.47314206 0.52387077
vt 0.47127202 0.52286386
vt 0.47351196 0.52286386
vt 0.47190908 0.52200073
vt 0.47433397 0.52261728
vt 0.47435451 0.51521933
vt 0.47519705 0.52325428
vt 0.47495046 0.52019238
vt 0.47519705 0.52101439
vt 0.46589598 0.48255301
vt 0.46528915 0.48194623
vt 0.46589598 0.47951889
vt 0.44304150 0.52224392
vt 0.44253069 0.52155435
vt 0.44304150 0.51503503
vt 0.43921039 0.51707190
vt 0.44196880 0.51502866
vt 0.43965736 0.51407087
vt 0.44145799 0.51433903
vt 0.43966374 0.51299816
vt 0.44176447 0.51331103
vt 0.44100463 0.51120394
vt 0.44266477 0.51344514
vt 0.73642516 0.17798930
vt 0.73363608 0.17798930
vt 0.73578155 0.17734563
vt 0.73427969 0.17584383
vt 0.73642516 0.17648745
vt 0.73513794 0.17520022
vt 0.73513794 0.17434204
vt 0.82868230 0.36372232
vt 0.82589316 0.36372232
vt 0.82868230 0.19208515
vt 0.82589322 0.19208515
vt 0.82868236 0.53535956
vt 0.82589328 0.53535956
vt 0.82868242 0.36372238
vt 0.82589328 0.36372238
vt 0.45348918 0.51808703
vt 0.45348918 0.51529795
vt 0.45413283 0.51594156
vt 0.45413283 0.51529795
vt 0.66258466 0.32902849
vt 0.66258466 0.33181757
vt 0.66194099 0.33117390
vt 0.66194099 0.33181757
vt 0.03710978 0.87899405
vt 0.03646614 0.87899405
vt 0.03646614 0.87835044
vt 0.03968434 0.87899411
vt 0.03904070 0.87899411
vt 0.03904070 0.87835044
vt 0.74831992 0.18480492
vt 0.74831992 0.18544853
vt 0.74831992 0.18544853
vt 0.74767631 0.18480492
vt 0.74767631 0.18480492
vt 0.74831992 0.18973947
vt 0.74831992 0.18973947
vt 0.74767631 0.19038314
vt 0.74831992 0.19038314
vt 0.72955918 0.17442632
vt 0.72891551 0.17442632
vt 0.72955918 0.17378265
vt 0.72891551 0.17163718
vt 0.03196062 0.87926060
vt 0.03150550 0.87880552
vt 0.03196062 0.87835038
vt 0.44304147 0.52503300
vt 0.44239780 0.52503300
vt 0.44304147 0.52438939
vt 0.44239780 0.52224392
vt 0.05563241 0.87926066
vt 0.05517729 0.87880552
vt 0.05563241 0.87835044
vt 0.03389158 0.87899411
vt 0.03389158 0.87835050
vt 0.03453522 0.87835050
vt 0.73821956 0.50419766
vt 0.73759025 0.50433254
vt 0.73808473 0.50356829
vt 0.73808473 0.50356829
vt 0.73700583 0.50160533
vt 0.73700583 0.50160533
vt 0.73905873 0.50401783
vt 0.73905873 0.50401783
vt 0.73923856 0.50178516
vt 0.73923856 0.50485700
vt 0.42650023 0.52042943
vt 0.42714387 0.52107310
vt 0.42650023 0.52600765
vt 0.42800206 0.52042943
vt 0.42714387 0.52536398
vt 0.65332836 0.32902849
vt 0.65332836 0.32988667
vt 0.65204108 0.33117396
vt 0.65418655 0.33053029
vt 0.65268475 0.33203214
vt 0.65483022 0.33267576
vt 0.65204108 0.33267576
vt 0.46250001 0.52194405
vt 0.46250001 0.52473313
vt 0.46185637 0.52258766
vt 0.46035454 0.52408952
vt 0.46099818 0.52194405
vt 0.45971090 0.52323133
vt 0.46099818 0.52108586
vt 0.73122364 0.18314916
vt 0.72872174 0.18317729
vt 0.73119551 0.18064731
vt 0.72827202 0.18244642
vt 0.73158908 0.17964935
vt 0.72827202 0.17589658
vt 0.72934020 0.17599499
vt 0.73350608 0.19669378
vt 0.73286247 0.19969738
vt 0.73436427 0.19175917
vt 0.73221880 0.19883919
vt 0.73136067 0.19883919
vt 0.26851213 0.67336041
vt 0.26743940 0.67336041
vt 0.26791137 0.66683817
vt 0.26559427 0.66589415
vt 0.26739648 0.66615164
vt 0.26559427 0.66482145
vt 0.26769683 0.66512179
vt 0.26692444 0.66301924
vt 0.26859793 0.66525054
vt 0.87502515 0.19208515
vt 0.87566876 0.19208515
vt 0.87502515 0.36372232
vt 0.87566876 0.36372232
vt 0.87824321 0.53535950
vt 0.87759954 0.53535950
vt 0.87824321 0.36372232
vt 0.87759954 0.36372232
vt 0.87824357 0.36372232
vt 0.87759990 0.36372232
vt 0.87824357 0.19208515
vt 0.87759990 0.19208515
vt 0.87525004 0.00000000
vt 0.87589365 0.00000000
vt 0.87524998 0.17163718
vt 0.87589365 0.17163718
vt 0.86122835 0.81640202
vt 0.86037016 0.81640202
vt 0.86122835 0.64476478
vt 0.86037016 0.64476478
vt 0.47605523 0.46357834
vt 0.47519705 0.46357834
vt 0.47605523 0.29194117
vt 0.47519705 0.29194117
vt 0.86151832 0.17163718
vt 0.86066014 0.17163718
vt 0.86151832 0.00000000
vt 0.86066014 0.00000000
vt 0.01557604 0.87835038
vt 0.01621968 0.87835038
vt 0.01557604 0.87920856
vt 0.01621968 0.87835044
vt 0.01686332 0.87920862
vt 0.01621968 0.87920862
vt 0.65933567 0.33146310
vt 0.66019386 0.33146310
vt 0.65933567 0.33210671
vt 0.66019386 0.33210671
vt 0.65933567 0.33296490
vt 0.66019386 0.33296490
vt 0.86730039 0.36372238
vt 0.86794400 0.36372238
vt 0.86730033 0.53535956
vt 0.86794400 0.53535956
vt 0.43335992 0.87835038
vt 0.43271628 0.87835038
vt 0.43335992 0.70671320
vt 0.43271628 0.70671320
vt 0.43153092 0.87835038
vt 0.43088728 0.87835038
vt 0.43153092 0.70671320
vt 0.43088728 0.70671320
vt 0.87074411 0.00000000
vt 0.87138778 0.00000000
vt 0.87074411 0.17163718
vt 0.87138778 0.17163718
vt 0.86193681 0.53535950
vt 0.86107862 0.53535950
vt 0.86193681 0.36372232
vt 0.86107862 0.36372232
vt 0.84391510 0.53535950
vt 0.84305692 0.53535950
vt 0.84391510 0.36372232
vt 0.84305692 0.36372232
vt 0.86193728 0.36372232
vt 0.86107910 0.36372232
vt 0.86193728 0.19208515
vt 0.86107910 0.19208515
vt 0.02175482 0.87903696
vt 0.02123991 0.87942314
vt 0.02123991 0.87835044
vt 0.02175491 0.87942314
vt 0.02175491 0.87835044
vt 0.02226982 0.87873662
vt 0.66637808 0.33117402
vt 0.66723627 0.33117402
vt 0.66637808 0.33181763
vt 0.66723627 0.33181763
vt 0.66637808 0.33267581
vt 0.66723627 0.33267581
vt 0.88847733 0.81640202
vt 0.88783365 0.81640202
vt 0.88847733 0.64476478
vt 0.88783365 0.64476478
vt 0.83704925 0.36372232
vt 0.83790743 0.36372232
vt 0.83704925 0.53535956
vt 0.83790743 0.53535956
vt 0.85850406 0.53535950
vt 0.85764587 0.53535950
vt 0.85850406 0.36372232
vt 0.85764587 0.36372232
vt 0.47691345 0.46357834
vt 0.47605526 0.46357834
vt 0.47691348 0.29194117
vt 0.47605529 0.29194117
vt 0.88783371 0.81640202
vt 0.88719010 0.81640202
vt 0.88783371 0.64476478
vt 0.88719010 0.64476478
vt 0.88854206 0.53535950
vt 0.88789839 0.53535950
vt 0.88854206 0.36372232
vt 0.88789839 0.36372232
vt 0.83704966 0.19208515
vt 0.83790785 0.19208515
vt 0.83704966 0.36372232
vt 0.83790785 0.36372232
vt 0.85850441 0.36372232
vt 0.85764623 0.36372232
vt 0.85850441 0.19208515
vt 0.85764623 0.19208515
vt 0.15774418 0.62771887
vt 0.15688600 0.62771887
vt 0.15774420 0.45608169
vt 0.15688601 0.45608169
vt 0.88654661 0.81640202
vt 0.88590294 0.81640202
vt 0.88654661 0.64476478
vt 0.88590294 0.64476478
vt 0.88854235 0.36372232
vt 0.88789868 0.36372232
vt 0.88854235 0.19208515
vt 0.88789868 0.19208515
vt 0.87174165 0.64476484
vt 0.87174165 0.81640202
vt 0.87109798 0.69625598
vt 0.87109798 0.81640202
vt 0.44644716 0.74909139
vt 0.44644716 0.77913481
vt 0.44580370 0.74910522
vt 0.66876841 0.73958796
vt 0.66941196 0.78249246
vt 0.66876841 0.78250211
vt 0.47541174 0.46357846
vt 0.47605529 0.46358812
vt 0.47541174 0.50649261
vt 0.87759948 0.40663171
vt 0.87759948 0.40727532
vt 0.87695587 0.36372238
vt 0.87759948 0.40813351
vt 0.87695587 0.53535956
vt 0.87759948 0.41371167
vt 0.87759948 0.41456985
vt 0.15861216 0.57735676
vt 0.15923658 0.57720065
vt 0.18775186 0.69391555
vt 0.18790796 0.69453996
vt 0.15861216 0.70120049
vt 0.15876827 0.70182490
vt 0.17047618 0.75131035
vt 0.15897641 0.70265746
vt 0.30552545 0.71842390
vt 0.30876985 0.72296154
vt 0.33407682 0.75946248
vt 0.30926901 0.72365963
vt 0.30964336 0.72418320
vt 0.33407682 0.70671326
vt 0.30154786 0.38612449
vt 0.30153543 0.38526642
vt 0.30154786 0.34170878
vt 0.26130328 0.74883777
vt 0.26065966 0.77887428
vt 0.26065966 0.74883777
vt 0.87373775 0.19208521
vt 0.87373775 0.31223124
vt 0.87309414 0.19208521
vt 0.87373775 0.31287491
vt 0.87309408 0.36372238
vt 0.87373775 0.31373310
vt 0.87373775 0.31931126
vt 0.53721762 0.73794961
vt 0.53786117 0.73794013
vt 0.53785169 0.78085423
vt 0.53786123 0.78149778
vt 0.50781846 0.78129810
vt 0.50782800 0.78194165
vt 0.70028019 0.21102619
vt 0.70092386 0.33117044
vt 0.70028019 0.33117390
vt 0.87116259 0.53535950
vt 0.87116259 0.49245024
vt 0.87180620 0.53535950
vt 0.87116259 0.49180657
vt 0.87180620 0.36372232
vt 0.87116259 0.49094838
vt 0.76671338 0.19208515
vt 0.76799321 0.19751459
vt 0.79527599 0.31606531
vt 0.76819009 0.19834989
vt 0.76833773 0.19897634
vt 0.79757309 0.19208515
vt 0.88789845 0.53535950
vt 0.88725477 0.53535950
vt 0.88789845 0.36372232
vt 0.88725477 0.36372232
vt 0.84648961 0.53535950
vt 0.84563142 0.53535950
vt 0.84648961 0.36372232
vt 0.84563142 0.36372232
vt 0.85865384 0.81640202
vt 0.85779566 0.81640202
vt 0.85865384 0.64476478
vt 0.85779566 0.64476478
vt 0.84563184 0.19208515
vt 0.84649003 0.19208515
vt 0.84563178 0.36372232
vt 0.84648997 0.36372232
vt 0.85894370 0.17163718
vt 0.85808551 0.17163718
vt 0.85894370 0.00000000
vt 0.85808551 0.00000000
vt 0.84578115 0.64476484
vt 0.84663934 0.64476484
vt 0.84578115 0.81640202
vt 0.84663934 0.81640202
vt 0.88876712 0.17163718
vt 0.88812351 0.17163718
vt 0.88876712 0.00000000
vt 0.88812351 0.00000000
vt 0.87180662 0.19208515
vt 0.87180662 0.36372232
vt 0.87116301 0.24357629
vt 0.87116301 0.36372232
vt 0.44709066 0.74909145
vt 0.44709066 0.77913481
vt 0.44644716 0.74910522
vt 0.67069054 0.73958796
vt 0.67133409 0.78249240
vt 0.67069054 0.78250206
vt 0.45348918 0.47238386
vt 0.45413274 0.47239351
vt 0.45348918 0.51529801
vt 0.87759990 0.23499447
vt 0.87759990 0.23563808
vt 0.87695628 0.19208515
vt 0.87759990 0.23649627
vt 0.87695628 0.36372232
vt 0.87759990 0.24207449
vt 0.87759990 0.24293268
vt 0.18790796 0.57735676
vt 0.18853238 0.57720065
vt 0.21704766 0.69391555
vt 0.21720377 0.69453990
vt 0.18790798 0.70120043
vt 0.18806408 0.70182484
vt 0.19977200 0.75131029
vt 0.18827222 0.70265740
vt 0.33407679 0.71842390
vt 0.33732122 0.72296154
vt 0.36262816 0.75946254
vt 0.33782035 0.72365963
vt 0.33819470 0.72418320
vt 0.36262816 0.70671332
vt 0.30145177 0.38612455
vt 0.30143934 0.38526642
vt 0.30145177 0.34170878
vt 0.25400871 0.74883777
vt 0.25336510 0.77887428
vt 0.25336510 0.74883777
vt 0.87396264 0.00000000
vt 0.87396264 0.12014604
vt 0.87331897 0.00000000
vt 0.87396264 0.12078965
vt 0.87331897 0.17163718
vt 0.87396264 0.12164783
vt 0.87396264 0.12722605
vt 0.56726038 0.73794961
vt 0.56790394 0.73794007
vt 0.56789440 0.78085423
vt 0.56790394 0.78149778
vt 0.53786117 0.78129804
vt 0.53787071 0.78194159
vt 0.29430652 0.73260862
vt 0.29495013 0.85275292
vt 0.29430652 0.85275638
vt 0.87138784 0.17163718
vt 0.87138790 0.12872791
vt 0.87203151 0.17163718
vt 0.87138790 0.12808424
vt 0.87203151 0.00000000
vt 0.87138790 0.12722605
vt 0.70139110 0.67649418
vt 0.70267087 0.68192363
vt 0.72995371 0.80047429
vt 0.70286781 0.68275893
vt 0.70301545 0.68338537
vt 0.73225075 0.67649418
vt 0.88661116 0.53535950
vt 0.88596755 0.53535950
vt 0.88661116 0.36372232
vt 0.88596755 0.36372232
vt 0.84692931 0.17163718
vt 0.84607112 0.17163718
vt 0.84692931 0.00000000
vt 0.84607112 0.00000000
vt 0.43271634 0.87835038
vt 0.43207270 0.87835038
vt 0.43271634 0.70671320
vt 0.43207270 0.70671320
vt 0.83719909 0.64476484
vt 0.83805728 0.64476484
vt 0.83719909 0.81640202
vt 0.83805728 0.81640202
vt 0.86208665 0.81640202
vt 0.86122847 0.81640202
vt 0.86208665 0.64476478
vt 0.86122847 0.64476478
vt 0.15861215 0.62771887
vt 0.15775396 0.62771887
vt 0.15861216 0.45608169
vt 0.15775397 0.45608169
vt 0.87846845 0.17163718
vt 0.87782478 0.17163718
vt 0.87846845 0.00000000
vt 0.87782478 0.00000000
vt 0.87882227 0.81640202
vt 0.87817860 0.81640202
vt 0.87882227 0.64476478
vt 0.87817860 0.64476478
vt 0.83748901 0.00000000
vt 0.83834720 0.00000000
vt 0.83748895 0.17163718
vt 0.83834714 0.17163718
vt 0.83876568 0.53535950
vt 0.83790743 0.53535950
vt 0.83876568 0.36372232
vt 0.83790743 0.36372232
vt 0.47691351 0.63521558
vt 0.47605532 0.63521558
vt 0.47691351 0.46357834
vt 0.47605532 0.46357834
vt 0.89105171 0.81640202
vt 0.89040810 0.81640202
vt 0.89105171 0.64476478
vt 0.89040810 0.64476478
vt 0.86237651 0.17163718
vt 0.86151832 0.17163718
vt 0.86237651 0.00000000
vt 0.86151832 0.00000000
vt 0.84648955 0.36372232
vt 0.84734774 0.36372232
vt 0.84648955 0.53535956
vt 0.84734774 0.53535956
vt 0.87888688 0.53535950
vt 0.87824327 0.53535950
vt 0.87888688 0.36372232
vt 0.87824327 0.36372232
vt 0.87238532 0.64476484
vt 0.87238532 0.81640202
vt 0.87174171 0.69625598
vt 0.87174171 0.81640202
vt 0.44773415 0.74909139
vt 0.44773415 0.77913481
vt 0.44709066 0.74910522
vt 0.66941196 0.73958796
vt 0.67005557 0.78249240
vt 0.66941196 0.78250206
vt 0.26940250 0.57720065
vt 0.27004609 0.57721031
vt 0.26940250 0.62011480
vt 0.87782478 0.04290932
vt 0.87782478 0.04355294
vt 0.87718117 0.00000000
vt 0.87782478 0.04441112
vt 0.87718117 0.17163718
vt 0.87782478 0.04998934
vt 0.87782478 0.05084753
vt 0.21720377 0.57735676
vt 0.21782820 0.57720065
vt 0.24634348 0.69391555
vt 0.24649958 0.69453996
vt 0.21720378 0.70120049
vt 0.21735989 0.70182490
vt 0.22906780 0.75131035
vt 0.21756802 0.70265746
vt 0.36262819 0.71842390
vt 0.36587262 0.72296154
vt 0.39117956 0.75946254
vt 0.36637175 0.72365963
vt 0.36674610 0.72418320
vt 0.39117956 0.70671332
vt 0.27004609 0.66302896
vt 0.26940250 0.62012446
vt 0.27004609 0.62011480
vt 0.50224042 0.78252935
vt 0.50159687 0.78251970
vt 0.50224042 0.73961526
vt 0.44773418 0.74909139
vt 0.44837767 0.77912098
vt 0.44773418 0.77913481
vt 0.87631255 0.32081306
vt 0.87631255 0.32016945
vt 0.87695616 0.36372232
vt 0.87631255 0.31931126
vt 0.87695622 0.19208515
vt 0.87631255 0.31373298
vt 0.87631255 0.31287479
vt 0.30158478 0.39256048
vt 0.30157390 0.39170229
vt 0.30158478 0.34170890
vt 0.61942267 0.73791289
vt 0.62006629 0.73791635
vt 0.61942267 0.85806066
vt 0.58938622 0.79066217
vt 0.61381966 0.77319223
vt 0.61419404 0.77371579
vt 0.58938622 0.73791295
vt 0.61469316 0.77441388
vt 0.61793756 0.77895153
vt 0.30072623 0.34170878
vt 0.30136988 0.34170878
vt 0.30072621 0.46185482
vt 0.30072621 0.46249849
vt 0.27068970 0.46185482
vt 0.27068970 0.46249849
vt 0.27004609 0.34170878
vt 0.27004606 0.51334602
vt 0.87888730 0.36372232
vt 0.87824368 0.36372232
vt 0.87888730 0.19208515
vt 0.87824368 0.19208515
vt 0.84734815 0.36372232
vt 0.84648997 0.36372232
vt 0.84734815 0.19208515
vt 0.84649003 0.19208515
vt 0.87911212 0.17163718
vt 0.87846845 0.17163718
vt 0.87911212 0.00000000
vt 0.87846845 0.00000000
vt 0.87244993 0.36372238
vt 0.87244987 0.53535956
vt 0.87180626 0.41521353
vt 0.87180626 0.53535956
vt 0.44902113 0.74909139
vt 0.44902113 0.77913481
vt 0.44837764 0.74910522
vt 0.50095332 0.73961520
vt 0.50159687 0.78251970
vt 0.50095332 0.78252935
vt 0.69941831 0.20305854
vt 0.70006186 0.20306820
vt 0.69941831 0.24597269
vt 0.87817860 0.68767416
vt 0.87817860 0.68831778
vt 0.87753499 0.64476484
vt 0.87817860 0.68917596
vt 0.87753499 0.81640202
vt 0.87817860 0.69475418
vt 0.87817860 0.69561237
vt 0.72966939 0.00015610
vt 0.73029381 0.00000000
vt 0.75880909 0.11671484
vt 0.75896519 0.11733925
vt 0.72966939 0.12399977
vt 0.72982550 0.12462419
vt 0.74153340 0.17410964
vt 0.73003364 0.12545675
vt 0.39117953 0.71842390
vt 0.39442393 0.72296154
vt 0.41973090 0.75946248
vt 0.39492309 0.72365963
vt 0.39529744 0.72418320
vt 0.41973087 0.70671332
vt 0.70006186 0.28888679
vt 0.69941825 0.24598229
vt 0.70006186 0.24597263
vt 0.44902116 0.74909139
vt 0.44966462 0.77912098
vt 0.44902116 0.77913481
vt 0.30141959 0.34170878
vt 0.30142412 0.34256697
vt 0.30141959 0.46335840
vt 0.30157393 0.39256048
vt 0.30156308 0.39170229
vt 0.30157393 0.34170884
vt 0.87180668 0.36372232
vt 0.87180668 0.32081306
vt 0.87245035 0.36372232
vt 0.87180668 0.32016945
vt 0.87245035 0.19208515
vt 0.87180668 0.31931126
vt 0.87180668 0.31373298
vt 0.65139008 0.73791289
vt 0.65203375 0.73791629
vt 0.65139008 0.85806066
vt 0.62070996 0.79066211
vt 0.64514339 0.77319217
vt 0.64551777 0.77371573
vt 0.62070996 0.73791289
vt 0.64601690 0.77441382
vt 0.64926130 0.77895147
vt 0.30072621 0.51334602
vt 0.30136985 0.51334602
vt 0.30072621 0.63349205
vt 0.30072621 0.63413566
vt 0.27068970 0.63349205
vt 0.27068970 0.63413566
vt 0.27004606 0.51334602
vt 0.27004606 0.68498319
vt 0.89111632 0.53535950
vt 0.89047271 0.53535950
vt 0.89111632 0.36372232
vt 0.89047271 0.36372232
vt 0.84749752 0.81640202
vt 0.84663934 0.81640202
vt 0.84749758 0.64476484
vt 0.84663939 0.64476484
vt 0.83876616 0.36372232
vt 0.83790791 0.36372232
vt 0.83876616 0.19208515
vt 0.83790791 0.19208515
vt 0.84692925 0.00000000
vt 0.84778744 0.00000000
vt 0.84692925 0.17163718
vt 0.84778744 0.17163718
vt 0.86279500 0.53535950
vt 0.86193681 0.53535950
vt 0.86279500 0.36372232
vt 0.86193681 0.36372232
vt 0.84734774 0.36372232
vt 0.84820592 0.36372232
vt 0.84734774 0.53535956
vt 0.84820592 0.53535956
vt 0.87946588 0.81640202
vt 0.87882227 0.81640202
vt 0.87946588 0.64476478
vt 0.87882227 0.64476478
vt 0.87953055 0.53535950
vt 0.87888688 0.53535950
vt 0.87953055 0.36372232
vt 0.87888688 0.36372232
vt 0.84820634 0.36372232
vt 0.84734815 0.36372232
vt 0.84820634 0.19208515
vt 0.84734815 0.19208515
vt 0.87953103 0.36372232
vt 0.87888736 0.36372232
vt 0.87953103 0.19208515
vt 0.87888736 0.19208515
vt 0.89111668 0.36372232
vt 0.89047307 0.36372232
vt 0.89111668 0.19208515
vt 0.89047307 0.19208515
vt 0.84835571 0.81640202
vt 0.84749752 0.81640202
vt 0.84835571 0.64476484
vt 0.84749752 0.64476484
vt 0.83891553 0.81640202
vt 0.83805728 0.81640202
vt 0.83891553 0.64476478
vt 0.83805728 0.64476478
vt 0.84778744 0.00000000
vt 0.84864563 0.00000000
vt 0.84778744 0.17163718
vt 0.84864563 0.17163718
vt 0.49409649 0.73961526
vt 0.49474004 0.78251970
vt 0.49409649 0.78252935
vt 0.45030811 0.77913481
vt 0.44966462 0.74910522
vt 0.45030811 0.74909139
vt 0.30154788 0.34170878
vt 0.30155876 0.34256697
vt 0.30154788 0.39256036
vt 0.02793810 1.00000000
vt 0.02793356 0.99914181
vt 0.02793810 0.87835044
vt 0.29559374 0.85275638
vt 0.29495013 0.85275292
vt 0.29559374 0.73260862
vt 0.26575509 0.74431932
vt 0.26899949 0.74885696
vt 0.29430646 0.78535795
vt 0.26949865 0.74955505
vt 0.26987299 0.75007862
vt 0.29430646 0.73260874
vt 0.87624753 0.64476484
vt 0.87624753 0.68767416
vt 0.87560391 0.64476484
vt 0.87624753 0.68831778
vt 0.87560391 0.81640202
vt 0.87624753 0.68917596
vt 0.87624753 0.69475418
vt 0.62006634 0.56627572
vt 0.62071002 0.56627572
vt 0.62006634 0.68642175
vt 0.62006634 0.68706536
vt 0.59002984 0.68642175
vt 0.59002984 0.68706536
vt 0.58938622 0.56627572
vt 0.58938622 0.73791289
vt 0.87975580 0.17163718
vt 0.87911218 0.17163718
vt 0.87975580 0.00000000
vt 0.87911218 0.00000000
vt 0.83834720 0.00000000
vt 0.83920538 0.00000000
vt 0.83834720 0.17163718
vt 0.83920538 0.17163718
vt 0.83962393 0.53535950
vt 0.83876574 0.53535950
vt 0.83962393 0.36372232
vt 0.83876574 0.36372232
vt 0.79746592 0.63837940
vt 0.79660773 0.63837940
vt 0.79746592 0.46674216
vt 0.79660773 0.46674216
vt 0.89134157 0.17163718
vt 0.89069790 0.17163718
vt 0.89134157 0.00000000
vt 0.89069790 0.00000000
vt 0.30146420 0.38612449
vt 0.30145177 0.38526642
vt 0.30146420 0.34170878
vt 0.25508144 0.74883777
vt 0.25572509 0.74883777
vt 0.25508144 0.77887428
vt 0.25572509 0.77887428
vt 0.87431633 0.64476484
vt 0.87431633 0.76491088
vt 0.87367272 0.64476484
vt 0.87431633 0.76555449
vt 0.87367272 0.81640202
vt 0.87431633 0.76641268
vt 0.87431633 0.77199090
vt 0.50095332 0.78252935
vt 0.50030977 0.78251970
vt 0.50095332 0.73961520
vt 0.06104683 0.73873603
vt 0.06040324 0.73872775
vt 0.06159926 0.69583029
vt 0.06160755 0.69518667
vt 0.09163328 0.69621700
vt 0.09164157 0.69557339
vt 0.09172443 0.73913103
vt 0.09165262 0.69471526
vt 0.09172443 0.68913752
vt 0.87653744 0.00000000
vt 0.87718105 0.00000000
vt 0.87653744 0.12014604
vt 0.87718105 0.17163718
vt 0.87653744 0.12078965
vt 0.87653744 0.12164783
vt 0.49474004 0.73961526
vt 0.49538362 0.78251970
vt 0.49474004 0.78252935
vt 0.45095161 0.77913481
vt 0.45030814 0.74910522
vt 0.45095161 0.74909145
vt 0.30142847 0.34170878
vt 0.30143932 0.34256697
vt 0.30142847 0.39256036
vt 0.02794264 0.99999994
vt 0.02793810 0.99914181
vt 0.02794264 0.87835038
vt 0.61858118 0.85806048
vt 0.61793756 0.85805702
vt 0.61858118 0.73791271
vt 0.75896519 0.13893664
vt 0.76220959 0.14347434
vt 0.78751653 0.17997527
vt 0.76270872 0.14417243
vt 0.76308310 0.14469600
vt 0.78751653 0.12722605
vt 0.87631214 0.36372238
vt 0.87631214 0.40663171
vt 0.87566847 0.36372238
vt 0.87631214 0.40727532
vt 0.87566847 0.53535956
vt 0.87631214 0.40813351
vt 0.87631214 0.41371167
vt 0.65139014 0.56627572
vt 0.65203375 0.56627572
vt 0.65139014 0.68642175
vt 0.65139014 0.68706536
vt 0.62135363 0.68642175
vt 0.62135363 0.68706536
vt 0.62070996 0.56627572
vt 0.62071002 0.73791289
vt 0.88010961 0.81640202
vt 0.87946600 0.81640202
vt 0.88010961 0.64476478
vt 0.87946600 0.64476478
vt 0.83876616 0.19208515
vt 0.83962435 0.19208515
vt 0.83876610 0.36372232
vt 0.83962429 0.36372232
vt 0.86279535 0.36372232
vt 0.86193717 0.36372232
vt 0.86279535 0.19208515
vt 0.86193717 0.19208515
vt 0.47691348 0.80685276
vt 0.47605529 0.80685276
vt 0.47691351 0.63521558
vt 0.47605532 0.63521558
vt 0.88017428 0.53535950
vt 0.87953067 0.53535950
vt 0.88017428 0.36372232
vt 0.87953067 0.36372232
vt 0.30147663 0.38612455
vt 0.30146420 0.38526642
vt 0.30147663 0.34170878
vt 0.25400874 0.74883777
vt 0.25465235 0.74883777
vt 0.25400874 0.77887428
vt 0.25465235 0.77887428
vt 0.87438101 0.36372238
vt 0.87438101 0.48386842
vt 0.87373739 0.36372238
vt 0.87438101 0.48451209
vt 0.87373739 0.53535956
vt 0.87438101 0.48537028
vt 0.87438101 0.49094844
vt 0.50030977 0.78252935
vt 0.49966621 0.78251970
vt 0.50030977 0.73961526
vt 0.44515997 0.74869633
vt 0.44451639 0.74868804
vt 0.44571242 0.70579064
vt 0.44572070 0.70514703
vt 0.47574642 0.70617729
vt 0.47575471 0.70553374
vt 0.47583759 0.74909133
vt 0.47576576 0.70467561
vt 0.47583759 0.69909787
vt 0.87689114 0.64476484
vt 0.87753481 0.64476484
vt 0.87689114 0.76491088
vt 0.87753481 0.81640202
vt 0.87689114 0.76555449
vt 0.87689114 0.76641268
vt 0.88017464 0.36372232
vt 0.87953103 0.36372232
vt 0.88017464 0.19208515
vt 0.87953103 0.19208515
vt 0.88039953 0.17163718
vt 0.87975585 0.17163718
vt 0.88039953 0.00000000
vt 0.87975585 0.00000000
vt 0.84906417 0.53535950
vt 0.84820598 0.53535950
vt 0.84906417 0.36372232
vt 0.84820598 0.36372232
vt 0.85592949 0.53535950
vt 0.85507131 0.53535950
vt 0.85592949 0.36372232
vt 0.85507131 0.36372232
vt 0.84820634 0.19208515
vt 0.84906453 0.19208515
vt 0.84820634 0.36372232
vt 0.84906453 0.36372232
vt 0.86294472 0.81640202
vt 0.86208653 0.81640202
vt 0.86294472 0.64476478
vt 0.86208653 0.64476478
vt 0.84835565 0.64476484
vt 0.84921384 0.64476484
vt 0.84835565 0.81640202
vt 0.84921384 0.81640202
vt 0.88075334 0.81640202
vt 0.88010967 0.81640202
vt 0.88075334 0.64476478
vt 0.88010967 0.64476478
vt 0.88081801 0.53535950
vt 0.88017434 0.53535950
vt 0.88081801 0.36372232
vt 0.88017434 0.36372232
vt 0.84950382 0.17163718
vt 0.84864563 0.17163718
vt 0.84950382 0.00000000
vt 0.84864563 0.00000000
vt 0.64926142 0.73791289
vt 0.64990497 0.73792255
vt 0.64926142 0.78082705
vt 0.53849870 0.60921228
vt 0.53849870 0.60985589
vt 0.50846219 0.60921228
vt 0.50846219 0.60985589
vt 0.50781852 0.56630296
vt 0.50846219 0.61071408
vt 0.50781852 0.73794013
vt 0.50846219 0.61629230
vt 0.50846219 0.61715049
vt 0.61922479 0.85806054
vt 0.61858118 0.85805714
vt 0.61922479 0.73791283
vt 0.88532430 0.19208515
vt 0.88596791 0.19208515
vt 0.88532430 0.23499447
vt 0.88596791 0.36372232
vt 0.88532430 0.23563808
vt 0.88532430 0.23649627
vt 0.73335850 0.77199084
vt 0.73271489 0.77199084
vt 0.73335850 0.65184480
vt 0.73335850 0.65120119
vt 0.76339501 0.65184480
vt 0.76339501 0.65120119
vt 0.76403868 0.77199084
vt 0.76339501 0.65034300
vt 0.76339501 0.64476478
vt 0.88081843 0.36372232
vt 0.88017476 0.36372232
vt 0.88081843 0.19208515
vt 0.88017476 0.19208515
vt 0.83891559 0.64476484
vt 0.83977377 0.64476484
vt 0.83891553 0.81640202
vt 0.83977371 0.81640202
vt 0.85592997 0.36372232
vt 0.85507178 0.36372232
vt 0.85592997 0.19208515
vt 0.85507178 0.19208515
vt 0.26409242 0.83465648
vt 0.26323423 0.83465648
vt 0.26409245 0.66301930
vt 0.26323426 0.66301930
vt 0.88104326 0.17163718
vt 0.88039958 0.17163718
vt 0.88104326 0.00000000
vt 0.88039958 0.00000000
vt 0.56854755 0.78085434
vt 0.56790400 0.73794991
vt 0.56854755 0.73794025
vt 0.49602717 0.78252935
vt 0.49538359 0.78251970
vt 0.49602717 0.73961520
vt 0.65074646 0.73791283
vt 0.65139008 0.73791629
vt 0.65074646 0.85806060
vt 0.30142844 0.46893644
vt 0.30142415 0.46979463
vt 0.30142415 0.34170878
vt 0.75960886 0.12722605
vt 0.75896519 0.12722605
vt 0.75960881 0.00708002
vt 0.75960881 0.00643641
vt 0.78964531 0.00708002
vt 0.78964531 0.00643641
vt 0.79028898 0.12722605
vt 0.78964531 0.00557822
vt 0.78964531 0.00000000
vt 0.44451642 0.69909787
vt 0.44451642 0.52746069
vt 0.44516006 0.65618855
vt 0.44516006 0.65554494
vt 0.47519657 0.65618855
vt 0.47519657 0.65554494
vt 0.47584018 0.69909787
vt 0.47519657 0.65468675
vt 0.47584021 0.52746069
vt 0.47519657 0.64910853
vt 0.47519657 0.64825034
vt 0.78085512 0.45336592
vt 0.78149867 0.45337558
vt 0.78085512 0.49628001
vt 0.56917888 0.60921228
vt 0.56917888 0.60985589
vt 0.53914237 0.60921228
vt 0.53914237 0.60985589
vt 0.53849870 0.56630296
vt 0.53914237 0.61071408
vt 0.53849870 0.73794013
vt 0.53914237 0.61629230
vt 0.53914237 0.61715049
vt 0.62070990 0.85806054
vt 0.62006629 0.85805708
vt 0.62070990 0.73791277
vt 0.88554919 0.00000000
vt 0.88619280 0.00000000
vt 0.88554919 0.04290932
vt 0.88619280 0.17163718
vt 0.88554919 0.04355294
vt 0.88554919 0.04441112
vt 0.76468229 0.77199084
vt 0.76403862 0.77199084
vt 0.76468229 0.65184480
vt 0.76468229 0.65120119
vt 0.79471880 0.65184480
vt 0.79471880 0.65120119
vt 0.79536241 0.77199084
vt 0.79471880 0.65034300
vt 0.79471880 0.64476478
vt 0.88139695 0.81640202
vt 0.88075334 0.81640202
vt 0.88139695 0.64476478
vt 0.88075334 0.64476478
vt 0.83920544 0.00000000
vt 0.84006363 0.00000000
vt 0.83920544 0.17163718
vt 0.84006363 0.17163718
vt 0.86323470 0.17163718
vt 0.86237651 0.17163718
vt 0.86323470 0.00000000
vt 0.86237651 0.00000000
vt 0.26495060 0.83465648
vt 0.26409242 0.83465648
vt 0.26495060 0.66301930
vt 0.26409242 0.66301930
vt 0.88146162 0.53535950
vt 0.88081801 0.53535950
vt 0.88146162 0.36372232
vt 0.88081801 0.36372232
vt 0.78214222 0.49628007
vt 0.78149867 0.45337558
vt 0.78214222 0.45336592
vt 0.49966624 0.78252935
vt 0.49902269 0.78251970
vt 0.49966624 0.73961520
vt 0.65010279 0.73791289
vt 0.65074641 0.73791635
vt 0.65010279 0.85806066
vt 0.30156305 0.46893644
vt 0.30155873 0.46979463
vt 0.30155873 0.34170878
vt 0.76558626 0.63208306
vt 0.76494259 0.63208306
vt 0.76558620 0.51193702
vt 0.76558620 0.51129341
vt 0.79562271 0.51193702
vt 0.79562271 0.51129341
vt 0.79626638 0.63208306
vt 0.79562271 0.51043522
vt 0.79562271 0.50485700
vt 0.70139110 0.67649424
vt 0.70139116 0.50485706
vt 0.70203477 0.63358492
vt 0.70203477 0.63294131
vt 0.73207128 0.63358492
vt 0.73207128 0.63294131
vt 0.73271489 0.67649424
vt 0.73207128 0.63208312
vt 0.73271489 0.50485706
vt 0.73207128 0.62650490
vt 0.73207128 0.62564671
vt 0.86858779 0.36372238
vt 0.86923146 0.36372238
vt 0.86858779 0.53535956
vt 0.86923146 0.53535956
vt 0.88146204 0.36372232
vt 0.88081843 0.36372232
vt 0.88146204 0.19208515
vt 0.88081843 0.19208515
vt 0.84391505 0.36372232
vt 0.84477323 0.36372232
vt 0.84391505 0.53535956
vt 0.84477323 0.53535956
vt 0.86365312 0.53535950
vt 0.86279494 0.53535950
vt 0.86365312 0.36372232
vt 0.86279494 0.36372232
vt 0.84992230 0.53535950
vt 0.84906411 0.53535950
vt 0.84992236 0.36372232
vt 0.84906417 0.36372232
vt 0.88168693 0.17163718
vt 0.88104326 0.17163718
vt 0.88168693 0.00000000
vt 0.88104326 0.00000000
vt 0.86923188 0.36372232
vt 0.86858821 0.36372232
vt 0.86923188 0.19208515
vt 0.86858821 0.19208515
vt 0.67281437 0.33289027
vt 0.67217076 0.33289027
vt 0.67281437 0.33203208
vt 0.67410159 0.33203214
vt 0.67474526 0.33289033
vt 0.67410159 0.33289033
vt 0.66809434 0.33267576
vt 0.66723615 0.33267576
vt 0.66809434 0.33203208
vt 0.66723615 0.33203208
vt 0.66809434 0.33117396
vt 0.66723615 0.33117396
vt 0.86881310 0.00000000
vt 0.86945677 0.00000000
vt 0.86881310 0.17163718
vt 0.86945671 0.17163718
vt 0.88204074 0.81640202
vt 0.88139707 0.81640202
vt 0.88204074 0.64476478
vt 0.88139707 0.64476478
vt 0.84391546 0.19208521
vt 0.84477365 0.19208521
vt 0.84391546 0.36372238
vt 0.84477365 0.36372238
vt 0.85607934 0.81640202
vt 0.85522115 0.81640202
vt 0.85607934 0.64476478
vt 0.85522115 0.64476478
vt 0.84992272 0.36372232
vt 0.84906453 0.36372232
vt 0.84992272 0.19208515
vt 0.84906453 0.19208515
vt 0.88210535 0.53535950
vt 0.88146174 0.53535950
vt 0.88210535 0.36372232
vt 0.88146174 0.36372232
vt 0.86981046 0.81640202
vt 0.86916679 0.81640202
vt 0.86981046 0.64476484
vt 0.86916685 0.64476484
vt 0.67345804 0.33203208
vt 0.67281437 0.33203208
vt 0.67345804 0.33117396
vt 0.67152709 0.33203214
vt 0.67217070 0.33289033
vt 0.67152709 0.33289033
vt 0.43645197 0.52739304
vt 0.43559378 0.52739304
vt 0.43645197 0.52674943
vt 0.43559378 0.52674943
vt 0.43645197 0.52589124
vt 0.43559378 0.52589124
vt 0.86730081 0.19208515
vt 0.86794442 0.19208515
vt 0.86730075 0.36372232
vt 0.86794442 0.36372232
vt 0.89040816 0.81640202
vt 0.88976449 0.81640202
vt 0.89040816 0.64476478
vt 0.88976449 0.64476478
vt 0.89047271 0.53535950
vt 0.88982910 0.53535950
vt 0.89047271 0.36372232
vt 0.88982910 0.36372232
vt 0.87203151 0.00000000
vt 0.87267518 0.00000000
vt 0.87203151 0.17163718
vt 0.87267518 0.17163718
vt 0.85636926 0.17163718
vt 0.85551107 0.17163718
vt 0.85636926 0.00000000
vt 0.85551107 0.00000000
vt 0.84391546 0.36372232
vt 0.84305727 0.36372232
vt 0.84391546 0.19208515
vt 0.84305727 0.19208515
vt 0.85678774 0.53535950
vt 0.85592955 0.53535950
vt 0.85678774 0.36372232
vt 0.85592955 0.36372232
vt 0.88210577 0.36372232
vt 0.88146216 0.36372232
vt 0.88210577 0.19208515
vt 0.88146216 0.19208515
vt 0.86816931 0.17163718
vt 0.86752564 0.17163718
vt 0.86816931 0.00000000
vt 0.86752564 0.00000000
vt 0.85678804 0.36372232
vt 0.85592985 0.36372232
vt 0.85678804 0.19208515
vt 0.85592985 0.19208515
vt 0.84921384 0.64476484
vt 0.85007203 0.64476484
vt 0.84921384 0.81640202
vt 0.85007203 0.81640202
vt 0.85693747 0.81640202
vt 0.85607928 0.81640202
vt 0.85693747 0.64476478
vt 0.85607928 0.64476478
vt 0.87302887 0.81640202
vt 0.87238520 0.81640202
vt 0.87302887 0.64476484
vt 0.87238526 0.64476484
vt 0.88233066 0.17163718
vt 0.88168705 0.17163718
vt 0.88233066 0.00000000
vt 0.88168705 0.00000000
vt 0.87566882 0.19208515
vt 0.87631249 0.19208515
vt 0.87566882 0.36372232
vt 0.87631249 0.36372232
vt 0.89047313 0.36372232
vt 0.88982946 0.36372232
vt 0.89047313 0.19208515
vt 0.88982946 0.19208515
vt 0.89069790 0.17163718
vt 0.89005429 0.17163718
vt 0.89069790 0.00000000
vt 0.89005429 0.00000000
vt 0.87589371 0.00000000
vt 0.87653732 0.00000000
vt 0.87589371 0.17163718
vt 0.87653732 0.17163718
vt 0.85722739 0.17163718
vt 0.85636920 0.17163718
vt 0.85722739 0.00000000
vt 0.85636920 0.00000000
vt 0.83577251 0.17163718
vt 0.83491433 0.17163718
vt 0.83577257 0.00000000
vt 0.83491439 0.00000000
vt 0.85764587 0.53535950
vt 0.85678768 0.53535950
vt 0.85764587 0.36372232
vt 0.85678768 0.36372232
vt 0.88268441 0.81640202
vt 0.88204074 0.81640202
vt 0.88268441 0.64476478
vt 0.88204074 0.64476478
vt 0.87438136 0.36372238
vt 0.87373775 0.36372238
vt 0.87438142 0.19208521
vt 0.87373775 0.19208521
vt 0.85764629 0.36372232
vt 0.85678810 0.36372232
vt 0.85764629 0.19208515
vt 0.85678810 0.19208515
vt 0.83962399 0.36372232
vt 0.84048218 0.36372232
vt 0.83962399 0.53535956
vt 0.84048218 0.53535956
vt 0.85779560 0.81640202
vt 0.85693741 0.81640202
vt 0.85779560 0.64476478
vt 0.85693741 0.64476478
vt 0.87460625 0.17163718
vt 0.87396264 0.17163718
vt 0.87460625 0.00000000
vt 0.87396264 0.00000000
vt 0.88274908 0.53535950
vt 0.88210547 0.53535950
vt 0.88274908 0.36372232
vt 0.88210547 0.36372232
vt 0.89169532 0.81640202
vt 0.89105171 0.81640202
vt 0.89169532 0.64476478
vt 0.89105171 0.64476478
vt 0.87496001 0.81640202
vt 0.87431633 0.81640202
vt 0.87496001 0.64476484
vt 0.87431633 0.64476484
vt 0.84048259 0.36372232
vt 0.83962440 0.36372232
vt 0.84048259 0.19208515
vt 0.83962440 0.19208515
vt 0.83977383 0.64476484
vt 0.84063202 0.64476484
vt 0.83977383 0.81640202
vt 0.84063202 0.81640202
vt 0.84092182 0.17163718
vt 0.84006363 0.17163718
vt 0.84092182 0.00000000
vt 0.84006363 0.00000000
vt 0.87502468 0.53535956
vt 0.87438101 0.53535956
vt 0.87502468 0.36372238
vt 0.87438101 0.36372238
vt 0.89175993 0.53535950
vt 0.89111632 0.53535950
vt 0.89175993 0.36372232
vt 0.89111632 0.36372232
vt 0.87624753 0.64476484
vt 0.87689120 0.64476484
vt 0.87624753 0.81640202
vt 0.87689114 0.81640202
vt 0.88274944 0.36372232
vt 0.88210577 0.36372232
vt 0.88274944 0.19208515
vt 0.88210577 0.19208515
vt 0.88297433 0.17163718
vt 0.88233072 0.17163718
vt 0.88297433 0.00000000
vt 0.88233072 0.00000000
vt 0.57849717 0.70529401
vt 0.57914078 0.70529401
vt 0.57849717 0.87693119
vt 0.57914078 0.87693119
vt 0.86365354 0.36372232
vt 0.86279535 0.36372232
vt 0.86365354 0.19208515
vt 0.86279535 0.19208515
vt 0.83663076 0.17163718
vt 0.83577257 0.17163718
vt 0.83663076 0.00000000
vt 0.83577257 0.00000000
vt 0.86380285 0.81640202
vt 0.86294466 0.81640202
vt 0.86380285 0.64476478
vt 0.86294466 0.64476478
vt 0.86409283 0.17163718
vt 0.86323464 0.17163718
vt 0.86409283 0.00000000
vt 0.86323464 0.00000000
vt 0.85335493 0.36372238
vt 0.85421312 0.36372238
vt 0.85335493 0.53535956
vt 0.85421312 0.53535956
vt 0.88332808 0.81640202
vt 0.88268441 0.81640202
vt 0.88332808 0.64476478
vt 0.88268441 0.64476478
vt 0.26495063 0.66301930
vt 0.26559427 0.66301930
vt 0.26495060 0.83465654
vt 0.26559424 0.83465654
vt 0.86530459 0.81640202
vt 0.86466098 0.81640202
vt 0.86530459 0.64476484
vt 0.86466098 0.64476484
vt 0.88339269 0.53535950
vt 0.88274908 0.53535950
vt 0.88339269 0.36372232
vt 0.88274908 0.36372232
vt 0.85249674 0.53535956
vt 0.85163856 0.53535956
vt 0.85249680 0.36372238
vt 0.85163862 0.36372238
vt 0.46528909 0.49302077
vt 0.46544081 0.49195886
vt 0.46589592 0.49362755
vt 0.46589592 0.49241394
vt 0.46316513 0.52625024
vt 0.46210319 0.52640194
vt 0.46271002 0.52579510
vt 0.46210319 0.52518827
vt 0.46316513 0.52533996
vt 0.46255833 0.52473313
vt 0.88339317 0.36372232
vt 0.88274956 0.36372232
vt 0.88339317 0.19208515
vt 0.88274956 0.19208515
vt 0.86495095 0.00000000
vt 0.86559457 0.00000000
vt 0.86495095 0.17163718
vt 0.86559457 0.17163718
vt 0.86594832 0.81640202
vt 0.86530465 0.81640202
vt 0.86594832 0.64476484
vt 0.86530465 0.64476484
vt 0.89176017 0.36372232
vt 0.89111656 0.36372232
vt 0.89176017 0.19208515
vt 0.89111656 0.19208515
vt 0.85249716 0.36372238
vt 0.85163897 0.36372238
vt 0.85249722 0.19208521
vt 0.85163903 0.19208521
vt 0.84134042 0.53535950
vt 0.84048223 0.53535950
vt 0.84134042 0.36372232
vt 0.84048223 0.36372232
vt 0.85335535 0.19208515
vt 0.85421354 0.19208515
vt 0.85335535 0.36372232
vt 0.85421354 0.36372232
vt 0.46528912 0.49135196
vt 0.46544084 0.49029005
vt 0.46589595 0.49195886
vt 0.46589595 0.49074519
vt 0.46528909 0.52625024
vt 0.46422714 0.52640194
vt 0.46483397 0.52579510
vt 0.46422714 0.52518827
vt 0.46528909 0.52534002
vt 0.46468225 0.52473319
vt 0.89198512 0.17163718
vt 0.89134151 0.17163718
vt 0.89198512 0.00000000
vt 0.89134151 0.00000000
vt 0.86852300 0.81640202
vt 0.86787939 0.81640202
vt 0.86852300 0.64476484
vt 0.86787939 0.64476484
vt 0.84134084 0.36372232
vt 0.84048259 0.36372232
vt 0.84134084 0.19208515
vt 0.84048259 0.19208515
vt 0.84950376 0.00000000
vt 0.85036194 0.00000000
vt 0.84950376 0.17163718
vt 0.85036194 0.17163718
vt 0.84149021 0.81640202
vt 0.84063202 0.81640202
vt 0.84149021 0.64476478
vt 0.84063202 0.64476478
vt 0.87309355 0.53535950
vt 0.87244993 0.53535950
vt 0.87309355 0.36372232
vt 0.87244993 0.36372232
vt 0.89233887 0.81640202
vt 0.89169526 0.81640202
vt 0.89233887 0.64476478
vt 0.89169526 0.64476478
vt 0.86794406 0.36372238
vt 0.86858767 0.36372238
vt 0.86794406 0.53535956
vt 0.86858767 0.53535956
vt 0.88361800 0.17163718
vt 0.88297433 0.17163718
vt 0.88361800 0.00000000
vt 0.88297433 0.00000000
vt 0.88397181 0.81640202
vt 0.88332814 0.81640202
vt 0.88397181 0.64476478
vt 0.88332814 0.64476478
vt 0.87245035 0.19208515
vt 0.87309396 0.19208515
vt 0.87245035 0.36372232
vt 0.87309396 0.36372232
vt 0.86451125 0.53535950
vt 0.86365306 0.53535950
vt 0.86451125 0.36372232
vt 0.86365306 0.36372232
vt 0.84406483 0.81640202
vt 0.84320664 0.81640202
vt 0.84406489 0.64476484
vt 0.84320670 0.64476484
vt 0.86451161 0.36372232
vt 0.86365342 0.36372232
vt 0.86451161 0.19208515
vt 0.86365342 0.19208515
vt 0.86923152 0.36372238
vt 0.86987513 0.36372238
vt 0.86923146 0.53535956
vt 0.86987513 0.53535956
vt 0.88403642 0.53535950
vt 0.88339275 0.53535950
vt 0.88403642 0.36372232
vt 0.88339275 0.36372232
vt 0.84406483 0.64476484
vt 0.84492302 0.64476484
vt 0.84406477 0.81640202
vt 0.84492296 0.81640202
vt 0.84178007 0.17163718
vt 0.84092188 0.17163718
vt 0.84178007 0.00000000
vt 0.84092188 0.00000000
vt 0.85078049 0.53535950
vt 0.84992230 0.53535950
vt 0.85078049 0.36372232
vt 0.84992230 0.36372232
vt 0.89240354 0.53535950
vt 0.89175993 0.53535950
vt 0.89240354 0.36372232
vt 0.89175993 0.36372232
vt 0.86987555 0.36372232
vt 0.86923194 0.36372232
vt 0.86987555 0.19208515
vt 0.86923194 0.19208515
vt 0.02278457 0.87903708
vt 0.02226967 0.87942320
vt 0.02226967 0.87835050
vt 0.67281437 0.33203208
vt 0.67345804 0.33289027
vt 0.67281437 0.33289027
vt 0.44304147 0.52653486
vt 0.44218329 0.52653486
vt 0.44304147 0.52589118
vt 0.44218329 0.52589118
vt 0.44304147 0.52503300
vt 0.44218329 0.52503300
vt 0.86945683 0.00000000
vt 0.87010044 0.00000000
vt 0.86945677 0.17163718
vt 0.87010044 0.17163718
vt 0.88403690 0.36372232
vt 0.88339323 0.36372232
vt 0.88403690 0.19208515
vt 0.88339323 0.19208515
vt 0.84435475 0.00000000
vt 0.84521294 0.00000000
vt 0.84435469 0.17163718
vt 0.84521288 0.17163718
vt 0.86466098 0.81640202
vt 0.86380279 0.81640202
vt 0.86466098 0.64476478
vt 0.86380279 0.64476478
vt 0.85078084 0.36372232
vt 0.84992266 0.36372232
vt 0.85078090 0.19208515
vt 0.84992272 0.19208515
vt 0.88426173 0.17163718
vt 0.88361812 0.17163718
vt 0.88426173 0.00000000
vt 0.88361812 0.00000000
vt 0.58659780 0.87041408
vt 0.58595413 0.87041408
vt 0.58659780 0.69877690
vt 0.58595419 0.69877690
vt 0.67410171 0.33289027
vt 0.67345804 0.33289027
vt 0.67410171 0.33203208
vt 0.67217076 0.33117390
vt 0.67281443 0.33203208
vt 0.67217076 0.33203208
vt 0.66895258 0.33267576
vt 0.66809446 0.33267576
vt 0.66895258 0.33203208
vt 0.66809446 0.33203208
vt 0.66895258 0.33117396
vt 0.66809446 0.33117396
vt 0.89240384 0.36372232
vt 0.89176023 0.36372232
vt 0.89240384 0.19208515
vt 0.89176023 0.19208515
vt 0.87502509 0.36372238
vt 0.87438142 0.36372238
vt 0.87502509 0.19208521
vt 0.87438142 0.19208521
vt 0.84219861 0.53535950
vt 0.84134042 0.53535950
vt 0.84219861 0.36372232
vt 0.84134042 0.36372232
vt 0.84134084 0.19208515
vt 0.84219903 0.19208515
vt 0.84134084 0.36372232
vt 0.84219903 0.36372232
vt 0.84234840 0.81640202
vt 0.84149021 0.81640202
vt 0.84234840 0.64476478
vt 0.84149021 0.64476478
vt 0.87524992 0.17163718
vt 0.87460631 0.17163718
vt 0.87524998 0.00000000
vt 0.87460631 0.00000000
vt 0.89262867 0.17163718
vt 0.89198506 0.17163718
vt 0.89262867 0.00000000
vt 0.89198506 0.00000000
vt 0.86495090 0.17163718
vt 0.86409271 0.17163718
vt 0.86495090 0.00000000
vt 0.86409271 0.00000000
vt 0.85350478 0.64476484
vt 0.85436296 0.64476484
vt 0.85350478 0.81640202
vt 0.85436296 0.81640202
vt 0.88461548 0.81640202
vt 0.88397187 0.81640202
vt 0.88461548 0.64476478
vt 0.88397187 0.64476478
vt 0.86536932 0.36372238
vt 0.86601299 0.36372238
vt 0.86536932 0.53535956
vt 0.86601299 0.53535956
vt 0.86601341 0.36372238
vt 0.86536974 0.36372238
vt 0.86601341 0.19208521
vt 0.86536974 0.19208521
vt 0.88468015 0.53535950
vt 0.88403654 0.53535950
vt 0.88468015 0.36372232
vt 0.88403654 0.36372232
vt 0.85264653 0.81640202
vt 0.85178834 0.81640202
vt 0.85264653 0.64476484
vt 0.85178834 0.64476484
vt 0.45286244 0.51393473
vt 0.45301417 0.51287276
vt 0.45346928 0.51454151
vt 0.45346928 0.51332790
vt 0.46985364 0.52662092
vt 0.46879169 0.52677262
vt 0.46939853 0.52616578
vt 0.46879169 0.52555895
vt 0.46985364 0.52571064
vt 0.46924683 0.52510381
vt 0.88468051 0.36372232
vt 0.88403690 0.36372232
vt 0.88468051 0.19208515
vt 0.88403690 0.19208515
vt 0.86559463 0.00000000
vt 0.86623830 0.00000000
vt 0.86559463 0.17163718
vt 0.86623830 0.17163718
vt 0.86659199 0.81640202
vt 0.86594832 0.81640202
vt 0.86659199 0.64476484
vt 0.86594838 0.64476484
vt 0.89298248 0.81640202
vt 0.89233887 0.81640202
vt 0.89298248 0.64476478
vt 0.89233887 0.64476478
vt 0.85293651 0.17163718
vt 0.85207832 0.17163718
vt 0.85293651 0.00000000
vt 0.85207832 0.00000000
vt 0.84263831 0.17163718
vt 0.84178013 0.17163718
vt 0.84263831 0.00000000
vt 0.84178013 0.00000000
vt 0.85379469 0.00000000
vt 0.85465288 0.00000000
vt 0.85379463 0.17163718
vt 0.85465282 0.17163718
vt 0.45286244 0.51226592
vt 0.45301417 0.51120400
vt 0.45346928 0.51287276
vt 0.45346928 0.51165909
vt 0.46422717 0.52625024
vt 0.46316522 0.52640194
vt 0.46377206 0.52579510
vt 0.46316522 0.52518827
vt 0.46422717 0.52533996
vt 0.46362033 0.52473313
vt 0.89304715 0.53535950
vt 0.89240354 0.53535950
vt 0.89304715 0.36372232
vt 0.89240354 0.36372232
vt 0.86858809 0.36372232
vt 0.86794448 0.36372232
vt 0.86858815 0.19208515
vt 0.86794448 0.19208515
vt 0.84305686 0.53535950
vt 0.84219867 0.53535950
vt 0.84305686 0.36372232
vt 0.84219867 0.36372232
vt 0.85007203 0.64476484
vt 0.85093021 0.64476484
vt 0.85007203 0.81640202
vt 0.85093021 0.81640202
vt 0.84305722 0.36372232
vt 0.84219903 0.36372232
vt 0.84305722 0.19208515
vt 0.84219903 0.19208515
vt 0.87331885 0.17163718
vt 0.87267518 0.17163718
vt 0.87331885 0.00000000
vt 0.87267524 0.00000000
vt 0.89304745 0.36372232
vt 0.89240384 0.36372232
vt 0.89304745 0.19208515
vt 0.89240384 0.19208515
vt 0.57785350 0.70529401
vt 0.57849717 0.70529401
vt 0.57785350 0.87693119
vt 0.57849717 0.87693119
vt 0.88912094 0.81640202
vt 0.88847727 0.81640202
vt 0.88912094 0.64476478
vt 0.88847727 0.64476478
vt 0.88918561 0.53535950
vt 0.88854200 0.53535950
vt 0.88918561 0.36372232
vt 0.88854200 0.36372232
vt 0.87631214 0.36372238
vt 0.87695575 0.36372238
vt 0.87631208 0.53535956
vt 0.87695575 0.53535956
vt 0.85936219 0.53535950
vt 0.85850400 0.53535950
vt 0.85936219 0.36372232
vt 0.85850400 0.36372232
vt 0.83748901 0.17163718
vt 0.83663082 0.17163718
vt 0.83748901 0.00000000
vt 0.83663082 0.00000000
vt 0.85936254 0.36372232
vt 0.85850435 0.36372232
vt 0.85936254 0.19208515
vt 0.85850435 0.19208515
vt 0.85951191 0.81640202
vt 0.85865372 0.81640202
vt 0.85951191 0.64476478
vt 0.85865372 0.64476478
vt 0.85421318 0.36372238
vt 0.85507137 0.36372238
vt 0.85421318 0.53535956
vt 0.85507137 0.53535956
vt 0.88918585 0.36372232
vt 0.88854223 0.36372232
vt 0.88918585 0.19208515
vt 0.88854223 0.19208515
vt 0.86601305 0.36372238
vt 0.86665666 0.36372238
vt 0.86601305 0.53535956
vt 0.86665666 0.53535956
vt 0.86665708 0.36372238
vt 0.86601347 0.36372238
vt 0.86665708 0.19208521
vt 0.86601347 0.19208521
vt 0.88661152 0.36372232
vt 0.88596785 0.36372232
vt 0.88661152 0.19208515
vt 0.88596785 0.19208515
vt 0.85335499 0.53535956
vt 0.85249680 0.53535956
vt 0.85335499 0.36372238
vt 0.85249680 0.36372238
vt 0.46528912 0.50303340
vt 0.46544084 0.50197148
vt 0.46589595 0.50364023
vt 0.46589595 0.50242656
vt 0.46077284 0.52625024
vt 0.45971087 0.52640194
vt 0.46031770 0.52579510
vt 0.45971087 0.52518827
vt 0.46077284 0.52534002
vt 0.46016601 0.52473319
vt 0.88941079 0.17163718
vt 0.88876712 0.17163718
vt 0.88941079 0.00000000
vt 0.88876712 0.00000000
vt 0.86623836 0.00000000
vt 0.86688197 0.00000000
vt 0.86623830 0.17163718
vt 0.86688197 0.17163718
vt 0.86723566 0.81640202
vt 0.86659205 0.81640202
vt 0.86723572 0.64476484
vt 0.86659205 0.64476484
vt 0.88789874 0.36372232
vt 0.88725513 0.36372232
vt 0.88789874 0.19208515
vt 0.88725513 0.19208515
vt 0.85335541 0.36372238
vt 0.85249722 0.36372238
vt 0.85335541 0.19208521
vt 0.85249722 0.19208521
vt 0.85980189 0.17163718
vt 0.85894370 0.17163718
vt 0.85980189 0.00000000
vt 0.85894370 0.00000000
vt 0.85421360 0.19208515
vt 0.85507178 0.19208515
vt 0.85421360 0.36372232
vt 0.85507178 0.36372232
vt 0.46528915 0.50803977
vt 0.46544087 0.50697786
vt 0.46589598 0.50864661
vt 0.46589598 0.50743294
vt 0.46183479 0.52625024
vt 0.46077284 0.52640200
vt 0.46137968 0.52579516
vt 0.46077284 0.52518833
vt 0.46183479 0.52534002
vt 0.46122795 0.52473319
vt 0.88719016 0.81640202
vt 0.88654655 0.81640202
vt 0.88719016 0.64476478
vt 0.88654655 0.64476478
vt 0.87560368 0.81640202
vt 0.87496001 0.81640202
vt 0.87560368 0.64476484
vt 0.87496006 0.64476484
vt 0.11200488 0.86077470
vt 0.11114670 0.86077470
vt 0.11200488 0.68913752
vt 0.11114670 0.68913752
vt 0.84234852 0.64476484
vt 0.84320670 0.64476484
vt 0.84234852 0.81640202
vt 0.84320670 0.81640202
vt 0.11078713 0.86077470
vt 0.10992894 0.86077470
vt 0.11078713 0.68913752
vt 0.10992894 0.68913752
vt 0.87566835 0.53535956
vt 0.87502468 0.53535956
vt 0.87566835 0.36372238
vt 0.87502474 0.36372238
vt 0.88725477 0.53535950
vt 0.88661116 0.53535950
vt 0.88725477 0.36372232
vt 0.88661116 0.36372232
vt 0.88725513 0.36372232
vt 0.88661152 0.36372232
vt 0.88725513 0.19208515
vt 0.88661152 0.19208515
vt 0.86881298 0.17163718
vt 0.86816937 0.17163718
vt 0.86881298 0.00000000
vt 0.86816937 0.00000000
vt 0.86107862 0.53535950
vt 0.86022043 0.53535950
vt 0.86107862 0.36372232
vt 0.86022043 0.36372232
vt 0.85036194 0.00000000
vt 0.85122013 0.00000000
vt 0.85036194 0.17163718
vt 0.85122013 0.17163718
vt 0.86107898 0.36372232
vt 0.86022085 0.36372232
vt 0.86107898 0.19208515
vt 0.86022085 0.19208515
vt 0.87367254 0.81640202
vt 0.87302893 0.81640202
vt 0.87367260 0.64476484
vt 0.87302893 0.64476484
vt 0.88747996 0.17163718
vt 0.88683635 0.17163718
vt 0.88747996 0.00000000
vt 0.88683635 0.00000000
vt 0.86852318 0.64476484
vt 0.86916685 0.64476484
vt 0.86852318 0.81640202
vt 0.86916679 0.81640202
vt 0.88976449 0.81640202
vt 0.88912088 0.81640202
vt 0.88976449 0.64476478
vt 0.88912088 0.64476478
vt 0.88982922 0.53535950
vt 0.88918555 0.53535950
vt 0.88982922 0.36372232
vt 0.88918555 0.36372232
vt 0.87309361 0.36372238
vt 0.87373728 0.36372238
vt 0.87309361 0.53535956
vt 0.87373722 0.53535956
vt 0.86022043 0.53535950
vt 0.85936224 0.53535950
vt 0.86022043 0.36372232
vt 0.85936224 0.36372232
vt 0.84435475 0.17163718
vt 0.84349662 0.17163718
vt 0.84435481 0.00000000
vt 0.84349662 0.00000000
vt 0.86022079 0.36372232
vt 0.85936260 0.36372232
vt 0.86022079 0.19208515
vt 0.85936260 0.19208515
vt 0.58508569 0.69877696
vt 0.58572930 0.69877696
vt 0.58508563 0.87041414
vt 0.58572930 0.87041414
vt 0.88982952 0.36372232
vt 0.88918591 0.36372232
vt 0.88982952 0.19208515
vt 0.88918591 0.19208515
vt 0.84477323 0.36372232
vt 0.84563142 0.36372232
vt 0.84477323 0.53535956
vt 0.84563142 0.53535956
vt 0.86037016 0.81640202
vt 0.85951197 0.81640202
vt 0.86037016 0.64476478
vt 0.85951197 0.64476478
vt 0.85163867 0.53535950
vt 0.85078049 0.53535950
vt 0.85163867 0.36372232
vt 0.85078049 0.36372232
vt 0.88683641 0.17163718
vt 0.88619280 0.17163718
vt 0.88683641 0.00000000
vt 0.88619280 0.00000000
vt 0.87045413 0.81640202
vt 0.86981052 0.81640202
vt 0.87045419 0.64476484
vt 0.86981052 0.64476484
vt 0.00321821 0.87903696
vt 0.00270330 0.87942314
vt 0.00270330 0.87835038
vt 0.00502039 0.87835044
vt 0.00566403 0.87920862
vt 0.00502039 0.87920862
vt 0.43344834 0.52742767
vt 0.43259016 0.52742767
vt 0.43344834 0.52678406
vt 0.43259016 0.52678406
vt 0.43344834 0.52592587
vt 0.43259016 0.52592587
vt 0.86987519 0.36372238
vt 0.87051886 0.36372238
vt 0.86987519 0.53535956
vt 0.87051880 0.53535956
vt 0.89005435 0.17163718
vt 0.88941067 0.17163718
vt 0.89005435 0.00000000
vt 0.88941067 0.00000000
vt 0.84477365 0.19208521
vt 0.84563184 0.19208521
vt 0.84477365 0.36372238
vt 0.84563184 0.36372238
vt 0.86066014 0.17163718
vt 0.85980195 0.17163718
vt 0.86066014 0.00000000
vt 0.85980195 0.00000000
vt 0.85163903 0.36372232
vt 0.85078084 0.36372232
vt 0.85163903 0.19208515
vt 0.85078084 0.19208515
vt 0.88812351 0.17163718
vt 0.88747990 0.17163718
vt 0.88812351 0.00000000
vt 0.88747990 0.00000000
vt 0.87051922 0.36372232
vt 0.86987561 0.36372232
vt 0.87051928 0.19208515
vt 0.86987561 0.19208515
vt 0.00437675 0.87920862
vt 0.00373311 0.87920862
vt 0.00437675 0.87835044
vt 0.00682252 0.87835050
vt 0.00682252 0.87942320
vt 0.00630761 0.87903702
vt 0.43430653 0.52742767
vt 0.43344834 0.52742767
vt 0.43430653 0.52678406
vt 0.43344834 0.52678406
vt 0.43430653 0.52592587
vt 0.43344834 0.52592587
vt 0.86536932 0.53535950
vt 0.86451113 0.53535950
vt 0.86536932 0.36372232
vt 0.86451113 0.36372232
vt 0.85436302 0.64476484
vt 0.85522121 0.64476484
vt 0.85436302 0.81640202
vt 0.85522121 0.81640202
vt 0.88490546 0.17163718
vt 0.88426179 0.17163718
vt 0.88490546 0.00000000
vt 0.88426179 0.00000000
vt 0.86665672 0.36372238
vt 0.86730039 0.36372238
vt 0.86665672 0.53535956
vt 0.86730033 0.53535956
vt 0.86730081 0.36372238
vt 0.86665714 0.36372238
vt 0.86730081 0.19208521
vt 0.86665714 0.19208521
vt 0.88525921 0.81640202
vt 0.88461554 0.81640202
vt 0.88525921 0.64476478
vt 0.88461554 0.64476478
vt 0.85350472 0.81640202
vt 0.85264653 0.81640202
vt 0.85350478 0.64476484
vt 0.85264659 0.64476484
vt 0.46528912 0.51471496
vt 0.46544081 0.51365298
vt 0.46589592 0.51532173
vt 0.46589592 0.51410812
vt 0.43259010 0.52658480
vt 0.43152815 0.52673650
vt 0.43213496 0.52612966
vt 0.43152815 0.52552283
vt 0.43259010 0.52567452
vt 0.43198326 0.52506769
vt 0.88532382 0.53535950
vt 0.88468015 0.53535950
vt 0.88532382 0.36372232
vt 0.88468015 0.36372232
vt 0.86688203 0.00000000
vt 0.86752570 0.00000000
vt 0.86688203 0.17163718
vt 0.86752564 0.17163718
vt 0.86787939 0.81640202
vt 0.86723572 0.81640202
vt 0.86787939 0.64476484
vt 0.86723572 0.64476484
vt 0.88532424 0.36372232
vt 0.88468057 0.36372232
vt 0.88532424 0.19208515
vt 0.88468057 0.19208515
vt 0.85379469 0.17163718
vt 0.85293651 0.17163718
vt 0.85379475 0.00000000
vt 0.85293657 0.00000000
vt 0.85808551 0.17163718
vt 0.85722733 0.17163718
vt 0.85808551 0.00000000
vt 0.85722733 0.00000000
vt 0.85465288 0.00000000
vt 0.85551107 0.00000000
vt 0.85465288 0.17163718
vt 0.85551107 0.17163718
vt 0.46528906 0.51304609
vt 0.46544075 0.51198417
vt 0.46589586 0.51365292
vt 0.46589586 0.51243925
vt 0.47519702 0.52662086
vt 0.47413507 0.52677262
vt 0.47474191 0.52616578
vt 0.47413507 0.52555895
vt 0.47519702 0.52571064
vt 0.47459018 0.52510381
vt 0.87010050 0.00000000
vt 0.87074417 0.00000000
vt 0.87010050 0.17163718
vt 0.87074411 0.17163718
vt 0.88554907 0.17163718
vt 0.88490546 0.17163718
vt 0.88554907 0.00000000
vt 0.88490546 0.00000000
vt 0.84492296 0.64476484
vt 0.84578115 0.64476484
vt 0.84492296 0.81640202
vt 0.84578115 0.81640202
vt 0.86536974 0.36372232
vt 0.86451161 0.36372232
vt 0.86536974 0.19208515
vt 0.86451161 0.19208515
vt 0.85178840 0.81640202
vt 0.85093021 0.81640202
vt 0.85178846 0.64476484
vt 0.85093027 0.64476484
vt 0.88590282 0.81640202
vt 0.88525921 0.81640202
vt 0.88590282 0.64476478
vt 0.88525921 0.64476478
vt 0.87109786 0.81640202
vt 0.87045419 0.81640202
vt 0.87109786 0.64476484
vt 0.87045419 0.64476484
vt 0.02329946 0.87903696
vt 0.02278455 0.87942314
vt 0.02278455 0.87835044
vt 0.02690378 0.87835038
vt 0.02690378 0.87942314
vt 0.02638886 0.87903696
vt 0.66981071 0.33267576
vt 0.66895252 0.33267576
vt 0.66981071 0.33203208
vt 0.66895252 0.33203208
vt 0.66981071 0.33117396
vt 0.66895252 0.33117396
vt 0.87051892 0.36372238
vt 0.87116253 0.36372238
vt 0.87051886 0.53535956
vt 0.87116253 0.53535956
vt 0.88596755 0.53535950
vt 0.88532388 0.53535950
vt 0.88596755 0.36372232
vt 0.88532388 0.36372232
vt 0.84521288 0.00000000
vt 0.84607106 0.00000000
vt 0.84521288 0.17163718
vt 0.84607106 0.17163718
vt 0.84349656 0.17163718
vt 0.84263837 0.17163718
vt 0.84349656 0.00000000
vt 0.84263837 0.00000000
vt 0.85207838 0.17163718
vt 0.85122019 0.17163718
vt 0.85207838 0.00000000
vt 0.85122019 0.00000000
vt 0.89327234 0.17163718
vt 0.89262873 0.17163718
vt 0.89327234 0.00000000
vt 0.89262873 0.00000000
vt 0.87116295 0.36372232
vt 0.87051928 0.36372232
vt 0.87116295 0.19208515
vt 0.87051934 0.19208515
vt 0.02381442 0.87903702
vt 0.02329951 0.87942320
vt 0.02329951 0.87835050
vt 0.02432932 0.87835044
vt 0.02432932 0.87942314
vt 0.02381441 0.87903696
vt 0.45817930 0.52667946
vt 0.45732111 0.52667946
vt 0.45817930 0.52603579
vt 0.45732111 0.52603579
vt 0.45817930 0.52517760
vt 0.45732111 0.52517760
vt 0.46487081 0.52640194
vt 0.46422717 0.52726012
vt 0.46422717 0.52640194
vt 0.46274683 0.52640194
vt 0.46339047 0.52640194
vt 0.46339047 0.52726012
vt 0.46339056 0.52640194
vt 0.46403420 0.52640194
vt 0.46403420 0.52726012
vt 0.46210322 0.52640194
vt 0.46145958 0.52726012
vt 0.46145958 0.52640194
vt 0.69498026 0.74444777
vt 0.69562393 0.74444777
vt 0.69498026 0.77448428
vt 0.69562393 0.77448428
vt 0.00171640 0.74232870
vt 0.00257459 0.74232870
vt 0.00171640 0.77236521
vt 0.00257459 0.77236521
vt 0.05782869 0.74232870
vt 0.05868687 0.74232870
vt 0.05782869 0.77236521
vt 0.05868687 0.77236521
vt 0.00257459 0.74232870
vt 0.00343278 0.74232870
vt 0.00257459 0.77236521
vt 0.00343278 0.77236521
vt 0.69562399 0.74444777
vt 0.69626760 0.74444777
vt 0.69562399 0.77448428
vt 0.69626760 0.77448428
vt 0.46145961 0.52726012
vt 0.46081594 0.52726012
vt 0.46081594 0.52640194
vt 0.45971087 0.52726012
vt 0.46035451 0.52640194
vt 0.46035451 0.52726012
vt 0.46551442 0.52726012
vt 0.46487078 0.52726012
vt 0.46551442 0.52640194
vt 0.44239777 0.52653486
vt 0.44304141 0.52739304
vt 0.44239777 0.52739304
vt 0.69944531 0.74444777
vt 0.70008892 0.74444777
vt 0.69944531 0.77448428
vt 0.70008892 0.77448428
vt 0.00343278 0.74232870
vt 0.00429096 0.74232870
vt 0.00343278 0.77236521
vt 0.00429096 0.77236521
vt 0.05697052 0.74232870
vt 0.05782869 0.74232870
vt 0.05697052 0.77236521
vt 0.05782869 0.77236521
vt 0.00429096 0.74232870
vt 0.00514915 0.74232870
vt 0.00429096 0.77236521
vt 0.00514915 0.77236521
vt 0.69880158 0.74444777
vt 0.69944525 0.74444777
vt 0.69880158 0.77448428
vt 0.69944525 0.77448428
vt 0.42233759 0.52660209
vt 0.42169395 0.52746028
vt 0.42169395 0.52660209
vt 0.42233759 0.52660209
vt 0.42298123 0.52660209
vt 0.42298123 0.52746028
vt 0.42298123 0.52660209
vt 0.42362490 0.52660209
vt 0.42362490 0.52746028
vt 0.62346882 0.33209968
vt 0.62282515 0.33295786
vt 0.62282515 0.33209968
vt 0.69815797 0.74444777
vt 0.69880164 0.74444777
vt 0.69815797 0.77448428
vt 0.69880164 0.77448428
vt 0.00514915 0.74232870
vt 0.00600734 0.74232870
vt 0.00514915 0.77236521
vt 0.00600734 0.77236521
vt 0.00600735 0.74232870
vt 0.00686554 0.74232870
vt 0.00600735 0.77236521
vt 0.00686554 0.77236521
vt 0.00686551 0.74232870
vt 0.00772370 0.74232870
vt 0.00686551 0.77236521
vt 0.00772370 0.77236521
vt 0.69751430 0.74444777
vt 0.69815797 0.74444777
vt 0.69751430 0.77448428
vt 0.69815797 0.77448428
vt 0.62411243 0.33295786
vt 0.62346876 0.33295786
vt 0.62346876 0.33209968
vt 0.62411249 0.33295786
vt 0.62475610 0.33209968
vt 0.62475610 0.33295786
vt 0.62539965 0.33295786
vt 0.62475604 0.33295786
vt 0.62539965 0.33209968
vt 0.62539977 0.33209968
vt 0.62604344 0.33295786
vt 0.62539977 0.33295786
vt 0.69687063 0.74444777
vt 0.69751430 0.74444777
vt 0.69687063 0.77448428
vt 0.69751430 0.77448428
vt 0.00772373 0.74232870
vt 0.00858191 0.74232870
vt 0.00772373 0.77236521
vt 0.00858191 0.77236521
vt 0.00858189 0.74232870
vt 0.00944008 0.74232870
vt 0.00858189 0.77236521
vt 0.00944008 0.77236521
vt 0.00944009 0.74232870
vt 0.01029828 0.74232870
vt 0.00944009 0.77236521
vt 0.01029828 0.77236521
vt 0.68249047 0.74693549
vt 0.68313408 0.74693549
vt 0.68249047 0.77697194
vt 0.68313408 0.77697194
vt 0.62668699 0.33295786
vt 0.62604332 0.33295786
vt 0.62604332 0.33209968
vt 0.62668705 0.33295786
vt 0.62733066 0.33209968
vt 0.62733066 0.33295786
vt 0.62797427 0.33295786
vt 0.62733060 0.33295786
vt 0.62797427 0.33209968
vt 0.62797433 0.33209968
vt 0.62861800 0.33295786
vt 0.62797433 0.33295786
vt 0.68313402 0.74693549
vt 0.68377769 0.74693549
vt 0.68313402 0.77697194
vt 0.68377769 0.77697194
vt 0.01029828 0.74232870
vt 0.01115647 0.74232870
vt 0.01029828 0.77236521
vt 0.01115647 0.77236521
vt 0.05611235 0.74232870
vt 0.05697052 0.74232870
vt 0.05611235 0.77236521
vt 0.05697052 0.77236521
vt 0.01115647 0.74232870
vt 0.01201465 0.74232870
vt 0.01115647 0.77236521
vt 0.01201465 0.77236521
vt 0.68377769 0.74693549
vt 0.68442136 0.74693549
vt 0.68377769 0.77697194
vt 0.68442136 0.77697194
vt 0.62926155 0.33209968
vt 0.62861794 0.33295786
vt 0.62861794 0.33209968
vt 0.62926161 0.33209968
vt 0.62990528 0.33209968
vt 0.62990528 0.33295786
vt 0.62990516 0.33209968
vt 0.63054883 0.33209968
vt 0.63054883 0.33295786
vt 0.63119251 0.33209968
vt 0.63054889 0.33295786
vt 0.63054889 0.33209968
vt 0.68442136 0.74693549
vt 0.68506497 0.74693549
vt 0.68442136 0.77697194
vt 0.68506497 0.77697194
vt 0.01201465 0.74232870
vt 0.01287284 0.74232870
vt 0.01201465 0.77236521
vt 0.01287284 0.77236521
vt 0.05525417 0.74232870
vt 0.05611235 0.74232870
vt 0.05525417 0.77236521
vt 0.05611235 0.77236521
vt 0.01287284 0.74232870
vt 0.01373103 0.74232870
vt 0.01287284 0.77236521
vt 0.01373103 0.77236521
vt 0.68506503 0.74693549
vt 0.68570870 0.74693549
vt 0.68506503 0.77697194
vt 0.68570870 0.77697194
vt 0.63183612 0.33295786
vt 0.63119251 0.33295786
vt 0.63119251 0.33209968
vt 0.01737823 0.87920856
vt 0.01802185 0.87835038
vt 0.01802185 0.87920856
vt 0.63247985 0.33295786
vt 0.63183624 0.33295786
vt 0.63247985 0.33209968
vt 0.01802183 0.87835038
vt 0.01866544 0.87920856
vt 0.01802183 0.87920856
vt 0.68570864 0.74693549
vt 0.68635231 0.74693549
vt 0.68570864 0.77697194
vt 0.68635231 0.77697194
vt 0.01373103 0.74232870
vt 0.01458922 0.74232870
vt 0.01373103 0.77236521
vt 0.01458922 0.77236521
vt 0.45263094 0.47238380
vt 0.45348915 0.47238380
vt 0.45263094 0.50242031
vt 0.45348915 0.50242031
vt 0.01458922 0.74232870
vt 0.01544740 0.74232870
vt 0.01458922 0.77236521
vt 0.01544740 0.77236521
vt 0.45095158 0.74909133
vt 0.45159519 0.74909133
vt 0.45095158 0.77912784
vt 0.45159519 0.77912784
vt 0.63312346 0.33209968
vt 0.63247979 0.33295786
vt 0.63247979 0.33209968
vt 0.01094183 0.87835044
vt 0.01145673 0.87873662
vt 0.01094183 0.87942314
vt 0.63312352 0.33209968
vt 0.63376713 0.33209968
vt 0.63376713 0.33295786
vt 0.02484415 0.87835044
vt 0.02484415 0.87942314
vt 0.02432924 0.87873656
vt 0.45159519 0.74909133
vt 0.45223880 0.74909133
vt 0.45159519 0.77912784
vt 0.45223880 0.77912784
vt 0.01544740 0.74232870
vt 0.01630559 0.74232870
vt 0.01544740 0.77236521
vt 0.01630559 0.77236521
vt 0.66129738 0.29899204
vt 0.66215557 0.29899204
vt 0.66129738 0.32902849
vt 0.66215557 0.32902849
vt 0.01630559 0.74232870
vt 0.01716378 0.74232870
vt 0.01630559 0.77236521
vt 0.01716378 0.77236521
vt 0.68635231 0.74693549
vt 0.68699598 0.74693549
vt 0.68635231 0.77697194
vt 0.68699598 0.77697194
vt 0.46589592 0.51815373
vt 0.46538100 0.51853991
vt 0.46538100 0.51746720
vt 0.02741874 0.87835050
vt 0.02741874 0.87942326
vt 0.02690384 0.87903708
vt 0.01300150 0.87942314
vt 0.01248658 0.87903696
vt 0.01300150 0.87835044
vt 0.02741867 0.87942320
vt 0.02741867 0.87835050
vt 0.02793357 0.87903708
vt 0.68699586 0.74693549
vt 0.68763953 0.74693549
vt 0.68699586 0.77697194
vt 0.68763953 0.77697194
vt 0.01716378 0.74232870
vt 0.01802197 0.74232870
vt 0.01716378 0.77236521
vt 0.01802197 0.77236521
vt 0.76828504 0.46736848
vt 0.76914322 0.46736848
vt 0.76828504 0.49740493
vt 0.76914322 0.49740493
vt 0.01802197 0.74232870
vt 0.01888015 0.74232870
vt 0.01802197 0.77236521
vt 0.01888015 0.77236521
vt 0.45223880 0.74909133
vt 0.45288244 0.74909133
vt 0.45223880 0.77912784
vt 0.45288244 0.77912784
vt 0.63376707 0.33209968
vt 0.63441068 0.33209968
vt 0.63441068 0.33295786
vt 0.01930906 0.87835038
vt 0.01866544 0.87920856
vt 0.01866544 0.87835038
vt 0.63505441 0.33209968
vt 0.63441074 0.33295786
vt 0.63441074 0.33209968
vt 0.01930909 0.87835038
vt 0.01995271 0.87835038
vt 0.01995271 0.87920856
vt 0.45288238 0.74909133
vt 0.45352599 0.74909133
vt 0.45288238 0.77912784
vt 0.45352599 0.77912784
vt 0.01888015 0.74232870
vt 0.01973834 0.74232870
vt 0.01888015 0.77236521
vt 0.01973834 0.77236521
vt 0.49816450 0.73961514
vt 0.49902272 0.73961514
vt 0.49816450 0.76965165
vt 0.49902272 0.76965165
vt 0.01973834 0.74232870
vt 0.02059653 0.74232870
vt 0.01973834 0.77236521
vt 0.02059653 0.77236521
vt 0.68763959 0.74693549
vt 0.68828326 0.74693549
vt 0.68763959 0.77697194
vt 0.68828326 0.77697194
vt 0.63505441 0.33209968
vt 0.63569802 0.33209968
vt 0.63569802 0.33295786
vt 0.63634175 0.33209968
vt 0.63569808 0.33295786
vt 0.63569808 0.33209968
vt 0.63698530 0.33209968
vt 0.63634163 0.33295786
vt 0.63634163 0.33209968
vt 0.63698536 0.33209968
vt 0.63762897 0.33209968
vt 0.63762897 0.33295786
vt 0.68828321 0.74693549
vt 0.68892682 0.74693549
vt 0.68828321 0.77697194
vt 0.68892682 0.77697194
vt 0.03020162 0.74232870
vt 0.03105981 0.74232870
vt 0.03020162 0.77236521
vt 0.03105981 0.77236521
vt 0.05439602 0.74232870
vt 0.05525420 0.74232870
vt 0.05439602 0.77236521
vt 0.05525420 0.77236521
vt 0.03105981 0.74232870
vt 0.03191799 0.74232870
vt 0.03105981 0.77236521
vt 0.03191799 0.77236521
vt 0.68892688 0.74693549
vt 0.68957055 0.74693549
vt 0.68892688 0.77697194
vt 0.68957055 0.77697194
vt 0.00991210 0.87903690
vt 0.00939718 0.87942314
vt 0.00939718 0.87835038
vt 0.01737830 0.87835050
vt 0.01737830 0.87942320
vt 0.01686338 0.87903702
vt 0.02535906 0.87942314
vt 0.02484415 0.87903696
vt 0.02535906 0.87835044
vt 0.45294833 0.51668704
vt 0.45294833 0.51561433
vt 0.45346326 0.51630086
vt 0.68957049 0.74693549
vt 0.69021416 0.74693549
vt 0.68957049 0.77697194
vt 0.69021416 0.77697194
vt 0.03191800 0.74232870
vt 0.03277619 0.74232870
vt 0.03191800 0.77236521
vt 0.03277619 0.77236521
vt 0.05353782 0.74232870
vt 0.05439600 0.74232870
vt 0.05353782 0.77236521
vt 0.05439600 0.77236521
vt 0.02934344 0.74232870
vt 0.03020162 0.74232870
vt 0.02934344 0.77236521
vt 0.03020162 0.77236521
vt 0.69021422 0.74693549
vt 0.69085783 0.74693549
vt 0.69021422 0.77697194
vt 0.69085783 0.77697194
vt 0.67796355 0.33203208
vt 0.67731988 0.33203208
vt 0.67796355 0.33117390
vt 0.67410165 0.33117396
vt 0.67474532 0.33203214
vt 0.67410165 0.33203214
vt 0.67860717 0.33203208
vt 0.67796355 0.33203208
vt 0.67796355 0.33117390
vt 0.67474532 0.33289027
vt 0.67538893 0.33203208
vt 0.67538893 0.33289027
vt 0.26259056 0.74883777
vt 0.26323420 0.74883777
vt 0.26259056 0.77887428
vt 0.26323420 0.77887428
vt 0.02848525 0.74232870
vt 0.02934344 0.74232870
vt 0.02848525 0.77236521
vt 0.02934344 0.77236521
vt 0.04135806 0.74232870
vt 0.04221625 0.74232870
vt 0.04135806 0.77236521
vt 0.04221625 0.77236521
vt 0.02762706 0.74232870
vt 0.02848525 0.74232870
vt 0.02762706 0.77236521
vt 0.02848525 0.77236521
vt 0.25636873 0.74883777
vt 0.25701237 0.74883777
vt 0.25636873 0.77887428
vt 0.25701237 0.77887428
vt 0.45294833 0.51775986
vt 0.45346326 0.51814604
vt 0.45294833 0.51883256
vt 0.67538893 0.33117390
vt 0.67474526 0.33203208
vt 0.67474526 0.33117390
vt 0.46589598 0.51639456
vt 0.46589598 0.51746726
vt 0.46538106 0.51678073
vt 0.67538899 0.33203208
vt 0.67603260 0.33203208
vt 0.67603260 0.33289027
vt 0.25572509 0.74883777
vt 0.25636873 0.74883777
vt 0.25572509 0.77887428
vt 0.25636873 0.77887428
vt 0.02676887 0.74232870
vt 0.02762706 0.74232870
vt 0.02676887 0.77236521
vt 0.02762706 0.77236521
vt 0.04221625 0.74232870
vt 0.04307444 0.74232870
vt 0.04221625 0.77236521
vt 0.04307444 0.77236521
vt 0.02059652 0.74232870
vt 0.02145470 0.74232870
vt 0.02059652 0.77236521
vt 0.02145470 0.77236521
vt 0.25272143 0.74883777
vt 0.25336507 0.74883777
vt 0.25272143 0.77887428
vt 0.25336507 0.77887428
vt 0.67860711 0.33289027
vt 0.67796350 0.33289027
vt 0.67860711 0.33203208
vt 0.67603260 0.33117390
vt 0.67667621 0.33203208
vt 0.67603260 0.33203208
vt 0.67925078 0.33289027
vt 0.67860717 0.33289027
vt 0.67860717 0.33203208
vt 0.67603260 0.33289027
vt 0.67667621 0.33203208
vt 0.67667621 0.33289027
vt 0.25894329 0.74883777
vt 0.25958693 0.74883777
vt 0.25894329 0.77887428
vt 0.25958693 0.77887428
vt 0.02145473 0.74232870
vt 0.02231292 0.74232870
vt 0.02145473 0.77236521
vt 0.02231292 0.77236521
vt 0.04307444 0.74232870
vt 0.04393262 0.74232870
vt 0.04307444 0.77236521
vt 0.04393262 0.77236521
vt 0.02231289 0.74232870
vt 0.02317108 0.74232870
vt 0.02231289 0.77236521
vt 0.02317108 0.77236521
vt 0.25143415 0.74883777
vt 0.25207779 0.74883777
vt 0.25143415 0.77887428
vt 0.25207779 0.77887428
vt 0.67860717 0.33117390
vt 0.67925078 0.33117390
vt 0.67925078 0.33203208
vt 0.67731982 0.33203208
vt 0.67667621 0.33289027
vt 0.67667621 0.33203208
vt 0.67989445 0.33203208
vt 0.67925084 0.33289027
vt 0.67925084 0.33203208
vt 0.67667627 0.33117390
vt 0.67731988 0.33117390
vt 0.67731988 0.33203208
vt 0.25079051 0.74883777
vt 0.25143415 0.74883777
vt 0.25079051 0.77887428
vt 0.25143415 0.77887428
vt 0.02317111 0.74232870
vt 0.02402929 0.74232870
vt 0.02317111 0.77236521
vt 0.02402929 0.77236521
vt 0.04393263 0.74232870
vt 0.04479082 0.74232870
vt 0.04393263 0.77236521
vt 0.04479082 0.77236521
vt 0.02402927 0.74232870
vt 0.02488746 0.74232870
vt 0.02402927 0.77236521
vt 0.02488746 0.77236521
vt 0.26194692 0.74883777
vt 0.26259056 0.74883777
vt 0.26194692 0.77887428
vt 0.26259056 0.77887428
vt 0.44451639 0.74909133
vt 0.44516003 0.74909133
vt 0.44451639 0.77912784
vt 0.44516003 0.77912784
vt 0.44516003 0.74909133
vt 0.44580364 0.74909133
vt 0.44516003 0.77912784
vt 0.44580364 0.77912784
vt 0.69426066 0.74693549
vt 0.69490433 0.74693549
vt 0.69426066 0.77697194
vt 0.69490433 0.77697194
vt 0.02488748 0.74232870
vt 0.02574567 0.74232870
vt 0.02488748 0.77236521
vt 0.02574567 0.77236521
vt 0.02574564 0.74232870
vt 0.02660383 0.74232870
vt 0.02574564 0.77236521
vt 0.02660383 0.77236521
vt 0.03277619 0.74232870
vt 0.03363438 0.74232870
vt 0.03277619 0.77236521
vt 0.03363438 0.77236521
vt 0.66215563 0.29899204
vt 0.66280675 0.29899204
vt 0.66215563 0.32902849
vt 0.66280675 0.32902849
vt 0.01145679 0.87873662
vt 0.01197170 0.87835044
vt 0.01197170 0.87942314
vt 0.47340518 0.52510381
vt 0.47404885 0.52596200
vt 0.47339770 0.52596200
vt 0.66104448 0.33296490
vt 0.66019374 0.33296490
vt 0.66104448 0.33232129
vt 0.66019374 0.33232129
vt 0.66105193 0.33146310
vt 0.66019374 0.33146310
vt 0.46528915 0.50637096
vt 0.46544084 0.50530905
vt 0.46589595 0.50697780
vt 0.46589595 0.50576413
vt 0.45519552 0.52669817
vt 0.45413271 0.52684373
vt 0.45473778 0.52623510
vt 0.45413974 0.52563012
vt 0.45519552 0.52578264
vt 0.45459747 0.52517760
vt 0.04650718 0.74232870
vt 0.04715830 0.74232870
vt 0.04650718 0.77236521
vt 0.04715830 0.77236521
vt 0.03363438 0.74232870
vt 0.03449256 0.74232870
vt 0.03363438 0.77236521
vt 0.03449256 0.77236521
vt 0.03449257 0.74232870
vt 0.03535075 0.74232870
vt 0.03449257 0.77236521
vt 0.03535075 0.77236521
vt 0.03535074 0.74232870
vt 0.03620893 0.74232870
vt 0.03535074 0.77236521
vt 0.03620893 0.77236521
vt 0.69085783 0.74693549
vt 0.69150144 0.74693549
vt 0.69085783 0.77697194
vt 0.69150144 0.77697194
vt 0.69150150 0.74693549
vt 0.69214511 0.74693549
vt 0.69150150 0.77697194
vt 0.69214511 0.77697194
vt 0.69214505 0.74693549
vt 0.69278872 0.74693549
vt 0.69214505 0.77697194
vt 0.69278872 0.77697194
vt 0.46528906 0.49969584
vt 0.46544075 0.49863386
vt 0.46589586 0.50030267
vt 0.46589586 0.49908900
vt 0.47095639 0.52665442
vt 0.46989357 0.52679998
vt 0.47049865 0.52619135
vt 0.46990061 0.52558631
vt 0.47095639 0.52573884
vt 0.47035834 0.52513385
vt 0.45805770 0.51997030
vt 0.45857263 0.51958412
vt 0.45857263 0.52065682
vt 0.47340518 0.52596194
vt 0.47404885 0.52682012
vt 0.47339770 0.52682012
vt 0.43730265 0.52739310
vt 0.43645194 0.52739310
vt 0.43730265 0.52674943
vt 0.43645194 0.52674943
vt 0.43731013 0.52589124
vt 0.43645194 0.52589124
vt 0.04715830 0.74232870
vt 0.04780943 0.74232870
vt 0.04715830 0.77236521
vt 0.04780943 0.77236521
vt 0.49730623 0.73961514
vt 0.49816445 0.73961514
vt 0.49730623 0.76965165
vt 0.49816445 0.76965165
vt 0.03620894 0.74232870
vt 0.03706713 0.74232870
vt 0.03620894 0.77236521
vt 0.03706713 0.77236521
vt 0.49644804 0.73961514
vt 0.49730623 0.73961514
vt 0.49644804 0.76965165
vt 0.49730623 0.76965165
vt 0.69278878 0.74693549
vt 0.69343245 0.74693549
vt 0.69278878 0.77697194
vt 0.69343245 0.77697194
vt 0.45352596 0.74909133
vt 0.45416960 0.74909133
vt 0.45352596 0.77912784
vt 0.45416960 0.77912784
vt 0.47519398 0.74909133
vt 0.47583759 0.74909133
vt 0.47519398 0.77912784
vt 0.47583759 0.77912784
vt 0.46528912 0.48968321
vt 0.46544084 0.48862123
vt 0.46589595 0.49029005
vt 0.46589595 0.48907638
vt 0.47233486 0.52662438
vt 0.47127202 0.52676994
vt 0.47187713 0.52616125
vt 0.47127908 0.52555627
vt 0.47233486 0.52570879
vt 0.47173682 0.52510381
vt 0.45805770 0.51567930
vt 0.45857263 0.51529312
vt 0.45857263 0.51636589
vt 0.45348907 0.51808709
vt 0.45413271 0.51894528
vt 0.45348158 0.51894528
vt 0.66379607 0.33267576
vt 0.66294539 0.33267576
vt 0.66379607 0.33203208
vt 0.66294539 0.33203208
vt 0.66380358 0.33117390
vt 0.66294539 0.33117390
vt 0.69343239 0.74693549
vt 0.69407600 0.74693549
vt 0.69343239 0.77697194
vt 0.69407600 0.77697194
vt 0.24649957 0.74883777
vt 0.24714322 0.74883777
vt 0.24649957 0.77887428
vt 0.24714322 0.77887428
vt 0.24714322 0.74883777
vt 0.24778686 0.74883777
vt 0.24714322 0.77887428
vt 0.24778686 0.77887428
vt 0.05267965 0.74232870
vt 0.05353782 0.74232870
vt 0.05267965 0.77236521
vt 0.05353782 0.77236521
vt 0.03706711 0.74232870
vt 0.03792530 0.74232870
vt 0.03706711 0.77236521
vt 0.03792530 0.77236521
vt 0.05182147 0.74232870
vt 0.05267965 0.74232870
vt 0.05182147 0.77236521
vt 0.05267965 0.77236521
vt 0.04780944 0.74232870
vt 0.04846057 0.74232870
vt 0.04780944 0.77236521
vt 0.04846057 0.77236521
vt 0.00875349 0.87835044
vt 0.00939714 0.87835044
vt 0.00875349 0.87920862
vt 0.41698536 0.52598000
vt 0.41762900 0.52683818
vt 0.41697788 0.52683818
vt 0.66465425 0.33267581
vt 0.66380358 0.33267581
vt 0.66465425 0.33203214
vt 0.66380358 0.33203214
vt 0.66466177 0.33117396
vt 0.66380358 0.33117396
vt 0.46528909 0.49468952
vt 0.46544081 0.49362755
vt 0.46589592 0.49529636
vt 0.46589592 0.49408269
vt 0.45732111 0.52669817
vt 0.45625830 0.52684373
vt 0.45686337 0.52623510
vt 0.45626530 0.52563012
vt 0.45732111 0.52578264
vt 0.45672306 0.52517760
vt 0.04846055 0.74232870
vt 0.04911168 0.74232870
vt 0.04846055 0.77236521
vt 0.04911168 0.77236521
vt 0.00000000 0.74232870
vt 0.00085820 0.74232870
vt 0.00000000 0.77236521
vt 0.00085820 0.77236521
vt 0.03792532 0.74232870
vt 0.03878351 0.74232870
vt 0.03792532 0.77236521
vt 0.03878351 0.77236521
vt 0.00085820 0.74232870
vt 0.00171640 0.74232870
vt 0.00085820 0.77236521
vt 0.00171640 0.77236521
vt 0.24778686 0.74883777
vt 0.24843051 0.74883777
vt 0.24778686 0.77887428
vt 0.24843051 0.77887428
vt 0.45416957 0.74909133
vt 0.45481318 0.74909133
vt 0.45416957 0.77912784
vt 0.45481318 0.77912784
vt 0.47455040 0.74909133
vt 0.47519401 0.74909133
vt 0.47455040 0.77912784
vt 0.47519401 0.77912784
vt 0.46528912 0.49635834
vt 0.46544081 0.49529636
vt 0.46589595 0.49696517
vt 0.46589595 0.49575150
vt 0.46699151 0.52662438
vt 0.46592867 0.52676994
vt 0.46653375 0.52616131
vt 0.46593571 0.52555627
vt 0.46699151 0.52570885
vt 0.46639347 0.52510381
vt 0.42800209 0.52321857
vt 0.42864573 0.52321857
vt 0.42800209 0.52407676
vt 0.46699902 0.52510387
vt 0.46764266 0.52596205
vt 0.46699154 0.52596205
vt 0.66551244 0.33267581
vt 0.66466171 0.33267581
vt 0.66551244 0.33203220
vt 0.66466171 0.33203220
vt 0.66551989 0.33117402
vt 0.66466171 0.33117402
vt 0.04911168 0.74232870
vt 0.04976280 0.74232870
vt 0.04911168 0.77236521
vt 0.04976280 0.77236521
vt 0.05868687 0.74232870
vt 0.05954506 0.74232870
vt 0.05868687 0.77236521
vt 0.05954506 0.77236521
vt 0.03878351 0.74232870
vt 0.03964169 0.74232870
vt 0.03878351 0.77236521
vt 0.03964169 0.77236521
vt 0.04564900 0.74232870
vt 0.04650719 0.74232870
vt 0.04564900 0.77236521
vt 0.04650719 0.77236521
vt 0.24843051 0.74883777
vt 0.24907415 0.74883777
vt 0.24843051 0.77887428
vt 0.24907415 0.77887428
vt 0.24971779 0.74883777
vt 0.25036144 0.74883777
vt 0.24971779 0.77887428
vt 0.25036144 0.77887428
vt 0.25207779 0.74883777
vt 0.25272143 0.74883777
vt 0.25207779 0.77887428
vt 0.25272143 0.77887428
vt 0.46528909 0.50970858
vt 0.46544081 0.50864661
vt 0.46589592 0.51031542
vt 0.46589592 0.50910175
vt 0.47339770 0.52662432
vt 0.47233489 0.52676988
vt 0.47293994 0.52616125
vt 0.47234190 0.52555627
vt 0.47339770 0.52570873
vt 0.47279963 0.52510375
vt 0.67345810 0.33117390
vt 0.67410177 0.33117390
vt 0.67345810 0.33203208
vt 0.45346925 0.51454157
vt 0.45346925 0.51561427
vt 0.45294836 0.51522362
vt 0.44199201 0.52739310
vt 0.44114131 0.52739310
vt 0.44199201 0.52674943
vt 0.44114131 0.52674943
vt 0.44199950 0.52589124
vt 0.44114131 0.52589124
vt 0.26130328 0.74883777
vt 0.26194692 0.74883777
vt 0.26130328 0.77887428
vt 0.26194692 0.77887428
vt 0.25958693 0.74883777
vt 0.26023057 0.74883777
vt 0.25958693 0.77887428
vt 0.26023057 0.77887428
vt 0.24907415 0.74883777
vt 0.24971780 0.74883777
vt 0.24907415 0.77887428
vt 0.24971780 0.77887428
vt 0.05954506 0.74232870
vt 0.06040325 0.74232870
vt 0.05954506 0.77236521
vt 0.06040325 0.77236521
vt 0.03964169 0.74232870
vt 0.04049988 0.74232870
vt 0.03964169 0.77236521
vt 0.04049988 0.77236521
vt 0.04479082 0.74232870
vt 0.04564900 0.74232870
vt 0.04479082 0.77236521
vt 0.04564900 0.77236521
vt 0.70073998 0.74444777
vt 0.70139110 0.74444777
vt 0.70073998 0.77448428
vt 0.70139110 0.77448428
vt 0.01197172 0.87873662
vt 0.01248663 0.87835044
vt 0.01248663 0.87942314
vt 0.46764261 0.52682024
vt 0.46699148 0.52596772
vt 0.46764261 0.52596205
vt 0.43537179 0.52742773
vt 0.43452108 0.52742773
vt 0.43537179 0.52678406
vt 0.43452108 0.52678406
vt 0.43537927 0.52592587
vt 0.43452108 0.52592587
vt 0.46528915 0.51137733
vt 0.46544084 0.51031536
vt 0.46589598 0.51198417
vt 0.46589598 0.51077050
vt 0.45625827 0.52669817
vt 0.45519546 0.52684373
vt 0.45580053 0.52623510
vt 0.45520249 0.52563012
vt 0.45625827 0.52578264
vt 0.45566022 0.52517766
vt 0.25765601 0.74883777
vt 0.25829965 0.74883777
vt 0.25765601 0.77887428
vt 0.25829965 0.77887428
vt 0.25829965 0.74883777
vt 0.25894329 0.74883777
vt 0.25829965 0.77887428
vt 0.25894329 0.77887428
vt 0.25701237 0.74883777
vt 0.25765601 0.74883777
vt 0.25701237 0.77887428
vt 0.25765601 0.77887428
vt 0.05096330 0.74232870
vt 0.05182147 0.74232870
vt 0.05096330 0.77236521
vt 0.05182147 0.77236521
vt 0.04049986 0.74232870
vt 0.04135805 0.74232870
vt 0.04049986 0.77236521
vt 0.04135805 0.77236521
vt 0.05010515 0.74232870
vt 0.05096332 0.74232870
vt 0.05010515 0.77236521
vt 0.05096332 0.77236521
vt 0.70008892 0.74444777
vt 0.70074004 0.74444777
vt 0.70008892 0.77448428
vt 0.70074004 0.77448428
vt 0.02535909 0.87873673
vt 0.02587400 0.87835056
vt 0.02587400 0.87942326
vt 0.42105031 0.52598000
vt 0.42169395 0.52683818
vt 0.42104283 0.52683818
vt 0.66637063 0.33267581
vt 0.66551989 0.33267581
vt 0.66637063 0.33203214
vt 0.66551989 0.33203214
vt 0.66637808 0.33117396
vt 0.66551989 0.33117396
vt 0.46528915 0.49802709
vt 0.46544084 0.49696511
vt 0.46589598 0.49863386
vt 0.46589598 0.49742025
vt 0.46879178 0.52662432
vt 0.46772897 0.52676988
vt 0.46833402 0.52616125
vt 0.46773598 0.52555621
vt 0.46879178 0.52570873
vt 0.46819371 0.52510375
f 1/1 2/2 3/3
f 3/3 2/2 4/4
f 5/5 6/6 7/7
f 8/8 9/9 10/10
f 11/11 12/12 13/13
f 13/13 12/12 14/14
f 13/13 14/14 15/15
f 15/15 14/14 16/16
f 17/17 18/18 19/19
f 19/19 18/18 20/20
f 19/19 20/20 21/21
f 21/21 20/20 22/22
f 21/21 22/22 23/23
f 23/23 22/22 24/24
f 23/23 24/24 25/25
f 25/25 24/24 26/26
f 27/27 28/28 29/29
f 29/29 28/28 30/30
f 31/31 32/32 33/33
f 34/34 35/35 36/36
f 37/37 38/38 39/39
f 39/39 38/38 40/40
f 39/39 40/40 41/41
f 41/41 40/40 42/42
f 43/43 44/44 45/45
f 45/45 44/44 46/46
f 45/45 46/46 47/47
f 47/47 46/46 48/48
f 47/47 48/48 49/49
f 49/49 48/48 50/50
f 49/49 50/50 51/51
f 51/51 50/50 52/52
f 53/53 54/54 55/55
f 55/55 54/54 56/56
f 57/57 58/58 59/59
f 59/59 58/58 60/60
f 59/59 60/60 61/61
f 61/61 60/60 62/62
f 63/63 64/64 65/65
f 66/66 67/67 68/68
f 68/68 67/67 69/69
f 68/68 69/69 70/70
f 70/70 69/69 71/71
f 70/70 71/71 72/72
f 72/72 71/71 73/73
f 72/72 73/73 74/74
f 74/74 73/73 75/75
f 74/74 75/75 76/76
f 77/77 78/78 79/79
f 79/79 78/78 80/80
f 81/81 82/82 83/83
f 83/83 82/82 84/84
f 83/83 84/84 85/85
f 85/85 84/84 86/86
f 87/87 88/88 89/89
f 90/90 91/91 92/92
f 92/92 91/91 93/93
f 92/92 93/93 94/94
f 94/94 93/93 95/95
f 94/94 95/95 96/96
f 96/96 95/95 97/97
f 96/96 97/97 98/98
f 98/98 97/97 99/99
f 98/98 99/99 100/100
f 101/101 102/102 103/103
f 104/104 105/105 106/106
f 107/107 108/108 109/109
f 110/110 111/111 112/112
f 112/112 111/111 113/113
f 112/112 113/113 114/114
f 114/114 113/113 115/115
f 114/114 115/115 116/116
f 116/116 115/115 117/117
f 118/118 119/119 120/120
f 121/121 122/122 123/123
f 123/123 122/122 124/124
f 123/123 124/124 125/125
f 125/125 124/124 126/126
f 125/125 126/126 127/127
f 127/127 126/126 128/128
f 129/129 130/130 131/131
f 131/131 130/130 132/132
f 133/133 134/134 135/135
f 135/135 134/134 136/136
f 135/135 136/136 137/137
f 137/137 136/136 138/138
f 139/139 140/140 141/141
f 142/142 143/143 144/144
f 144/144 143/143 145/145
f 144/144 145/145 146/146
f 146/146 145/145 147/147
f 146/146 147/147 148/148
f 148/148 147/147 149/149
f 148/148 149/149 150/150
f 150/150 149/149 151/151
f 150/150 151/151 152/152
f 153/153 154/154 155/155
f 155/155 154/154 156/156
f 157/157 158/158 159/159
f 159/159 158/158 160/160
f 159/159 160/160 161/161
f 161/161 160/160 162/162
f 163/163 164/164 165/165
f 166/166 167/167 168/168
f 168/168 167/167 169/169
f 168/168 169/169 170/170
f 170/170 169/169 171/171
f 170/170 171/171 172/172
f 172/172 171/171 173/173
f 172/172 173/173 174/174
f 174/174 173/173 175/175
f 174/174 175/175 176/176
f 177/177 178/178 179/179
f 180/180 181/181 182/182
f 183/183 184/184 185/185
f 186/186 187/187 188/188
f 188/188 187/187 189/189
f 188/188 189/189 190/190
f 190/190 189/189 191/191
f 190/190 191/191 192/192
f 192/192 191/191 193/193
f 194/194 195/195 196/196
f 197/197 198/198 199/199
f 199/199 198/198 200/200
f 199/199 200/200 201/201
f 201/201 200/200 202/202
f 201/201 202/202 203/203
f 203/203 202/202 204/204
f 205/205 206/206 207/207
f 207/207 206/206 208/208
f 209/209 210/210 211/211
f 211/211 210/210 212/212
f 213/213 214/214 215/215
f 215/215 214/214 216/216
f 217/217 218/218 219/219
f 219/219 218/218 220/220
f 221/221 222/222 223/223
f 223/223 222/222 224/224
f 225/225 226/226 227/227
f 227/227 226/226 228/228
f 229/229 230/230 231/231
f 231/231 230/230 232/232
f 233/233 234/234 235/235
f 235/235 234/234 236/236
f 237/237 238/238 239/239
f 239/239 238/238 240/240
f 241/241 242/242 243/243
f 243/243 242/242 244/244
f 245/245 246/246 247/247
f 247/247 246/246 248/248
f 249/249 250/250 251/251
f 251/251 250/250 252/252
f 253/253 254/254 255/255
f 255/255 254/254 256/256
f 257/257 258/258 259/259
f 259/259 258/258 260/260
f 261/261 262/262 263/263
f 263/263 262/262 264/264
f 265/265 266/266 267/267
f 267/267 266/266 268/268
f 269/269 270/270 271/271
f 271/271 270/270 272/272
f 273/273 274/274 275/275
f 275/275 274/274 276/276
f 277/277 278/278 279/279
f 279/279 278/278 280/280
f 281/281 282/282 283/283
f 283/283 282/282 284/284
f 285/285 286/286 287/287
f 287/287 286/286 288/288
f 289/289 290/290 291/291
f 291/291 290/290 292/292
f 293/293 294/294 295/295
f 295/295 294/294 296/296
f 297/297 298/298 299/299
f 299/299 298/298 300/300
f 301/301 302/302 303/303
f 303/303 302/302 304/304
f 305/305 306/306 307/307
f 307/307 306/306 308/308
f 309/309 310/310 311/311
f 311/311 310/310 312/312
f 313/313 314/314 315/315
f 315/315 314/314 316/316
f 317/317 318/318 319/319
f 319/319 318/318 320/320
f 321/321 322/322 323/323
f 323/323 322/322 324/324
f 325/325 326/326 327/327
f 327/327 326/326 328/328
f 329/329 330/330 331/331
f 331/331 330/330 332/332
f 333/333 334/334 335/335
f 335/335 334/334 336/336
f 337/337 338/338 339/339
f 339/339 338/338 340/340
f 341/341 342/342 343/343
f 343/343 342/342 344/344
f 345/345 346/346 347/347
f 347/347 346/346 348/348
f 349/349 350/350 351/351
f 351/351 350/350 352/352
f 353/353 354/354 355/355
f 355/355 354/354 356/356
f 357/357 358/358 359/359
f 359/359 358/358 360/360
f 361/361 362/362 363/363
f 363/363 362/362 364/364
f 365/365 366/366 367/367
f 367/367 366/366 368/368
f 369/369 370/370 371/371
f 371/371 370/370 372/372
f 373/373 374/374 375/375
f 375/375 374/374 376/376
f 377/377 378/378 379/379
f 379/379 378/378 380/380
f 381/381 382/382 383/383
f 383/383 382/382 384/384
f 385/385 386/386 387/387
f 387/387 386/386 388/388
f 389/389 390/390 391/391
f 391/391 390/390 392/392
f 393/393 394/394 395/395
f 395/395 394/394 396/396
f 397/397 398/398 399/399
f 399/399 398/398 400/400
f 401/401 402/402 403/403
f 403/403 402/402 404/404
f 405/405 406/406 407/407
f 407/407 406/406 408/408
f 409/409 410/410 411/411
f 411/411 410/410 412/412
f 413/413 414/414 415/415
f 415/415 414/414 416/416
f 417/417 418/418 419/419
f 419/419 418/418 420/420
f 421/421 422/422 423/423
f 423/423 422/422 424/424
f 425/425 426/426 427/427
f 427/427 426/426 428/428
f 429/429 430/430 431/431
f 431/431 430/430 432/432
f 433/433 434/434 435/435
f 435/435 434/434 436/436
f 437/437 438/438 439/439
f 439/439 438/438 440/440
f 441/441 442/442 443/443
f 443/443 442/442 444/444
f 445/445 446/446 447/447
f 447/447 446/446 448/448
f 449/449 450/450 451/451
f 451/451 450/450 452/452
f 453/453 454/454 455/455
f 455/455 454/454 456/456
f 457/457 458/458 459/459
f 459/459 458/458 460/460
f 461/461 462/462 463/463
f 463/463 462/462 464/464
f 465/465 466/466 467/467
f 467/467 466/466 468/468
f 469/469 470/470 471/471
f 471/471 470/470 472/472
f 473/473 474/474 475/475
f 475/475 474/474 476/476
f 477/477 478/478 479/479
f 479/479 478/478 480/480
f 481/481 482/482 483/483
f 483/483 482/482 484/484
f 485/485 486/486 487/487
f 487/487 486/486 488/488
f 489/489 490/490 491/491
f 491/491 490/490 492/492
f 493/493 494/494 495/495
f 495/495 494/494 496/496
f 497/497 498/498 499/499
f 499/499 498/498 500/500
f 501/501 502/502 503/503
f 503/503 502/502 504/504
f 505/505 506/506 507/507
f 507/507 506/506 508/508
f 509/509 510/510 511/511
f 511/511 510/510 512/512
f 513/513 514/514 515/515
f 515/515 514/514 516/516
f 517/517 518/518 519/519
f 519/519 518/518 520/520
f 521/521 522/522 523/523
f 523/523 522/522 524/524
f 525/525 526/526 527/527
f 527/527 526/526 528/528
f 529/529 530/530 531/531
f 531/531 530/530 532/532
f 533/533 534/534 535/535
f 535/535 534/534 536/536
f 537/537 538/538 539/539
f 539/539 538/538 540/540
f 541/541 542/542 543/543
f 543/543 542/542 544/544
f 545/545 546/546 547/547
f 547/547 546/546 548/548
f 549/549 550/550 551/551
f 551/551 550/550 552/552
f 553/553 554/554 555/555
f 555/555 554/554 556/556
f 557/557 558/558 559/559
f 559/559 558/558 560/560
f 561/561 562/562 563/563
f 563/563 562/562 564/564
f 565/565 566/566 567/567
f 567/567 566/566 568/568
f 569/569 570/570 571/571
f 571/571 570/570 572/572
f 573/573 574/574 575/575
f 575/575 574/574 576/576
f 577/577 578/578 579/579
f 579/579 578/578 580/580
f 581/581 582/582 583/583
f 583/583 582/582 584/584
f 585/585 586/586 587/587
f 587/587 586/586 588/588
f 589/589 590/590 591/591
f 591/591 590/590 592/592
f 593/593 594/594 595/595
f 595/595 594/594 596/596
f 597/597 598/598 599/599
f 600/600 601/601 602/602
f 602/602 601/601 603/603
f 602/602 603/603 604/604
f 604/604 603/603 605/605
f 606/606 607/607 608/608
f 609/609 610/610 611/611
f 611/611 610/610 612/612
f 611/611 612/612 613/613
f 613/613 612/612 614/614
f 615/615 616/616 617/617
f 618/618 619/619 620/620
f 621/621 622/622 623/623
f 623/623 622/622 624/624
f 623/623 624/624 625/625
f 625/625 624/624 626/626
f 627/627 628/628 629/629
f 629/629 628/628 630/630
f 629/629 630/630 631/631
f 631/631 630/630 632/632
f 631/631 632/632 633/633
f 633/633 632/632 634/634
f 633/633 634/634 635/635
f 636/636 637/637 638/638
f 638/638 637/637 639/639
f 638/638 639/639 640/640
f 640/640 639/639 641/641
f 642/642 643/643 644/644
f 645/645 646/646 647/647
f 647/647 646/646 648/648
f 647/647 648/648 649/649
f 649/649 648/648 650/650
f 649/649 650/650 651/651
f 651/651 650/650 652/652
f 653/653 654/654 655/655
f 655/655 654/654 656/656
f 655/655 656/656 657/657
f 657/657 656/656 658/658
f 659/659 660/660 661/661
f 661/661 660/660 662/662
f 661/661 662/662 663/663
f 664/664 665/665 666/666
f 666/666 665/665 667/667
f 668/668 669/669 670/670
f 670/670 669/669 671/671
f 670/670 671/671 672/672
f 672/672 671/671 673/673
f 672/672 673/673 674/674
f 674/674 673/673 675/675
f 676/676 677/677 678/678
f 679/679 680/680 681/681
f 681/681 680/680 682/682
f 681/681 682/682 683/683
f 683/683 682/682 684/684
f 683/683 684/684 685/685
f 685/685 684/684 686/686
f 687/687 688/688 689/689
f 689/689 688/688 690/690
f 689/689 690/690 691/691
f 691/691 690/690 692/692
f 691/691 692/692 693/693
f 694/694 695/695 696/696
f 696/696 695/695 697/697
f 698/698 699/699 700/700
f 700/700 699/699 701/701
f 700/700 701/701 702/702
f 702/702 701/701 703/703
f 704/704 705/705 706/706
f 706/706 705/705 707/707
f 708/708 709/709 710/710
f 711/711 712/712 713/713
f 713/713 712/712 714/714
f 715/715 716/716 717/717
f 718/718 719/719 720/720
f 720/720 719/719 721/721
f 720/720 721/721 722/722
f 722/722 721/721 723/723
f 724/724 725/725 726/726
f 726/726 725/725 727/727
f 726/726 727/727 728/728
f 728/728 727/727 729/729
f 728/728 729/729 730/730
f 730/730 729/729 731/731
f 732/732 733/733 734/734
f 734/734 733/733 735/735
f 734/734 735/735 736/736
f 737/737 738/738 739/739
f 740/740 741/741 742/742
f 743/743 744/744 745/745
f 745/745 744/744 746/746
f 745/745 746/746 747/747
f 748/748 749/749 750/750
f 750/750 749/749 751/751
f 750/750 751/751 752/752
f 752/752 751/751 753/753
f 754/754 755/755 756/756
f 756/756 755/755 757/757
f 756/756 757/757 758/758
f 758/758 757/757 759/759
f 760/760 761/761 762/762
f 763/763 764/764 765/765
f 766/766 767/767 768/768
f 768/768 767/767 769/769
f 768/768 769/769 770/770
f 770/770 769/769 771/771
f 770/770 771/771 772/772
f 772/772 771/771 773/773
f 774/774 775/775 776/776
f 777/777 778/778 779/779
f 779/779 778/778 780/780
f 779/779 780/780 781/781
f 781/781 780/780 782/782
f 783/783 784/784 785/785
f 786/786 787/787 788/788
f 788/788 787/787 789/789
f 788/788 789/789 790/790
f 790/790 789/789 791/791
f 790/790 791/791 792/792
f 792/792 791/791 793/793
f 794/794 795/795 796/796
f 796/796 795/795 797/797
f 796/796 797/797 798/798
f 798/798 797/797 799/799
f 798/798 799/799 800/800
f 800/800 799/799 801/801
f 802/802 803/803 804/804
f 804/804 803/803 805/805
f 806/806 807/807 808/808
f 809/809 810/810 811/811
f 812/812 813/813 814/814
f 814/814 813/813 815/815
f 814/814 815/815 816/816
f 817/817 818/818 819/819
f 820/820 821/821 822/822
f 822/822 821/821 823/823
f 822/822 823/823 824/824
f 824/824 823/823 825/825
f 826/826 827/827 828/828
f 828/828 827/827 829/829
f 828/828 829/829 830/830
f 831/831 832/832 833/833
f 834/834 835/835 836/836
f 837/837 838/838 839/839
f 840/840 841/841 842/842
f 843/843 844/844 845/845
f 846/846 847/847 848/848
f 849/849 850/850 851/851
f 852/852 853/853 854/854
f 855/855 856/856 857/857
f 858/858 859/859 860/860
f 861/861 862/862 863/863
f 864/864 865/865 866/866
f 867/867 868/868 869/869
f 870/870 871/871 872/872
f 873/873 874/874 875/875
f 876/876 877/877 878/878
f 879/879 880/880 881/881
f 882/882 883/883 884/884
f 885/885 886/886 887/887
f 888/888 889/889 890/890
f 891/891 892/892 893/893
f 894/894 895/895 896/896
f 897/897 898/898 899/899
f 899/899 898/898 900/900
f 901/901 902/902 903/903
f 904/904 905/905 906/906
f 907/907 908/908 909/909
f 909/909 908/908 910/910
f 909/909 910/910 911/911
f 911/911 910/910 912/912
f 911/911 912/912 913/913
f 913/913 912/912 914/914
f 913/913 914/914 915/915
f 916/916 917/917 918/918
f 918/918 917/917 919/919
f 918/918 919/919 920/920
f 920/920 919/919 921/921
f 922/922 923/923 924/924
f 925/925 926/926 927/927
f 928/928 929/929 930/930
f 931/931 932/932 933/933
f 934/934 935/935 936/936
f 936/936 935/935 937/937
f 936/936 937/937 938/938
f 938/938 937/937 939/939
f 940/940 941/941 942/942
f 942/942 941/941 943/943
f 942/942 943/943 944/944
f 945/945 946/946 947/947
f 948/948 949/949 950/950
f 950/950 949/949 951/951
f 952/952 953/953 954/954
f 955/955 956/956 957/957
f 958/958 959/959 960/960
f 960/960 959/959 961/961
f 960/960 961/961 962/962
f 963/963 964/964 965/965
f 966/966 967/967 968/968
f 969/969 970/970 971/971
f 972/972 973/973 974/974
f 975/975 976/976 977/977
f 977/977 976/976 978/978
f 977/977 978/978 979/979
f 979/979 978/978 980/980
f 979/979 980/980 981/981
f 981/981 980/980 982/982
f 983/983 984/984 985/985
f 985/985 984/984 986/986
f 985/985 986/986 987/987
f 987/987 986/986 988/988
f 987/987 988/988 989/989
f 989/989 988/988 990/990
f 991/991 992/992 993/993
f 994/994 995/995 996/996
f 997/997 998/998 999/999
f 1000/1000 1001/1001 1002/1002
f 1002/1002 1001/1001 1003/1003
f 1002/1002 1003/1003 1004/1004
f 1004/1004 1003/1003 1005/1005
f 1004/1004 1005/1005 1006/1006
f 1006/1006 1005/1005 1007/1007
f 1006/1006 1007/1007 1008/1008
f 1008/1008 1007/1007 1009/1009
f 1010/1010 1011/1011 1012/1012
f 1012/1012 1011/1011 1013/1013
f 1012/1012 1013/1013 1014/1014
f 1014/1014 1013/1013 1015/1015
f 1014/1014 1015/1015 1016/1016
f 1016/1016 1015/1015 1017/1017
f 1018/1018 1019/1019 1020/1020
f 1021/1021 1022/1022 1023/1023
f 1023/1023 1022/1022 1024/1024
f 1025/1025 1026/1026 1027/1027
f 1028/1028 1029/1029 1030/1030
f 1031/1031 1032/1032 1033/1033
f 1034/1034 1035/1035 1036/1036
f 1037/1037 1038/1038 1039/1039
f 1040/1040 1041/1041 1042/1042
f 1043/1043 1044/1044 1045/1045
f 1046/1046 1047/1047 1048/1048
f 1049/1049 1050/1050 1051/1051
f 1052/1052 1053/1053 1054/1054
f 1054/1054 1053/1053 1055/1055
f 1054/1054 1055/1055 1056/1056
f 1057/1057 1058/1058 1059/1059
f 1060/1060 1061/1061 1062/1062
f 1063/1063 1064/1064 1065/1065
f 1065/1065 1064/1064 1066/1066
f 1065/1065 1066/1066 1067/1067
f 1067/1067 1066/1066 1068/1068
f 1067/1067 1068/1068 1069/1069
f 1069/1069 1068/1068 1070/1070
f 1071/1071 1072/1072 1073/1073
f 1073/1073 1072/1072 1074/1074
f 1073/1073 1074/1074 1075/1075
f 1075/1075 1074/1074 1076/1076
f 1075/1075 1076/1076 1077/1077
f 1077/1077 1076/1076 1078/1078
f 1079/1079 1080/1080 1081/1081
f 1081/1081 1080/1080 1082/1082
f 1081/1081 1082/1082 1083/1083
f 1084/1084 1085/1085 1086/1086
f 1087/1087 1088/1088 1089/1089
f 1089/1089 1088/1088 1090/1090
f 1091/1091 1092/1092 1093/1093
f 1094/1094 1095/1095 1096/1096
f 1097/1097 1098/1098 1099/1099
f 1099/1099 1098/1098 1100/1100
f 1099/1099 1100/1100 1101/1101
f 1101/1101 1100/1100 1102/1102
f 1101/1101 1102/1102 1103/1103
f 1103/1103 1102/1102 1104/1104
f 1103/1103 1104/1104 1105/1105
f 1105/1105 1104/1104 1106/1106
f 1105/1105 1106/1106 1107/1107
f 1107/1107 1106/1106 1108/1108
f 1107/1107 1108/1108 1109/1109
f 1109/1109 1108/1108 1110/1110
f 1109/1109 1110/1110 1111/1111
f 1111/1111 1110/1110 1112/1112
f 1113/1113 1114/1114 1115/1115
f 1116/1116 1117/1117 1118/1118
f 1119/1119 1120/1120 1121/1121
f 1122/1122 1123/1123 1124/1124
f 1125/1125 1126/1126 1127/1127
f 1127/1127 1126/1126 1128/1128
f 1127/1127 1128/1128 1129/1129
f 1129/1129 1128/1128 1130/1130
f 1129/1129 1130/1130 1131/1131
f 1131/1131 1130/1130 1132/1132
f 1133/1133 1134/1134 1135/1135
f 1135/1135 1134/1134 1136/1136
f 1135/1135 1136/1136 1137/1137
f 1138/1138 1139/1139 1140/1140
f 1141/1141 1142/1142 1143/1143
f 1144/1144 1145/1145 1146/1146
f 1146/1146 1145/1145 1147/1147
f 1146/1146 1147/1147 1148/1148
f 1148/1148 1147/1147 1149/1149
f 1148/1148 1149/1149 1150/1150
f 1150/1150 1149/1149 1151/1151
f 1150/1150 1151/1151 1152/1152
f 1152/1152 1151/1151 1153/1153
f 1154/1154 1155/1155 1156/1156
f 1156/1156 1155/1155 1157/1157
f 1156/1156 1157/1157 1158/1158
f 1158/1158 1157/1157 1159/1159
f 1158/1158 1159/1159 1160/1160
f 1160/1160 1159/1159 1161/1161
f 1160/1160 1161/1161 1162/1162
f 1162/1162 1161/1161 1163/1163
f 1164/1164 1165/1165 1166/1166
f 1166/1166 1165/1165 1167/1167
f 1166/1166 1167/1167 1168/1168
f 1169/1169 1170/1170 1171/1171
f 1171/1171 1170/1170 1172/1172
f 1171/1171 1172/1172 1173/1173
f 1173/1173 1172/1172 1174/1174
f 1173/1173 1174/1174 1175/1175
f 1175/1175 1174/1174 1176/1176
f 1177/1177 1178/1178 1179/1179
f 1179/1179 1178/1178 1180/1180
f 1179/1179 1180/1180 1181/1181
f 1181/1181 1180/1180 1182/1182
f 1181/1181 1182/1182 1183/1183
f 1183/1183 1182/1182 1184/1184
f 1185/1185 1186/1186 1187/1187
f 1188/1188 1189/1189 1190/1190
f 1190/1190 1189/1189 1191/1191
f 1190/1190 1191/1191 1192/1192
f 1192/1192 1191/1191 1193/1193
f 1192/1192 1193/1193 1194/1194
f 1194/1194 1193/1193 1195/1195
f 1194/1194 1195/1195 1196/1196
f 1196/1196 1195/1195 1197/1197
f 1198/1198 1199/1199 1200/1200
f 1200/1200 1199/1199 1201/1201
f 1200/1200 1201/1201 1202/1202
f 1203/1203 1204/1204 1205/1205
f 1205/1205 1204/1204 1206/1206
f 1205/1205 1206/1206 1207/1207
f 1207/1207 1206/1206 1208/1208
f 1207/1207 1208/1208 1209/1209
f 1209/1209 1208/1208 1210/1210
f 1209/1209 1210/1210 1211/1211
f 1211/1211 1210/1210 1212/1212
f 1213/1213 1214/1214 1215/1215
f 1216/1216 1217/1217 1218/1218
f 1218/1218 1217/1217 1219/1219
f 1218/1218 1219/1219 1220/1220
f 1220/1220 1219/1219 1221/1221
f 1222/1222 1223/1223 1224/1224
f 1224/1224 1223/1223 1225/1225
f 1224/1224 1225/1225 1226/1226
f 1226/1226 1225/1225 1227/1227
f 1226/1226 1227/1227 1228/1228
f 1228/1228 1227/1227 1229/1229
f 1228/1228 1229/1229 1230/1230
f 1230/1230 1229/1229 1231/1231
f 1230/1230 1231/1231 1232/1232
f 1233/1233 1234/1234 1235/1235
f 1235/1235 1234/1234 1236/1236
f 1235/1235 1236/1236 1237/1237
f 1237/1237 1236/1236 1238/1238
f 1237/1237 1238/1238 1239/1239
f 1239/1239 1238/1238 1240/1240
f 1239/1239 1240/1240 1241/1241
f 1241/1241 1240/1240 1242/1242
f 1243/1243 1244/1244 1245/1245
f 1245/1245 1244/1244 1246/1246
f 1245/1245 1246/1246 1247/1247
f 1247/1247 1246/1246 1248/1248
f 1247/1247 1248/1248 1249/1249
f 1249/1249 1248/1248 1250/1250
f 1249/1249 1250/1250 1251/1251
f 1252/1252 1253/1253 1254/1254
f 1254/1254 1253/1253 1255/1255
f 1254/1254 1255/1255 1256/1256
f 1256/1256 1255/1255 1257/1257
f 1256/1256 1257/1257 1258/1258
f 1258/1258 1257/1257 1259/1259
f 1258/1258 1259/1259 1260/1260
f 1260/1260 1259/1259 1261/1261
f 1260/1260 1261/1261 1262/1262
f 1262/1262 1261/1261 1263/1263
f 1262/1262 1263/1263 1264/1264
f 1264/1264 1263/1263 1265/1265
f 1264/1264 1265/1265 1266/1266
f 1266/1266 1265/1265 1267/1267
f 1268/1268 1269/1269 1270/1270
f 1270/1270 1269/1269 1271/1271
f 1270/1270 1271/1271 1272/1272
f 1272/1272 1271/1271 1273/1273
f 1272/1272 1273/1273 1274/1274
f 1274/1274 1273/1273 1275/1275
f 1274/1274 1275/1275 1276/1276
f 1277/1277 1278/1278 1279/1279
f 1279/1279 1278/1278 1280/1280
f 1279/1279 1280/1280 1281/1281
f 1281/1281 1280/1280 1282/1282
f 1281/1281 1282/1282 1283/1283
f 1283/1283 1282/1282 1284/1284
f 1285/1285 1286/1286 1287/1287
f 1287/1287 1286/1286 1288/1288
f 1287/1287 1288/1288 1289/1289
f 1289/1289 1288/1288 1290/1290
f 1289/1289 1290/1290 1291/1291
f 1291/1291 1290/1290 1292/1292
f 1291/1291 1292/1292 1293/1293
f 1293/1293 1292/1292 1294/1294
f 1295/1295 1296/1296 1297/1297
f 1298/1298 1299/1299 1300/1300
f 1300/1300 1299/1299 1301/1301
f 1302/1302 1303/1303 1304/1304
f 1304/1304 1303/1303 1305/1305
f 1306/1306 1307/1307 1308/1308
f 1309/1309 1310/1310 1311/1311
f 1311/1311 1310/1310 1312/1312
f 1313/1313 1314/1314 1315/1315
f 1316/1316 1317/1317 1319/1319
f 1320/1320 1318/1318 1322/1322
f 1319/1319 1321/1321 1323/1323
f 1323/1323 1321/1321 1324/1324
f 1325/1325 1326/1326 1327/1327
f 1328/1328 1329/1329 1330/1330
f 1330/1330 1329/1329 1331/1331
f 1332/1332 1333/1333 1334/1334
f 1334/1334 1333/1333 1335/1335
f 1336/1336 1337/1337 1338/1338
f 1339/1339 1340/1340 1341/1341
f 1341/1341 1340/1340 1342/1342
f 1341/1341 1342/1342 1343/1343
f 1343/1343 1342/1342 1344/1344
f 1343/1343 1344/1344 1345/1345
f 1346/1346 1347/1347 1348/1348
f 1348/1348 1347/1347 1349/1349
f 1348/1348 1349/1349 1350/1350
f 1351/1351 1352/1352 1353/1353
f 1353/1353 1352/1352 1354/1354
f 1353/1353 1354/1354 1355/1355
f 1355/1355 1354/1354 1356/1356
f 1355/1355 1356/1356 1357/1357
f 1358/1358 1359/1359 1360/1360
f 1360/1360 1359/1359 1361/1361
f 1360/1360 1361/1361 1362/1362
f 1362/1362 1361/1361 1363/1363
f 1362/1362 1363/1363 1364/1364
f 1365/1365 1366/1366 1367/1367
f 1367/1367 1366/1366 1368/1368
f 1367/1367 1368/1368 1369/1369
f 1369/1369 1368/1368 1370/1370
f 1369/1369 1370/1370 1371/1371
f 1372/1372 1373/1373 1374/1374
f 1374/1374 1373/1373 1375/1375
f 1374/1374 1375/1375 1376/1376
f 1377/1377 1378/1378 1379/1379
f 1379/1379 1378/1378 1380/1380
f 1379/1379 1380/1380 1381/1381
f 1381/1381 1380/1380 1382/1382
f 1381/1381 1382/1382 1383/1383
f 1384/1384 1385/1385 1386/1386
f 1387/1387 1388/1388 1389/1389
f 1389/1389 1388/1388 1390/1390
f 1391/1391 1392/1392 1393/1393
f 1394/1394 1395/1395 1396/1396
f 1396/1396 1395/1395 1397/1397
f 1398/1398 1399/1399 1400/1400
f 1401/1401 1402/1402 1403/1403
f 1404/1404 1405/1405 1406/1406
f 1407/1407 1408/1408 1409/1409
f 1410/1410 1411/1411 1412/1412
f 1412/1412 1411/1411 1413/1413
f 1414/1414 1415/1415 1416/1416
f 1416/1416 1415/1415 1417/1417
f 1418/1418 1419/1419 1420/1420
f 1421/1421 1422/1422 1423/1423
f 1423/1423 1422/1422 1425/1425
f 1424/1424 1426/1426 1428/1428
f 1427/1427 1425/1425 1429/1429
f 1430/1430 1431/1431 1433/1433
f 1434/1434 1432/1432 1436/1436
f 1433/1433 1435/1435 1437/1437
f 1437/1437 1435/1435 1438/1438
f 1439/1439 1440/1440 1441/1441
f 1441/1441 1440/1440 1442/1442
f 1441/1441 1442/1442 1443/1443
f 1444/1444 1445/1445 1446/1446
f 1446/1446 1445/1445 1447/1447
f 1446/1446 1447/1447 1448/1448
f 1448/1448 1447/1447 1449/1449
f 1448/1448 1449/1449 1450/1450
f 1450/1450 1449/1449 1451/1451
f 1450/1450 1451/1451 1452/1452
f 1452/1452 1451/1451 1453/1453
f 1452/1452 1453/1453 1454/1454
f 1455/1455 1456/1456 1457/1457
f 1458/1458 1459/1459 1460/1460
f 1460/1460 1459/1459 1461/1461
f 1460/1460 1461/1461 1462/1462
f 1462/1462 1461/1461 1463/1463
f 1462/1462 1463/1463 1464/1464
f 1464/1464 1463/1463 1465/1465
f 1464/1464 1465/1465 1466/1466
f 1466/1466 1465/1465 1467/1467
f 1466/1466 1467/1467 1468/1468
f 1469/1469 1470/1470 1471/1471
f 1471/1471 1470/1470 1472/1472
f 1471/1471 1472/1472 1473/1473
f 1473/1473 1472/1472 1474/1474
f 1473/1473 1474/1474 1475/1475
f 1476/1476 1477/1477 1478/1478
f 1479/1479 1480/1480 1481/1481
f 1481/1481 1480/1480 1482/1482
f 1483/1483 1484/1484 1485/1485
f 1485/1485 1484/1484 1486/1486
f 1487/1487 1488/1488 1489/1489
f 1490/1490 1491/1491 1492/1492
f 1493/1493 1494/1494 1495/1495
f 1495/1495 1494/1494 1496/1496
f 1495/1495 1496/1496 1497/1497
f 1497/1497 1496/1496 1498/1498
f 1499/1499 1500/1500 1501/1501
f 1501/1501 1500/1500 1502/1502
f 1503/1503 1504/1504 1505/1505
f 1505/1505 1504/1504 1506/1506
f 1507/1507 1508/1508 1509/1509
f 1510/1510 1511/1511 1512/1512
f 1513/1513 1514/1514 1515/1515
f 1515/1515 1514/1514 1516/1516
f 1515/1515 1516/1516 1517/1517
f 1517/1517 1516/1516 1518/1518
f 1517/1517 1518/1518 1519/1519
f 1520/1520 1521/1521 1522/1522
f 1522/1522 1521/1521 1523/1523
f 1522/1522 1523/1523 1524/1524
f 1524/1524 1523/1523 1525/1525
f 1524/1524 1525/1525 1526/1526
f 1527/1527 1528/1528 1529/1529
f 1529/1529 1528/1528 1530/1530
f 1529/1529 1530/1530 1531/1531
f 1532/1532 1533/1533 1534/1534
f 1534/1534 1533/1533 1535/1535
f 1534/1534 1535/1535 1536/1536
f 1536/1536 1535/1535 1537/1537
f 1536/1536 1537/1537 1538/1538
f 1539/1539 1540/1540 1541/1541
f 1541/1541 1540/1540 1542/1542
f 1541/1541 1542/1542 1543/1543
f 1543/1543 1542/1542 1544/1544
f 1543/1543 1544/1544 1545/1545
f 1546/1546 1548/1548 1550/1550
f 1549/1549 1547/1547 1551/1551
f 1549/1549 1551/1551 1552/1552
f 1553/1553 1554/1554 1555/1555
f 1555/1555 1554/1554 1556/1556
f 1555/1555 1556/1556 1557/1557
f 1557/1557 1556/1556 1558/1558
f 1557/1557 1558/1558 1559/1559
f 1559/1559 1558/1558 1560/1560
f 1559/1559 1560/1560 1561/1561
f 1562/1562 1563/1563 1564/1564
f 1564/1564 1563/1563 1565/1565
f 1566/1566 1567/1567 1568/1568
f 1568/1568 1567/1567 1569/1569
f 1570/1570 1571/1571 1572/1572
f 1573/1573 1574/1574 1575/1575
f 1575/1575 1574/1574 1576/1576
f 1577/1577 1578/1578 1579/1579
f 1579/1579 1578/1578 1580/1580
f 1581/1581 1582/1582 1583/1583
f 1584/1584 1585/1585 1586/1586
f 1587/1587 1588/1588 1589/1589
f 1589/1589 1588/1588 1590/1590
f 1591/1591 1592/1592 1593/1593
f 1593/1593 1592/1592 1594/1594
f 1595/1595 1596/1596 1597/1597
f 1598/1598 1599/1599 1600/1600
f 1601/1601 1602/1602 1603/1603
f 1604/1604 1605/1605 1606/1606
f 1607/1607 1608/1608 1609/1609
f 1609/1609 1608/1608 1610/1610
f 1611/1611 1612/1612 1613/1613
f 1613/1613 1612/1612 1614/1614
f 1613/1613 1614/1614 1615/1615
f 1615/1615 1614/1614 1616/1616
f 1615/1615 1616/1616 1617/1617
f 1618/1618 1619/1619 1620/1620
f 1621/1621 1622/1622 1623/1623
f 1624/1624 1625/1625 1626/1626
f 1626/1626 1625/1625 1627/1627
f 1626/1626 1627/1627 1628/1628
f 1628/1628 1627/1627 1629/1629
f 1628/1628 1629/1629 1630/1630
f 1631/1631 1632/1632 1633/1633
f 1634/1634 1635/1635 1636/1636
f 1636/1636 1635/1635 1637/1637
f 1636/1636 1637/1637 1638/1638
f 1638/1638 1637/1637 1639/1639
f 1638/1638 1639/1639 1640/1640
f 1640/1640 1639/1639 1641/1641
f 1642/1642 1643/1643 1644/1644
f 1644/1644 1643/1643 1645/1645
f 1644/1644 1645/1645 1646/1646
f 1646/1646 1645/1645 1647/1647
f 1646/1646 1647/1647 1648/1648
f 1648/1648 1647/1647 1649/1649
f 1648/1648 1649/1649 1650/1650
f 1650/1650 1649/1649 1651/1651
f 1650/1650 1651/1651 1652/1652
f 1653/1653 1654/1654 1655/1655
f 1655/1655 1654/1654 1656/1656
f 1655/1655 1656/1656 1657/1657
f 1657/1657 1656/1656 1658/1658
f 1657/1657 1658/1658 1659/1659
f 1660/1660 1661/1661 1662/1662
f 1662/1662 1661/1661 1663/1663
f 1664/1664 1665/1665 1666/1666
f 1667/1667 1668/1668 1669/1669
f 1669/1669 1668/1668 1670/1670
f 1671/1671 1672/1672 1673/1673
f 1674/1674 1675/1675 1676/1676
f 1677/1677 1678/1678 1679/1679
f 1679/1679 1678/1678 1680/1680
f 1681/1681 1682/1682 1683/1683
f 1684/1684 1685/1685 1686/1686
f 1687/1687 1688/1688 1689/1689
f 1689/1689 1688/1688 1690/1690
f 1691/1691 1692/1692 1693/1693
f 1693/1693 1692/1692 1694/1694
f 1695/1695 1696/1696 1697/1697
f 1698/1698 1699/1699 1700/1700
f 1701/1701 1702/1702 1703/1703
f 1703/1703 1702/1702 1705/1705
f 1704/1704 1706/1706 1708/1708
f 1707/1707 1705/1705 1709/1709
f 1710/1710 1711/1711 1712/1712
f 1712/1712 1711/1711 1713/1713
f 1712/1712 1713/1713 1714/1714
f 1714/1714 1713/1713 1715/1715
f 1714/1714 1715/1715 1716/1716
f 1717/1717 1718/1718 1719/1719
f 1719/1719 1718/1718 1720/1720
f 1719/1719 1720/1720 1721/1721
f 1722/1722 1723/1723 1724/1724
f 1725/1725 1726/1726 1728/1728
f 1729/1729 1727/1727 1731/1731
f 1728/1728 1730/1730 1732/1732
f 1732/1732 1730/1730 1733/1733
f 1732/1732 1733/1733 1734/1734
f 1735/1735 1736/1736 1737/1737
f 1737/1737 1736/1736 1738/1738
f 1737/1737 1738/1738 1739/1739
f 1740/1740 1741/1741 1742/1742
f 1742/1742 1741/1741 1743/1743
f 1742/1742 1743/1743 1744/1744
f 1744/1744 1743/1743 1745/1745
f 1744/1744 1745/1745 1746/1746
f 1746/1746 1745/1745 1747/1747
f 1746/1746 1747/1747 1748/1748
f 1748/1748 1747/1747 1749/1749
f 1748/1748 1749/1749 1750/1750
f 1751/1751 1752/1752 1753/1753
f 1753/1753 1752/1752 1754/1754
f 1753/1753 1754/1754 1755/1755
f 1755/1755 1754/1754 1756/1756
f 1755/1755 1756/1756 1757/1757
f 1758/1758 1759/1759 1760/1760
f 1761/1761 1762/1762 1763/1763
f 1764/1764 1765/1765 1766/1766
f 1767/1767 1768/1768 1769/1769
f 1770/1770 1771/1771 1772/1772
f 1772/1772 1771/1771 1773/1773
f 1774/1774 1775/1775 1776/1776
f 1776/1776 1775/1775 1777/1777
f 1778/1778 1779/1779 1780/1780
f 1781/1781 1782/1782 1783/1783
f 1784/1784 1785/1785 1786/1786
f 1787/1787 1788/1788 1789/1789
f 1790/1790 1791/1791 1792/1792
f 1792/1792 1791/1791 1794/1794
f 1793/1793 1795/1795 1796/1796
f 1797/1797 1798/1798 1799/1799
f 1799/1799 1798/1798 1800/1800
f 1799/1799 1800/1800 1801/1801
f 1801/1801 1800/1800 1802/1802
f 1801/1801 1802/1802 1803/1803
f 1804/1804 1805/1805 1806/1806
f 1806/1806 1805/1805 1807/1807
f 1806/1806 1807/1807 1808/1808
f 1808/1808 1807/1807 1809/1809
f 1810/1810 1811/1811 1812/1812
f 1812/1812 1811/1811 1813/1813
f 1812/1812 1813/1813 1814/1814
f 1814/1814 1813/1813 1815/1815
f 1814/1814 1815/1815 1816/1816
f 1817/1817 1818/1818 1819/1819
f 1819/1819 1818/1818 1820/1820
f 1821/1821 1822/1822 1824/1824
f 1825/1825 1823/1823 1827/1827
f 1824/1824 1826/1826 1828/1828
f 1828/1828 1826/1826 1829/1829
f 1828/1828 1829/1829 1830/1830
f 1830/1830 1829/1829 1831/1831
f 1830/1830 1831/1831 1832/1832
f 1832/1832 1831/1831 1833/1833
f 1832/1832 1833/1833 1834/1834
f 1835/1835 1836/1836 1837/1837
f 1837/1837 1836/1836 1839/1839
f 1838/1838 1840/1840 1842/1842
f 1841/1841 1839/1839 1843/1843
f 1841/1841 1843/1843 1844/1844
f 1844/1844 1843/1843 1845/1845
f 1844/1844 1845/1845 1846/1846
f 1846/1846 1845/1845 1848/1848
f 1847/1847 1849/1849 1851/1851
f 1850/1850 1848/1848 1852/1852
f 1853/1853 1854/1854 1855/1855
f 1855/1855 1854/1854 1856/1856
f 1857/1857 1858/1858 1859/1859
f 1859/1859 1858/1858 1860/1860
f 1861/1861 1862/1862 1863/1863
f 1864/1864 1865/1865 1866/1866
f 1867/1867 1868/1868 1869/1869
f 1869/1869 1868/1868 1870/1870
f 1871/1871 1872/1872 1873/1873
f 1874/1874 1875/1875 1876/1876
f 1877/1877 1878/1878 1879/1879
f 1879/1879 1878/1878 1880/1880
f 1881/1881 1882/1882 1883/1883
f 1884/1884 1885/1885 1886/1886
f 1887/1887 1888/1888 1889/1889
f 1889/1889 1888/1888 1890/1890
f 1891/1891 1892/1892 1893/1893
f 1893/1893 1892/1892 1894/1894
f 1895/1895 1896/1896 1897/1897
f 1897/1897 1896/1896 1899/1899
f 1898/1898 1900/1900 1902/1902
f 1901/1901 1899/1899 1903/1903
f 1904/1904 1905/1905 1906/1906
f 1907/1907 1908/1908 1910/1910
f 1911/1911 1909/1909 1913/1913
f 1910/1910 1912/1912 1914/1914
f 1914/1914 1912/1912 1915/1915
f 1916/1916 1917/1917 1918/1918
f 1918/1918 1917/1917 1919/1919
f 1918/1918 1919/1919 1920/1920
f 1921/1921 1922/1922 1923/1923
f 1923/1923 1922/1922 1924/1924
f 1923/1923 1924/1924 1925/1925
f 1925/1925 1924/1924 1926/1926
f 1925/1925 1926/1926 1927/1927
f 1927/1927 1926/1926 1928/1928
f 1927/1927 1928/1928 1929/1929
f 1929/1929 1928/1928 1930/1930
f 1929/1929 1930/1930 1931/1931
f 1932/1932 1933/1933 1934/1934
f 1935/1935 1936/1936 1937/1937
f 1937/1937 1936/1936 1938/1938
f 1937/1937 1938/1938 1939/1939
f 1939/1939 1938/1938 1940/1940
f 1939/1939 1940/1940 1941/1941
f 1941/1941 1940/1940 1942/1942
f 1941/1941 1942/1942 1943/1943
f 1943/1943 1942/1942 1944/1944
f 1943/1943 1944/1944 1945/1945
f 1946/1946 1947/1947 1948/1948
f 1948/1948 1947/1947 1949/1949
f 1948/1948 1949/1949 1950/1950
f 1950/1950 1949/1949 1951/1951
f 1950/1950 1951/1951 1952/1952
f 1953/1953 1954/1954 1955/1955
f 1955/1955 1954/1954 1956/1956
f 1957/1957 1958/1958 1959/1959
f 1959/1959 1958/1958 1960/1960
f 1961/1961 1962/1962 1963/1963
f 1963/1963 1962/1962 1964/1964
f 1965/1965 1966/1966 1967/1967
f 1967/1967 1966/1966 1968/1968
f 1969/1969 1970/1970 1971/1971
f 1972/1972 1973/1973 1974/1974
f 1975/1975 1976/1976 1978/1978
f 1979/1979 1977/1977 1981/1981
f 1978/1978 1980/1980 1982/1982
f 1982/1982 1980/1980 1983/1983
f 1984/1984 1985/1985 1986/1986
f 1986/1986 1985/1985 1987/1987
f 1988/1988 1989/1989 1990/1990
f 1991/1991 1992/1992 1993/1993
f 1993/1993 1992/1992 1994/1994
f 1995/1995 1996/1996 1997/1997
f 1998/1998 1999/1999 2000/2000
f 2001/2001 2002/2002 2003/2003
f 2003/2003 2002/2002 2005/2005
f 2004/2004 2006/2006 2008/2008
f 2007/2007 2005/2005 2009/2009
f 2007/2007 2009/2009 2010/2010
f 2011/2011 2012/2012 2013/2013
f 2013/2013 2012/2012 2014/2014
f 2013/2013 2014/2014 2015/2015
f 2016/2016 2017/2017 2018/2018
f 2018/2018 2017/2017 2019/2019
f 2018/2018 2019/2019 2020/2020
f 2020/2020 2019/2019 2021/2021
f 2020/2020 2021/2021 2022/2022
f 2023/2023 2024/2024 2025/2025
f 2025/2025 2024/2024 2026/2026
f 2025/2025 2026/2026 2027/2027
f 2027/2027 2026/2026 2028/2028
f 2027/2027 2028/2028 2029/2029
f 2030/2030 2031/2031 2032/2032
f 2032/2032 2031/2031 2033/2033
f 2032/2032 2033/2033 2034/2034
f 2034/2034 2033/2033 2035/2035
f 2034/2034 2035/2035 2036/2036
f 2037/2037 2038/2038 2039/2039
f 2039/2039 2038/2038 2040/2040
f 2039/2039 2040/2040 2041/2041
f 2042/2042 2043/2043 2044/2044
f 2044/2044 2043/2043 2045/2045
f 2044/2044 2045/2045 2046/2046
f 2046/2046 2045/2045 2047/2047
f 2046/2046 2047/2047 2048/2048
f 2048/2048 2047/2047 2049/2049
f 2048/2048 2049/2049 2050/2050
f 2051/2051 2052/2052 2053/2053
f 2053/2053 2052/2052 2054/2054
f 2055/2055 2056/2056 2057/2057
f 2057/2057 2056/2056 2058/2058
f 2059/2059 2060/2060 2061/2061
f 2061/2061 2060/2060 2062/2062
f 2063/2063 2064/2064 2065/2065
f 2065/2065 2064/2064 2066/2066
f 2067/2067 2068/2068 2069/2069
f 2069/2069 2068/2068 2070/2070
f 2071/2071 2072/2072 2073/2073
f 2073/2073 2072/2072 2074/2074
f 2075/2075 2076/2076 2077/2077
f 2077/2077 2076/2076 2078/2078
f 2079/2079 2080/2080 2081/2081
f 2082/2082 2083/2083 2084/2084
f 2085/2085 2086/2086 2087/2087
f 2087/2087 2086/2086 2088/2088
f 2087/2087 2088/2088 2089/2089
f 2089/2089 2088/2088 2090/2090
f 2091/2091 2092/2092 2093/2093
f 2093/2093 2092/2092 2094/2094
f 2095/2095 2096/2096 2097/2097
f 2097/2097 2096/2096 2098/2098
f 2099/2099 2100/2100 2101/2101
f 2101/2101 2100/2100 2102/2102
f 2103/2103 2104/2104 2105/2105
f 2105/2105 2104/2104 2106/2106
f 2107/2107 2108/2108 2109/2109
f 2109/2109 2108/2108 2110/2110
f 2111/2111 2112/2112 2113/2113
f 2113/2113 2112/2112 2114/2114
f 2115/2115 2116/2116 2117/2117
f 2117/2117 2116/2116 2118/2118
f 2119/2119 2120/2120 2121/2121
f 2122/2122 2123/2123 2124/2124
f 2125/2125 2126/2126 2127/2127
f 2127/2127 2126/2126 2128/2128
f 2127/2127 2128/2128 2129/2129
f 2129/2129 2128/2128 2130/2130
f 2131/2131 2132/2132 2133/2133
f 2133/2133 2132/2132 2134/2134
f 2135/2135 2136/2136 2137/2137
f 2137/2137 2136/2136 2138/2138
f 2139/2139 2140/2140 2141/2141
f 2141/2141 2140/2140 2142/2142
f 2143/2143 2144/2144 2145/2145
f 2145/2145 2144/2144 2146/2146
f 2147/2147 2148/2148 2149/2149
f 2149/2149 2148/2148 2150/2150
f 2151/2151 2152/2152 2153/2153
f 2153/2153 2152/2152 2154/2154
f 2155/2155 2156/2156 2157/2157
f 2157/2157 2156/2156 2158/2158
f 2159/2159 2160/2160 2161/2161
f 2161/2161 2160/2160 2162/2162
f 2163/2163 2164/2164 2165/2165
f 2165/2165 2164/2164 2166/2166
f 2167/2167 2168/2168 2169/2169
f 2169/2169 2168/2168 2170/2170
f 2171/2171 2172/2172 2173/2173
f 2173/2173 2172/2172 2174/2174
f 2175/2175 2176/2176 2177/2177
f 2177/2177 2176/2176 2178/2178
f 2179/2179 2180/2180 2181/2181
f 2182/2182 2183/2183 2184/2184
f 2185/2185 2186/2186 2187/2187
f 2188/2188 2189/2189 2190/2190
f 2190/2190 2189/2189 2191/2191
f 2190/2190 2191/2191 2192/2192
f 2192/2192 2191/2191 2193/2193
f 2192/2192 2193/2193 2194/2194
f 2195/2195 2196/2196 2197/2197
f 2197/2197 2196/2196 2198/2198
f 2197/2197 2198/2198 2199/2199
f 2199/2199 2198/2198 2200/2200
f 2199/2199 2200/2200 2201/2201
f 2201/2201 2200/2200 2202/2202
f 2203/2203 2204/2204 2205/2205
f 2205/2205 2204/2204 2206/2206
f 2205/2205 2206/2206 2207/2207
f 2207/2207 2206/2206 2208/2208
f 2209/2209 2210/2210 2211/2211
f 2212/2212 2213/2213 2214/2214
f 2215/2215 2216/2216 2217/2217
f 2217/2217 2216/2216 2218/2218
f 2217/2217 2218/2218 2219/2219
f 2219/2219 2218/2218 2220/2220
f 2219/2219 2220/2220 2221/2221
f 2222/2222 2223/2223 2224/2224
f 2224/2224 2223/2223 2225/2225
f 2224/2224 2225/2225 2226/2226
f 2226/2226 2225/2225 2227/2227
f 2228/2228 2229/2229 2230/2230
f 2231/2231 2232/2232 2233/2233
f 2233/2233 2232/2232 2234/2234
f 2233/2233 2234/2234 2235/2235
f 2235/2235 2234/2234 2236/2236
f 2237/2237 2238/2238 2239/2239
f 2239/2239 2238/2238 2240/2240
f 2239/2239 2240/2240 2241/2241
f 2241/2241 2240/2240 2242/2242
f 2243/2243 2244/2244 2245/2245
f 2245/2245 2244/2244 2246/2246
f 2247/2247 2248/2248 2249/2249
f 2249/2249 2248/2248 2250/2250
f 2251/2251 2252/2252 2253/2253
f 2253/2253 2252/2252 2254/2254
f 2255/2255 2256/2256 2257/2257
f 2257/2257 2256/2256 2258/2258
f 2259/2259 2260/2260 2261/2261
f 2261/2261 2260/2260 2262/2262
f 2263/2263 2264/2264 2265/2265
f 2265/2265 2264/2264 2266/2266
f 2267/2267 2268/2268 2269/2269
f 2269/2269 2268/2268 2270/2270
f 2271/2271 2272/2272 2273/2273
f 2273/2273 2272/2272 2274/2274
f 2275/2275 2276/2276 2277/2277
f 2278/2278 2279/2279 2280/2280
f 2281/2281 2282/2282 2283/2283
f 2284/2284 2285/2285 2286/2286
f 2286/2286 2285/2285 2287/2287
f 2286/2286 2287/2287 2288/2288
f 2288/2288 2287/2287 2289/2289
f 2288/2288 2289/2289 2290/2290
f 2291/2291 2292/2292 2293/2293
f 2293/2293 2292/2292 2294/2294
f 2293/2293 2294/2294 2295/2295
f 2295/2295 2294/2294 2296/2296
f 2295/2295 2296/2296 2297/2297
f 2297/2297 2296/2296 2298/2298
f 2299/2299 2300/2300 2301/2301
f 2301/2301 2300/2300 2302/2302
f 2301/2301 2302/2302 2303/2303
f 2303/2303 2302/2302 2304/2304
f 2305/2305 2306/2306 2307/2307
f 2308/2308 2309/2309 2310/2310
f 2311/2311 2312/2312 2313/2313
f 2313/2313 2312/2312 2314/2314
f 2313/2313 2314/2314 2315/2315
f 2315/2315 2314/2314 2316/2316
f 2315/2315 2316/2316 2317/2317
f 2318/2318 2319/2319 2320/2320
f 2320/2320 2319/2319 2321/2321
f 2320/2320 2321/2321 2322/2322
f 2322/2322 2321/2321 2323/2323
f 2324/2324 2325/2325 2326/2326
f 2327/2327 2328/2328 2329/2329
f 2329/2329 2328/2328 2330/2330
f 2329/2329 2330/2330 2331/2331
f 2331/2331 2330/2330 2332/2332
f 2333/2333 2334/2334 2335/2335
f 2335/2335 2334/2334 2336/2336
f 2335/2335 2336/2336 2337/2337
f 2337/2337 2336/2336 2338/2338
f 2339/2339 2340/2340 2341/2341
f 2341/2341 2340/2340 2342/2342
f 2343/2343 2344/2344 2345/2345
f 2345/2345 2344/2344 2346/2346
f 2347/2347 2348/2348 2349/2349
f 2349/2349 2348/2348 2350/2350
f 2351/2351 2352/2352 2353/2353
f 2353/2353 2352/2352 2354/2354
f 2355/2355 2356/2356 2357/2357
f 2357/2357 2356/2356 2358/2358
f 2359/2359 2360/2360 2361/2361
f 2361/2361 2360/2360 2362/2362
f 2363/2363 2364/2364 2365/2365
f 2365/2365 2364/2364 2366/2366
f 2367/2367 2368/2368 2369/2369
f 2369/2369 2368/2368 2370/2370
f 2371/2371 2372/2372 2373/2373
f 2373/2373 2372/2372 2374/2374
f 2375/2375 2376/2376 2377/2377
f 2377/2377 2376/2376 2378/2378
f 2379/2379 2380/2380 2381/2381
f 2381/2381 2380/2380 2382/2382
f 2383/2383 2384/2384 2385/2385
f 2385/2385 2384/2384 2386/2386
f 2387/2387 2388/2388 2389/2389
f 2389/2389 2388/2388 2390/2390
f 2391/2391 2392/2392 2393/2393
f 2393/2393 2392/2392 2394/2394
f 2395/2395 2396/2396 2397/2397
f 2397/2397 2396/2396 2398/2398
f 2399/2399 2400/2400 2401/2401
f 2401/2401 2400/2400 2402/2402
f 2403/2403 2404/2404 2405/2405
f 2406/2406 2407/2407 2408/2408
f 2409/2409 2410/2410 2411/2411
f 2412/2412 2413/2413 2414/2414
f 2414/2414 2413/2413 2415/2415
f 2414/2414 2415/2415 2416/2416
f 2416/2416 2415/2415 2417/2417
f 2416/2416 2417/2417 2418/2418
f 2419/2419 2420/2420 2421/2421
f 2421/2421 2420/2420 2422/2422
f 2421/2421 2422/2422 2423/2423
f 2423/2423 2422/2422 2424/2424
f 2423/2423 2424/2424 2425/2425
f 2425/2425 2424/2424 2426/2426
f 2427/2427 2428/2428 2429/2429
f 2429/2429 2428/2428 2430/2430
f 2429/2429 2430/2430 2431/2431
f 2431/2431 2430/2430 2432/2432
f 2433/2433 2434/2434 2435/2435
f 2436/2436 2437/2437 2438/2438
f 2439/2439 2440/2440 2441/2441
f 2442/2442 2443/2443 2444/2444
f 2444/2444 2443/2443 2445/2445
f 2444/2444 2445/2445 2446/2446
f 2446/2446 2445/2445 2447/2447
f 2446/2446 2447/2447 2448/2448
f 2449/2449 2450/2450 2451/2451
f 2452/2452 2453/2453 2454/2454
f 2455/2455 2456/2456 2457/2457
f 2457/2457 2456/2456 2458/2458
f 2457/2457 2458/2458 2459/2459
f 2459/2459 2458/2458 2460/2460
f 2461/2461 2462/2462 2463/2463
f 2463/2463 2462/2462 2464/2464
f 2463/2463 2464/2464 2465/2465
f 2465/2465 2464/2464 2466/2466
f 2465/2465 2466/2466 2467/2467
f 2467/2467 2466/2466 2468/2468
f 2469/2469 2470/2470 2471/2471
f 2471/2471 2470/2470 2472/2472
f 2473/2473 2474/2474 2475/2475
f 2475/2475 2474/2474 2476/2476
f 2477/2477 2478/2478 2479/2479
f 2479/2479 2478/2478 2480/2480
f 2481/2481 2482/2482 2483/2483
f 2483/2483 2482/2482 2484/2484
f 2485/2485 2486/2486 2487/2487
f 2488/2488 2489/2489 2490/2490
f 2491/2491 2492/2492 2493/2493
f 2494/2494 2495/2495 2496/2496
f 2496/2496 2495/2495 2497/2497
f 2496/2496 2497/2497 2498/2498
f 2498/2498 2497/2497 2499/2499
f 2498/2498 2499/2499 2500/2500
f 2501/2501 2502/2502 2503/2503
f 2503/2503 2502/2502 2504/2504
f 2503/2503 2504/2504 2505/2505
f 2505/2505 2504/2504 2506/2506
f 2505/2505 2506/2506 2507/2507
f 2507/2507 2506/2506 2508/2508
f 2509/2509 2510/2510 2511/2511
f 2511/2511 2510/2510 2512/2512
f 2511/2511 2512/2512 2513/2513
f 2513/2513 2512/2512 2514/2514
f 2515/2515 2516/2516 2517/2517
f 2518/2518 2519/2519 2520/2520
f 2521/2521 2522/2522 2523/2523
f 2524/2524 2525/2525 2526/2526
f 2527/2527 2528/2528 2529/2529
f 2529/2529 2528/2528 2530/2530
f 2529/2529 2530/2530 2531/2531
f 2531/2531 2530/2530 2532/2532
f 2531/2531 2532/2532 2533/2533
f 2534/2534 2535/2535 2536/2536
f 2537/2537 2538/2538 2539/2539
f 2539/2539 2538/2538 2540/2540
f 2539/2539 2540/2540 2541/2541
f 2541/2541 2540/2540 2542/2542
f 2543/2543 2544/2544 2545/2545
f 2545/2545 2544/2544 2546/2546
f 2545/2545 2546/2546 2547/2547
f 2547/2547 2546/2546 2548/2548
f 2547/2547 2548/2548 2549/2549
f 2549/2549 2548/2548 2550/2550
f 2551/2551 2552/2552 2553/2553
f 2553/2553 2552/2552 2554/2554
f 2555/2555 2556/2556 2557/2557
f 2557/2557 2556/2556 2558/2558
f 2559/2559 2560/2560 2561/2561
f 2561/2561 2560/2560 2562/2562
f 2563/2563 2564/2564 2565/2565
f 2565/2565 2564/2564 2566/2566
f 2567/2567 2568/2568 2569/2569
f 2569/2569 2568/2568 2570/2570
f 2571/2571 2572/2572 2573/2573
f 2573/2573 2572/2572 2574/2574
f 2575/2575 2576/2576 2577/2577
f 2577/2577 2576/2576 2578/2578
f 2579/2579 2580/2580 2581/2581
f 2581/2581 2580/2580 2582/2582
f 2583/2583 2584/2584 2585/2585
f 2585/2585 2584/2584 2586/2586
f 2587/2587 2588/2588 2589/2589
f 2589/2589 2588/2588 2590/2590
f 2591/2591 2592/2592 2593/2593
f 2593/2593 2592/2592 2594/2594
f 2595/2595 2596/2596 2597/2597
f 2597/2597 2596/2596 2598/2598
f 2599/2599 2600/2600 2601/2601
f 2601/2601 2600/2600 2602/2602
f 2603/2603 2604/2604 2605/2605
f 2605/2605 2604/2604 2606/2606
f 2607/2607 2608/2608 2609/2609
f 2610/2610 2611/2611 2612/2612
f 2613/2613 2614/2614 2615/2615
f 2616/2616 2617/2617 2618/2618
f 2619/2619 2620/2620 2621/2621
f 2622/2622 2623/2623 2624/2624
f 2624/2624 2623/2623 2625/2625
f 2624/2624 2625/2625 2626/2626
f 2626/2626 2625/2625 2627/2627
f 2628/2628 2629/2629 2630/2630
f 2630/2630 2629/2629 2631/2631
f 2630/2630 2631/2631 2632/2632
f 2632/2632 2631/2631 2633/2633
f 2632/2632 2633/2633 2634/2634
f 2635/2635 2636/2636 2637/2637
f 2637/2637 2636/2636 2638/2638
f 2637/2637 2638/2638 2639/2639
f 2639/2639 2638/2638 2640/2640
f 2639/2639 2640/2640 2641/2641
f 2641/2641 2640/2640 2642/2642
f 2643/2643 2644/2644 2645/2645
f 2645/2645 2644/2644 2646/2646
f 2647/2647 2648/2648 2649/2649
f 2649/2649 2648/2648 2650/2650
f 2651/2651 2652/2652 2653/2653
f 2653/2653 2652/2652 2654/2654
f 2655/2655 2656/2656 2657/2657
f 2657/2657 2656/2656 2658/2658
f 2659/2659 2660/2660 2661/2661
f 2661/2661 2660/2660 2662/2662
f 2663/2663 2664/2664 2665/2665
f 2666/2666 2667/2667 2668/2668
f 2668/2668 2667/2667 2669/2669
f 2670/2670 2671/2671 2672/2672
f 2672/2672 2671/2671 2673/2673
f 2672/2672 2673/2673 2674/2674
f 2674/2674 2673/2673 2675/2675
f 2674/2674 2675/2675 2676/2676
f 2677/2677 2678/2678 2679/2679
f 2680/2680 2681/2681 2682/2682
f 2682/2682 2681/2681 2683/2683
f 2682/2682 2683/2683 2684/2684
f 2684/2684 2683/2683 2685/2685
f 2684/2684 2685/2685 2686/2686
f 2686/2686 2685/2685 2687/2687
f 2686/2686 2687/2687 2688/2688
f 2689/2689 2690/2690 2691/2691
f 2691/2691 2690/2690 2692/2692
f 2691/2691 2692/2692 2693/2693
f 2693/2693 2692/2692 2694/2694
f 2695/2695 2696/2696 2697/2697
f 2698/2698 2699/2699 2700/2700
f 2701/2701 2702/2702 2703/2703
f 2704/2704 2705/2705 2706/2706
f 2707/2707 2708/2708 2709/2709
f 2710/2710 2711/2711 2712/2712
f 2712/2712 2711/2711 2713/2713
f 2712/2712 2713/2713 2714/2714
f 2714/2714 2713/2713 2715/2715
f 2716/2716 2717/2717 2718/2718
f 2718/2718 2717/2717 2719/2719
f 2718/2718 2719/2719 2720/2720
f 2720/2720 2719/2719 2721/2721
f 2720/2720 2721/2721 2722/2722
f 2723/2723 2724/2724 2725/2725
f 2725/2725 2724/2724 2726/2726
f 2725/2725 2726/2726 2727/2727
f 2727/2727 2726/2726 2728/2728
f 2727/2727 2728/2728 2729/2729
f 2729/2729 2728/2728 2730/2730
f 2731/2731 2732/2732 2733/2733
f 2733/2733 2732/2732 2734/2734
f 2735/2735 2736/2736 2737/2737
f 2737/2737 2736/2736 2738/2738
f 2739/2739 2740/2740 2741/2741
f 2741/2741 2740/2740 2742/2742
f 2743/2743 2744/2744 2745/2745
f 2745/2745 2744/2744 2746/2746
f 2747/2747 2748/2748 2749/2749
f 2749/2749 2748/2748 2750/2750
f 2751/2751 2752/2752 2753/2753
f 2754/2754 2755/2755 2756/2756
f 2756/2756 2755/2755 2757/2757
f 2758/2758 2759/2759 2760/2760
f 2760/2760 2759/2759 2761/2761
f 2760/2760 2761/2761 2762/2762
f 2762/2762 2761/2761 2763/2763
f 2762/2762 2763/2763 2764/2764
f 2765/2765 2766/2766 2767/2767
f 2768/2768 2769/2769 2770/2770
f 2770/2770 2769/2769 2771/2771
f 2770/2770 2771/2771 2772/2772
f 2772/2772 2771/2771 2773/2773
f 2772/2772 2773/2773 2774/2774
f 2774/2774 2773/2773 2775/2775
f 2774/2774 2775/2775 2776/2776
f 2777/2777 2778/2778 2779/2779
f 2779/2779 2778/2778 2780/2780
f 2779/2779 2780/2780 2781/2781
f 2781/2781 2780/2780 2782/2782
f 2783/2783 2784/2784 2785/2785
f 2785/2785 2784/2784 2786/2786
f 2787/2787 2788/2788 2789/2789
f 2789/2789 2788/2788 2790/2790
f 2791/2791 2792/2792 2793/2793
f 2793/2793 2792/2792 2794/2794
f 2795/2795 2796/2796 2797/2797
f 2797/2797 2796/2796 2798/2798
f 2799/2799 2800/2800 2801/2801
f 2801/2801 2800/2800 2802/2802
f 2803/2803 2804/2804 2805/2805
f 2805/2805 2804/2804 2806/2806
f 2807/2807 2808/2808 2809/2809
f 2809/2809 2808/2808 2810/2810
f 2811/2811 2812/2812 2813/2813
f 2813/2813 2812/2812 2814/2814
f 2815/2815 2816/2816 2817/2817
f 2817/2817 2816/2816 2818/2818
f 2819/2819 2820/2820 2821/2821
f 2821/2821 2820/2820 2822/2822
f 2823/2823 2824/2824 2825/2825
f 2826/2826 2827/2827 2828/2828
f 2828/2828 2827/2827 2829/2829
f 2828/2828 2829/2829 2830/2830
f 2830/2830 2829/2829 2831/2831
f 2830/2830 2831/2831 2832/2832
f 2832/2832 2831/2831 2833/2833
f 2832/2832 2833/2833 2834/2834
f 2835/2835 2836/2836 2837/2837
f 2838/2838 2839/2839 2840/2840
f 2840/2840 2839/2839 2841/2841
f 2840/2840 2841/2841 2842/2842
f 2842/2842 2841/2841 2843/2843
f 2844/2844 2845/2845 2846/2846
f 2846/2846 2845/2845 2847/2847
f 2846/2846 2847/2847 2848/2848
f 2848/2848 2847/2847 2849/2849
f 2848/2848 2849/2849 2850/2850
f 2850/2850 2849/2849 2851/2851
f 2850/2850 2851/2851 2852/2852
f 2853/2853 2854/2854 2855/2855
f 2855/2855 2854/2854 2856/2856
f 2857/2857 2858/2858 2859/2859
f 2859/2859 2858/2858 2860/2860
f 2861/2861 2862/2862 2863/2863
f 2863/2863 2862/2862 2864/2864
f 2865/2865 2866/2866 2867/2867
f 2867/2867 2866/2866 2868/2868
f 2869/2869 2870/2870 2871/2871
f 2871/2871 2870/2870 2872/2872
f 2873/2873 2874/2874 2875/2875
f 2876/2876 2877/2877 2878/2878
f 2879/2879 2880/2880 2881/2881
f 2882/2882 2883/2883 2884/2884
f 2885/2885 2886/2886 2887/2887
f 2887/2887 2886/2886 2888/2888
f 2887/2887 2888/2888 2889/2889
f 2889/2889 2888/2888 2890/2890
f 2889/2889 2890/2890 2891/2891
f 2891/2891 2890/2890 2892/2892
f 2891/2891 2892/2892 2893/2893
f 2894/2894 2895/2895 2896/2896
f 2896/2896 2895/2895 2897/2897
f 2896/2896 2897/2897 2898/2898
f 2898/2898 2897/2897 2899/2899
f 2898/2898 2899/2899 2900/2900
f 2900/2900 2899/2899 2901/2901
f 2900/2900 2901/2901 2902/2902
f 2902/2902 2901/2901 2903/2903
f 2902/2902 2903/2903 2904/2904
f 2905/2905 2906/2906 2907/2907
f 2908/2908 2909/2909 2910/2910
f 2910/2910 2909/2909 2911/2911
f 2910/2910 2911/2911 2912/2912
f 2912/2912 2911/2911 2913/2913
f 2912/2912 2913/2913 2914/2914
f 2914/2914 2913/2913 2915/2915
f 2914/2914 2915/2915 2916/2916
f 2917/2917 2918/2918 2919/2919
f 2920/2920 2921/2921 2922/2922
f 2922/2922 2921/2921 2923/2923
f 2922/2922 2923/2923 2924/2924
f 2924/2924 2923/2923 2925/2925
f 2926/2926 2927/2927 2928/2928
f 2928/2928 2927/2927 2929/2929
f 2928/2928 2929/2929 2930/2930
f 2930/2930 2929/2929 2931/2931
f 2930/2930 2931/2931 2932/2932
f 2932/2932 2931/2931 2933/2933
f 2932/2932 2933/2933 2934/2934
f 2935/2935 2936/2936 2937/2937
f 2937/2937 2936/2936 2938/2938
f 2939/2939 2940/2940 2941/2941
f 2941/2941 2940/2940 2942/2942
f 2943/2943 2944/2944 2945/2945
f 2945/2945 2944/2944 2946/2946
f 2947/2947 2948/2948 2949/2949
f 2949/2949 2948/2948 2950/2950
f 2951/2951 2952/2952 2953/2953
f 2953/2953 2952/2952 2954/2954
f 2955/2955 2956/2956 2957/2957
f 2958/2958 2959/2959 2960/2960
f 2961/2961 2962/2962 2963/2963
f 2964/2964 2965/2965 2966/2966
f 2967/2967 2968/2968 2969/2969
f 2969/2969 2968/2968 2970/2970
f 2969/2969 2970/2970 2971/2971
f 2971/2971 2970/2970 2972/2972
f 2971/2971 2972/2972 2973/2973
f 2973/2973 2972/2972 2974/2974
f 2973/2973 2974/2974 2975/2975
f 2976/2976 2977/2977 2978/2978
f 2978/2978 2977/2977 2979/2979
f 2978/2978 2979/2979 2980/2980
f 2980/2980 2979/2979 2981/2981
f 2980/2980 2981/2981 2982/2982
f 2982/2982 2981/2981 2983/2983
f 2982/2982 2983/2983 2984/2984
f 2984/2984 2983/2983 2985/2985
f 2984/2984 2985/2985 2986/2986
f 2987/2987 2988/2988 2989/2989
f 2989/2989 2988/2988 2990/2990
f 2991/2991 2992/2992 2993/2993
f 2993/2993 2992/2992 2994/2994
f 2995/2995 2996/2996 2997/2997
f 2997/2997 2996/2996 2998/2998
f 2999/2999 3000/3000 3001/3001
f 3001/3001 3000/3000 3002/3002
f 3003/3003 3004/3004 3005/3005
f 3005/3005 3004/3004 3006/3006
f 3007/3007 3008/3008 3009/3009
f 3009/3009 3008/3008 3010/3010
f 3011/3011 3012/3012 3013/3013
f 3013/3013 3012/3012 3014/3014
f 3015/3015 3016/3016 3017/3017
f 3018/3018 3019/3019 3020/3020
f 3021/3021 3022/3022 3023/3023
f 3023/3023 3022/3022 3024/3024
f 3023/3023 3024/3024 3025/3025
f 3025/3025 3024/3024 3026/3026
f 3027/3027 3028/3028 3029/3029
f 3029/3029 3028/3028 3030/3030
f 3031/3031 3032/3032 3033/3033
f 3033/3033 3032/3032 3034/3034
f 3035/3035 3036/3036 3037/3037
f 3037/3037 3036/3036 3038/3038
f 3039/3039 3040/3040 3041/3041
f 3041/3041 3040/3040 3042/3042
f 3043/3043 3044/3044 3045/3045
f 3045/3045 3044/3044 3046/3046
f 3047/3047 3048/3048 3049/3049
f 3049/3049 3048/3048 3050/3050
f 3051/3051 3052/3052 3053/3053
f 3053/3053 3052/3052 3054/3054
f 3055/3055 3056/3056 3057/3057
f 3058/3058 3059/3059 3060/3060
f 3061/3061 3062/3062 3063/3063
f 3063/3063 3062/3062 3064/3064
f 3063/3063 3064/3064 3065/3065
f 3065/3065 3064/3064 3066/3066
f 3067/3067 3068/3068 3069/3069
f 3069/3069 3068/3068 3070/3070
f 3071/3071 3072/3072 3073/3073
f 3073/3073 3072/3072 3074/3074
f 3075/3075 3076/3076 3077/3077
f 3077/3077 3076/3076 3078/3078
f 3079/3079 3080/3080 3081/3081
f 3081/3081 3080/3080 3082/3082
f 3083/3083 3084/3084 3085/3085
f 3085/3085 3084/3084 3086/3086
f 3087/3087 3088/3088 3089/3089
f 3089/3089 3088/3088 3090/3090
f 3091/3091 3092/3092 3093/3093
f 3093/3093 3092/3092 3094/3094
f 3095/3095 3096/3096 3097/3097
f 3097/3097 3096/3096 3098/3098
f 3099/3099 3100/3100 3101/3101
f 3101/3101 3100/3100 3102/3102
f 3103/3103 3104/3104 3105/3105
f 3105/3105 3104/3104 3106/3106
f 3107/3107 3108/3108 3109/3109
f 3109/3109 3108/3108 3110/3110
f 3111/3111 3112/3112 3113/3113
f 3113/3113 3112/3112 3114/3114
f 3115/3115 3116/3116 3117/3117
f 3117/3117 3116/3116 3118/3118
f 3119/3119 3120/3120 3121/3121
f 3121/3121 3120/3120 3122/3122
f 3123/3123 3124/3124 3125/3125
f 3125/3125 3124/3124 3126/3126
f 3127/3127 3128/3128 3129/3129
f 3129/3129 3128/3128 3130/3130
f 3131/3131 3132/3132 3133/3133
f 3133/3133 3132/3132 3134/3134
f 3135/3135 3136/3136 3137/3137
f 3137/3137 3136/3136 3138/3138
f 3139/3139 3140/3140 3141/3141
f 3141/3141 3140/3140 3142/3142
f 3143/3143 3144/3144 3145/3145
f 3145/3145 3144/3144 3146/3146
f 3147/3147 3148/3148 3149/3149
f 3149/3149 3148/3148 3150/3150
f 3151/3151 3152/3152 3153/3153
f 3153/3153 3152/3152 3154/3154
f 3155/3155 3156/3156 3157/3157
f 3157/3157 3156/3156 3158/3158
f 3159/3159 3160/3160 3161/3161
f 3161/3161 3160/3160 3162/3162
f 3163/3163 3164/3164 3165/3165
f 3165/3165 3164/3164 3166/3166
f 3167/3167 3168/3168 3169/3169
f 3169/3169 3168/3168 3170/3170
f 3171/3171 3172/3172 3173/3173
f 3173/3173 3172/3172 3174/3174
f 3175/3175 3176/3176 3177/3177
f 3177/3177 3176/3176 3178/3178
f 3179/3179 3180/3180 3181/3181
f 3181/3181 3180/3180 3182/3182
f 3183/3183 3184/3184 3185/3185
f 3185/3185 3184/3184 3186/3186
f 3187/3187 3188/3188 3189/3189
f 3189/3189 3188/3188 3190/3190
f 3191/3191 3192/3192 3193/3193
f 3193/3193 3192/3192 3194/3194
f 3195/3195 3196/3196 3197/3197
f 3197/3197 3196/3196 3198/3198
f 3199/3199 3200/3200 3201/3201
f 3201/3201 3200/3200 3202/3202
f 3203/3203 3204/3204 3205/3205
f 3205/3205 3204/3204 3206/3206
f 3207/3207 3208/3208 3209/3209
f 3209/3209 3208/3208 3210/3210
f 3211/3211 3212/3212 3213/3213
f 3213/3213 3212/3212 3214/3214
f 3215/3215 3216/3216 3217/3217
f 3217/3217 3216/3216 3218/3218
f 3219/3219 3220/3220 3221/3221
f 3221/3221 3220/3220 3222/3222
f 3223/3223 3224/3224 3225/3225
f 3225/3225 3224/3224 3226/3226
f 3227/3227 3228/3228 3229/3229
f 3229/3229 3228/3228 3230/3230
f 3231/3231 3232/3232 3233/3233
f 3233/3233 3232/3232 3234/3234
f 3235/3235 3236/3236 3237/3237
f 3237/3237 3236/3236 3238/3238
f 3239/3239 3240/3240 3241/3241
f 3241/3241 3240/3240 3242/3242
f 3243/3243 3244/3244 3245/3245
f 3245/3245 3244/3244 3246/3246
f 3247/3247 3248/3248 3249/3249
f 3249/3249 3248/3248 3250/3250
f 3251/3251 3252/3252 3253/3253
f 3253/3253 3252/3252 3254/3254
f 3255/3255 3256/3256 3257/3257
f 3257/3257 3256/3256 3258/3258
f 3259/3259 3260/3260 3261/3261
f 3261/3261 3260/3260 3262/3262
f 3263/3263 3264/3264 3265/3265
f 3265/3265 3264/3264 3266/3266
f 3267/3267 3268/3268 3269/3269
f 3269/3269 3268/3268 3270/3270
f 3269/3269 3270/3270 3271/3271
f 3271/3271 3270/3270 3272/3272
f 3273/3273 3274/3274 3275/3275
f 3275/3275 3274/3274 3276/3276
f 3277/3277 3278/3278 3279/3279
f 3279/3279 3278/3278 3280/3280
f 3281/3281 3282/3282 3283/3283
f 3283/3283 3282/3282 3284/3284
f 3285/3285 3286/3286 3287/3287
f 3287/3287 3286/3286 3288/3288
f 3289/3289 3290/3290 3291/3291
f 3291/3291 3290/3290 3292/3292
f 3293/3293 3294/3294 3295/3295
f 3295/3295 3294/3294 3296/3296
f 3297/3297 3298/3298 3299/3299
f 3299/3299 3298/3298 3300/3300
f 3301/3301 3302/3302 3303/3303
f 3303/3303 3302/3302 3304/3304
f 3305/3305 3306/3306 3307/3307
f 3307/3307 3306/3306 3308/3308
f 3307/3307 3308/3308 3309/3309
f 3309/3309 3308/3308 3310/3310
f 3311/3311 3312/3312 3313/3313
f 3313/3313 3312/3312 3314/3314
f 3315/3315 3316/3316 3317/3317
f 3317/3317 3316/3316 3318/3318
f 3319/3319 3320/3320 3321/3321
f 3321/3321 3320/3320 3322/3322
f 3323/3323 3324/3324 3325/3325
f 3325/3325 3324/3324 3326/3326
f 3327/3327 3328/3328 3329/3329
f 3329/3329 3328/3328 3330/3330
f 3331/3331 3332/3332 3333/3333
f 3333/3333 3332/3332 3334/3334
f 3335/3335 3336/3336 3337/3337
f 3337/3337 3336/3336 3338/3338
f 3339/3339 3340/3340 3341/3341
f 3341/3341 3340/3340 3342/3342
f 3343/3343 3344/3344 3345/3345
f 3345/3345 3344/3344 3346/3346
f 3347/3347 3348/3348 3349/3349
f 3349/3349 3348/3348 3350/3350
f 3351/3351 3352/3352 3353/3353
f 3353/3353 3352/3352 3354/3354
f 3355/3355 3356/3356 3357/3357
f 3357/3357 3356/3356 3358/3358
f 3359/3359 3360/3360 3361/3361
f 3361/3361 3360/3360 3362/3362
f 3363/3363 3364/3364 3365/3365
f 3365/3365 3364/3364 3366/3366
f 3367/3367 3368/3368 3369/3369
f 3369/3369 3368/3368 3370/3370
f 3371/3371 3372/3372 3373/3373
f 3373/3373 3372/3372 3374/3374
f 3375/3375 3376/3376 3377/3377
f 3377/3377 3376/3376 3378/3378
f 3379/3379 3380/3380 3381/3381
f 3381/3381 3380/3380 3382/3382
f 3383/3383 3384/3384 3385/3385
f 3385/3385 3384/3384 3386/3386
f 3387/3387 3388/3388 3389/3389
f 3389/3389 3388/3388 3390/3390
f 3391/3391 3392/3392 3393/3393
f 3393/3393 3392/3392 3394/3394
f 3395/3395 3396/3396 3397/3397
f 3398/3398 3399/3399 3400/3400
f 3401/3401 3402/3402 3403/3403
f 3403/3403 3402/3402 3404/3404
f 3403/3403 3404/3404 3405/3405
f 3405/3405 3404/3404 3406/3406
f 3407/3407 3408/3408 3409/3409
f 3409/3409 3408/3408 3410/3410
f 3411/3411 3412/3412 3413/3413
f 3413/3413 3412/3412 3414/3414
f 3415/3415 3416/3416 3417/3417
f 3417/3417 3416/3416 3418/3418
f 3419/3419 3420/3420 3421/3421
f 3421/3421 3420/3420 3422/3422
f 3423/3423 3424/3424 3425/3425
f 3425/3425 3424/3424 3426/3426
f 3427/3427 3428/3428 3429/3429
f 3429/3429 3428/3428 3430/3430
f 3431/3431 3432/3432 3433/3433
f 3433/3433 3432/3432 3434/3434
f 3435/3435 3436/3436 3437/3437
f 3438/3438 3439/3439 3440/3440
f 3441/3441 3442/3442 3443/3443
f 3443/3443 3442/3442 3444/3444
f 3443/3443 3444/3444 3445/3445
f 3445/3445 3444/3444 3446/3446
f 3447/3447 3448/3448 3449/3449
f 3449/3449 3448/3448 3450/3450
f 3451/3451 3452/3452 3453/3453
f 3453/3453 3452/3452 3454/3454
f 3455/3455 3456/3456 3457/3457
f 3457/3457 3456/3456 3458/3458
f 3459/3459 3460/3460 3461/3461
f 3461/3461 3460/3460 3462/3462
f 3463/3463 3464/3464 3465/3465
f 3465/3465 3464/3464 3466/3466
f 3467/3467 3468/3468 3469/3469
f 3469/3469 3468/3468 3470/3470
f 3471/3471 3472/3472 3473/3473
f 3473/3473 3472/3472 3474/3474
f 3475/3475 3476/3476 3477/3477
f 3477/3477 3476/3476 3478/3478
f 3479/3479 3480/3480 3481/3481
f 3481/3481 3480/3480 3482/3482
f 3483/3483 3484/3484 3485/3485
f 3485/3485 3484/3484 3486/3486
f 3487/3487 3488/3488 3489/3489
f 3489/3489 3488/3488 3490/3490
f 3491/3491 3492/3492 3493/3493
f 3493/3493 3492/3492 3494/3494
f 3495/3495 3496/3496 3497/3497
f 3497/3497 3496/3496 3498/3498
f 3499/3499 3500/3500 3501/3501
f 3501/3501 3500/3500 3502/3502
f 3503/3503 3504/3504 3505/3505
f 3505/3505 3504/3504 3506/3506
f 3507/3507 3508/3508 3509/3509
f 3509/3509 3508/3508 3510/3510
f 3509/3509 3510/3510 3511/3511
f 3511/3511 3510/3510 3512/3512
f 3513/3513 3514/3514 3515/3515
f 3515/3515 3514/3514 3516/3516
f 3517/3517 3518/3518 3519/3519
f 3519/3519 3518/3518 3520/3520
f 3521/3521 3522/3522 3523/3523
f 3523/3523 3522/3522 3524/3524
f 3525/3525 3526/3526 3527/3527
f 3527/3527 3526/3526 3528/3528
f 3529/3529 3530/3530 3531/3531
f 3531/3531 3530/3530 3532/3532
f 3533/3533 3534/3534 3535/3535
f 3535/3535 3534/3534 3536/3536
f 3537/3537 3538/3538 3539/3539
f 3539/3539 3538/3538 3540/3540
f 3541/3541 3542/3542 3543/3543
f 3543/3543 3542/3542 3544/3544
f 3545/3545 3546/3546 3547/3547
f 3547/3547 3546/3546 3548/3548
f 3547/3547 3548/3548 3549/3549
f 3549/3549 3548/3548 3550/3550
f 3551/3551 3552/3552 3553/3553
f 3553/3553 3552/3552 3554/3554
f 3555/3555 3556/3556 3557/3557
f 3557/3557 3556/3556 3558/3558
f 3559/3559 3560/3560 3561/3561
f 3561/3561 3560/3560 3562/3562
f 3563/3563 3564/3564 3565/3565
f 3565/3565 3564/3564 3566/3566
f 3567/3567 3568/3568 3569/3569
f 3569/3569 3568/3568 3570/3570
f 3571/3571 3572/3572 3573/3573
f 3573/3573 3572/3572 3574/3574
f 3575/3575 3576/3576 3577/3577
f 3577/3577 3576/3576 3578/3578
f 3579/3579 3580/3580 3581/3581
f 3581/3581 3580/3580 3582/3582
f 3583/3583 3584/3584 3585/3585
f 3585/3585 3584/3584 3586/3586
f 3587/3587 3588/3588 3589/3589
f 3589/3589 3588/3588 3590/3590
f 3591/3591 3592/3592 3593/3593
f 3593/3593 3592/3592 3594/3594
f 3595/3595 3596/3596 3597/3597
f 3597/3597 3596/3596 3598/3598
f 3599/3599 3600/3600 3601/3601
f 3601/3601 3600/3600 3602/3602
f 3603/3603 3604/3604 3605/3605
f 3605/3605 3604/3604 3606/3606
f 3607/3607 3608/3608 3609/3609
f 3609/3609 3608/3608 3610/3610
f 3611/3611 3612/3612 3613/3613
f 3613/3613 3612/3612 3614/3614
f 3615/3615 3616/3616 3617/3617
f 3617/3617 3616/3616 3618/3618
f 3619/3619 3620/3620 3621/3621
f 3621/3621 3620/3620 3622/3622
f 3623/3623 3624/3624 3625/3625
f 3625/3625 3624/3624 3626/3626
f 3627/3627 3628/3628 3629/3629
f 3629/3629 3628/3628 3630/3630
f 3631/3631 3632/3632 3633/3633
f 3633/3633 3632/3632 3634/3634
f 3635/3635 3636/3636 3637/3637
f 3637/3637 3636/3636 3638/3638
f 3639/3639 3640/3640 3641/3641
f 3641/3641 3640/3640 3642/3642
f 3641/3641 3642/3642 3643/3643
f 3643/3643 3642/3642 3644/3644
f 3645/3645 3646/3646 3647/3647
f 3647/3647 3646/3646 3648/3648
f 3649/3649 3650/3650 3651/3651
f 3651/3651 3650/3650 3652/3652
f 3653/3653 3654/3654 3655/3655
f 3655/3655 3654/3654 3656/3656
f 3657/3657 3658/3658 3659/3659
f 3659/3659 3658/3658 3660/3660
f 3661/3661 3662/3662 3663/3663
f 3663/3663 3662/3662 3664/3664
f 3665/3665 3666/3666 3667/3667
f 3667/3667 3666/3666 3668/3668
f 3669/3669 3670/3670 3671/3671
f 3671/3671 3670/3670 3672/3672
f 3673/3673 3674/3674 3675/3675
f 3675/3675 3674/3674 3676/3676
f 3677/3677 3678/3678 3679/3679
f 3679/3679 3678/3678 3680/3680
f 3679/3679 3680/3680 3681/3681
f 3681/3681 3680/3680 3682/3682
f 3683/3683 3684/3684 3685/3685
f 3685/3685 3684/3684 3686/3686
f 3687/3687 3688/3688 3689/3689
f 3689/3689 3688/3688 3690/3690
f 3691/3691 3692/3692 3693/3693
f 3693/3693 3692/3692 3694/3694
f 3695/3695 3696/3696 3697/3697
f 3697/3697 3696/3696 3698/3698
f 3699/3699 3700/3700 3701/3701
f 3701/3701 3700/3700 3702/3702
f 3703/3703 3704/3704 3705/3705
f 3705/3705 3704/3704 3706/3706
f 3707/3707 3708/3708 3709/3709
f 3709/3709 3708/3708 3710/3710
f 3711/3711 3712/3712 3713/3713
f 3713/3713 3712/3712 3714/3714
f 3715/3715 3716/3716 3717/3717
f 3717/3717 3716/3716 3718/3718
f 3719/3719 3720/3720 3721/3721
f 3721/3721 3720/3720 3722/3722
f 3723/3723 3724/3724 3725/3725
f 3725/3725 3724/3724 3726/3726
f 3727/3727 3728/3728 3729/3729
f 3729/3729 3728/3728 3730/3730
f 3731/3731 3732/3732 3733/3733
f 3733/3733 3732/3732 3734/3734
f 3735/3735 3736/3736 3737/3737
f 3737/3737 3736/3736 3738/3738
f 3739/3739 3740/3740 3741/3741
f 3741/3741 3740/3740 3742/3742
f 3743/3743 3744/3744 3745/3745
f 3745/3745 3744/3744 3746/3746
f 3747/3747 3748/3748 3749/3749
f 3749/3749 3748/3748 3750/3750
f 3751/3751 3752/3752 3753/3753
f 3753/3753 3752/3752 3754/3754
f 3755/3755 3756/3756 3757/3757
f 3757/3757 3756/3756 3758/3758
f 3759/3759 3760/3760 3761/3761
f 3761/3761 3760/3760 3762/3762
f 3763/3763 3764/3764 3765/3765
f 3765/3765 3764/3764 3766/3766
f 3767/3767 3768/3768 3769/3769
f 3769/3769 3768/3768 3770/3770
f 3771/3771 3772/3772 3773/3773
f 3773/3773 3772/3772 3774/3774
f 3775/3775 3776/3776 3777/3777
f 3777/3777 3776/3776 3778/3778
f 3779/3779 3780/3780 3781/3781
f 3781/3781 3780/3780 3782/3782
f 3783/3783 3784/3784 3785/3785
f 3785/3785 3784/3784 3786/3786
f 3787/3787 3788/3788 3789/3789
f 3789/3789 3788/3788 3790/3790
f 3791/3791 3792/3792 3793/3793
f 3793/3793 3792/3792 3794/3794
f 3795/3795 3796/3796 3797/3797
f 3798/3798 3799/3799 3800/3800
f 3801/3801 3802/3802 3803/3803
f 3803/3803 3802/3802 3804/3804
f 3803/3803 3804/3804 3805/3805
f 3805/3805 3804/3804 3806/3806
f 3807/3807 3808/3808 3809/3809
f 3809/3809 3808/3808 3810/3810
f 3811/3811 3812/3812 3813/3813
f 3813/3813 3812/3812 3814/3814
f 3815/3815 3816/3816 3817/3817
f 3817/3817 3816/3816 3818/3818
f 3819/3819 3820/3820 3821/3821
f 3821/3821 3820/3820 3822/3822
f 3823/3823 3824/3824 3825/3825
f 3825/3825 3824/3824 3826/3826
f 3827/3827 3828/3828 3829/3829
f 3829/3829 3828/3828 3830/3830
f 3831/3831 3832/3832 3833/3833
f 3833/3833 3832/3832 3834/3834
f 3835/3835 3836/3836 3837/3837
f 3838/3838 3839/3839 3840/3840
f 3841/3841 3842/3842 3843/3843
f 3843/3843 3842/3842 3844/3844
f 3843/3843 3844/3844 3845/3845
f 3845/3845 3844/3844 3846/3846
f 3847/3847 3848/3848 3849/3849
f 3849/3849 3848/3848 3850/3850
f 3851/3851 3852/3852 3853/3853
f 3853/3853 3852/3852 3854/3854
f 3855/3855 3856/3856 3857/3857
f 3857/3857 3856/3856 3858/3858
f 3859/3859 3860/3860 3861/3861
f 3861/3861 3860/3860 3862/3862
f 3863/3863 3864/3864 3865/3865
f 3865/3865 3864/3864 3866/3866
f 3867/3867 3868/3868 3869/3869
f 3869/3869 3868/3868 3870/3870
f 3871/3871 3872/3872 3873/3873
f 3873/3873 3872/3872 3874/3874
f 3875/3875 3876/3876 3877/3877
f 3877/3877 3876/3876 3878/3878
f 3879/3879 3880/3880 3881/3881
f 3881/3881 3880/3880 3882/3882
f 3881/3881 3882/3882 3883/3883
f 3883/3883 3882/3882 3884/3884
f 3885/3885 3886/3886 3887/3887
f 3887/3887 3886/3886 3888/3888
f 3889/3889 3890/3890 3891/3891
f 3891/3891 3890/3890 3892/3892
f 3893/3893 3894/3894 3895/3895
f 3895/3895 3894/3894 3896/3896
f 3897/3897 3898/3898 3899/3899
f 3899/3899 3898/3898 3900/3900
f 3901/3901 3902/3902 3903/3903
f 3903/3903 3902/3902 3904/3904
f 3905/3905 3906/3906 3907/3907
f 3907/3907 3906/3906 3908/3908
f 3909/3909 3910/3910 3911/3911
f 3911/3911 3910/3910 3912/3912
f 3913/3913 3914/3914 3915/3915
f 3915/3915 3914/3914 3916/3916
f 3917/3917 3918/3918 3919/3919
f 3919/3919 3918/3918 3920/3920
f 3919/3919 3920/3920 3921/3921
f 3921/3921 3920/3920 3922/3922
f 3923/3923 3924/3924 3925/3925
f 3925/3925 3924/3924 3926/3926
f 3927/3927 3928/3928 3929/3929
f 3929/3929 3928/3928 3930/3930
f 3931/3931 3932/3932 3933/3933
f 3933/3933 3932/3932 3934/3934
f 3935/3935 3936/3936 3937/3937
f 3937/3937 3936/3936 3938/3938
f 3939/3939 3940/3940 3941/3941
f 3941/3941 3940/3940 3942/3942
f 3943/3943 3944/3944 3945/3945
f 3945/3945 3944/3944 3946/3946
f 3947/3947 3948/3948 3949/3949
f 3949/3949 3948/3948 3950/3950
f 3951/3951 3952/3952 3953/3953
f 3954/3954 3955/3955 3956/3956
f 3957/3957 3958/3958 3959/3959
f 3959/3959 3958/3958 3960/3960
f 3959/3959 3960/3960 3961/3961
f 3961/3961 3960/3960 3962/3962
f 3963/3963 3964/3964 3965/3965
f 3965/3965 3964/3964 3966/3966
f 3967/3967 3968/3968 3969/3969
f 3969/3969 3968/3968 3970/3970
f 3971/3971 3972/3972 3973/3973
f 3973/3973 3972/3972 3974/3974
f 3975/3975 3976/3976 3977/3977
f 3977/3977 3976/3976 3978/3978
f 3979/3979 3980/3980 3981/3981
f 3981/3981 3980/3980 3982/3982
f 3983/3983 3984/3984 3985/3985
f 3985/3985 3984/3984 3986/3986
f 3987/3987 3988/3988 3989/3989
f 3989/3989 3988/3988 3990/3990
f 3991/3991 3992/3992 3993/3993
f 3994/3994 3995/3995 3996/3996
f 3997/3997 3998/3998 3999/3999
f 3999/3999 3998/3998 4000/4000
f 3999/3999 4000/4000 4001/4001
f 4001/4001 4000/4000 4002/4002
f 4003/4003 4004/4004 4005/4005
f 4006/4006 4007/4007 4008/4008
f 4009/4009 4010/4010 4011/4011
f 4012/4012 4013/4013 4014/4014
f 4015/4015 4016/4016 4017/4017
f 4017/4017 4016/4016 4018/4018
f 4019/4019 4020/4020 4021/4021
f 4021/4021 4020/4020 4022/4022
f 4023/4023 4024/4024 4025/4025
f 4025/4025 4024/4024 4026/4026
f 4027/4027 4028/4028 4029/4029
f 4029/4029 4028/4028 4030/4030
f 4031/4031 4032/4032 4033/4033
f 4033/4033 4032/4032 4034/4034
f 4035/4035 4036/4036 4037/4037
f 4038/4038 4039/4039 4040/4040
f 4041/4041 4042/4042 4043/4043
f 4044/4044 4045/4045 4046/4046
f 4047/4047 4048/4048 4049/4049
f 4049/4049 4048/4048 4050/4050
f 4051/4051 4052/4052 4053/4053
f 4053/4053 4052/4052 4054/4054
f 4055/4055 4056/4056 4057/4057
f 4057/4057 4056/4056 4058/4058
f 4059/4059 4060/4060 4061/4061
f 4061/4061 4060/4060 4062/4062
f 4063/4063 4064/4064 4065/4065
f 4065/4065 4064/4064 4066/4066
f 4067/4067 4068/4068 4069/4069
f 4070/4070 4071/4071 4072/4072
f 4073/4073 4074/4074 4075/4075
f 4076/4076 4077/4077 4078/4078
f 4079/4079 4080/4080 4081/4081
f 4081/4081 4080/4080 4082/4082
f 4083/4083 4084/4084 4085/4085
f 4085/4085 4084/4084 4086/4086
f 4087/4087 4088/4088 4089/4089
f 4089/4089 4088/4088 4090/4090
f 4091/4091 4092/4092 4093/4093
f 4093/4093 4092/4092 4094/4094
f 4095/4095 4096/4096 4097/4097
f 4097/4097 4096/4096 4098/4098
f 4099/4099 4100/4100 4101/4101
f 4102/4102 4103/4103 4104/4104
f 4105/4105 4106/4106 4107/4107
f 4108/4108 4109/4109 4110/4110
f 4111/4111 4112/4112 4113/4113
f 4113/4113 4112/4112 4114/4114
f 4115/4115 4116/4116 4117/4117
f 4117/4117 4116/4116 4118/4118
f 4119/4119 4120/4120 4121/4121
f 4121/4121 4120/4120 4122/4122
f 4123/4123 4124/4124 4125/4125
f 4125/4125 4124/4124 4126/4126
f 4127/4127 4128/4128 4129/4129
f 4129/4129 4128/4128 4130/4130
f 4131/4131 4132/4132 4133/4133
f 4134/4134 4135/4135 4136/4136
f 4137/4137 4138/4138 4139/4139
f 4140/4140 4141/4141 4142/4142
f 4143/4143 4144/4144 4145/4145
f 4145/4145 4144/4144 4146/4146
f 4147/4147 4148/4148 4149/4149
f 4149/4149 4148/4148 4150/4150
f 4151/4151 4152/4152 4153/4153
f 4153/4153 4152/4152 4154/4154
f 4155/4155 4156/4156 4157/4157
f 4157/4157 4156/4156 4158/4158
f 4159/4159 4160/4160 4161/4161
f 4161/4161 4160/4160 4162/4162
f 4163/4163 4164/4164 4165/4165
f 4166/4166 4167/4167 4168/4168
f 4169/4169 4170/4170 4171/4171
f 4172/4172 4173/4173 4174/4174
f 4175/4175 4176/4176 4177/4177
f 4177/4177 4176/4176 4178/4178
f 4179/4179 4180/4180 4181/4181
f 4181/4181 4180/4180 4182/4182
f 4183/4183 4184/4184 4185/4185
f 4185/4185 4184/4184 4186/4186
f 4187/4187 4188/4188 4189/4189
f 4189/4189 4188/4188 4190/4190
f 4191/4191 4192/4192 4193/4193
f 4193/4193 4192/4192 4194/4194
f 4195/4195 4196/4196 4197/4197
f 4198/4198 4199/4199 4200/4200
f 4201/4201 4202/4202 4203/4203
f 4204/4204 4205/4205 4206/4206
f 4207/4207 4208/4208 4209/4209
f 4209/4209 4208/4208 4210/4210
f 4211/4211 4212/4212 4213/4213
f 4213/4213 4212/4212 4214/4214
f 4215/4215 4216/4216 4217/4217
f 4217/4217 4216/4216 4218/4218
f 4219/4219 4220/4220 4221/4221
f 4221/4221 4220/4220 4222/4222
f 4223/4223 4224/4224 4225/4225
f 4225/4225 4224/4224 4226/4226
f 4227/4227 4228/4228 4229/4229
f 4230/4230 4231/4231 4232/4232
f 4233/4233 4234/4234 4235/4235
f 4236/4236 4237/4237 4238/4238
f 4239/4239 4240/4240 4241/4241
f 4241/4241 4240/4240 4242/4242
f 4243/4243 4244/4244 4245/4245
f 4245/4245 4244/4244 4246/4246
f 4247/4247 4248/4248 4249/4249
f 4249/4249 4248/4248 4250/4250
f 4251/4251 4252/4252 4253/4253
f 4253/4253 4252/4252 4254/4254
f 4255/4255 4256/4256 4257/4257
f 4257/4257 4256/4256 4258/4258
f 4259/4259 4260/4260 4261/4261
f 4262/4262 4263/4263 4264/4264
f 4265/4265 4266/4266 4267/4267
f 4268/4268 4269/4269 4270/4270
f 4271/4271 4272/4272 4273/4273
f 4273/4273 4272/4272 4274/4274
f 4275/4275 4276/4276 4277/4277
f 4277/4277 4276/4276 4278/4278
f 4279/4279 4280/4280 4281/4281
f 4281/4281 4280/4280 4282/4282
f 4283/4283 4284/4284 4285/4285
f 4285/4285 4284/4284 4286/4286
f 4287/4287 4288/4288 4289/4289
f 4289/4289 4288/4288 4290/4290
f 4291/4291 4292/4292 4293/4293
f 4294/4294 4295/4295 4296/4296
f 4297/4297 4298/4298 4299/4299
f 4300/4300 4301/4301 4302/4302
f 4303/4303 4304/4304 4305/4305
f 4305/4305 4304/4304 4306/4306
f 4307/4307 4308/4308 4309/4309
f 4309/4309 4308/4308 4310/4310
f 4311/4311 4312/4312 4313/4313
f 4313/4313 4312/4312 4314/4314
f 4315/4315 4316/4316 4317/4317
f 4317/4317 4316/4316 4318/4318
f 4319/4319 4320/4320 4321/4321
f 4321/4321 4320/4320 4322/4322
f 4323/4323 4324/4324 4325/4325
f 4326/4326 4327/4327 4328/4328
f 4329/4329 4330/4330 4331/4331
f 4332/4332 4333/4333 4334/4334
f 4335/4335 4336/4336 4337/4337
f 4337/4337 4336/4336 4338/4338
f 4339/4339 4340/4340 4341/4341
f 4341/4341 4340/4340 4342/4342
f 4343/4343 4344/4344 4345/4345
f 4345/4345 4344/4344 4346/4346
f 4347/4347 4348/4348 4349/4349
f 4349/4349 4348/4348 4350/4350
f 4351/4351 4352/4352 4353/4353
f 4353/4353 4352/4352 4354/4354
f 4355/4355 4356/4356 4357/4357
f 4358/4358 4359/4359 4360/4360
f 4361/4361 4362/4362 4363/4363
f 4364/4364 4365/4365 4366/4366
f 4367/4367 4368/4368 4369/4369
f 4369/4369 4368/4368 4370/4370
f 4371/4371 4372/4372 4373/4373
f 4373/4373 4372/4372 4374/4374
f 4375/4375 4376/4376 4377/4377
f 4377/4377 4376/4376 4378/4378
f 4379/4379 4380/4380 4381/4381
f 4381/4381 4380/4380 4382/4382
f 4383/4383 4384/4384 4385/4385
f 4385/4385 4384/4384 4386/4386
f 4387/4387 4388/4388 4389/4389
f 4390/4390 4391/4391 4392/4392
f 4393/4393 4394/4394 4395/4395
f 4396/4396 4397/4397 4398/4398
f 4399/4399 4400/4400 4401/4401
f 4401/4401 4400/4400 4402/4402
f 4403/4403 4404/4404 4405/4405
f 4405/4405 4404/4404 4406/4406
f 4407/4407 4408/4408 4409/4409
f 4409/4409 4408/4408 4410/4410
f 4411/4411 4412/4412 4413/4413
f 4413/4413 4412/4412 4414/4414
f 4415/4415 4416/4416 4417/4417
f 4417/4417 4416/4416 4418/4418
f 4419/4419 4420/4420 4421/4421
f 4422/4422 4423/4423 4424/4424
f 4425/4425 4426/4426 4427/4427
f 4428/4428 4429/4429 4430/4430
f 4431/4431 4432/4432 4433/4433
f 4433/4433 4432/4432 4434/4434
f 4435/4435 4436/4436 4437/4437
f 4437/4437 4436/4436 4438/4438
f 4439/4439 4440/4440 4441/4441
f 4441/4441 4440/4440 4442/4442
f 4443/4443 4444/4444 4445/4445
f 4445/4445 4444/4444 4446/4446
f 4447/4447 4448/4448 4449/4449
f 4449/4449 4448/4448 4450/4450
f 4451/4451 4452/4452 4453/4453
f 4454/4454 4455/4455 4456/4456
f 4457/4457 4458/4458 4459/4459
f 4460/4460 4461/4461 4462/4462
f 4463/4463 4464/4464 4465/4465
f 4465/4465 4464/4464 4466/4466
f 4467/4467 4468/4468 4469/4469
f 4469/4469 4468/4468 4470/4470
f 4471/4471 4472/4472 4473/4473
f 4473/4473 4472/4472 4474/4474
f 4475/4475 4476/4476 4477/4477
f 4477/4477 4476/4476 4478/4478
f 4479/4479 4480/4480 4481/4481
f 4481/4481 4480/4480 4482/4482
f 4483/4483 4484/4484 4485/4485
f 4486/4486 4487/4487 4488/4488
f 4489/4489 4490/4490 4491/4491
f 4492/4492 4493/4493 4494/4494
f 4495/4495 4496/4496 4497/4497
f 4497/4497 4496/4496 4498/4498
f 4499/4499 4500/4500 4501/4501
f 4501/4501 4500/4500 4502/4502
f 4503/4503 4504/4504 4505/4505
f 4505/4505 4504/4504 4506/4506
f 4507/4507 4508/4508 4509/4509
f 4509/4509 4508/4508 4510/4510
f 4511/4511 4512/4512 4513/4513
f 4513/4513 4512/4512 4514/4514
f 4515/4515 4516/4516 4517/4517
f 4517/4517 4516/4516 4518/4518
f 4519/4519 4520/4520 4521/4521
f 4521/4521 4520/4520 4522/4522
f 4523/4523 4524/4524 4525/4525
f 4525/4525 4524/4524 4526/4526
f 4527/4527 4528/4528 4529/4529
f 4529/4529 4528/4528 4530/4530
f 4531/4531 4532/4532 4533/4533
f 4533/4533 4532/4532 4534/4534
f 4535/4535 4536/4536 4537/4537
f 4537/4537 4536/4536 4538/4538
f 4539/4539 4540/4540 4541/4541
f 4541/4541 4540/4540 4542/4542
f 4543/4543 4544/4544 4545/4545
f 4546/4546 4547/4547 4548/4548
f 4549/4549 4550/4550 4551/4551
f 4551/4551 4550/4550 4552/4552
f 4551/4551 4552/4552 4553/4553
f 4553/4553 4552/4552 4554/4554
f 4555/4555 4556/4556 4557/4557
f 4557/4557 4556/4556 4558/4558
f 4559/4559 4560/4560 4561/4561
f 4561/4561 4560/4560 4562/4562
f 4561/4561 4562/4562 4563/4563
f 4563/4563 4562/4562 4564/4564
f 4565/4565 4566/4566 4567/4567
f 4567/4567 4566/4566 4568/4568
f 4569/4569 4570/4570 4571/4571
f 4571/4571 4570/4570 4572/4572
f 4573/4573 4574/4574 4575/4575
f 4575/4575 4574/4574 4576/4576
f 4577/4577 4578/4578 4579/4579
f 4579/4579 4578/4578 4580/4580
f 4581/4581 4582/4582 4583/4583
f 4583/4583 4582/4582 4584/4584
f 4585/4585 4586/4586 4587/4587
f 4587/4587 4586/4586 4588/4588
f 4589/4589 4590/4590 4591/4591
f 4591/4591 4590/4590 4592/4592
f 4593/4593 4594/4594 4595/4595
f 4595/4595 4594/4594 4596/4596
f 4597/4597 4598/4598 4599/4599
f 4599/4599 4598/4598 4600/4600
f 4599/4599 4600/4600 4601/4601
f 4601/4601 4600/4600 4602/4602
f 4603/4603 4604/4604 4605/4605
f 4606/4606 4607/4607 4608/4608
f 4609/4609 4610/4610 4611/4611
f 4611/4611 4610/4610 4612/4612
f 4611/4611 4612/4612 4613/4613
f 4613/4613 4612/4612 4614/4614
f 4615/4615 4616/4616 4617/4617
f 4617/4617 4616/4616 4618/4618
f 4619/4619 4620/4620 4621/4621
f 4621/4621 4620/4620 4622/4622
f 4623/4623 4624/4624 4625/4625
f 4625/4625 4624/4624 4626/4626
f 4627/4627 4628/4628 4629/4629
f 4629/4629 4628/4628 4630/4630
f 4631/4631 4632/4632 4633/4633
f 4633/4633 4632/4632 4634/4634
f 4635/4635 4636/4636 4637/4637
f 4637/4637 4636/4636 4638/4638
f 4639/4639 4640/4640 4641/4641
f 4641/4641 4640/4640 4642/4642
f 4643/4643 4644/4644 4645/4645
f 4645/4645 4644/4644 4646/4646
f 4647/4647 4648/4648 4649/4649
f 4649/4649 4648/4648 4650/4650
f 4649/4649 4650/4650 4651/4651
f 4651/4651 4650/4650 4652/4652
f 4653/4653 4654/4654 4655/4655
f 4656/4656 4657/4657 4658/4658
f 4659/4659 4660/4660 4661/4661
f 4661/4661 4660/4660 4662/4662
f 4661/4661 4662/4662 4663/4663
f 4663/4663 4662/4662 4664/4664
f 4665/4665 4666/4666 4667/4667
f 4667/4667 4666/4666 4668/4668
f 4669/4669 4670/4670 4671/4671
f 4671/4671 4670/4670 4672/4672
f 4673/4673 4674/4674 4675/4675
f 4675/4675 4674/4674 4676/4676
f 4677/4677 4678/4678 4679/4679
f 4679/4679 4678/4678 4680/4680
f 4681/4681 4682/4682 4683/4683
f 4683/4683 4682/4682 4684/4684
f 4685/4685 4686/4686 4687/4687
f 4687/4687 4686/4686 4688/4688
f 4689/4689 4690/4690 4691/4691
f 4691/4691 4690/4690 4692/4692
f 4693/4693 4694/4694 4695/4695
f 4696/4696 4697/4697 4698/4698
f 4699/4699 4700/4700 4701/4701
f 4701/4701 4700/4700 4702/4702
f 4701/4701 4702/4702 4703/4703
f 4703/4703 4702/4702 4704/4704
f 4705/4705 4706/4706 4707/4707
f 4707/4707 4706/4706 4708/4708
f 4709/4709 4710/4710 4711/4711
f 4711/4711 4710/4710 4712/4712
f 4711/4711 4712/4712 4713/4713
f 4713/4713 4712/4712 4714/4714
f 4715/4715 4716/4716 4717/4717
f 4717/4717 4716/4716 4718/4718
f 4719/4719 4720/4720 4721/4721
f 4721/4721 4720/4720 4722/4722
f 4723/4723 4724/4724 4725/4725
f 4725/4725 4724/4724 4726/4726
f 4727/4727 4728/4728 4729/4729
f 4729/4729 4728/4728 4730/4730
f 4731/4731 4732/4732 4733/4733
f 4733/4733 4732/4732 4734/4734
f 4735/4735 4736/4736 4737/4737
f 4737/4737 4736/4736 4738/4738
f 4739/4739 4740/4740 4741/4741
f 4741/4741 4740/4740 4742/4742
f 4743/4743 4744/4744 4745/4745
f 4745/4745 4744/4744 4746/4746
f 4747/4747 4748/4748 4749/4749
f 4749/4749 4748/4748 4750/4750
f 4749/4749 4750/4750 4751/4751
f 4751/4751 4750/4750 4752/4752
f 4753/4753 4754/4754 4755/4755
f 4756/4756 4757/4757 4758/4758
f 4759/4759 4760/4760 4761/4761
f 4761/4761 4760/4760 4762/4762
f 4761/4761 4762/4762 4763/4763
f 4763/4763 4762/4762 4764/4764
f 4765/4765 4766/4766 4767/4767
f 4767/4767 4766/4766 4768/4768
f 4769/4769 4770/4770 4771/4771
f 4771/4771 4770/4770 4772/4772
f 4773/4773 4774/4774 4775/4775
f 4775/4775 4774/4774 4776/4776
f 4777/4777 4778/4778 4779/4779
f 4779/4779 4778/4778 4780/4780
f 4781/4781 4782/4782 4783/4783
f 4783/4783 4782/4782 4784/4784
f 4785/4785 4786/4786 4787/4787
f 4787/4787 4786/4786 4788/4788
f 4789/4789 4790/4790 4791/4791
f 4791/4791 4790/4790 4792/4792
f 4793/4793 4794/4794 4795/4795
f 4795/4795 4794/4794 4796/4796
f 4797/4797 4798/4798 4799/4799
f 4799/4799 4798/4798 4800/4800
f 4799/4799 4800/4800 4801/4801
f 4801/4801 4800/4800 4802/4802
f 4803/4803 4804/4804 4805/4805
f 4806/4806 4807/4807 4808/4808
f 4809/4809 4810/4810 4811/4811
f 4811/4811 4810/4810 4812/4812
f 4811/4811 4812/4812 4813/4813
f 4813/4813 4812/4812 4814/4814
f 4815/4815 4816/4816 4817/4817
f 4817/4817 4816/4816 4818/4818
f 4819/4819 4820/4820 4821/4821
f 4821/4821 4820/4820 4822/4822
f 4823/4823 4824/4824 4825/4825
f 4825/4825 4824/4824 4826/4826
f 4827/4827 4828/4828 4829/4829
f 4829/4829 4828/4828 4830/4830
f 4831/4831 4832/4832 4833/4833
f 4833/4833 4832/4832 4834/4834
f 4835/4835 4836/4836 4837/4837
f 4837/4837 4836/4836 4838/4838
f 4839/4839 4840/4840 4841/4841
f 4841/4841 4840/4840 4842/4842
f 4843/4843 4844/4844 4845/4845
f 4846/4846 4847/4847 4848/4848
f 4849/4849 4850/4850 4851/4851
f 4851/4851 4850/4850 4852/4852
f 4851/4851 4852/4852 4853/4853
f 4853/4853 4852/4852 4854/4854
f 4855/4855 4856/4856 4857/4857
f 4857/4857 4856/4856 4858/4858
f 4859/4859 4860/4860 4861/4861
f 4861/4861 4860/4860 4862/4862
f 4861/4861 4862/4862 4863/4863
f 4863/4863 4862/4862 4864/4864
f 4865/4865 4866/4866 4867/4867
f 4867/4867 4866/4866 4868/4868
f 4869/4869 4870/4870 4871/4871
f 4871/4871 4870/4870 4872/4872
f 4873/4873 4874/4874 4875/4875
f 4875/4875 4874/4874 4876/4876
f 4877/4877 4878/4878 4879/4879
f 4879/4879 4878/4878 4880/4880
f 4881/4881 4882/4882 4883/4883
f 4883/4883 4882/4882 4884/4884
f 4885/4885 4886/4886 4887/4887
f 4887/4887 4886/4886 4888/4888
f 4889/4889 4890/4890 4891/4891
f 4891/4891 4890/4890 4892/4892
f 4893/4893 4894/4894 4895/4895
f 4896/4896 4897/4897 4898/4898
f 4899/4899 4900/4900 4901/4901
f 4901/4901 4900/4900 4902/4902
f 4901/4901 4902/4902 4903/4903
f 4903/4903 4902/4902 4904/4904
f 4905/4905 4906/4906 4907/4907
f 4907/4907 4906/4906 4908/4908
f 4909/4909 4910/4910 4911/4911
f 4911/4911 4910/4910 4912/4912
f 4911/4911 4912/4912 4913/4913
f 4913/4913 4912/4912 4914/4914

