# https://github.com/mikedh/trimesh
mtllib material.mtl
usemtl greenlowglossplastic.001
v 1.86000001 0.31999999 0.20000000
v 1.86000001 0.31999999 0.40000001
v 1.88999999 0.31999999 0.20000000
v 1.88999999 0.31999999 0.40000001
v 1.88999999 0.40000001 0.12000000
v 1.88999999 0.47999999 0.12000000
v 1.86000001 0.40000001 0.12000000
v 1.86000001 0.47999999 0.12000000
v 1.67999995 0.47999999 0.17500000
v 1.67999995 0.47999999 0.12000000
v 1.71000004 0.47999999 0.17500000
v 1.71000004 0.47999999 0.12000000
v 1.71000004 0.42500001 0.12000000
v 1.71000004 0.47999999 0.12000000
v 1.67999995 0.42500001 0.12000000
v 1.67999995 0.47999999 0.12000000
v 1.50000000 0.31999999 0.20000000
v 1.50000000 0.31999999 0.40000001
v 1.52999997 0.31999999 0.20000000
v 1.52999997 0.31999999 0.40000001
v 1.52999997 0.40000001 0.12000000
v 1.52999997 0.47999999 0.12000000
v 1.50000000 0.40000001 0.12000000
v 1.50000000 0.47999999 0.12000000
v 1.32000005 0.47999999 0.17500000
v 1.32000005 0.47999999 0.12000000
v 1.35000002 0.47999999 0.17500000
v 1.35000002 0.47999999 0.12000000
v 1.35000002 0.42500001 0.12000000
v 1.35000002 0.47999999 0.12000000
v 1.32000005 0.42500001 0.12000000
v 1.32000005 0.47999999 0.12000000
v 1.13999999 0.31999999 0.20000000
v 1.13999999 0.31999999 0.40000001
v 1.16999996 0.31999999 0.20000000
v 1.16999996 0.31999999 0.40000001
v 1.16999996 0.40000001 0.12000000
v 1.16999996 0.47999999 0.12000000
v 1.13999999 0.40000001 0.12000000
v 1.13999999 0.47999999 0.12000000
v 0.99000001 0.47999999 0.20000000
v 0.99000001 0.47999999 0.40000001
v 0.95999998 0.47999999 0.20000000
v 0.95999998 0.47999999 0.40000001
v 0.95999998 0.40000001 0.12000000
v 0.95999998 0.31999999 0.12000000
v 0.99000001 0.40000001 0.12000000
v 0.99000001 0.31999999 0.12000000
v 0.56999999 -0.08000000 0.20000000
v 0.56999999 -0.08000000 0.40000001
v 0.60000002 -0.08000000 0.20000000
v 0.60000002 -0.08000000 0.40000001
v 0.60000002 -0.00000000 0.12000000
v 0.60000002 0.08000000 0.12000000
v 0.56999999 -0.00000000 0.12000000
v 0.56999999 0.08000000 0.12000000
v 0.41000000 0.08000000 0.20000000
v 0.41000000 0.08000000 0.40000001
v 0.38000000 0.08000000 0.20000000
v 0.38000000 0.08000000 0.40000001
v 0.38000000 -0.00000000 0.12000000
v 0.38000000 -0.08000000 0.12000000
v 0.41000000 -0.00000000 0.12000000
v 0.41000000 -0.08000000 0.12000000
v 0.22000000 -0.08000000 0.12000000
v 0.19000000 -0.08000000 0.12000000
v 0.22000000 -0.08000000 0.17500000
v 0.19000000 -0.08000000 0.17500000
v 0.19000000 -0.08000000 0.40000001
v 0.22000000 -0.08000000 0.40000001
v 0.19000000 -0.08000000 0.20000000
v 0.22000000 -0.08000000 0.20000000
v 0.19000000 -0.08000000 0.12000000
v 0.22000000 -0.08000000 0.12000000
v 0.19000000 -0.02500000 0.12000000
v 0.22000000 -0.02500000 0.12000000
v 0.22000000 0.08000000 0.12000000
v 0.19000000 0.08000000 0.12000000
v 0.22000000 -0.00000000 0.12000000
v 0.19000000 -0.00000000 0.12000000
v 0.03000000 0.08000000 0.20000000
v 0.03000000 0.08000000 0.40000001
v 0.00000000 0.08000000 0.20000000
v 0.00000000 0.08000000 0.40000001
v 0.00000000 -0.00000000 0.12000000
v 0.00000000 -0.08000000 0.12000000
v 0.03000000 -0.00000000 0.12000000
v 0.03000000 -0.08000000 0.12000000
v 0.95999998 0.47999999 0.17500000
v 0.95999998 0.47999999 0.12000000
v 0.99000001 0.47999999 0.17500000
v 0.99000001 0.47999999 0.12000000
v 0.95999998 0.47999999 0.00000000
v 0.99000001 0.47999999 0.00000000
v 0.95999998 0.47999999 0.10000000
v 0.99000001 0.47999999 0.10000000
v 1.16999996 0.47999999 0.40000001
v 1.13999999 0.47999999 0.40000001
v 1.16999996 0.47999999 0.12000000
v 1.13999999 0.47999999 0.12000000
v 1.13999999 0.47999999 0.00000000
v 1.16999996 0.47999999 0.00000000
v 1.13999999 0.47999999 0.10000000
v 1.16999996 0.47999999 0.10000000
v 1.35000002 0.47999999 0.20000000
v 1.35000002 0.47999999 0.40000001
v 1.32000005 0.47999999 0.20000000
v 1.32000005 0.47999999 0.40000001
v 1.32000005 0.47999999 0.00000000
v 1.35000002 0.47999999 0.00000000
v 1.32000005 0.47999999 0.10000000
v 1.35000002 0.47999999 0.10000000
v 1.52999997 0.47999999 0.40000001
v 1.50000000 0.47999999 0.40000001
v 1.52999997 0.47999999 0.12000000
v 1.50000000 0.47999999 0.12000000
v 1.50000000 0.47999999 0.00000000
v 1.52999997 0.47999999 0.00000000
v 1.50000000 0.47999999 0.10000000
v 1.52999997 0.47999999 0.10000000
v 0.95999998 0.31999999 0.40000001
v 0.99000001 0.31999999 0.40000001
v 0.95999998 0.31999999 0.12000000
v 0.99000001 0.31999999 0.12000000
v 0.99000001 0.31999999 0.00000000
v 0.95999998 0.31999999 0.00000000
v 0.99000001 0.31999999 0.10000000
v 0.95999998 0.31999999 0.10000000
v 1.16999996 0.31999999 0.17500000
v 1.16999996 0.31999999 0.12000000
v 1.13999999 0.31999999 0.17500000
v 1.13999999 0.31999999 0.12000000
v 1.16999996 0.31999999 0.00000000
v 1.13999999 0.31999999 0.00000000
v 1.16999996 0.31999999 0.10000000
v 1.13999999 0.31999999 0.10000000
v 1.32000005 0.31999999 0.40000001
v 1.35000002 0.31999999 0.40000001
v 1.32000005 0.31999999 0.12000000
v 1.35000002 0.31999999 0.12000000
v 1.35000002 0.31999999 0.00000000
v 1.32000005 0.31999999 0.00000000
v 1.35000002 0.31999999 0.10000000
v 1.32000005 0.31999999 0.10000000
v 1.52999997 0.31999999 0.17500000
v 1.52999997 0.31999999 0.12000000
v 1.50000000 0.31999999 0.17500000
v 1.50000000 0.31999999 0.12000000
v 1.52999997 0.31999999 0.00000000
v 1.50000000 0.31999999 0.00000000
v 1.52999997 0.31999999 0.10000000
v 1.50000000 0.31999999 0.10000000
v 1.88999999 0.31999999 0.00000000
v 1.86000001 0.31999999 0.00000000
v 1.88999999 0.31999999 0.10000000
v 1.86000001 0.31999999 0.10000000
v 1.88999999 0.31999999 0.17500000
v 1.88999999 0.31999999 0.12000000
v 1.86000001 0.31999999 0.17500000
v 1.86000001 0.31999999 0.12000000
v 1.86000001 0.47999999 0.00000000
v 1.88999999 0.47999999 0.00000000
v 1.86000001 0.47999999 0.10000000
v 1.88999999 0.47999999 0.10000000
v 1.88999999 0.47999999 0.40000001
v 1.86000001 0.47999999 0.40000001
v 1.88999999 0.47999999 0.12000000
v 1.86000001 0.47999999 0.12000000
v 1.71000004 0.47999999 0.20000000
v 1.71000004 0.47999999 0.40000001
v 1.67999995 0.47999999 0.20000000
v 1.67999995 0.47999999 0.40000001
v 1.67999995 0.47999999 0.00000000
v 1.71000004 0.47999999 0.00000000
v 1.67999995 0.47999999 0.10000000
v 1.71000004 0.47999999 0.10000000
v 1.67999995 0.31999999 0.40000001
v 1.71000004 0.31999999 0.40000001
v 1.67999995 0.31999999 0.12000000
v 1.71000004 0.31999999 0.12000000
v 1.71000004 0.31999999 0.00000000
v 1.67999995 0.31999999 0.00000000
v 1.71000004 0.31999999 0.10000000
v 1.67999995 0.31999999 0.10000000
v 0.03000000 -0.08000000 0.00000000
v 0.00000000 -0.08000000 0.00000000
v 0.03000000 -0.08000000 0.10000000
v 0.00000000 -0.08000000 0.10000000
v 0.00000000 -0.08000000 0.40000001
v 0.03000000 -0.08000000 0.40000001
v 0.00000000 -0.08000000 0.12000000
v 0.03000000 -0.08000000 0.12000000
v 0.60000002 0.08000000 0.40000001
v 0.56999999 0.08000000 0.40000001
v 0.60000002 0.08000000 0.12000000
v 0.56999999 0.08000000 0.12000000
v 0.56999999 0.08000000 0.00000000
v 0.60000002 0.08000000 0.00000000
v 0.56999999 0.08000000 0.10000000
v 0.60000002 0.08000000 0.10000000
v 0.60000002 -0.08000000 0.17500000
v 0.60000002 -0.08000000 0.12000000
v 0.56999999 -0.08000000 0.17500000
v 0.56999999 -0.08000000 0.12000000
v 0.60000002 -0.08000000 0.00000000
v 0.56999999 -0.08000000 0.00000000
v 0.60000002 -0.08000000 0.10000000
v 0.56999999 -0.08000000 0.10000000
v 0.38000000 0.08000000 0.17500000
v 0.38000000 0.08000000 0.12000000
v 0.41000000 0.08000000 0.17500000
v 0.41000000 0.08000000 0.12000000
v 0.38000000 0.08000000 0.00000000
v 0.41000000 0.08000000 0.00000000
v 0.38000000 0.08000000 0.10000000
v 0.41000000 0.08000000 0.10000000
v 0.38000000 -0.08000000 0.40000001
v 0.41000000 -0.08000000 0.40000001
v 0.38000000 -0.08000000 0.12000000
v 0.41000000 -0.08000000 0.12000000
v 0.41000000 -0.08000000 0.00000000
v 0.38000000 -0.08000000 0.00000000
v 0.41000000 -0.08000000 0.10000000
v 0.38000000 -0.08000000 0.10000000
v 0.00000000 0.08000000 0.00000000
v 0.03000000 0.08000000 0.00000000
v 0.00000000 0.08000000 0.10000000
v 0.03000000 0.08000000 0.10000000
v 0.00000000 0.08000000 0.17500000
v 0.00000000 0.08000000 0.12000000
v 0.03000000 0.08000000 0.17500000
v 0.03000000 0.08000000 0.12000000
v 0.22000000 -0.08000000 0.00000000
v 0.19000000 -0.08000000 0.00000000
v 0.22000000 -0.08000000 0.10000000
v 0.19000000 -0.08000000 0.10000000
v 0.22000000 0.08000000 0.40000001
v 0.19000000 0.08000000 0.40000001
v 0.22000000 0.08000000 0.12000000
v 0.19000000 0.08000000 0.12000000
v 0.19000000 0.08000000 0.00000000
v 0.22000000 0.08000000 0.00000000
v 0.19000000 0.08000000 0.10000000
v 0.22000000 0.08000000 0.10000000
v 1.32000005 0.47999999 0.40000001
v 1.35000002 0.47999999 0.40000001
v 1.52999997 0.31999999 0.40000001
v 1.50000000 0.30000001 0.40000001
v 1.35000002 0.30000001 0.40000001
v 1.50000000 0.31999999 0.40000001
v 1.35000002 0.31999999 0.40000001
v 1.86000001 0.30000001 0.40000001
v 1.71000004 0.30000001 0.40000001
v 1.86000001 0.31999999 0.40000001
v 1.71000004 0.31999999 0.40000001
v 1.86000001 0.50000000 0.40000001
v 1.86000001 0.47999999 0.40000001
v 1.71000004 0.50000000 0.40000001
v 1.71000004 0.47999999 0.40000001
v 0.77999997 0.47999999 0.40000001
v 0.60000002 0.08000000 0.40000001
v 0.62000000 0.28000000 0.40000001
v 0.60000002 0.10000000 0.40000001
v 0.60000002 0.28000000 0.40000001
v 0.81000000 0.50000000 0.40000001
v 0.95999998 0.50000000 0.40000001
v 0.81000000 0.47999999 0.40000001
v 0.95999998 0.47999999 0.40000001
v 0.77999997 -0.10000000 0.40000001
v 0.60000002 -0.10000000 0.40000001
v 0.77999997 -0.07000000 0.40000001
v 0.60000002 -0.08000000 0.40000001
v 0.60000002 0.31000000 0.40000001
v 0.60000002 0.47000000 0.40000001
v 0.62000000 0.31000000 0.40000001
v 0.62000000 0.47000000 0.40000001
v 1.32000005 0.30000001 0.40000001
v 1.16999996 0.30000001 0.40000001
v 1.32000005 0.31999999 0.40000001
v 1.16999996 0.31999999 0.40000001
v 0.95999998 0.31999999 0.40000001
v 0.95999998 0.30000001 0.40000001
v 0.80000001 0.30000001 0.40000001
v 0.62000000 0.50000000 0.40000001
v 0.77999997 0.50000000 0.40000001
v 0.62000000 0.47000000 0.40000001
v 0.77999997 0.47999999 0.40000001
v 0.62000000 0.31000000 0.40000001
v 0.62000000 0.28000000 0.40000001
v 0.41000000 0.10000000 0.40000001
v 0.56999999 0.10000000 0.40000001
v 0.41000000 0.08000000 0.40000001
v 0.56999999 0.08000000 0.40000001
v 0.56999999 -0.10000000 0.40000001
v 0.41000000 -0.10000000 0.40000001
v 0.56999999 -0.08000000 0.40000001
v 0.41000000 -0.08000000 0.40000001
v 1.16999996 0.50000000 0.40000001
v 1.32000005 0.50000000 0.40000001
v 1.16999996 0.47999999 0.40000001
v 1.32000005 0.47999999 0.40000001
v 1.67999995 0.50000000 0.40000001
v 1.67999995 0.47999999 0.40000001
v 1.52999997 0.50000000 0.40000001
v 1.52999997 0.47999999 0.40000001
v 1.67999995 0.30000001 0.40000001
v 1.52999997 0.30000001 0.40000001
v 1.67999995 0.31999999 0.40000001
v 1.52999997 0.31999999 0.40000001
v 1.50000000 0.47999999 0.40000001
v 1.35000002 0.47999999 0.40000001
v 1.50000000 0.50000000 0.40000001
v 1.35000002 0.50000000 0.40000001
v 0.77999997 0.28000000 0.40000001
v 0.80000001 0.28000000 0.40000001
v 0.80000001 0.12000000 0.40000001
v 1.13999999 0.47999999 0.40000001
v 0.80000001 0.31000000 0.40000001
v 1.13999999 0.50000000 0.40000001
v 0.99000001 0.47999999 0.40000001
v 0.99000001 0.50000000 0.40000001
v 1.50000000 0.47999999 0.40000001
v 1.52999997 0.47999999 0.40000001
v 1.67999995 0.31999999 0.40000001
v 1.67999995 0.47999999 0.40000001
v 1.71000004 0.31999999 0.40000001
v 1.71000004 0.47999999 0.40000001
v 1.86000001 0.31999999 0.40000001
v 1.86000001 0.47999999 0.40000001
v 1.88999999 0.31999999 0.40000001
v 1.88999999 0.47999999 0.40000001
v 0.77999997 0.31000000 0.40000001
v 0.81000000 0.47999999 0.40000001
v 0.80000001 0.31000000 0.40000001
v 0.95999998 0.47999999 0.40000001
v 0.99000001 0.47999999 0.40000001
v 0.77999997 0.12000000 0.40000001
v 0.77999997 0.09000000 0.40000001
v 0.60000002 0.08000000 0.40000001
v 0.22000000 0.10000000 0.40000001
v 0.38000000 0.10000000 0.40000001
v 0.22000000 0.08000000 0.40000001
v 0.38000000 0.08000000 0.40000001
v 0.38000000 -0.10000000 0.40000001
v 0.22000000 -0.10000000 0.40000001
v 0.38000000 -0.08000000 0.40000001
v 0.22000000 -0.08000000 0.40000001
v 0.80000001 0.12000000 0.40000001
v 0.77999997 0.12000000 0.40000001
v 0.77999997 0.28000000 0.40000001
v 0.60000002 0.08000000 0.40000001
v 0.77999997 0.31000000 0.40000001
v 0.77999997 0.47999999 0.40000001
v 0.81000000 0.47999999 0.40000001
v 0.03000000 0.10000000 0.40000001
v 0.19000000 0.10000000 0.40000001
v 0.03000000 0.08000000 0.40000001
v 0.19000000 0.08000000 0.40000001
v 0.19000000 -0.10000000 0.40000001
v 0.03000000 -0.10000000 0.40000001
v 0.19000000 -0.08000000 0.40000001
v 0.03000000 -0.08000000 0.40000001
v 1.52999997 0.31999999 0.40000001
v 1.50000000 0.31999999 0.40000001
v 1.32000005 0.47999999 0.40000001
v 1.35000002 0.31999999 0.40000001
v 1.16999996 0.47999999 0.40000001
v 1.32000005 0.31999999 0.40000001
v 1.13999999 0.47999999 0.40000001
v 1.16999996 0.31999999 0.40000001
v 1.13999999 0.31999999 0.40000001
v 0.80000001 0.30000001 0.40000001
v 0.80000001 0.31000000 0.40000001
v 0.95999998 0.31999999 0.40000001
v 1.13999999 0.47999999 0.40000001
v 0.99000001 0.31999999 0.40000001
v 1.13999999 0.31999999 0.40000001
v 0.99000001 0.30000001 0.40000001
v 1.13999999 0.30000001 0.40000001
v 0.00000000 -0.08000000 0.40000001
v 0.00000000 0.08000000 0.40000001
v 0.03000000 -0.08000000 0.40000001
v 0.03000000 0.08000000 0.40000001
v 0.19000000 -0.08000000 0.40000001
v 0.19000000 0.08000000 0.40000001
v 0.22000000 -0.08000000 0.40000001
v 0.22000000 0.08000000 0.40000001
v 0.38000000 -0.08000000 0.40000001
v 0.38000000 0.08000000 0.40000001
v 0.41000000 -0.08000000 0.40000001
v 0.41000000 0.08000000 0.40000001
v 0.56999999 -0.08000000 0.40000001
v 0.56999999 0.08000000 0.40000001
v 0.60000002 -0.08000000 0.40000001
v 0.60000002 0.08000000 0.40000001
v 0.77999997 -0.07000000 0.40000001
v 0.77999997 0.09000000 0.40000001
v 0.80000001 -0.07000000 0.40000001
v 0.80000001 0.09000000 0.40000001
v 0.00000000 -0.08000000 0.10000000
v 0.00000000 -0.08000000 0.00000000
v 0.00000000 -0.10000000 0.00000000
v 0.00000000 0.10000000 0.00000000
v 0.00000000 0.08000000 0.00000000
v 0.00000000 0.08000000 0.10000000
v 0.00000000 0.02500000 0.12000000
v 0.00000000 0.08000000 0.12000000
v 0.00000000 0.08000000 0.10000000
v 0.00000000 -0.10000000 0.40000001
v 0.00000000 -0.08000000 0.40000001
v 0.00000000 -0.08000000 0.12000000
v 0.00000000 0.10000000 0.00000000
v 0.00000000 0.08000000 0.10000000
v 0.00000000 0.10000000 0.40000001
v 0.00000000 0.08000000 0.12000000
v 0.00000000 0.08000000 0.17500000
v 0.00000000 -0.00000000 0.12000000
v 0.00000000 -0.08000000 0.10000000
v 0.00000000 -0.08000000 0.12000000
v 0.00000000 -0.10000000 0.00000000
v 0.00000000 -0.10000000 0.40000001
v 0.00000000 0.08000000 0.40000001
v 0.00000000 0.10000000 0.40000001
v 0.00000000 0.08000000 0.20000000
v 0.00000000 0.08000000 0.17500000
v 0.00000000 -0.00000000 0.12000000
v 0.00000000 0.02500000 0.12000000
v 0.00000000 -0.08000000 0.10000000
v 0.00000000 0.08000000 0.10000000
v 0.00000000 -0.10000000 0.00000000
v 0.03000000 -0.10000000 0.00000000
v 0.00000000 -0.10000000 0.40000001
v 0.03000000 -0.10000000 0.40000001
v 0.00000000 -0.10000000 0.41999999
v 0.19000000 -0.10000000 0.40000001
v 0.80000001 -0.10000000 0.41999999
v -0.00707107 -0.10000000 0.40292892
v -0.00500000 -0.10000000 0.40133974
v -0.00500000 -0.10000000 0.41866025
v 0.38000000 -0.10000000 0.40000001
v 0.38000000 -0.10000000 0.00000000
v 0.41000000 -0.10000000 0.00000000
v 0.00000000 -0.10000000 0.41999999
v -0.00258819 -0.10000000 0.41965926
v 0.00000000 -0.10000000 0.40000001
v -0.00500000 -0.10000000 0.41866025
v -0.00258819 -0.10000000 0.40034074
v -0.00500000 -0.10000000 0.40133974
v 0.41000000 -0.10000000 0.40000001
v 0.56999999 -0.10000000 0.40000001
v 0.80000001 -0.10000000 0.41999999
v 0.41000000 -0.10000000 0.00000000
v 0.41000000 -0.10000000 0.40000001
v 0.38000000 -0.10000000 0.40000001
v 0.80000001 -0.10000000 0.41999999
v 0.22000000 -0.10000000 0.40000001
v 0.19000000 -0.10000000 0.40000001
v 0.22000000 -0.10000000 0.00000000
v 0.19000000 -0.10000000 0.00000000
v -0.00707107 -0.10000000 0.41707107
v -0.00866025 -0.10000000 0.41499999
v -0.00500000 -0.10000000 0.41866025
v -0.00965926 -0.10000000 0.41258818
v -0.01000000 -0.10000000 0.41000000
v -0.01000000 -0.10000000 0.41000000
v -0.00965926 -0.10000000 0.40741181
v -0.00500000 -0.10000000 0.41866025
v -0.00866025 -0.10000000 0.40500000
v -0.00707107 -0.10000000 0.40292892
v 0.77999997 -0.10000000 0.00000000
v 0.80000001 -0.10000000 0.00000000
v 0.77999997 -0.10000000 0.40000001
v 0.80000001 -0.10000000 0.41999999
v 0.60000002 -0.10000000 0.40000001
v 0.56999999 -0.10000000 0.40000001
v 0.60000002 -0.10000000 0.00000000
v 0.56999999 -0.10000000 0.00000000
v 0.80000001 -0.10000000 0.41999999
v 0.80000001 -0.10000000 0.00000000
v 0.80000001 -0.07000000 0.00000000
v 0.80000001 -0.07000000 0.00000000
v 0.80000001 -0.07000000 0.40000001
v 0.80000001 -0.10000000 0.41999999
v 0.80000001 0.09000000 0.40000001
v 0.80000001 0.30000001 0.41999999
v 0.80000001 0.09000000 0.00000000
v 0.80000001 0.12000000 0.00000000
v 0.80000001 0.09000000 0.40000001
v 0.80000001 0.12000000 0.40000001
v 0.80000001 0.30000001 0.41999999
v 0.80000001 0.28000000 0.40000001
v 0.80000001 0.30000001 0.40000001
v 0.80000001 0.28000000 0.00000000
v 0.80000001 0.31000000 0.40000001
v 0.80000001 0.31000000 0.00000000
v 1.88999999 0.30000001 0.41999999
v 0.80000001 0.30000001 0.41999999
v 0.95999998 0.30000001 0.40000001
v 0.80000001 0.30000001 0.40000001
v 1.13999999 0.30000001 0.40000001
v 1.13999999 0.30000001 0.00000000
v 1.16999996 0.30000001 0.00000000
v 1.16999996 0.30000001 0.40000001
v 1.32000005 0.30000001 0.40000001
v 1.88999999 0.30000001 0.41999999
v 1.16999996 0.30000001 0.00000000
v 1.16999996 0.30000001 0.40000001
v 1.13999999 0.30000001 0.40000001
v 1.88999999 0.30000001 0.41999999
v 0.99000001 0.30000001 0.40000001
v 0.95999998 0.30000001 0.40000001
v 0.99000001 0.30000001 0.00000000
v 0.95999998 0.30000001 0.00000000
v 1.50000000 0.30000001 0.40000001
v 1.50000000 0.30000001 0.00000000
v 1.52999997 0.30000001 0.00000000
v 1.52999997 0.30000001 0.40000001
v 1.67999995 0.30000001 0.40000001
v 1.88999999 0.30000001 0.41999999
v 1.52999997 0.30000001 0.00000000
v 1.52999997 0.30000001 0.40000001
v 1.50000000 0.30000001 0.40000001
v 1.88999999 0.30000001 0.41999999
v 1.35000002 0.30000001 0.40000001
v 1.32000005 0.30000001 0.40000001
v 1.35000002 0.30000001 0.00000000
v 1.32000005 0.30000001 0.00000000
v 1.86000001 0.30000001 0.00000000
v 1.88999999 0.30000001 0.00000000
v 1.86000001 0.30000001 0.40000001
v 1.88999999 0.30000001 0.41999999
v 1.71000004 0.30000001 0.40000001
v 1.67999995 0.30000001 0.40000001
v 1.71000004 0.30000001 0.00000000
v 1.67999995 0.30000001 0.00000000
v 1.88999999 0.50000000 0.41999999
v 1.88999999 0.50000000 0.00000000
v 1.86000001 0.50000000 0.00000000
v 1.52999997 0.50000000 0.40000001
v 1.52999997 0.50000000 0.00000000
v 1.50000000 0.50000000 0.00000000
v 1.86000001 0.50000000 0.00000000
v 1.86000001 0.50000000 0.40000001
v 1.88999999 0.50000000 0.41999999
v 1.71000004 0.50000000 0.40000001
v 0.60000002 0.50000000 0.41999999
v 1.50000000 0.50000000 0.40000001
v 1.35000002 0.50000000 0.40000001
v 0.60000002 0.50000000 0.41999999
v 1.16999996 0.50000000 0.40000001
v 0.60000002 0.50000000 0.41999999
v 1.32000005 0.50000000 0.40000001
v 1.35000002 0.50000000 0.40000001
v 1.32000005 0.50000000 0.00000000
v 1.35000002 0.50000000 0.00000000
v 1.71000004 0.50000000 0.00000000
v 1.67999995 0.50000000 0.00000000
v 1.71000004 0.50000000 0.40000001
v 1.67999995 0.50000000 0.40000001
v 0.60000002 0.50000000 0.41999999
v 1.52999997 0.50000000 0.40000001
v 1.50000000 0.50000000 0.40000001
v 1.50000000 0.50000000 0.00000000
v 0.99000001 0.50000000 0.40000001
v 0.99000001 0.50000000 0.00000000
v 0.95999998 0.50000000 0.00000000
v 0.95999998 0.50000000 0.40000001
v 0.81000000 0.50000000 0.40000001
v 0.60000002 0.50000000 0.41999999
v 0.95999998 0.50000000 0.00000000
v 0.95999998 0.50000000 0.40000001
v 0.99000001 0.50000000 0.40000001
v 0.60000002 0.50000000 0.41999999
v 1.13999999 0.50000000 0.40000001
v 1.16999996 0.50000000 0.40000001
v 1.13999999 0.50000000 0.00000000
v 1.16999996 0.50000000 0.00000000
v 0.62000000 0.50000000 0.00000000
v 0.60000002 0.50000000 0.00000000
v 0.62000000 0.50000000 0.40000001
v 0.60000002 0.50000000 0.41999999
v 0.77999997 0.50000000 0.40000001
v 0.81000000 0.50000000 0.40000001
v 0.77999997 0.50000000 0.00000000
v 0.81000000 0.50000000 0.00000000
v 0.60000002 0.50000000 0.41999999
v 0.60000002 0.50000000 0.00000000
v 0.60000002 0.47000000 0.00000000
v 0.60000002 0.31000000 0.00000000
v 0.60000002 0.28000000 0.00000000
v 0.60000002 0.31000000 0.40000001
v 0.60000002 0.28000000 0.40000001
v 0.60000002 0.47000000 0.00000000
v 0.60000002 0.47000000 0.40000001
v 0.60000002 0.50000000 0.41999999
v 0.60000002 0.31000000 0.40000001
v 0.60000002 0.10000000 0.41999999
v 0.60000002 0.28000000 0.40000001
v 0.60000002 0.10000000 0.40000001
v -0.00258819 0.10000000 0.41965926
v 0.00000000 0.10000000 0.41999999
v -0.00500000 0.10000000 0.40133974
v 0.60000002 0.10000000 0.00000000
v 0.56999999 0.10000000 0.00000000
v 0.60000002 0.10000000 0.40000001
v 0.56999999 0.10000000 0.40000001
v 0.60000002 0.10000000 0.41999999
v 0.41000000 0.10000000 0.40000001
v 0.00000000 0.10000000 0.41999999
v 0.22000000 0.10000000 0.40000001
v 0.22000000 0.10000000 0.00000000
v 0.19000000 0.10000000 0.00000000
v 0.19000000 0.10000000 0.40000001
v 0.03000000 0.10000000 0.40000001
v 0.00000000 0.10000000 0.41999999
v 0.19000000 0.10000000 0.00000000
v 0.19000000 0.10000000 0.40000001
v 0.22000000 0.10000000 0.40000001
v 0.00000000 0.10000000 0.41999999
v 0.38000000 0.10000000 0.40000001
v 0.41000000 0.10000000 0.40000001
v 0.38000000 0.10000000 0.00000000
v 0.41000000 0.10000000 0.00000000
v 0.03000000 0.10000000 0.00000000
v 0.00000000 0.10000000 0.00000000
v 0.03000000 0.10000000 0.40000001
v 0.00000000 0.10000000 0.40000001
v 0.00000000 0.10000000 0.41999999
v -0.00258819 0.10000000 0.40034074
v -0.00500000 0.10000000 0.40133974
v -0.00258819 0.10000000 0.41965926
v -0.00500000 0.10000000 0.40133974
v -0.00500000 0.10000000 0.41866025
v -0.00707107 0.10000000 0.40292892
v -0.00866025 0.10000000 0.40500000
v -0.00707107 0.10000000 0.41707107
v -0.00500000 0.10000000 0.41866025
v -0.00866025 0.10000000 0.41499999
v -0.00965926 0.10000000 0.41258818
v -0.00866025 0.10000000 0.40500000
v -0.00965926 0.10000000 0.40741181
v -0.00500000 0.10000000 0.41866025
v -0.01000000 0.10000000 0.41000000
v -0.00965926 0.10000000 0.41258818
v 0.03000000 -0.08000000 0.00000000
v 0.03000000 -0.10000000 0.00000000
v 0.00000000 -0.08000000 0.00000000
v 0.00000000 -0.10000000 0.00000000
v 0.81000000 0.47999999 0.00000000
v 0.81000000 0.50000000 0.00000000
v 0.81000000 0.47999999 0.40000001
v 0.81000000 0.50000000 0.40000001
v 0.77999997 0.47999999 0.00000000
v 0.81000000 0.47999999 0.00000000
v 0.77999997 0.47999999 0.40000001
v 0.81000000 0.47999999 0.40000001
v 0.77999997 0.50000000 0.00000000
v 0.77999997 0.47999999 0.00000000
v 0.77999997 0.50000000 0.40000001
v 0.77999997 0.47999999 0.40000001
v 0.81000000 0.47999999 0.00000000
v 0.77999997 0.47999999 0.00000000
v 0.81000000 0.50000000 0.00000000
v 0.77999997 0.50000000 0.00000000
v 0.99000001 0.47999999 0.00000000
v 0.95999998 0.47999999 0.00000000
v 0.99000001 0.50000000 0.00000000
v 0.95999998 0.50000000 0.00000000
v 1.16999996 0.47999999 0.00000000
v 1.13999999 0.47999999 0.00000000
v 1.16999996 0.50000000 0.00000000
v 1.13999999 0.50000000 0.00000000
v 1.35000002 0.47999999 0.00000000
v 1.32000005 0.47999999 0.00000000
v 1.35000002 0.50000000 0.00000000
v 1.32000005 0.50000000 0.00000000
v 1.52999997 0.47999999 0.00000000
v 1.50000000 0.47999999 0.00000000
v 1.52999997 0.50000000 0.00000000
v 1.50000000 0.50000000 0.00000000
v 0.95999998 0.30000001 0.40000001
v 0.95999998 0.31999999 0.40000001
v 0.95999998 0.31999999 0.12000000
v 0.95999998 0.50000000 0.00000000
v 0.95999998 0.47999999 0.00000000
v 0.95999998 0.47999999 0.10000000
v 0.95999998 0.30000001 0.40000001
v 0.95999998 0.31999999 0.12000000
v 0.95999998 0.30000001 0.00000000
v 0.95999998 0.31999999 0.10000000
v 0.95999998 0.31999999 0.00000000
v 0.95999998 0.42500001 0.12000000
v 0.95999998 0.40000001 0.12000000
v 0.95999998 0.47999999 0.17500000
v 0.95999998 0.47999999 0.20000000
v 0.95999998 0.31999999 0.12000000
v 0.95999998 0.40000001 0.12000000
v 0.95999998 0.31999999 0.10000000
v 0.95999998 0.42500001 0.12000000
v 0.95999998 0.47999999 0.10000000
v 0.95999998 0.47999999 0.12000000
v 0.95999998 0.50000000 0.00000000
v 0.95999998 0.47999999 0.17500000
v 0.95999998 0.50000000 0.40000001
v 0.95999998 0.47999999 0.20000000
v 0.95999998 0.47999999 0.40000001
v 0.99000001 0.31999999 0.12000000
v 0.99000001 0.31999999 0.40000001
v 0.99000001 0.30000001 0.40000001
v 0.99000001 0.47999999 0.00000000
v 0.99000001 0.50000000 0.00000000
v 0.99000001 0.47999999 0.10000000
v 0.99000001 0.50000000 0.40000001
v 0.99000001 0.30000001 0.00000000
v 0.99000001 0.31999999 0.00000000
v 0.99000001 0.31999999 0.10000000
v 0.99000001 0.50000000 0.40000001
v 0.99000001 0.47999999 0.40000001
v 0.99000001 0.47999999 0.20000000
v 0.99000001 0.30000001 0.40000001
v 0.99000001 0.30000001 0.00000000
v 0.99000001 0.31999999 0.12000000
v 0.99000001 0.31999999 0.10000000
v 0.99000001 0.40000001 0.12000000
v 0.99000001 0.42500001 0.12000000
v 0.99000001 0.47999999 0.20000000
v 0.99000001 0.47999999 0.17500000
v 0.99000001 0.50000000 0.40000001
v 0.99000001 0.50000000 0.40000001
v 0.99000001 0.47999999 0.12000000
v 0.99000001 0.47999999 0.12000000
v 0.99000001 0.47999999 0.10000000
v 0.99000001 0.47999999 0.10000000
v 0.99000001 0.42500001 0.12000000
v 0.99000001 0.31999999 0.10000000
v 0.95999998 0.31999999 0.00000000
v 0.99000001 0.31999999 0.00000000
v 0.95999998 0.30000001 0.00000000
v 0.99000001 0.30000001 0.00000000
v 1.13999999 0.47999999 0.12000000
v 1.13999999 0.47999999 0.40000001
v 1.13999999 0.50000000 0.40000001
v 1.13999999 0.31999999 0.00000000
v 1.13999999 0.30000001 0.00000000
v 1.13999999 0.31999999 0.10000000
v 1.13999999 0.30000001 0.40000001
v 1.13999999 0.50000000 0.00000000
v 1.13999999 0.47999999 0.00000000
v 1.13999999 0.47999999 0.10000000
v 1.13999999 0.30000001 0.40000001
v 1.13999999 0.31999999 0.40000001
v 1.13999999 0.31999999 0.20000000
v 1.13999999 0.50000000 0.40000001
v 1.13999999 0.50000000 0.00000000
v 1.13999999 0.47999999 0.12000000
v 1.13999999 0.47999999 0.10000000
v 1.13999999 0.40000001 0.12000000
v 1.13999999 0.37500000 0.12000000
v 1.13999999 0.31999999 0.20000000
v 1.13999999 0.31999999 0.17500000
v 1.13999999 0.30000001 0.40000001
v 1.13999999 0.31999999 0.12000000
v 1.13999999 0.31999999 0.10000000
v 1.13999999 0.37500000 0.12000000
v 1.13999999 0.47999999 0.10000000
v 1.16999996 0.30000001 0.40000001
v 1.16999996 0.30000001 0.00000000
v 1.16999996 0.31999999 0.10000000
v 1.16999996 0.31999999 0.00000000
v 1.16999996 0.50000000 0.40000001
v 1.16999996 0.47999999 0.40000001
v 1.16999996 0.47999999 0.12000000
v 1.16999996 0.31999999 0.20000000
v 1.16999996 0.31999999 0.40000001
v 1.16999996 0.30000001 0.40000001
v 1.16999996 0.50000000 0.40000001
v 1.16999996 0.47999999 0.12000000
v 1.16999996 0.50000000 0.00000000
v 1.16999996 0.47999999 0.10000000
v 1.16999996 0.47999999 0.00000000
v 1.16999996 0.31999999 0.17500000
v 1.16999996 0.37500000 0.12000000
v 1.16999996 0.40000001 0.12000000
v 1.16999996 0.40000001 0.12000000
v 1.16999996 0.31999999 0.20000000
v 1.16999996 0.31999999 0.20000000
v 1.16999996 0.31999999 0.17500000
v 1.16999996 0.31999999 0.17500000
v 1.16999996 0.30000001 0.40000001
v 1.16999996 0.30000001 0.40000001
v 1.16999996 0.31999999 0.12000000
v 1.16999996 0.31999999 0.10000000
v 1.16999996 0.37500000 0.12000000
v 1.16999996 0.47999999 0.10000000
v 1.16999996 0.40000001 0.12000000
v 1.16999996 0.47999999 0.12000000
v 1.13999999 0.31999999 0.00000000
v 1.16999996 0.31999999 0.00000000
v 1.13999999 0.30000001 0.00000000
v 1.16999996 0.30000001 0.00000000
v 1.32000005 0.31999999 0.10000000
v 1.32000005 0.31999999 0.00000000
v 1.32000005 0.30000001 0.00000000
v 1.32000005 0.47999999 0.17500000
v 1.32000005 0.50000000 0.40000001
v 1.32000005 0.50000000 0.00000000
v 1.32000005 0.42500001 0.12000000
v 1.32000005 0.47999999 0.12000000
v 1.32000005 0.47999999 0.10000000
v 1.32000005 0.30000001 0.40000001
v 1.32000005 0.31999999 0.40000001
v 1.32000005 0.31999999 0.12000000
v 1.32000005 0.47999999 0.00000000
v 1.32000005 0.47999999 0.10000000
v 1.32000005 0.47999999 0.10000000
v 1.32000005 0.50000000 0.00000000
v 1.32000005 0.50000000 0.00000000
v 1.32000005 0.47999999 0.12000000
v 1.32000005 0.47999999 0.12000000
v 1.32000005 0.47999999 0.17500000
v 1.32000005 0.40000001 0.12000000
v 1.32000005 0.31999999 0.10000000
v 1.32000005 0.31999999 0.10000000
v 1.32000005 0.31999999 0.12000000
v 1.32000005 0.31999999 0.12000000
v 1.32000005 0.30000001 0.00000000
v 1.32000005 0.30000001 0.00000000
v 1.32000005 0.30000001 0.40000001
v 1.32000005 0.47999999 0.40000001
v 1.32000005 0.50000000 0.40000001
v 1.32000005 0.50000000 0.40000001
v 1.32000005 0.47999999 0.20000000
v 1.32000005 0.47999999 0.20000000
v 1.32000005 0.47999999 0.17500000
v 1.32000005 0.47999999 0.17500000
v 1.32000005 0.40000001 0.12000000
v 1.32000005 0.42500001 0.12000000
v 1.32000005 0.31999999 0.10000000
v 1.32000005 0.47999999 0.10000000
v 1.35000002 0.31999999 0.12000000
v 1.35000002 0.31999999 0.40000001
v 1.35000002 0.30000001 0.40000001
v 1.35000002 0.47999999 0.00000000
v 1.35000002 0.50000000 0.00000000
v 1.35000002 0.47999999 0.10000000
v 1.35000002 0.50000000 0.40000001
v 1.35000002 0.30000001 0.00000000
v 1.35000002 0.31999999 0.00000000
v 1.35000002 0.31999999 0.10000000
v 1.35000002 0.50000000 0.40000001
v 1.35000002 0.47999999 0.40000001
v 1.35000002 0.47999999 0.20000000
v 1.35000002 0.30000001 0.40000001
v 1.35000002 0.30000001 0.00000000
v 1.35000002 0.31999999 0.12000000
v 1.35000002 0.31999999 0.10000000
v 1.35000002 0.40000001 0.12000000
v 1.35000002 0.42500001 0.12000000
v 1.35000002 0.47999999 0.20000000
v 1.35000002 0.47999999 0.17500000
v 1.35000002 0.50000000 0.40000001
v 1.35000002 0.50000000 0.40000001
v 1.35000002 0.47999999 0.12000000
v 1.35000002 0.47999999 0.12000000
v 1.35000002 0.47999999 0.10000000
v 1.35000002 0.47999999 0.10000000
v 1.35000002 0.42500001 0.12000000
v 1.35000002 0.31999999 0.10000000
v 1.32000005 0.31999999 0.00000000
v 1.35000002 0.31999999 0.00000000
v 1.32000005 0.30000001 0.00000000
v 1.35000002 0.30000001 0.00000000
v 1.50000000 0.47999999 0.12000000
v 1.50000000 0.47999999 0.40000001
v 1.50000000 0.50000000 0.40000001
v 1.50000000 0.31999999 0.00000000
v 1.50000000 0.30000001 0.00000000
v 1.50000000 0.31999999 0.10000000
v 1.50000000 0.30000001 0.40000001
v 1.50000000 0.50000000 0.00000000
v 1.50000000 0.47999999 0.00000000
v 1.50000000 0.47999999 0.10000000
v 1.50000000 0.30000001 0.40000001
v 1.50000000 0.31999999 0.40000001
v 1.50000000 0.31999999 0.20000000
v 1.50000000 0.50000000 0.40000001
v 1.50000000 0.50000000 0.00000000
v 1.50000000 0.47999999 0.12000000
v 1.50000000 0.47999999 0.10000000
v 1.50000000 0.40000001 0.12000000
v 1.50000000 0.37500000 0.12000000
v 1.50000000 0.31999999 0.20000000
v 1.50000000 0.31999999 0.20000000
v 1.50000000 0.31999999 0.17500000
v 1.50000000 0.31999999 0.17500000
v 1.50000000 0.30000001 0.40000001
v 1.50000000 0.30000001 0.40000001
v 1.50000000 0.31999999 0.12000000
v 1.50000000 0.31999999 0.10000000
v 1.50000000 0.37500000 0.12000000
v 1.50000000 0.47999999 0.10000000
v 1.52999997 0.30000001 0.40000001
v 1.52999997 0.30000001 0.00000000
v 1.52999997 0.31999999 0.10000000
v 1.52999997 0.31999999 0.00000000
v 1.52999997 0.50000000 0.40000001
v 1.52999997 0.47999999 0.40000001
v 1.52999997 0.47999999 0.12000000
v 1.52999997 0.31999999 0.20000000
v 1.52999997 0.31999999 0.40000001
v 1.52999997 0.30000001 0.40000001
v 1.52999997 0.50000000 0.40000001
v 1.52999997 0.47999999 0.12000000
v 1.52999997 0.50000000 0.00000000
v 1.52999997 0.47999999 0.10000000
v 1.52999997 0.47999999 0.00000000
v 1.52999997 0.31999999 0.17500000
v 1.52999997 0.37500000 0.12000000
v 1.52999997 0.40000001 0.12000000
v 1.52999997 0.40000001 0.12000000
v 1.52999997 0.31999999 0.20000000
v 1.52999997 0.31999999 0.17500000
v 1.52999997 0.30000001 0.40000001
v 1.52999997 0.31999999 0.12000000
v 1.52999997 0.31999999 0.10000000
v 1.52999997 0.37500000 0.12000000
v 1.52999997 0.47999999 0.10000000
v 1.52999997 0.40000001 0.12000000
v 1.52999997 0.47999999 0.12000000
v 1.50000000 0.31999999 0.00000000
v 1.52999997 0.31999999 0.00000000
v 1.50000000 0.30000001 0.00000000
v 1.52999997 0.30000001 0.00000000
v 0.60000002 0.08000000 0.00000000
v 0.56999999 0.08000000 0.00000000
v 0.60000002 0.10000000 0.00000000
v 0.56999999 0.10000000 0.00000000
v 0.56999999 -0.08000000 0.10000000
v 0.56999999 -0.08000000 0.00000000
v 0.56999999 -0.10000000 0.00000000
v 0.56999999 0.08000000 0.40000001
v 0.56999999 0.10000000 0.40000001
v 0.56999999 0.08000000 0.12000000
v 0.56999999 0.10000000 0.00000000
v 0.56999999 0.08000000 0.10000000
v 0.56999999 0.08000000 0.00000000
v 0.56999999 -0.08000000 0.17500000
v 0.56999999 -0.08000000 0.20000000
v 0.56999999 -0.02500000 0.12000000
v 0.56999999 -0.00000000 0.12000000
v 0.56999999 -0.08000000 0.40000001
v 0.56999999 -0.08000000 0.20000000
v 0.56999999 -0.10000000 0.40000001
v 0.56999999 -0.08000000 0.17500000
v 0.56999999 -0.10000000 0.00000000
v 0.56999999 -0.08000000 0.12000000
v 0.56999999 -0.08000000 0.10000000
v 0.56999999 -0.02500000 0.12000000
v 0.56999999 0.08000000 0.10000000
v 0.56999999 -0.00000000 0.12000000
v 0.56999999 0.08000000 0.12000000
v 0.60000002 0.08000000 0.10000000
v 0.60000002 0.08000000 0.00000000
v 0.60000002 0.10000000 0.00000000
v 0.60000002 -0.10000000 0.00000000
v 0.60000002 -0.08000000 0.00000000
v 0.60000002 -0.08000000 0.10000000
v 0.60000002 -0.02500000 0.12000000
v 0.60000002 -0.08000000 0.12000000
v 0.60000002 -0.08000000 0.10000000
v 0.60000002 0.10000000 0.40000001
v 0.60000002 0.08000000 0.40000001
v 0.60000002 0.08000000 0.12000000
v 0.60000002 -0.10000000 0.00000000
v 0.60000002 -0.08000000 0.10000000
v 0.60000002 -0.10000000 0.40000001
v 0.60000002 -0.08000000 0.12000000
v 0.60000002 -0.08000000 0.17500000
v 0.60000002 -0.00000000 0.12000000
v 0.60000002 0.08000000 0.10000000
v 0.60000002 0.08000000 0.12000000
v 0.60000002 0.10000000 0.00000000
v 0.60000002 0.10000000 0.40000001
v 0.60000002 -0.08000000 0.40000001
v 0.60000002 -0.10000000 0.40000001
v 0.60000002 -0.08000000 0.20000000
v 0.60000002 -0.08000000 0.17500000
v 0.60000002 -0.00000000 0.12000000
v 0.60000002 -0.02500000 0.12000000
v 0.60000002 0.08000000 0.10000000
v 0.60000002 -0.08000000 0.10000000
v 0.56999999 -0.08000000 0.00000000
v 0.60000002 -0.08000000 0.00000000
v 0.56999999 -0.10000000 0.00000000
v 0.60000002 -0.10000000 0.00000000
v 0.41000000 0.08000000 0.00000000
v 0.38000000 0.08000000 0.00000000
v 0.41000000 0.10000000 0.00000000
v 0.38000000 0.10000000 0.00000000
v 0.38000000 -0.08000000 0.10000000
v 0.38000000 -0.08000000 0.00000000
v 0.38000000 -0.10000000 0.00000000
v 0.38000000 0.10000000 0.00000000
v 0.38000000 0.08000000 0.00000000
v 0.38000000 0.08000000 0.10000000
v 0.38000000 0.02500000 0.12000000
v 0.38000000 0.08000000 0.12000000
v 0.38000000 0.08000000 0.10000000
v 0.38000000 -0.10000000 0.40000001
v 0.38000000 -0.08000000 0.40000001
v 0.38000000 -0.08000000 0.12000000
v 0.38000000 0.10000000 0.00000000
v 0.38000000 0.08000000 0.10000000
v 0.38000000 0.10000000 0.40000001
v 0.38000000 0.08000000 0.12000000
v 0.38000000 0.08000000 0.17500000
v 0.38000000 -0.00000000 0.12000000
v 0.38000000 -0.08000000 0.10000000
v 0.38000000 -0.08000000 0.12000000
v 0.38000000 -0.10000000 0.00000000
v 0.38000000 -0.10000000 0.40000001
v 0.38000000 0.08000000 0.40000001
v 0.38000000 0.10000000 0.40000001
v 0.38000000 0.08000000 0.20000000
v 0.38000000 0.08000000 0.17500000
v 0.38000000 -0.00000000 0.12000000
v 0.38000000 0.02500000 0.12000000
v 0.38000000 -0.08000000 0.10000000
v 0.38000000 0.08000000 0.10000000
v 0.41000000 -0.08000000 0.12000000
v 0.41000000 -0.08000000 0.40000001
v 0.41000000 -0.10000000 0.40000001
v 0.41000000 0.08000000 0.00000000
v 0.41000000 0.10000000 0.00000000
v 0.41000000 0.08000000 0.10000000
v 0.41000000 0.10000000 0.40000001
v 0.41000000 -0.10000000 0.00000000
v 0.41000000 -0.08000000 0.00000000
v 0.41000000 -0.08000000 0.10000000
v 0.41000000 0.10000000 0.40000001
v 0.41000000 0.08000000 0.40000001
v 0.41000000 0.08000000 0.20000000
v 0.41000000 -0.10000000 0.40000001
v 0.41000000 -0.10000000 0.00000000
v 0.41000000 -0.08000000 0.12000000
v 0.41000000 -0.08000000 0.10000000
v 0.41000000 -0.00000000 0.12000000
v 0.41000000 0.02500000 0.12000000
v 0.41000000 0.08000000 0.20000000
v 0.41000000 0.08000000 0.17500000
v 0.41000000 0.10000000 0.40000001
v 0.41000000 0.08000000 0.12000000
v 0.41000000 0.08000000 0.10000000
v 0.41000000 0.02500000 0.12000000
v 0.41000000 -0.08000000 0.10000000
v 0.38000000 -0.08000000 0.00000000
v 0.41000000 -0.08000000 0.00000000
v 0.38000000 -0.10000000 0.00000000
v 0.41000000 -0.10000000 0.00000000
v 0.03000000 -0.08000000 0.12000000
v 0.03000000 -0.08000000 0.40000001
v 0.03000000 -0.10000000 0.40000001
v 0.03000000 0.08000000 0.00000000
v 0.03000000 0.10000000 0.00000000
v 0.03000000 0.08000000 0.10000000
v 0.03000000 0.10000000 0.40000001
v 0.03000000 -0.10000000 0.00000000
v 0.03000000 -0.08000000 0.00000000
v 0.03000000 -0.08000000 0.10000000
v 0.03000000 0.10000000 0.40000001
v 0.03000000 0.08000000 0.40000001
v 0.03000000 0.08000000 0.20000000
v 0.03000000 -0.10000000 0.40000001
v 0.03000000 -0.10000000 0.00000000
v 0.03000000 -0.08000000 0.12000000
v 0.03000000 -0.08000000 0.10000000
v 0.03000000 -0.00000000 0.12000000
v 0.03000000 0.02500000 0.12000000
v 0.03000000 0.08000000 0.20000000
v 0.03000000 0.08000000 0.17500000
v 0.03000000 0.10000000 0.40000001
v 0.03000000 0.08000000 0.12000000
v 0.03000000 0.08000000 0.10000000
v 0.03000000 0.02500000 0.12000000
v 0.03000000 -0.08000000 0.10000000
v 0.03000000 0.10000000 0.00000000
v 0.03000000 0.08000000 0.00000000
v 0.00000000 0.10000000 0.00000000
v 0.00000000 0.08000000 0.00000000
v 0.19000000 -0.08000000 0.00000000
v 0.22000000 -0.08000000 0.00000000
v 0.19000000 -0.10000000 0.00000000
v 0.22000000 -0.10000000 0.00000000
v 0.77999997 -0.07000000 0.00000000
v 0.77999997 -0.10000000 0.00000000
v 0.77999997 -0.07000000 0.40000001
v 0.77999997 -0.10000000 0.40000001
v 0.80000001 -0.07000000 0.00000000
v 0.77999997 -0.07000000 0.00000000
v 0.80000001 -0.07000000 0.40000001
v 0.77999997 -0.07000000 0.40000001
v 0.77999997 -0.10000000 0.00000000
v 0.77999997 -0.07000000 0.00000000
v 0.80000001 -0.10000000 0.00000000
v 0.80000001 -0.07000000 0.00000000
v 0.22000000 0.08000000 0.10000000
v 0.22000000 0.08000000 0.00000000
v 0.22000000 0.10000000 0.00000000
v 0.22000000 -0.10000000 0.00000000
v 0.22000000 -0.08000000 0.00000000
v 0.22000000 -0.08000000 0.10000000
v 0.22000000 -0.02500000 0.12000000
v 0.22000000 -0.08000000 0.12000000
v 0.22000000 -0.08000000 0.10000000
v 0.22000000 0.10000000 0.40000001
v 0.22000000 0.08000000 0.40000001
v 0.22000000 0.08000000 0.12000000
v 0.22000000 -0.10000000 0.00000000
v 0.22000000 -0.08000000 0.10000000
v 0.22000000 -0.10000000 0.40000001
v 0.22000000 -0.08000000 0.12000000
v 0.22000000 -0.08000000 0.17500000
v 0.22000000 -0.00000000 0.12000000
v 0.22000000 0.08000000 0.10000000
v 0.22000000 0.08000000 0.12000000
v 0.22000000 0.10000000 0.00000000
v 0.22000000 0.10000000 0.40000001
v 0.22000000 -0.08000000 0.40000001
v 0.22000000 -0.10000000 0.40000001
v 0.22000000 -0.08000000 0.20000000
v 0.22000000 -0.08000000 0.17500000
v 0.22000000 -0.00000000 0.12000000
v 0.22000000 -0.02500000 0.12000000
v 0.22000000 0.08000000 0.10000000
v 0.22000000 -0.08000000 0.10000000
v 0.19000000 0.08000000 0.12000000
v 0.19000000 0.08000000 0.40000001
v 0.19000000 0.10000000 0.40000001
v 0.19000000 -0.08000000 0.00000000
v 0.19000000 -0.10000000 0.00000000
v 0.19000000 -0.08000000 0.10000000
v 0.19000000 -0.10000000 0.40000001
v 0.19000000 0.10000000 0.00000000
v 0.19000000 0.08000000 0.00000000
v 0.19000000 0.08000000 0.10000000
v 0.19000000 -0.10000000 0.40000001
v 0.19000000 -0.08000000 0.40000001
v 0.19000000 -0.08000000 0.20000000
v 0.19000000 0.10000000 0.40000001
v 0.19000000 0.10000000 0.00000000
v 0.19000000 0.08000000 0.12000000
v 0.19000000 0.08000000 0.10000000
v 0.19000000 -0.00000000 0.12000000
v 0.19000000 -0.02500000 0.12000000
v 0.19000000 -0.08000000 0.20000000
v 0.19000000 -0.08000000 0.17500000
v 0.19000000 -0.10000000 0.40000001
v 0.19000000 -0.08000000 0.12000000
v 0.19000000 -0.08000000 0.10000000
v 0.19000000 -0.02500000 0.12000000
v 0.19000000 0.08000000 0.10000000
v 0.22000000 0.08000000 0.00000000
v 0.19000000 0.08000000 0.00000000
v 0.22000000 0.10000000 0.00000000
v 0.19000000 0.10000000 0.00000000
v 0.62000000 0.31000000 0.00000000
v 0.60000002 0.31000000 0.00000000
v 0.62000000 0.31000000 0.40000001
v 0.60000002 0.31000000 0.40000001
v 0.62000000 0.28000000 0.00000000
v 0.62000000 0.31000000 0.00000000
v 0.62000000 0.28000000 0.40000001
v 0.62000000 0.31000000 0.40000001
v 0.60000002 0.28000000 0.00000000
v 0.62000000 0.28000000 0.00000000
v 0.60000002 0.28000000 0.40000001
v 0.62000000 0.28000000 0.40000001
v 0.62000000 0.28000000 0.00000000
v 0.60000002 0.28000000 0.00000000
v 0.62000000 0.31000000 0.00000000
v 0.60000002 0.31000000 0.00000000
v 0.77999997 0.28000000 0.00000000
v 0.80000001 0.28000000 0.00000000
v 0.77999997 0.28000000 0.40000001
v 0.80000001 0.28000000 0.40000001
v 0.77999997 0.31000000 0.00000000
v 0.77999997 0.28000000 0.00000000
v 0.77999997 0.31000000 0.40000001
v 0.77999997 0.28000000 0.40000001
v 0.80000001 0.31000000 0.00000000
v 0.77999997 0.31000000 0.00000000
v 0.80000001 0.31000000 0.40000001
v 0.77999997 0.31000000 0.40000001
v 0.77999997 0.31000000 0.00000000
v 0.80000001 0.31000000 0.00000000
v 0.77999997 0.28000000 0.00000000
v 0.80000001 0.28000000 0.00000000
v 0.77999997 0.09000000 0.00000000
v 0.80000001 0.09000000 0.00000000
v 0.77999997 0.09000000 0.40000001
v 0.80000001 0.09000000 0.40000001
v 0.77999997 0.12000000 0.00000000
v 0.77999997 0.09000000 0.00000000
v 0.77999997 0.12000000 0.40000001
v 0.77999997 0.09000000 0.40000001
v 0.80000001 0.12000000 0.00000000
v 0.77999997 0.12000000 0.00000000
v 0.80000001 0.12000000 0.40000001
v 0.77999997 0.12000000 0.40000001
v 0.77999997 0.12000000 0.00000000
v 0.80000001 0.12000000 0.00000000
v 0.77999997 0.09000000 0.00000000
v 0.80000001 0.09000000 0.00000000
v 0.62000000 0.47000000 0.00000000
v 0.62000000 0.50000000 0.00000000
v 0.62000000 0.47000000 0.40000001
v 0.62000000 0.50000000 0.40000001
v 0.60000002 0.47000000 0.00000000
v 0.62000000 0.47000000 0.00000000
v 0.60000002 0.47000000 0.40000001
v 0.62000000 0.47000000 0.40000001
v 0.62000000 0.50000000 0.00000000
v 0.62000000 0.47000000 0.00000000
v 0.60000002 0.50000000 0.00000000
v 0.60000002 0.47000000 0.00000000
v 1.86000001 0.47999999 0.12000000
v 1.86000001 0.47999999 0.40000001
v 1.86000001 0.50000000 0.40000001
v 1.86000001 0.31999999 0.00000000
v 1.86000001 0.30000001 0.00000000
v 1.86000001 0.31999999 0.10000000
v 1.86000001 0.30000001 0.40000001
v 1.86000001 0.50000000 0.00000000
v 1.86000001 0.47999999 0.00000000
v 1.86000001 0.47999999 0.10000000
v 1.86000001 0.30000001 0.40000001
v 1.86000001 0.31999999 0.40000001
v 1.86000001 0.31999999 0.20000000
v 1.86000001 0.50000000 0.40000001
v 1.86000001 0.50000000 0.00000000
v 1.86000001 0.47999999 0.12000000
v 1.86000001 0.47999999 0.10000000
v 1.86000001 0.40000001 0.12000000
v 1.86000001 0.37500000 0.12000000
v 1.86000001 0.31999999 0.20000000
v 1.86000001 0.31999999 0.17500000
v 1.86000001 0.30000001 0.40000001
v 1.86000001 0.30000001 0.40000001
v 1.86000001 0.31999999 0.12000000
v 1.86000001 0.31999999 0.12000000
v 1.86000001 0.31999999 0.10000000
v 1.86000001 0.31999999 0.10000000
v 1.86000001 0.37500000 0.12000000
v 1.86000001 0.47999999 0.10000000
v 1.86000001 0.30000001 0.00000000
v 1.86000001 0.31999999 0.00000000
v 1.88999999 0.30000001 0.00000000
v 1.88999999 0.31999999 0.00000000
v 1.88999999 0.28500000 0.00000000
v 1.89999998 0.27500001 0.00000000
v 1.89741182 0.27534074 0.00000000
v 1.86000001 0.47999999 0.00000000
v 1.86000001 0.50000000 0.00000000
v 1.88999999 0.47999999 0.00000000
v 1.88999999 0.50000000 0.00000000
v 2.04707098 0.27792892 0.00000000
v 2.04999995 0.28500000 0.00000000
v 2.04866028 0.28000000 0.00000000
v 2.04965925 0.28241181 0.00000000
v 2.03999996 0.52499998 0.00000000
v 2.04258823 0.52465928 0.00000000
v 1.88999999 0.31999999 0.00000000
v 2.04258823 0.52465928 0.00000000
v 2.04500008 0.52366024 0.00000000
v 1.88999999 0.31999999 0.00000000
v 2.04707098 0.52207106 0.00000000
v 2.04866028 0.51999998 0.00000000
v 2.04866028 0.51999998 0.00000000
v 2.04965925 0.51758820 0.00000000
v 1.88999999 0.31999999 0.00000000
v 2.04999995 0.51499999 0.00000000
v 1.88999999 0.30000001 0.00000000
v 2.04999995 0.28500000 0.00000000
v 1.88999999 0.28500000 0.00000000
v 2.03999996 0.27500001 0.00000000
v 1.89999998 0.27500001 0.00000000
v 1.88999999 0.31999999 0.00000000
v 1.88999999 0.47999999 0.00000000
v 2.03999996 0.52499998 0.00000000
v 1.88999999 0.50000000 0.00000000
v 1.89999998 0.52499998 0.00000000
v 1.88999999 0.51499999 0.00000000
v 1.89741182 0.52465928 0.00000000
v 2.04707098 0.27792892 0.00000000
v 2.04500008 0.27633974 0.00000000
v 2.04999995 0.28500000 0.00000000
v 2.04258823 0.27534074 0.00000000
v 2.03999996 0.27500001 0.00000000
v 1.89741182 0.27534074 0.00000000
v 1.89499998 0.27633974 0.00000000
v 1.88999999 0.28500000 0.00000000
v 1.89292896 0.27792892 0.00000000
v 1.89034069 0.28241181 0.00000000
v 1.89133978 0.28000000 0.00000000
v 1.89133978 0.51999998 0.00000000
v 1.89292896 0.52207106 0.00000000
v 1.89499998 0.52366024 0.00000000
v 1.89741182 0.52465928 0.00000000
v 1.88999999 0.51499999 0.00000000
v 1.89499998 0.52366024 0.00000000
v 1.89034069 0.51758820 0.00000000
v 1.89133978 0.51999998 0.00000000
v 1.71000004 0.47999999 0.00000000
v 1.67999995 0.47999999 0.00000000
v 1.71000004 0.50000000 0.00000000
v 1.67999995 0.50000000 0.00000000
v 1.67999995 0.31999999 0.10000000
v 1.67999995 0.31999999 0.00000000
v 1.67999995 0.30000001 0.00000000
v 1.67999995 0.47999999 0.17500000
v 1.67999995 0.50000000 0.40000001
v 1.67999995 0.50000000 0.00000000
v 1.67999995 0.42500001 0.12000000
v 1.67999995 0.47999999 0.12000000
v 1.67999995 0.47999999 0.10000000
v 1.67999995 0.30000001 0.40000001
v 1.67999995 0.31999999 0.40000001
v 1.67999995 0.31999999 0.12000000
v 1.67999995 0.47999999 0.00000000
v 1.67999995 0.47999999 0.10000000
v 1.67999995 0.50000000 0.00000000
v 1.67999995 0.47999999 0.12000000
v 1.67999995 0.47999999 0.17500000
v 1.67999995 0.40000001 0.12000000
v 1.67999995 0.31999999 0.10000000
v 1.67999995 0.31999999 0.12000000
v 1.67999995 0.30000001 0.00000000
v 1.67999995 0.30000001 0.40000001
v 1.67999995 0.47999999 0.40000001
v 1.67999995 0.50000000 0.40000001
v 1.67999995 0.47999999 0.20000000
v 1.67999995 0.47999999 0.17500000
v 1.67999995 0.40000001 0.12000000
v 1.67999995 0.42500001 0.12000000
v 1.67999995 0.31999999 0.10000000
v 1.67999995 0.47999999 0.10000000
v 1.71000004 0.31999999 0.12000000
v 1.71000004 0.31999999 0.40000001
v 1.71000004 0.30000001 0.40000001
v 1.71000004 0.47999999 0.00000000
v 1.71000004 0.50000000 0.00000000
v 1.71000004 0.47999999 0.10000000
v 1.71000004 0.50000000 0.40000001
v 1.71000004 0.30000001 0.00000000
v 1.71000004 0.31999999 0.00000000
v 1.71000004 0.31999999 0.10000000
v 1.71000004 0.50000000 0.40000001
v 1.71000004 0.47999999 0.40000001
v 1.71000004 0.47999999 0.20000000
v 1.71000004 0.30000001 0.40000001
v 1.71000004 0.30000001 0.00000000
v 1.71000004 0.31999999 0.12000000
v 1.71000004 0.31999999 0.10000000
v 1.71000004 0.40000001 0.12000000
v 1.71000004 0.42500001 0.12000000
v 1.71000004 0.47999999 0.20000000
v 1.71000004 0.47999999 0.20000000
v 1.71000004 0.47999999 0.17500000
v 1.71000004 0.47999999 0.17500000
v 1.71000004 0.47999999 0.17500000
v 1.71000004 0.50000000 0.40000001
v 1.71000004 0.50000000 0.40000001
v 1.71000004 0.47999999 0.12000000
v 1.71000004 0.47999999 0.12000000
v 1.71000004 0.47999999 0.12000000
v 1.71000004 0.47999999 0.10000000
v 1.71000004 0.47999999 0.10000000
v 1.71000004 0.42500001 0.12000000
v 1.71000004 0.31999999 0.10000000
v 1.67999995 0.31999999 0.00000000
v 1.71000004 0.31999999 0.00000000
v 1.67999995 0.30000001 0.00000000
v 1.71000004 0.30000001 0.00000000
v 0.22000000 -0.08000000 0.10000000
v 0.19000000 -0.08000000 0.10000000
v 0.22000000 0.08000000 0.10000000
v 0.19000000 0.08000000 0.10000000
v 0.03000000 -0.08000000 0.10000000
v 0.00000000 -0.08000000 0.10000000
v 0.03000000 0.08000000 0.10000000
v 0.00000000 0.08000000 0.10000000
v 0.03000000 0.02500000 0.12000000
v 0.03000000 0.08000000 0.12000000
v 0.00000000 0.02500000 0.12000000
v 0.00000000 0.08000000 0.12000000
v 0.41000000 0.02500000 0.12000000
v 0.41000000 0.08000000 0.12000000
v 0.38000000 0.02500000 0.12000000
v 0.38000000 0.08000000 0.12000000
v 0.41000000 -0.08000000 0.10000000
v 0.38000000 -0.08000000 0.10000000
v 0.41000000 0.08000000 0.10000000
v 0.38000000 0.08000000 0.10000000
v 0.56999999 -0.02500000 0.12000000
v 0.56999999 -0.08000000 0.12000000
v 0.60000002 -0.02500000 0.12000000
v 0.60000002 -0.08000000 0.12000000
v 0.60000002 -0.08000000 0.10000000
v 0.56999999 -0.08000000 0.10000000
v 0.60000002 0.08000000 0.10000000
v 0.56999999 0.08000000 0.10000000
v 1.67999995 0.40000001 0.12000000
v 1.67999995 0.31999999 0.12000000
v 1.71000004 0.40000001 0.12000000
v 1.71000004 0.31999999 0.12000000
v 1.71000004 0.31999999 0.10000000
v 1.67999995 0.31999999 0.10000000
v 1.71000004 0.47999999 0.10000000
v 1.67999995 0.47999999 0.10000000
v 1.88999999 0.31999999 0.10000000
v 1.86000001 0.31999999 0.10000000
v 1.88999999 0.47999999 0.10000000
v 1.86000001 0.47999999 0.10000000
v 1.86000001 0.37500000 0.12000000
v 1.86000001 0.31999999 0.12000000
v 1.88999999 0.37500000 0.12000000
v 1.88999999 0.31999999 0.12000000
v 1.50000000 0.37500000 0.12000000
v 1.50000000 0.31999999 0.12000000
v 1.52999997 0.37500000 0.12000000
v 1.52999997 0.31999999 0.12000000
v 1.52999997 0.31999999 0.10000000
v 1.50000000 0.31999999 0.10000000
v 1.52999997 0.47999999 0.10000000
v 1.50000000 0.47999999 0.10000000
v 1.32000005 0.40000001 0.12000000
v 1.32000005 0.31999999 0.12000000
v 1.35000002 0.40000001 0.12000000
v 1.35000002 0.31999999 0.12000000
v 1.35000002 0.31999999 0.10000000
v 1.32000005 0.31999999 0.10000000
v 1.35000002 0.47999999 0.10000000
v 1.32000005 0.47999999 0.10000000
v 1.13999999 0.37500000 0.12000000
v 1.13999999 0.31999999 0.12000000
v 1.16999996 0.37500000 0.12000000
v 1.16999996 0.31999999 0.12000000
v 1.16999996 0.31999999 0.10000000
v 1.13999999 0.31999999 0.10000000
v 1.16999996 0.47999999 0.10000000
v 1.13999999 0.47999999 0.10000000
v 0.99000001 0.42500001 0.12000000
v 0.99000001 0.47999999 0.12000000
v 0.95999998 0.42500001 0.12000000
v 0.95999998 0.47999999 0.12000000
v 0.99000001 0.31999999 0.10000000
v 0.95999998 0.31999999 0.10000000
v 0.99000001 0.47999999 0.10000000
v 0.95999998 0.47999999 0.10000000
v 0.00000000 0.08000000 0.20000000
v 0.00000000 0.00000000 0.12000000
v 0.03000000 0.08000000 0.20000000
v 0.03000000 -0.00000000 0.12000000
v 0.00000000 0.02500000 0.12000000
v 0.00000000 0.08000000 0.17500000
v 0.03000000 0.02500000 0.12000000
v 0.03000000 0.08000000 0.17500000
v 0.22000000 -0.08000000 0.17500000
v 0.19000000 -0.08000000 0.17500000
v 0.22000000 -0.02500000 0.12000000
v 0.19000000 -0.02500000 0.12000000
v 0.22000000 -0.00000000 0.12000000
v 0.19000000 -0.00000000 0.12000000
v 0.22000000 -0.08000000 0.20000000
v 0.19000000 -0.08000000 0.20000000
v 0.38000000 0.08000000 0.20000000
v 0.38000000 -0.00000000 0.12000000
v 0.41000000 0.08000000 0.20000000
v 0.41000000 -0.00000000 0.12000000
v 0.38000000 0.02500000 0.12000000
v 0.38000000 0.08000000 0.17500000
v 0.41000000 0.02500000 0.12000000
v 0.41000000 0.08000000 0.17500000
v 0.56999999 -0.00000000 0.12000000
v 0.56999999 -0.08000000 0.20000000
v 0.60000002 -0.00000000 0.12000000
v 0.60000002 -0.08000000 0.20000000
v 0.56999999 -0.08000000 0.17500000
v 0.56999999 -0.02500000 0.12000000
v 0.60000002 -0.08000000 0.17500000
v 0.60000002 -0.02500000 0.12000000
v 0.95999998 0.47999999 0.20000000
v 0.95999998 0.40000001 0.12000000
v 0.99000001 0.47999999 0.20000000
v 0.99000001 0.40000001 0.12000000
v 0.95999998 0.42500001 0.12000000
v 0.95999998 0.47999999 0.17500000
v 0.99000001 0.42500001 0.12000000
v 0.99000001 0.47999999 0.17500000
v 1.13999999 0.40000001 0.12000000
v 1.13999999 0.31999999 0.20000000
v 1.16999996 0.40000001 0.12000000
v 1.16999996 0.31999999 0.20000000
v 1.13999999 0.31999999 0.17500000
v 1.13999999 0.37500000 0.12000000
v 1.16999996 0.31999999 0.17500000
v 1.16999996 0.37500000 0.12000000
v 1.32000005 0.42500001 0.12000000
v 1.32000005 0.47999999 0.17500000
v 1.35000002 0.42500001 0.12000000
v 1.35000002 0.47999999 0.17500000
v 1.32000005 0.47999999 0.20000000
v 1.32000005 0.40000001 0.12000000
v 1.35000002 0.47999999 0.20000000
v 1.35000002 0.40000001 0.12000000
v 1.50000000 0.40000001 0.12000000
v 1.50000000 0.31999999 0.20000000
v 1.52999997 0.40000001 0.12000000
v 1.52999997 0.31999999 0.20000000
v 1.50000000 0.31999999 0.17500000
v 1.50000000 0.37500000 0.12000000
v 1.52999997 0.31999999 0.17500000
v 1.52999997 0.37500000 0.12000000
v 1.67999995 0.42500001 0.12000000
v 1.67999995 0.47999999 0.17500000
v 1.71000004 0.42500001 0.12000000
v 1.71000004 0.47999999 0.17500000
v 1.67999995 0.47999999 0.20000000
v 1.67999995 0.40000001 0.12000000
v 1.71000004 0.47999999 0.20000000
v 1.71000004 0.40000001 0.12000000
v 1.86000001 0.40000001 0.12000000
v 1.86000001 0.31999999 0.20000000
v 1.88999999 0.40000001 0.12000000
v 1.88999999 0.31999999 0.20000000
v 1.86000001 0.31999999 0.17500000
v 1.86000001 0.37500000 0.12000000
v 1.88999999 0.31999999 0.17500000
v 1.88999999 0.37500000 0.12000000
vt 1.15375340 0.33225524
vt 1.15375340 0.47992337
vt 1.17590332 0.33225524
vt 1.17590332 0.47992337
vt 1.17590332 0.27318788
vt 1.17590332 0.27318788
vt 1.15375340 0.27318788
vt 1.15375340 0.27318788
vt 1.02085185 0.31379670
vt 1.02085185 0.27318788
vt 1.04300225 0.31379670
vt 1.04300225 0.27318788
vt 1.04300225 0.27318788
vt 1.04300225 0.27318788
vt 1.02085185 0.27318788
vt 1.02085185 0.27318788
vt 0.88795078 0.33225524
vt 0.88795078 0.47992337
vt 0.91010094 0.33225524
vt 0.91010094 0.47992337
vt 0.91010094 0.27318788
vt 0.91010094 0.27318788
vt 0.88795078 0.27318788
vt 0.88795078 0.27318788
vt 0.75504965 0.31379670
vt 0.75504965 0.27318788
vt 0.77719980 0.31379670
vt 0.77719980 0.27318788
vt 0.77719980 0.27318788
vt 0.77719980 0.27318788
vt 0.75504965 0.27318788
vt 0.75504965 0.27318788
vt 0.62214833 0.33225524
vt 0.62214833 0.47992337
vt 0.64429849 0.33225524
vt 0.64429849 0.47992337
vt 0.64429849 0.27318788
vt 0.64429849 0.27318788
vt 0.62214833 0.27318788
vt 0.62214833 0.27318788
vt 0.51139736 0.33225524
vt 0.51139736 0.47992325
vt 0.48924720 0.33225524
vt 0.48924720 0.47992325
vt 0.48924720 0.27318788
vt 0.48924720 0.27318811
vt 0.51139736 0.27318788
vt 0.51139736 0.27318811
vt 0.20129433 0.33225536
vt 0.20129433 0.47992337
vt 0.22344467 0.33225536
vt 0.22344467 0.47992337
vt 0.22344467 0.27318811
vt 0.22344467 0.27318811
vt 0.20129433 0.27318811
vt 0.20129433 0.27318811
vt 0.08315995 0.33225524
vt 0.08315995 0.47992337
vt 0.06100971 0.33225524
vt 0.06100971 0.47992337
vt 0.06100971 0.27318811
vt 0.06100971 0.27318817
vt 0.08315995 0.27318811
vt 0.08315995 0.27318817
vt -0.05712461 0.27318817
vt -0.07927477 0.27318817
vt -0.05712461 0.31379670
vt -0.07927477 0.31379670
vt -0.07927477 0.47992337
vt -0.05712461 0.47992337
vt -0.07927477 0.33225536
vt -0.05712461 0.33225536
vt -0.07927477 0.27318817
vt -0.05712461 0.27318817
vt -0.07927477 0.27318811
vt -0.05712461 0.27318811
vt -0.05712461 0.27318811
vt -0.07927477 0.27318811
vt -0.05712461 0.27318811
vt -0.07927477 0.27318811
vt -0.19740927 0.33225524
vt -0.19740927 0.47992337
vt -0.21955949 0.33225524
vt -0.21955949 0.47992337
vt -0.21955949 0.27318811
vt -0.21955949 0.27318817
vt -0.19740927 0.27318811
vt -0.19740927 0.27318817
vt 0.48924720 0.31379670
vt 0.48924720 0.27318788
vt 0.51139736 0.31379670
vt 0.51139736 0.27318788
vt 0.48924720 0.18458724
vt 0.51139736 0.18458724
vt 0.48924720 0.25842130
vt 0.51139736 0.25842130
vt 0.64429849 0.47992325
vt 0.62214833 0.47992325
vt 0.64429849 0.27318788
vt 0.62214833 0.27318788
vt 0.62214833 0.18458724
vt 0.64429849 0.18458724
vt 0.62214833 0.25842130
vt 0.64429849 0.25842130
vt 0.77719980 0.33225524
vt 0.77719980 0.47992325
vt 0.75504965 0.33225524
vt 0.75504965 0.47992325
vt 0.75504965 0.18458724
vt 0.77719980 0.18458724
vt 0.75504965 0.25842130
vt 0.77719980 0.25842130
vt 0.91010094 0.47992325
vt 0.88795078 0.47992325
vt 0.91010094 0.27318788
vt 0.88795078 0.27318788
vt 0.88795078 0.18458724
vt 0.91010094 0.18458724
vt 0.88795078 0.25842130
vt 0.91010094 0.25842130
vt 0.48924720 0.47992337
vt 0.51139736 0.47992337
vt 0.48924720 0.27318811
vt 0.51139736 0.27318811
vt 0.51139736 0.18458724
vt 0.48924720 0.18458724
vt 0.51139736 0.25842130
vt 0.48924720 0.25842130
vt 0.64429849 0.31379670
vt 0.64429849 0.27318811
vt 0.62214833 0.31379670
vt 0.62214833 0.27318811
vt 0.64429849 0.18458724
vt 0.62214833 0.18458724
vt 0.64429849 0.25842130
vt 0.62214833 0.25842130
vt 0.75504965 0.47992337
vt 0.77719980 0.47992337
vt 0.75504965 0.27318811
vt 0.77719980 0.27318811
vt 0.77719980 0.18458724
vt 0.75504965 0.18458724
vt 0.77719980 0.25842130
vt 0.75504965 0.25842130
vt 0.91010094 0.31379670
vt 0.91010094 0.27318811
vt 0.88795078 0.31379670
vt 0.88795078 0.27318811
vt 0.91010094 0.18458724
vt 0.88795078 0.18458724
vt 0.91010094 0.25842130
vt 0.88795078 0.25842130
vt 1.17590332 0.18458724
vt 1.15375340 0.18458724
vt 1.17590332 0.25842130
vt 1.15375340 0.25842130
vt 1.17590332 0.31379670
vt 1.17590332 0.27318811
vt 1.15375340 0.31379670
vt 1.15375340 0.27318811
vt 1.15375340 0.18458724
vt 1.17590332 0.18458724
vt 1.15375340 0.25842130
vt 1.17590332 0.25842130
vt 1.17590332 0.47992325
vt 1.15375340 0.47992325
vt 1.17590332 0.27318788
vt 1.15375340 0.27318788
vt 1.04300225 0.33225524
vt 1.04300225 0.47992325
vt 1.02085185 0.33225524
vt 1.02085185 0.47992325
vt 1.02085185 0.18458724
vt 1.04300225 0.18458724
vt 1.02085185 0.25842130
vt 1.04300225 0.25842130
vt 1.02085185 0.47992337
vt 1.04300225 0.47992337
vt 1.02085185 0.27318811
vt 1.04300225 0.27318811
vt 1.04300225 0.18458724
vt 1.02085185 0.18458724
vt 1.04300225 0.25842130
vt 1.02085185 0.25842130
vt -0.19740927 0.18458724
vt -0.21955949 0.18458724
vt -0.19740927 0.25842130
vt -0.21955949 0.25842130
vt -0.21955949 0.47992337
vt -0.19740927 0.47992337
vt -0.21955949 0.27318817
vt -0.19740927 0.27318817
vt 0.22344467 0.47992337
vt 0.20129433 0.47992337
vt 0.22344467 0.27318811
vt 0.20129433 0.27318811
vt 0.20129433 0.18458724
vt 0.22344467 0.18458724
vt 0.20129433 0.25842130
vt 0.22344467 0.25842130
vt 0.22344467 0.31379670
vt 0.22344467 0.27318817
vt 0.20129433 0.31379670
vt 0.20129433 0.27318817
vt 0.22344467 0.18458724
vt 0.20129433 0.18458724
vt 0.22344467 0.25842130
vt 0.20129433 0.25842130
vt 0.06100971 0.31379670
vt 0.06100971 0.27318811
vt 0.08315995 0.31379670
vt 0.08315995 0.27318811
vt 0.06100971 0.18458724
vt 0.08315995 0.18458724
vt 0.06100971 0.25842130
vt 0.08315995 0.25842130
vt 0.06100971 0.47992337
vt 0.08315995 0.47992337
vt 0.06100971 0.27318817
vt 0.08315995 0.27318817
vt 0.08315995 0.18458724
vt 0.06100971 0.18458724
vt 0.08315995 0.25842130
vt 0.06100971 0.25842130
vt -0.21955949 0.18458724
vt -0.19740927 0.18458724
vt -0.21955949 0.25842130
vt -0.19740927 0.25842130
vt -0.21955949 0.31379670
vt -0.21955949 0.27318811
vt -0.19740927 0.31379670
vt -0.19740927 0.27318811
vt -0.05712461 0.18458724
vt -0.07927477 0.18458724
vt -0.05712461 0.25842130
vt -0.07927477 0.25842130
vt -0.05712461 0.47992337
vt -0.07927477 0.47992337
vt -0.05712461 0.27318811
vt -0.07927477 0.27318811
vt -0.07927477 0.18458724
vt -0.05712461 0.18458724
vt -0.07927477 0.25842130
vt -0.05712461 0.25842130
vt 0.75504965 0.47992325
vt 0.77719980 0.47992325
vt 0.91010094 0.47992337
vt 0.88795078 0.47992337
vt 0.77719980 0.47992337
vt 0.88795078 0.47992337
vt 0.77719980 0.47992337
vt 1.15375340 0.47992337
vt 1.04300225 0.47992337
vt 1.15375340 0.47992337
vt 1.04300225 0.47992337
vt 1.15375340 0.47992325
vt 1.15375340 0.47992325
vt 1.04300225 0.47992325
vt 1.04300225 0.47992325
vt 0.35634589 0.47992325
vt 0.22344467 0.47992337
vt 0.23821133 0.47992337
vt 0.22344467 0.47992337
vt 0.22344467 0.47992337
vt 0.37849605 0.47992325
vt 0.48924720 0.47992325
vt 0.37849605 0.47992325
vt 0.48924720 0.47992325
vt 0.35634589 0.47992337
vt 0.22344467 0.47992337
vt 0.35634589 0.47992337
vt 0.22344467 0.47992337
vt 0.22344467 0.47992337
vt 0.22344467 0.47992325
vt 0.23821133 0.47992337
vt 0.23821133 0.47992325
vt 0.75504965 0.47992337
vt 0.64429849 0.47992337
vt 0.75504965 0.47992337
vt 0.64429849 0.47992337
vt 0.48924720 0.47992337
vt 0.48924720 0.47992337
vt 0.37111264 0.47992337
vt 0.23821133 0.47992325
vt 0.35634589 0.47992325
vt 0.23821133 0.47992325
vt 0.35634589 0.47992325
vt 0.23821133 0.47992337
vt 0.23821133 0.47992337
vt 0.08315995 0.47992337
vt 0.20129433 0.47992337
vt 0.08315995 0.47992337
vt 0.20129433 0.47992337
vt 0.20129433 0.47992337
vt 0.08315995 0.47992337
vt 0.20129433 0.47992337
vt 0.08315995 0.47992337
vt 0.64429849 0.47992325
vt 0.75504965 0.47992325
vt 0.64429849 0.47992325
vt 0.75504965 0.47992325
vt 1.02085185 0.47992325
vt 1.02085185 0.47992325
vt 0.91010094 0.47992325
vt 0.91010094 0.47992325
vt 1.02085185 0.47992337
vt 0.91010094 0.47992337
vt 1.02085185 0.47992337
vt 0.91010094 0.47992337
vt 0.88795078 0.47992325
vt 0.77719980 0.47992325
vt 0.88795078 0.47992325
vt 0.77719980 0.47992325
vt 0.35634589 0.47992337
vt 0.37111264 0.47992337
vt 0.37111264 0.47992337
vt 0.62214833 0.47992325
vt 0.37111264 0.47992337
vt 0.62214833 0.47992325
vt 0.51139736 0.47992325
vt 0.51139736 0.47992325
vt 0.88795078 0.47992325
vt 0.91010094 0.47992325
vt 1.02085185 0.47992337
vt 1.02085185 0.47992325
vt 1.04300225 0.47992337
vt 1.04300225 0.47992325
vt 1.15375340 0.47992337
vt 1.15375340 0.47992325
vt 1.17590332 0.47992337
vt 1.17590332 0.47992325
vt 0.35634589 0.47992337
vt 0.37849605 0.47992325
vt 0.37111264 0.47992337
vt 0.48924720 0.47992325
vt 0.51139736 0.47992325
vt 0.35634589 0.47992337
vt 0.35634589 0.47992337
vt 0.22344467 0.47992337
vt -0.05712461 0.47992337
vt 0.06100971 0.47992337
vt -0.05712461 0.47992337
vt 0.06100971 0.47992337
vt 0.06100971 0.47992337
vt -0.05712461 0.47992337
vt 0.06100971 0.47992337
vt -0.05712461 0.47992337
vt 0.37111264 0.47992337
vt 0.35634589 0.47992337
vt 0.35634589 0.47992337
vt 0.22344467 0.47992337
vt 0.35634589 0.47992337
vt 0.35634589 0.47992325
vt 0.37849605 0.47992325
vt -0.19740927 0.47992337
vt -0.07927477 0.47992337
vt -0.19740927 0.47992337
vt -0.07927477 0.47992337
vt -0.07927477 0.47992337
vt -0.19740927 0.47992337
vt -0.07927477 0.47992337
vt -0.19740927 0.47992337
vt 0.91010094 0.47992337
vt 0.88795078 0.47992337
vt 0.75504965 0.47992325
vt 0.77719980 0.47992337
vt 0.64429849 0.47992325
vt 0.75504965 0.47992337
vt 0.62214833 0.47992325
vt 0.64429849 0.47992337
vt 0.62214833 0.47992337
vt 0.37111264 0.47992337
vt 0.37111264 0.47992337
vt 0.48924720 0.47992337
vt 0.62214833 0.47992325
vt 0.51139736 0.47992337
vt 0.62214833 0.47992337
vt 0.51139736 0.47992337
vt 0.62214833 0.47992337
vt -0.21955949 0.47992337
vt -0.21955949 0.47992337
vt -0.19740927 0.47992337
vt -0.19740927 0.47992337
vt -0.07927477 0.47992337
vt -0.07927477 0.47992337
vt -0.05712461 0.47992337
vt -0.05712461 0.47992337
vt 0.06100971 0.47992337
vt 0.06100971 0.47992337
vt 0.08315995 0.47992337
vt 0.08315995 0.47992337
vt 0.20129433 0.47992337
vt 0.20129433 0.47992337
vt 0.22344467 0.47992337
vt 0.22344467 0.47992337
vt 0.35634589 0.47992337
vt 0.35634589 0.47992337
vt 0.37111264 0.47992337
vt 0.37111264 0.47992337
vt -0.21955949 0.25842130
vt -0.21955949 0.18458724
vt -0.21955949 0.18458724
vt -0.21955949 0.18458724
vt -0.21955949 0.18458724
vt -0.21955949 0.25842130
vt -0.21955949 0.27318811
vt -0.21955949 0.27318811
vt -0.21955949 0.25842130
vt -0.21955949 0.47992337
vt -0.21955949 0.47992337
vt -0.21955949 0.27318817
vt -0.21955949 0.18458724
vt -0.21955949 0.25842130
vt -0.21955949 0.47992337
vt -0.21955949 0.27318811
vt -0.21955949 0.31379670
vt -0.21955949 0.27318811
vt -0.21955949 0.25842130
vt -0.21955949 0.27318817
vt -0.21955949 0.18458724
vt -0.21955949 0.47992337
vt -0.21955949 0.47992337
vt -0.21955949 0.47992337
vt -0.21955949 0.33225524
vt -0.21955949 0.31379670
vt -0.21955949 0.27318811
vt -0.21955949 0.27318811
vt -0.21955949 0.25842130
vt -0.21955949 0.25842130
vt -0.21955949 0.18458724
vt -0.19740927 0.18458724
vt -0.21955949 0.47992337
vt -0.19740927 0.47992337
vt -0.21955949 0.49469012
vt -0.07927477 0.47992337
vt 0.37111264 0.49469012
vt -0.22478038 0.48208588
vt -0.22325113 0.48091257
vt -0.22325113 0.49370092
vt 0.06100971 0.47992337
vt 0.06100971 0.18458724
vt 0.08315995 0.18458724
vt -0.21955949 0.49469012
vt -0.22147045 0.49443853
vt -0.21955949 0.47992337
vt -0.22325113 0.49370092
vt -0.22147045 0.48017490
vt -0.22325113 0.48091257
vt 0.08315995 0.47992337
vt 0.20129433 0.47992337
vt 0.37111264 0.49469012
vt 0.08315995 0.18458724
vt 0.08315995 0.47992337
vt 0.06100971 0.47992337
vt 0.37111264 0.49469012
vt -0.05712461 0.47992337
vt -0.07927477 0.47992337
vt -0.05712461 0.18458724
vt -0.07927477 0.18458724
vt -0.22478038 0.49252760
vt -0.22595361 0.49099845
vt -0.22325113 0.49370092
vt -0.22669134 0.48921770
vt -0.22694293 0.48730683
vt -0.22694293 0.48730683
vt -0.22669134 0.48539579
vt -0.22325113 0.49370092
vt -0.22595361 0.48361504
vt -0.22478038 0.48208588
vt 0.35634589 0.18458724
vt 0.37111264 0.18458724
vt 0.35634589 0.47992337
vt 0.37111264 0.49469012
vt 0.22344467 0.47992337
vt 0.20129433 0.47992337
vt 0.22344467 0.18458724
vt 0.20129433 0.18458724
vt 0.37111264 0.49469012
vt 0.37111264 0.18458724
vt 0.37111264 0.18458724
vt 0.37111264 0.18458724
vt 0.37111264 0.47992337
vt 0.37111264 0.49469012
vt 0.37111264 0.47992337
vt 0.37111264 0.49469012
vt 0.37111264 0.18458724
vt 0.37111264 0.18458724
vt 0.37111264 0.47992337
vt 0.37111264 0.47992337
vt 0.37111264 0.49469012
vt 0.37111264 0.47992337
vt 0.37111264 0.47992337
vt 0.37111264 0.18458724
vt 0.37111264 0.47992337
vt 0.37111264 0.18458724
vt 1.17590332 0.49469012
vt 0.37111264 0.49469012
vt 0.48924720 0.47992337
vt 0.37111264 0.47992337
vt 0.62214833 0.47992337
vt 0.62214833 0.18458724
vt 0.64429849 0.18458724
vt 0.64429849 0.47992337
vt 0.75504965 0.47992337
vt 1.17590332 0.49469012
vt 0.64429849 0.18458724
vt 0.64429849 0.47992337
vt 0.62214833 0.47992337
vt 1.17590332 0.49469012
vt 0.51139736 0.47992337
vt 0.48924720 0.47992337
vt 0.51139736 0.18458724
vt 0.48924720 0.18458724
vt 0.88795078 0.47992337
vt 0.88795078 0.18458724
vt 0.91010094 0.18458724
vt 0.91010094 0.47992337
vt 1.02085185 0.47992337
vt 1.17590332 0.49469012
vt 0.91010094 0.18458724
vt 0.91010094 0.47992337
vt 0.88795078 0.47992337
vt 1.17590332 0.49469012
vt 0.77719980 0.47992337
vt 0.75504965 0.47992337
vt 0.77719980 0.18458724
vt 0.75504965 0.18458724
vt 1.15375340 0.18458724
vt 1.17590332 0.18458724
vt 1.15375340 0.47992337
vt 1.17590332 0.49469012
vt 1.04300225 0.47992337
vt 1.02085185 0.47992337
vt 1.04300225 0.18458724
vt 1.02085185 0.18458724
vt 1.17590332 0.49469012
vt 1.17590332 0.18458724
vt 1.15375340 0.18458724
vt 0.91010094 0.47992325
vt 0.91010094 0.18458724
vt 0.88795078 0.18458724
vt 1.15375340 0.18458724
vt 1.15375340 0.47992325
vt 1.17590332 0.49469012
vt 1.04300225 0.47992325
vt 0.22344467 0.49469012
vt 0.88795078 0.47992325
vt 0.77719980 0.47992325
vt 0.22344467 0.49469012
vt 0.64429849 0.47992325
vt 0.22344467 0.49469012
vt 0.75504965 0.47992325
vt 0.77719980 0.47992325
vt 0.75504965 0.18458724
vt 0.77719980 0.18458724
vt 1.04300225 0.18458724
vt 1.02085185 0.18458724
vt 1.04300225 0.47992325
vt 1.02085185 0.47992325
vt 0.22344467 0.49469012
vt 0.91010094 0.47992325
vt 0.88795078 0.47992325
vt 0.88795078 0.18458724
vt 0.51139736 0.47992325
vt 0.51139736 0.18458724
vt 0.48924720 0.18458724
vt 0.48924720 0.47992325
vt 0.37849605 0.47992325
vt 0.22344467 0.49469012
vt 0.48924720 0.18458724
vt 0.48924720 0.47992325
vt 0.51139736 0.47992325
vt 0.22344467 0.49469012
vt 0.62214833 0.47992325
vt 0.64429849 0.47992325
vt 0.62214833 0.18458724
vt 0.64429849 0.18458724
vt 0.23821133 0.18458724
vt 0.22344467 0.18458724
vt 0.23821133 0.47992325
vt 0.22344467 0.49469012
vt 0.35634589 0.47992325
vt 0.37849605 0.47992325
vt 0.35634589 0.18458724
vt 0.37849605 0.18458724
vt 0.22344467 0.49469012
vt 0.22344467 0.18458724
vt 0.22344467 0.18458724
vt 0.22344467 0.18458724
vt 0.22344467 0.18458724
vt 0.22344467 0.47992337
vt 0.22344467 0.47992337
vt 0.22344467 0.18458724
vt 0.22344467 0.47992325
vt 0.22344467 0.49469012
vt 0.22344467 0.47992337
vt 0.22344467 0.49469012
vt 0.22344467 0.47992337
vt 0.22344467 0.47992337
vt -0.22147045 0.49443853
vt -0.21955949 0.49469012
vt -0.22325113 0.48091257
vt 0.22344467 0.18458724
vt 0.20129433 0.18458724
vt 0.22344467 0.47992337
vt 0.20129433 0.47992337
vt 0.22344467 0.49469012
vt 0.08315995 0.47992337
vt -0.21955949 0.49469012
vt -0.05712461 0.47992337
vt -0.05712461 0.18458724
vt -0.07927477 0.18458724
vt -0.07927477 0.47992337
vt -0.19740927 0.47992337
vt -0.21955949 0.49469012
vt -0.07927477 0.18458724
vt -0.07927477 0.47992337
vt -0.05712461 0.47992337
vt -0.21955949 0.49469012
vt 0.06100971 0.47992337
vt 0.08315995 0.47992337
vt 0.06100971 0.18458724
vt 0.08315995 0.18458724
vt -0.19740927 0.18458724
vt -0.21955949 0.18458724
vt -0.19740927 0.47992337
vt -0.21955949 0.47992337
vt -0.21955949 0.49469012
vt -0.22147045 0.48017490
vt -0.22325113 0.48091257
vt -0.22147045 0.49443853
vt -0.22325113 0.48091257
vt -0.22325113 0.49370092
vt -0.22478038 0.48208588
vt -0.22595361 0.48361504
vt -0.22478038 0.49252760
vt -0.22325113 0.49370092
vt -0.22595361 0.49099845
vt -0.22669134 0.48921770
vt -0.22595361 0.48361504
vt -0.22669134 0.48539579
vt -0.22325113 0.49370092
vt -0.22694293 0.48730683
vt -0.22669134 0.48921770
vt -0.19740927 0.18458724
vt -0.19740927 0.18458724
vt -0.21955949 0.18458724
vt -0.21955949 0.18458724
vt 0.37849605 0.18458724
vt 0.37849605 0.18458724
vt 0.37849605 0.47992325
vt 0.37849605 0.47992325
vt 0.35634589 0.18458724
vt 0.37849605 0.18458724
vt 0.35634589 0.47992325
vt 0.37849605 0.47992325
vt 0.35634589 0.18458724
vt 0.35634589 0.18458724
vt 0.35634589 0.47992325
vt 0.35634589 0.47992325
vt 0.37849605 0.18458724
vt 0.35634589 0.18458724
vt 0.37849605 0.18458724
vt 0.35634589 0.18458724
vt 0.51139736 0.18458724
vt 0.48924720 0.18458724
vt 0.51139736 0.18458724
vt 0.48924720 0.18458724
vt 0.64429849 0.18458724
vt 0.62214833 0.18458724
vt 0.64429849 0.18458724
vt 0.62214833 0.18458724
vt 0.77719980 0.18458724
vt 0.75504965 0.18458724
vt 0.77719980 0.18458724
vt 0.75504965 0.18458724
vt 0.91010094 0.18458724
vt 0.88795078 0.18458724
vt 0.91010094 0.18458724
vt 0.88795078 0.18458724
vt 0.48924720 0.47992337
vt 0.48924720 0.47992337
vt 0.48924720 0.27318811
vt 0.48924720 0.18458724
vt 0.48924720 0.18458724
vt 0.48924720 0.25842130
vt 0.48924720 0.47992337
vt 0.48924720 0.27318811
vt 0.48924720 0.18458724
vt 0.48924720 0.25842130
vt 0.48924720 0.18458724
vt 0.48924720 0.27318788
vt 0.48924720 0.27318788
vt 0.48924720 0.31379670
vt 0.48924720 0.33225524
vt 0.48924720 0.27318811
vt 0.48924720 0.27318788
vt 0.48924720 0.25842130
vt 0.48924720 0.27318788
vt 0.48924720 0.25842130
vt 0.48924720 0.27318788
vt 0.48924720 0.18458724
vt 0.48924720 0.31379670
vt 0.48924720 0.47992325
vt 0.48924720 0.33225524
vt 0.48924720 0.47992325
vt 0.51139736 0.27318811
vt 0.51139736 0.47992337
vt 0.51139736 0.47992337
vt 0.51139736 0.18458724
vt 0.51139736 0.18458724
vt 0.51139736 0.25842130
vt 0.51139736 0.47992325
vt 0.51139736 0.18458724
vt 0.51139736 0.18458724
vt 0.51139736 0.25842130
vt 0.51139736 0.47992325
vt 0.51139736 0.47992325
vt 0.51139736 0.33225524
vt 0.51139736 0.47992337
vt 0.51139736 0.18458724
vt 0.51139736 0.27318811
vt 0.51139736 0.25842130
vt 0.51139736 0.27318788
vt 0.51139736 0.27318788
vt 0.51139736 0.33225524
vt 0.51139736 0.31379670
vt 0.51139736 0.47992325
vt 0.51139736 0.47992325
vt 0.51139736 0.27318788
vt 0.51139736 0.27318788
vt 0.51139736 0.25842130
vt 0.51139736 0.25842130
vt 0.51139736 0.27318788
vt 0.51139736 0.25842130
vt 0.48924720 0.18458724
vt 0.51139736 0.18458724
vt 0.48924720 0.18458724
vt 0.51139736 0.18458724
vt 0.62214833 0.27318788
vt 0.62214833 0.47992325
vt 0.62214833 0.47992325
vt 0.62214833 0.18458724
vt 0.62214833 0.18458724
vt 0.62214833 0.25842130
vt 0.62214833 0.47992337
vt 0.62214833 0.18458724
vt 0.62214833 0.18458724
vt 0.62214833 0.25842130
vt 0.62214833 0.47992337
vt 0.62214833 0.47992337
vt 0.62214833 0.33225524
vt 0.62214833 0.47992325
vt 0.62214833 0.18458724
vt 0.62214833 0.27318788
vt 0.62214833 0.25842130
vt 0.62214833 0.27318788
vt 0.62214833 0.27318811
vt 0.62214833 0.33225524
vt 0.62214833 0.31379670
vt 0.62214833 0.47992337
vt 0.62214833 0.27318811
vt 0.62214833 0.25842130
vt 0.62214833 0.27318811
vt 0.62214833 0.25842130
vt 0.64429849 0.47992337
vt 0.64429849 0.18458724
vt 0.64429849 0.25842130
vt 0.64429849 0.18458724
vt 0.64429849 0.47992325
vt 0.64429849 0.47992325
vt 0.64429849 0.27318788
vt 0.64429849 0.33225524
vt 0.64429849 0.47992337
vt 0.64429849 0.47992337
vt 0.64429849 0.47992325
vt 0.64429849 0.27318788
vt 0.64429849 0.18458724
vt 0.64429849 0.25842130
vt 0.64429849 0.18458724
vt 0.64429849 0.31379670
vt 0.64429849 0.27318811
vt 0.64429849 0.27318788
vt 0.64429849 0.27318788
vt 0.64429849 0.33225524
vt 0.64429849 0.33225524
vt 0.64429849 0.31379670
vt 0.64429849 0.31379670
vt 0.64429849 0.47992337
vt 0.64429849 0.47992337
vt 0.64429849 0.27318811
vt 0.64429849 0.25842130
vt 0.64429849 0.27318811
vt 0.64429849 0.25842130
vt 0.64429849 0.27318788
vt 0.64429849 0.27318788
vt 0.62214833 0.18458724
vt 0.64429849 0.18458724
vt 0.62214833 0.18458724
vt 0.64429849 0.18458724
vt 0.75504965 0.25842130
vt 0.75504965 0.18458724
vt 0.75504965 0.18458724
vt 0.75504965 0.31379670
vt 0.75504965 0.47992325
vt 0.75504965 0.18458724
vt 0.75504965 0.27318788
vt 0.75504965 0.27318788
vt 0.75504965 0.25842130
vt 0.75504965 0.47992337
vt 0.75504965 0.47992337
vt 0.75504965 0.27318811
vt 0.75504965 0.18458724
vt 0.75504965 0.25842130
vt 0.75504965 0.25842130
vt 0.75504965 0.18458724
vt 0.75504965 0.18458724
vt 0.75504965 0.27318788
vt 0.75504965 0.27318788
vt 0.75504965 0.31379670
vt 0.75504965 0.27318788
vt 0.75504965 0.25842130
vt 0.75504965 0.25842130
vt 0.75504965 0.27318811
vt 0.75504965 0.27318811
vt 0.75504965 0.18458724
vt 0.75504965 0.18458724
vt 0.75504965 0.47992337
vt 0.75504965 0.47992325
vt 0.75504965 0.47992325
vt 0.75504965 0.47992325
vt 0.75504965 0.33225524
vt 0.75504965 0.33225524
vt 0.75504965 0.31379670
vt 0.75504965 0.31379670
vt 0.75504965 0.27318788
vt 0.75504965 0.27318788
vt 0.75504965 0.25842130
vt 0.75504965 0.25842130
vt 0.77719980 0.27318811
vt 0.77719980 0.47992337
vt 0.77719980 0.47992337
vt 0.77719980 0.18458724
vt 0.77719980 0.18458724
vt 0.77719980 0.25842130
vt 0.77719980 0.47992325
vt 0.77719980 0.18458724
vt 0.77719980 0.18458724
vt 0.77719980 0.25842130
vt 0.77719980 0.47992325
vt 0.77719980 0.47992325
vt 0.77719980 0.33225524
vt 0.77719980 0.47992337
vt 0.77719980 0.18458724
vt 0.77719980 0.27318811
vt 0.77719980 0.25842130
vt 0.77719980 0.27318788
vt 0.77719980 0.27318788
vt 0.77719980 0.33225524
vt 0.77719980 0.31379670
vt 0.77719980 0.47992325
vt 0.77719980 0.47992325
vt 0.77719980 0.27318788
vt 0.77719980 0.27318788
vt 0.77719980 0.25842130
vt 0.77719980 0.25842130
vt 0.77719980 0.27318788
vt 0.77719980 0.25842130
vt 0.75504965 0.18458724
vt 0.77719980 0.18458724
vt 0.75504965 0.18458724
vt 0.77719980 0.18458724
vt 0.88795078 0.27318788
vt 0.88795078 0.47992325
vt 0.88795078 0.47992325
vt 0.88795078 0.18458724
vt 0.88795078 0.18458724
vt 0.88795078 0.25842130
vt 0.88795078 0.47992337
vt 0.88795078 0.18458724
vt 0.88795078 0.18458724
vt 0.88795078 0.25842130
vt 0.88795078 0.47992337
vt 0.88795078 0.47992337
vt 0.88795078 0.33225524
vt 0.88795078 0.47992325
vt 0.88795078 0.18458724
vt 0.88795078 0.27318788
vt 0.88795078 0.25842130
vt 0.88795078 0.27318788
vt 0.88795078 0.27318811
vt 0.88795078 0.33225524
vt 0.88795078 0.33225524
vt 0.88795078 0.31379670
vt 0.88795078 0.31379670
vt 0.88795078 0.47992337
vt 0.88795078 0.47992337
vt 0.88795078 0.27318811
vt 0.88795078 0.25842130
vt 0.88795078 0.27318811
vt 0.88795078 0.25842130
vt 0.91010094 0.47992337
vt 0.91010094 0.18458724
vt 0.91010094 0.25842130
vt 0.91010094 0.18458724
vt 0.91010094 0.47992325
vt 0.91010094 0.47992325
vt 0.91010094 0.27318788
vt 0.91010094 0.33225524
vt 0.91010094 0.47992337
vt 0.91010094 0.47992337
vt 0.91010094 0.47992325
vt 0.91010094 0.27318788
vt 0.91010094 0.18458724
vt 0.91010094 0.25842130
vt 0.91010094 0.18458724
vt 0.91010094 0.31379670
vt 0.91010094 0.27318811
vt 0.91010094 0.27318788
vt 0.91010094 0.27318788
vt 0.91010094 0.33225524
vt 0.91010094 0.31379670
vt 0.91010094 0.47992337
vt 0.91010094 0.27318811
vt 0.91010094 0.25842130
vt 0.91010094 0.27318811
vt 0.91010094 0.25842130
vt 0.91010094 0.27318788
vt 0.91010094 0.27318788
vt 0.88795078 0.18458724
vt 0.91010094 0.18458724
vt 0.88795078 0.18458724
vt 0.91010094 0.18458724
vt 0.22344467 0.18458724
vt 0.20129433 0.18458724
vt 0.22344467 0.18458724
vt 0.20129433 0.18458724
vt 0.20129433 0.25842130
vt 0.20129433 0.18458724
vt 0.20129433 0.18458724
vt 0.20129433 0.47992337
vt 0.20129433 0.47992337
vt 0.20129433 0.27318811
vt 0.20129433 0.18458724
vt 0.20129433 0.25842130
vt 0.20129433 0.18458724
vt 0.20129433 0.31379670
vt 0.20129433 0.33225536
vt 0.20129433 0.27318811
vt 0.20129433 0.27318811
vt 0.20129433 0.47992337
vt 0.20129433 0.33225536
vt 0.20129433 0.47992337
vt 0.20129433 0.31379670
vt 0.20129433 0.18458724
vt 0.20129433 0.27318817
vt 0.20129433 0.25842130
vt 0.20129433 0.27318811
vt 0.20129433 0.25842130
vt 0.20129433 0.27318811
vt 0.20129433 0.27318811
vt 0.22344467 0.25842130
vt 0.22344467 0.18458724
vt 0.22344467 0.18458724
vt 0.22344467 0.18458724
vt 0.22344467 0.18458724
vt 0.22344467 0.25842130
vt 0.22344467 0.27318811
vt 0.22344467 0.27318817
vt 0.22344467 0.25842130
vt 0.22344467 0.47992337
vt 0.22344467 0.47992337
vt 0.22344467 0.27318811
vt 0.22344467 0.18458724
vt 0.22344467 0.25842130
vt 0.22344467 0.47992337
vt 0.22344467 0.27318817
vt 0.22344467 0.31379670
vt 0.22344467 0.27318811
vt 0.22344467 0.25842130
vt 0.22344467 0.27318811
vt 0.22344467 0.18458724
vt 0.22344467 0.47992337
vt 0.22344467 0.47992337
vt 0.22344467 0.47992337
vt 0.22344467 0.33225536
vt 0.22344467 0.31379670
vt 0.22344467 0.27318811
vt 0.22344467 0.27318811
vt 0.22344467 0.25842130
vt 0.22344467 0.25842130
vt 0.20129433 0.18458724
vt 0.22344467 0.18458724
vt 0.20129433 0.18458724
vt 0.22344467 0.18458724
vt 0.08315995 0.18458724
vt 0.06100971 0.18458724
vt 0.08315995 0.18458724
vt 0.06100971 0.18458724
vt 0.06100971 0.25842130
vt 0.06100971 0.18458724
vt 0.06100971 0.18458724
vt 0.06100971 0.18458724
vt 0.06100971 0.18458724
vt 0.06100971 0.25842130
vt 0.06100971 0.27318811
vt 0.06100971 0.27318811
vt 0.06100971 0.25842130
vt 0.06100971 0.47992337
vt 0.06100971 0.47992337
vt 0.06100971 0.27318817
vt 0.06100971 0.18458724
vt 0.06100971 0.25842130
vt 0.06100971 0.47992337
vt 0.06100971 0.27318811
vt 0.06100971 0.31379670
vt 0.06100971 0.27318811
vt 0.06100971 0.25842130
vt 0.06100971 0.27318817
vt 0.06100971 0.18458724
vt 0.06100971 0.47992337
vt 0.06100971 0.47992337
vt 0.06100971 0.47992337
vt 0.06100971 0.33225524
vt 0.06100971 0.31379670
vt 0.06100971 0.27318811
vt 0.06100971 0.27318811
vt 0.06100971 0.25842130
vt 0.06100971 0.25842130
vt 0.08315995 0.27318817
vt 0.08315995 0.47992337
vt 0.08315995 0.47992337
vt 0.08315995 0.18458724
vt 0.08315995 0.18458724
vt 0.08315995 0.25842130
vt 0.08315995 0.47992337
vt 0.08315995 0.18458724
vt 0.08315995 0.18458724
vt 0.08315995 0.25842130
vt 0.08315995 0.47992337
vt 0.08315995 0.47992337
vt 0.08315995 0.33225524
vt 0.08315995 0.47992337
vt 0.08315995 0.18458724
vt 0.08315995 0.27318817
vt 0.08315995 0.25842130
vt 0.08315995 0.27318811
vt 0.08315995 0.27318811
vt 0.08315995 0.33225524
vt 0.08315995 0.31379670
vt 0.08315995 0.47992337
vt 0.08315995 0.27318811
vt 0.08315995 0.25842130
vt 0.08315995 0.27318811
vt 0.08315995 0.25842130
vt 0.06100971 0.18458724
vt 0.08315995 0.18458724
vt 0.06100971 0.18458724
vt 0.08315995 0.18458724
vt -0.19740927 0.27318817
vt -0.19740927 0.47992337
vt -0.19740927 0.47992337
vt -0.19740927 0.18458724
vt -0.19740927 0.18458724
vt -0.19740927 0.25842130
vt -0.19740927 0.47992337
vt -0.19740927 0.18458724
vt -0.19740927 0.18458724
vt -0.19740927 0.25842130
vt -0.19740927 0.47992337
vt -0.19740927 0.47992337
vt -0.19740927 0.33225524
vt -0.19740927 0.47992337
vt -0.19740927 0.18458724
vt -0.19740927 0.27318817
vt -0.19740927 0.25842130
vt -0.19740927 0.27318811
vt -0.19740927 0.27318811
vt -0.19740927 0.33225524
vt -0.19740927 0.31379670
vt -0.19740927 0.47992337
vt -0.19740927 0.27318811
vt -0.19740927 0.25842130
vt -0.19740927 0.27318811
vt -0.19740927 0.25842130
vt -0.19740927 0.18458724
vt -0.19740927 0.18458724
vt -0.21955949 0.18458724
vt -0.21955949 0.18458724
vt -0.07927477 0.18458724
vt -0.05712461 0.18458724
vt -0.07927477 0.18458724
vt -0.05712461 0.18458724
vt 0.35634589 0.18458724
vt 0.35634589 0.18458724
vt 0.35634589 0.47992337
vt 0.35634589 0.47992337
vt 0.37111264 0.18458724
vt 0.35634589 0.18458724
vt 0.37111264 0.47992337
vt 0.35634589 0.47992337
vt 0.35634589 0.18458724
vt 0.35634589 0.18458724
vt 0.37111264 0.18458724
vt 0.37111264 0.18458724
vt -0.05712461 0.25842130
vt -0.05712461 0.18458724
vt -0.05712461 0.18458724
vt -0.05712461 0.18458724
vt -0.05712461 0.18458724
vt -0.05712461 0.25842130
vt -0.05712461 0.27318811
vt -0.05712461 0.27318817
vt -0.05712461 0.25842130
vt -0.05712461 0.47992337
vt -0.05712461 0.47992337
vt -0.05712461 0.27318811
vt -0.05712461 0.18458724
vt -0.05712461 0.25842130
vt -0.05712461 0.47992337
vt -0.05712461 0.27318817
vt -0.05712461 0.31379670
vt -0.05712461 0.27318811
vt -0.05712461 0.25842130
vt -0.05712461 0.27318811
vt -0.05712461 0.18458724
vt -0.05712461 0.47992337
vt -0.05712461 0.47992337
vt -0.05712461 0.47992337
vt -0.05712461 0.33225536
vt -0.05712461 0.31379670
vt -0.05712461 0.27318811
vt -0.05712461 0.27318811
vt -0.05712461 0.25842130
vt -0.05712461 0.25842130
vt -0.07927477 0.27318811
vt -0.07927477 0.47992337
vt -0.07927477 0.47992337
vt -0.07927477 0.18458724
vt -0.07927477 0.18458724
vt -0.07927477 0.25842130
vt -0.07927477 0.47992337
vt -0.07927477 0.18458724
vt -0.07927477 0.18458724
vt -0.07927477 0.25842130
vt -0.07927477 0.47992337
vt -0.07927477 0.47992337
vt -0.07927477 0.33225536
vt -0.07927477 0.47992337
vt -0.07927477 0.18458724
vt -0.07927477 0.27318811
vt -0.07927477 0.25842130
vt -0.07927477 0.27318811
vt -0.07927477 0.27318811
vt -0.07927477 0.33225536
vt -0.07927477 0.31379670
vt -0.07927477 0.47992337
vt -0.07927477 0.27318817
vt -0.07927477 0.25842130
vt -0.07927477 0.27318811
vt -0.07927477 0.25842130
vt -0.05712461 0.18458724
vt -0.07927477 0.18458724
vt -0.05712461 0.18458724
vt -0.07927477 0.18458724
vt 0.23821133 0.18458724
vt 0.22344467 0.18458724
vt 0.23821133 0.47992337
vt 0.22344467 0.47992337
vt 0.23821133 0.18458724
vt 0.23821133 0.18458724
vt 0.23821133 0.47992337
vt 0.23821133 0.47992337
vt 0.22344467 0.18458724
vt 0.23821133 0.18458724
vt 0.22344467 0.47992337
vt 0.23821133 0.47992337
vt 0.23821133 0.18458724
vt 0.22344467 0.18458724
vt 0.23821133 0.18458724
vt 0.22344467 0.18458724
vt 0.35634589 0.18458724
vt 0.37111264 0.18458724
vt 0.35634589 0.47992337
vt 0.37111264 0.47992337
vt 0.35634589 0.18458724
vt 0.35634589 0.18458724
vt 0.35634589 0.47992337
vt 0.35634589 0.47992337
vt 0.37111264 0.18458724
vt 0.35634589 0.18458724
vt 0.37111264 0.47992337
vt 0.35634589 0.47992337
vt 0.35634589 0.18458724
vt 0.37111264 0.18458724
vt 0.35634589 0.18458724
vt 0.37111264 0.18458724
vt 0.35634589 0.18458724
vt 0.37111264 0.18458724
vt 0.35634589 0.47992337
vt 0.37111264 0.47992337
vt 0.35634589 0.18458724
vt 0.35634589 0.18458724
vt 0.35634589 0.47992337
vt 0.35634589 0.47992337
vt 0.37111264 0.18458724
vt 0.35634589 0.18458724
vt 0.37111264 0.47992337
vt 0.35634589 0.47992337
vt 0.35634589 0.18458724
vt 0.37111264 0.18458724
vt 0.35634589 0.18458724
vt 0.37111264 0.18458724
vt 0.23821133 0.18458724
vt 0.23821133 0.18458724
vt 0.23821133 0.47992325
vt 0.23821133 0.47992325
vt 0.22344467 0.18458724
vt 0.23821133 0.18458724
vt 0.22344467 0.47992325
vt 0.23821133 0.47992325
vt 0.23821133 0.18458724
vt 0.23821133 0.18458724
vt 0.22344467 0.18458724
vt 0.22344467 0.18458724
vt 1.15375340 0.27318788
vt 1.15375340 0.47992325
vt 1.15375340 0.47992325
vt 1.15375340 0.18458724
vt 1.15375340 0.18458724
vt 1.15375340 0.25842130
vt 1.15375340 0.47992337
vt 1.15375340 0.18458724
vt 1.15375340 0.18458724
vt 1.15375340 0.25842130
vt 1.15375340 0.47992337
vt 1.15375340 0.47992337
vt 1.15375340 0.33225524
vt 1.15375340 0.47992325
vt 1.15375340 0.18458724
vt 1.15375340 0.27318788
vt 1.15375340 0.25842130
vt 1.15375340 0.27318788
vt 1.15375340 0.27318811
vt 1.15375340 0.33225524
vt 1.15375340 0.31379670
vt 1.15375340 0.47992337
vt 1.15375340 0.47992337
vt 1.15375340 0.27318811
vt 1.15375340 0.27318811
vt 1.15375340 0.25842130
vt 1.15375340 0.25842130
vt 1.15375340 0.27318811
vt 1.15375340 0.25842130
vt 1.15375340 0.18458724
vt 1.15375340 0.18458724
vt 1.17590332 0.18458724
vt 1.17590332 0.18458724
vt 1.17590332 0.18458724
vt 1.18328679 0.18458724
vt 1.18137610 0.18458724
vt 1.15375340 0.18458724
vt 1.15375340 0.18458724
vt 1.17590332 0.18458724
vt 1.17590332 0.18458724
vt 1.29187536 0.18458724
vt 1.29403794 0.18458724
vt 1.29304886 0.18458724
vt 1.29378653 0.18458724
vt 1.28665435 0.18458724
vt 1.28856540 0.18458724
vt 1.17590332 0.18458724
vt 1.28856540 0.18458724
vt 1.29034638 0.18458724
vt 1.17590332 0.18458724
vt 1.29187536 0.18458724
vt 1.29304886 0.18458724
vt 1.29304886 0.18458724
vt 1.29378653 0.18458724
vt 1.17590332 0.18458724
vt 1.29403794 0.18458724
vt 1.17590332 0.18458724
vt 1.29403794 0.18458724
vt 1.17590332 0.18458724
vt 1.28665435 0.18458724
vt 1.18328679 0.18458724
vt 1.17590332 0.18458724
vt 1.17590332 0.18458724
vt 1.28665435 0.18458724
vt 1.17590332 0.18458724
vt 1.18328679 0.18458724
vt 1.17590332 0.18458724
vt 1.18137610 0.18458724
vt 1.29187536 0.18458724
vt 1.29034638 0.18458724
vt 1.29403794 0.18458724
vt 1.28856540 0.18458724
vt 1.28665435 0.18458724
vt 1.18137610 0.18458724
vt 1.17959523 0.18458724
vt 1.17590332 0.18458724
vt 1.17806590 0.18458724
vt 1.17615485 0.18458724
vt 1.17689276 0.18458724
vt 1.17689276 0.18458724
vt 1.17806590 0.18458724
vt 1.17959523 0.18458724
vt 1.18137610 0.18458724
vt 1.17590332 0.18458724
vt 1.17959523 0.18458724
vt 1.17615485 0.18458724
vt 1.17689276 0.18458724
vt 1.04300225 0.18458724
vt 1.02085185 0.18458724
vt 1.04300225 0.18458724
vt 1.02085185 0.18458724
vt 1.02085185 0.25842130
vt 1.02085185 0.18458724
vt 1.02085185 0.18458724
vt 1.02085185 0.31379670
vt 1.02085185 0.47992325
vt 1.02085185 0.18458724
vt 1.02085185 0.27318788
vt 1.02085185 0.27318788
vt 1.02085185 0.25842130
vt 1.02085185 0.47992337
vt 1.02085185 0.47992337
vt 1.02085185 0.27318811
vt 1.02085185 0.18458724
vt 1.02085185 0.25842130
vt 1.02085185 0.18458724
vt 1.02085185 0.27318788
vt 1.02085185 0.31379670
vt 1.02085185 0.27318788
vt 1.02085185 0.25842130
vt 1.02085185 0.27318811
vt 1.02085185 0.18458724
vt 1.02085185 0.47992337
vt 1.02085185 0.47992325
vt 1.02085185 0.47992325
vt 1.02085185 0.33225524
vt 1.02085185 0.31379670
vt 1.02085185 0.27318788
vt 1.02085185 0.27318788
vt 1.02085185 0.25842130
vt 1.02085185 0.25842130
vt 1.04300225 0.27318811
vt 1.04300225 0.47992337
vt 1.04300225 0.47992337
vt 1.04300225 0.18458724
vt 1.04300225 0.18458724
vt 1.04300225 0.25842130
vt 1.04300225 0.47992325
vt 1.04300225 0.18458724
vt 1.04300225 0.18458724
vt 1.04300225 0.25842130
vt 1.04300225 0.47992325
vt 1.04300225 0.47992325
vt 1.04300225 0.33225524
vt 1.04300225 0.47992337
vt 1.04300225 0.18458724
vt 1.04300225 0.27318811
vt 1.04300225 0.25842130
vt 1.04300225 0.27318788
vt 1.04300225 0.27318788
vt 1.04300225 0.33225524
vt 1.04300225 0.33225524
vt 1.04300225 0.31379670
vt 1.04300225 0.31379670
vt 1.04300225 0.31379670
vt 1.04300225 0.47992325
vt 1.04300225 0.47992325
vt 1.04300225 0.27318788
vt 1.04300225 0.27318788
vt 1.04300225 0.27318788
vt 1.04300225 0.25842130
vt 1.04300225 0.25842130
vt 1.04300225 0.27318788
vt 1.04300225 0.25842130
vt 1.02085185 0.18458724
vt 1.04300225 0.18458724
vt 1.02085185 0.18458724
vt 1.04300225 0.18458724
vt -0.05712461 0.25842130
vt -0.07927477 0.25842130
vt -0.05712461 0.25842130
vt -0.07927477 0.25842130
vt -0.19740927 0.25842130
vt -0.21955949 0.25842130
vt -0.19740927 0.25842130
vt -0.21955949 0.25842130
vt -0.19740927 0.27318811
vt -0.19740927 0.27318811
vt -0.21955949 0.27318811
vt -0.21955949 0.27318811
vt 0.08315995 0.27318811
vt 0.08315995 0.27318811
vt 0.06100971 0.27318811
vt 0.06100971 0.27318811
vt 0.08315995 0.25842130
vt 0.06100971 0.25842130
vt 0.08315995 0.25842130
vt 0.06100971 0.25842130
vt 0.20129433 0.27318811
vt 0.20129433 0.27318817
vt 0.22344467 0.27318811
vt 0.22344467 0.27318817
vt 0.22344467 0.25842130
vt 0.20129433 0.25842130
vt 0.22344467 0.25842130
vt 0.20129433 0.25842130
vt 1.02085185 0.27318788
vt 1.02085185 0.27318811
vt 1.04300225 0.27318788
vt 1.04300225 0.27318811
vt 1.04300225 0.25842130
vt 1.02085185 0.25842130
vt 1.04300225 0.25842130
vt 1.02085185 0.25842130
vt 1.17590332 0.25842130
vt 1.15375340 0.25842130
vt 1.17590332 0.25842130
vt 1.15375340 0.25842130
vt 1.15375340 0.27318811
vt 1.15375340 0.27318811
vt 1.17590332 0.27318811
vt 1.17590332 0.27318811
vt 0.88795078 0.27318811
vt 0.88795078 0.27318811
vt 0.91010094 0.27318811
vt 0.91010094 0.27318811
vt 0.91010094 0.25842130
vt 0.88795078 0.25842130
vt 0.91010094 0.25842130
vt 0.88795078 0.25842130
vt 0.75504965 0.27318788
vt 0.75504965 0.27318811
vt 0.77719980 0.27318788
vt 0.77719980 0.27318811
vt 0.77719980 0.25842130
vt 0.75504965 0.25842130
vt 0.77719980 0.25842130
vt 0.75504965 0.25842130
vt 0.62214833 0.27318811
vt 0.62214833 0.27318811
vt 0.64429849 0.27318811
vt 0.64429849 0.27318811
vt 0.64429849 0.25842130
vt 0.62214833 0.25842130
vt 0.64429849 0.25842130
vt 0.62214833 0.25842130
vt 0.51139736 0.27318788
vt 0.51139736 0.27318788
vt 0.48924720 0.27318788
vt 0.48924720 0.27318788
vt 0.51139736 0.25842130
vt 0.48924720 0.25842130
vt 0.51139736 0.25842130
vt 0.48924720 0.25842130
vt -0.21955949 0.33225524
vt -0.21955949 0.27318811
vt -0.19740927 0.33225524
vt -0.19740927 0.27318811
vt -0.21955949 0.27318811
vt -0.21955949 0.31379670
vt -0.19740927 0.27318811
vt -0.19740927 0.31379670
vt -0.05712461 0.31379670
vt -0.07927477 0.31379670
vt -0.05712461 0.27318811
vt -0.07927477 0.27318811
vt -0.05712461 0.27318811
vt -0.07927477 0.27318811
vt -0.05712461 0.33225536
vt -0.07927477 0.33225536
vt 0.06100971 0.33225524
vt 0.06100971 0.27318811
vt 0.08315995 0.33225524
vt 0.08315995 0.27318811
vt 0.06100971 0.27318811
vt 0.06100971 0.31379670
vt 0.08315995 0.27318811
vt 0.08315995 0.31379670
vt 0.20129433 0.27318811
vt 0.20129433 0.33225536
vt 0.22344467 0.27318811
vt 0.22344467 0.33225536
vt 0.20129433 0.31379670
vt 0.20129433 0.27318811
vt 0.22344467 0.31379670
vt 0.22344467 0.27318811
vt 0.48924720 0.33225524
vt 0.48924720 0.27318788
vt 0.51139736 0.33225524
vt 0.51139736 0.27318788
vt 0.48924720 0.27318788
vt 0.48924720 0.31379670
vt 0.51139736 0.27318788
vt 0.51139736 0.31379670
vt 0.62214833 0.27318788
vt 0.62214833 0.33225524
vt 0.64429849 0.27318788
vt 0.64429849 0.33225524
vt 0.62214833 0.31379670
vt 0.62214833 0.27318811
vt 0.64429849 0.31379670
vt 0.64429849 0.27318811
vt 0.75504965 0.27318788
vt 0.75504965 0.31379670
vt 0.77719980 0.27318788
vt 0.77719980 0.31379670
vt 0.75504965 0.33225524
vt 0.75504965 0.27318788
vt 0.77719980 0.33225524
vt 0.77719980 0.27318788
vt 0.88795078 0.27318788
vt 0.88795078 0.33225524
vt 0.91010094 0.27318788
vt 0.91010094 0.33225524
vt 0.88795078 0.31379670
vt 0.88795078 0.27318811
vt 0.91010094 0.31379670
vt 0.91010094 0.27318811
vt 1.02085185 0.27318788
vt 1.02085185 0.31379670
vt 1.04300225 0.27318788
vt 1.04300225 0.31379670
vt 1.02085185 0.33225524
vt 1.02085185 0.27318788
vt 1.04300225 0.33225524
vt 1.04300225 0.27318788
vt 1.15375340 0.27318788
vt 1.15375340 0.33225524
vt 1.17590332 0.27318788
vt 1.17590332 0.33225524
vt 1.15375340 0.31379670
vt 1.15375340 0.27318811
vt 1.17590332 0.31379670
vt 1.17590332 0.27318811
f 1/1 2/2 3/3
f 3/3 2/2 4/4
f 5/5 6/6 7/7
f 7/7 6/6 8/8
f 9/9 10/10 11/11
f 11/11 10/10 12/12
f 13/13 14/14 15/15
f 15/15 14/14 16/16
f 17/17 18/18 19/19
f 19/19 18/18 20/20
f 21/21 22/22 23/23
f 23/23 22/22 24/24
f 25/25 26/26 27/27
f 27/27 26/26 28/28
f 29/29 30/30 31/31
f 31/31 30/30 32/32
f 33/33 34/34 35/35
f 35/35 34/34 36/36
f 37/37 38/38 39/39
f 39/39 38/38 40/40
f 41/41 42/42 43/43
f 43/43 42/42 44/44
f 45/45 46/46 47/47
f 47/47 46/46 48/48
f 49/49 50/50 51/51
f 51/51 50/50 52/52
f 53/53 54/54 55/55
f 55/55 54/54 56/56
f 57/57 58/58 59/59
f 59/59 58/58 60/60
f 61/61 62/62 63/63
f 63/63 62/62 64/64
f 65/65 66/66 67/67
f 67/67 66/66 68/68
f 69/69 70/70 71/71
f 71/71 70/70 72/72
f 73/73 74/74 75/75
f 75/75 74/74 76/76
f 77/77 78/78 79/79
f 79/79 78/78 80/80
f 81/81 82/82 83/83
f 83/83 82/82 84/84
f 85/85 86/86 87/87
f 87/87 86/86 88/88
f 89/89 90/90 91/91
f 91/91 90/90 92/92
f 93/93 94/94 95/95
f 95/95 94/94 96/96
f 97/97 98/98 99/99
f 99/99 98/98 100/100
f 101/101 102/102 103/103
f 103/103 102/102 104/104
f 105/105 106/106 107/107
f 107/107 106/106 108/108
f 109/109 110/110 111/111
f 111/111 110/110 112/112
f 113/113 114/114 115/115
f 115/115 114/114 116/116
f 117/117 118/118 119/119
f 119/119 118/118 120/120
f 121/121 122/122 123/123
f 123/123 122/122 124/124
f 125/125 126/126 127/127
f 127/127 126/126 128/128
f 129/129 130/130 131/131
f 131/131 130/130 132/132
f 133/133 134/134 135/135
f 135/135 134/134 136/136
f 137/137 138/138 139/139
f 139/139 138/138 140/140
f 141/141 142/142 143/143
f 143/143 142/142 144/144
f 145/145 146/146 147/147
f 147/147 146/146 148/148
f 149/149 150/150 151/151
f 151/151 150/150 152/152
f 153/153 154/154 155/155
f 155/155 154/154 156/156
f 157/157 158/158 159/159
f 159/159 158/158 160/160
f 161/161 162/162 163/163
f 163/163 162/162 164/164
f 165/165 166/166 167/167
f 167/167 166/166 168/168
f 169/169 170/170 171/171
f 171/171 170/170 172/172
f 173/173 174/174 175/175
f 175/175 174/174 176/176
f 177/177 178/178 179/179
f 179/179 178/178 180/180
f 181/181 182/182 183/183
f 183/183 182/182 184/184
f 185/185 186/186 187/187
f 187/187 186/186 188/188
f 189/189 190/190 191/191
f 191/191 190/190 192/192
f 193/193 194/194 195/195
f 195/195 194/194 196/196
f 197/197 198/198 199/199
f 199/199 198/198 200/200
f 201/201 202/202 203/203
f 203/203 202/202 204/204
f 205/205 206/206 207/207
f 207/207 206/206 208/208
f 209/209 210/210 211/211
f 211/211 210/210 212/212
f 213/213 214/214 215/215
f 215/215 214/214 216/216
f 217/217 218/218 219/219
f 219/219 218/218 220/220
f 221/221 222/222 223/223
f 223/223 222/222 224/224
f 225/225 226/226 227/227
f 227/227 226/226 228/228
f 229/229 230/230 231/231
f 231/231 230/230 232/232
f 233/233 234/234 235/235
f 235/235 234/234 236/236
f 237/237 238/238 239/239
f 239/239 238/238 240/240
f 241/241 242/242 243/243
f 243/243 242/242 244/244
f 245/245 246/246 247/247
f 248/248 249/249 250/250
f 250/250 249/249 251/251
f 252/252 253/253 254/254
f 254/254 253/253 255/255
f 256/256 257/257 258/258
f 258/258 257/257 259/259
f 260/260 261/261 262/262
f 262/262 261/261 263/263
f 262/262 263/263 264/264
f 265/265 266/266 267/267
f 267/267 266/266 268/268
f 269/269 270/270 271/271
f 271/271 270/270 272/272
f 273/273 274/274 275/275
f 275/275 274/274 276/276
f 277/277 278/278 279/279
f 279/279 278/278 280/280
f 281/281 282/282 283/283
f 284/284 285/285 286/286
f 286/286 285/285 287/287
f 286/286 287/287 288/288
f 288/288 287/287 289/289
f 290/290 291/291 292/292
f 292/292 291/291 293/293
f 294/294 295/295 296/296
f 296/296 295/295 297/297
f 298/298 299/299 300/300
f 300/300 299/299 301/301
f 302/302 303/303 304/304
f 304/304 303/303 305/305
f 306/306 307/307 308/308
f 308/308 307/307 309/309
f 308/308 309/309 310/310
f 310/310 309/309 311/311
f 310/310 311/311 312/312
f 312/312 311/311 313/313
f 314/314 315/315 316/316
f 317/317 318/318 319/319
f 319/319 318/318 320/320
f 319/319 320/320 321/321
f 322/322 323/323 324/324
f 324/324 323/323 325/325
f 324/324 325/325 326/326
f 326/326 325/325 327/327
f 326/326 327/327 328/328
f 328/328 327/327 329/329
f 328/328 329/329 330/330
f 330/330 329/329 331/331
f 332/332 333/333 334/334
f 334/334 333/333 335/335
f 334/334 335/335 336/336
f 337/337 338/338 339/339
f 340/340 341/341 342/342
f 342/342 341/341 343/343
f 344/344 345/345 346/346
f 346/346 345/345 347/347
f 348/348 349/349 350/350
f 350/350 349/349 351/351
f 350/350 351/351 352/352
f 352/352 351/351 353/353
f 352/352 353/353 354/354
f 355/355 356/356 357/357
f 357/357 356/356 358/358
f 359/359 360/360 361/361
f 361/361 360/360 362/362
f 363/363 364/364 365/365
f 365/365 364/364 366/366
f 365/365 366/366 367/367
f 367/367 366/366 368/368
f 367/367 368/368 369/369
f 369/369 368/368 370/370
f 369/369 370/370 371/371
f 372/372 373/373 374/374
f 374/374 373/373 375/375
f 374/374 375/375 376/376
f 376/376 375/375 377/377
f 376/376 377/377 378/378
f 378/378 377/377 379/379
f 380/380 381/381 382/382
f 382/382 381/381 383/383
f 382/382 383/383 384/384
f 384/384 383/383 385/385
f 384/384 385/385 386/386
f 386/386 385/385 387/387
f 386/386 387/387 388/388
f 388/388 387/387 389/389
f 388/388 389/389 390/390
f 390/390 389/389 391/391
f 390/390 391/391 392/392
f 392/392 391/391 393/393
f 392/392 393/393 394/394
f 394/394 393/393 395/395
f 394/394 395/395 396/396
f 396/396 395/395 397/397
f 396/396 397/397 398/398
f 398/398 397/397 399/399
f 400/400 401/401 402/402
f 403/403 404/404 405/405
f 406/406 407/407 408/408
f 409/409 410/410 411/411
f 412/412 413/413 414/414
f 414/414 413/413 415/415
f 414/414 415/415 416/416
f 417/417 418/418 419/419
f 419/419 418/418 420/420
f 419/419 420/420 421/421
f 422/422 423/423 424/424
f 424/424 423/423 425/425
f 424/424 425/425 426/426
f 426/426 425/425 427/427
f 426/426 427/427 428/428
f 428/428 427/427 429/429
f 430/430 431/431 432/432
f 432/432 431/431 433/433
f 432/432 433/433 434/434
f 434/434 433/433 435/435
f 434/434 435/435 436/436
f 437/437 438/438 439/439
f 440/440 441/441 442/442
f 443/443 444/444 445/445
f 445/445 444/444 446/446
f 445/445 446/446 447/447
f 447/447 446/446 448/448
f 449/449 450/450 451/451
f 452/452 453/453 454/454
f 454/454 453/453 455/455
f 454/454 455/455 456/456
f 456/456 455/455 457/457
f 456/456 457/457 458/458
f 458/458 457/457 459/459
f 460/460 461/461 462/462
f 462/462 461/461 463/463
f 462/462 463/463 464/464
f 465/465 466/466 467/467
f 467/467 466/466 468/468
f 467/467 468/468 469/469
f 470/470 471/471 472/472
f 472/472 471/471 473/473
f 472/472 473/473 474/474
f 474/474 473/473 475/475
f 474/474 475/475 476/476
f 476/476 475/475 477/477
f 478/478 479/479 480/480
f 481/481 482/482 483/483
f 483/483 482/482 484/484
f 483/483 484/484 485/485
f 486/486 487/487 488/488
f 488/488 487/487 489/489
f 488/488 489/489 490/490
f 490/490 489/489 491/491
f 490/490 491/491 492/492
f 492/492 491/491 493/493
f 492/492 493/493 494/494
f 494/494 493/493 495/495
f 496/496 497/497 498/498
f 498/498 497/497 499/499
f 500/500 501/501 502/502
f 503/503 504/504 505/505
f 506/506 507/507 508/508
f 508/508 507/507 509/509
f 508/508 509/509 510/510
f 510/510 509/509 511/511
f 510/510 511/511 512/512
f 512/512 511/511 513/513
f 514/514 515/515 516/516
f 517/517 518/518 519/519
f 520/520 521/521 522/522
f 522/522 521/521 523/523
f 522/522 523/523 524/524
f 524/524 523/523 525/525
f 524/524 525/525 526/526
f 526/526 525/525 527/527
f 528/528 529/529 530/530
f 530/530 529/529 531/531
f 530/530 531/531 532/532
f 532/532 531/531 533/533
f 532/532 533/533 534/534
f 534/534 533/533 535/535
f 536/536 537/537 538/538
f 539/539 540/540 541/541
f 542/542 543/543 544/544
f 544/544 543/543 545/545
f 544/544 545/545 546/546
f 547/547 548/548 549/549
f 550/550 551/551 552/552
f 552/552 551/551 553/553
f 552/552 553/553 554/554
f 554/554 553/553 555/555
f 556/556 557/557 558/558
f 558/558 557/557 559/559
f 558/558 559/559 560/560
f 560/560 559/559 561/561
f 560/560 561/561 562/562
f 562/562 561/561 563/563
f 564/564 565/565 566/566
f 567/567 568/568 569/569
f 570/570 571/571 572/572
f 572/572 571/571 573/573
f 572/572 573/573 574/574
f 574/574 573/573 575/575
f 574/574 575/575 576/576
f 576/576 575/575 577/577
f 578/578 579/579 580/580
f 580/580 579/579 581/581
f 580/580 581/581 582/582
f 582/582 581/581 583/583
f 582/582 583/583 584/584
f 584/584 583/583 585/585
f 586/586 587/587 588/588
f 589/589 590/590 591/591
f 591/591 590/590 592/592
f 593/593 594/594 595/595
f 595/595 594/594 596/596
f 595/595 596/596 597/597
f 597/597 596/596 598/598
f 597/597 598/598 599/599
f 600/600 601/601 602/602
f 603/603 604/604 605/605
f 605/605 604/604 606/606
f 605/605 606/606 607/607
f 607/607 606/606 608/608
f 607/607 608/608 609/609
f 610/610 611/611 612/612
f 613/613 614/614 615/615
f 616/616 617/617 618/618
f 618/618 617/617 619/619
f 618/618 619/619 620/620
f 620/620 619/619 621/621
f 620/620 621/621 622/622
f 622/622 621/621 623/623
f 624/624 625/625 626/626
f 626/626 625/625 627/627
f 626/626 627/627 628/628
f 628/628 627/627 629/629
f 628/628 629/629 630/630
f 631/631 632/632 633/633
f 633/633 632/632 634/634
f 633/633 634/634 635/635
f 636/636 637/637 638/638
f 638/638 637/637 639/639
f 640/640 641/641 642/642
f 642/642 641/641 643/643
f 642/642 643/643 644/644
f 645/645 646/646 647/647
f 647/647 646/646 648/648
f 649/649 650/650 651/651
f 651/651 650/650 652/652
f 653/653 654/654 655/655
f 655/655 654/654 656/656
f 657/657 658/658 659/659
f 659/659 658/658 660/660
f 661/661 662/662 663/663
f 663/663 662/662 664/664
f 665/665 666/666 667/667
f 667/667 666/666 668/668
f 669/669 670/670 671/671
f 671/671 670/670 672/672
f 673/673 674/674 675/675
f 675/675 674/674 676/676
f 677/677 678/678 679/679
f 679/679 678/678 680/680
f 681/681 682/682 683/683
f 684/684 685/685 686/686
f 687/687 688/688 689/689
f 689/689 688/688 690/690
f 689/689 690/690 691/691
f 692/692 693/693 694/694
f 694/694 693/693 695/695
f 696/696 697/697 698/698
f 698/698 697/697 699/699
f 698/698 699/699 700/700
f 700/700 699/699 701/701
f 700/700 701/701 702/702
f 702/702 701/701 703/703
f 702/702 703/703 704/704
f 704/704 703/703 705/705
f 704/704 705/705 706/706
f 707/707 708/708 709/709
f 710/710 711/711 712/712
f 712/712 711/711 713/713
f 714/714 715/715 716/716
f 717/717 718/718 719/719
f 720/720 721/721 722/722
f 722/722 721/721 723/723
f 722/722 723/723 724/724
f 724/724 723/723 725/725
f 724/724 725/725 726/726
f 726/726 725/725 727/727
f 726/726 727/727 728/728
f 728/728 727/727 730/730
f 729/729 731/731 733/733
f 732/732 730/730 734/734
f 732/732 734/734 735/735
f 736/736 737/737 738/738
f 738/738 737/737 739/739
f 740/740 741/741 742/742
f 743/743 744/744 745/745
f 745/745 744/744 746/746
f 747/747 748/748 749/749
f 750/750 751/751 752/752
f 753/753 754/754 755/755
f 755/755 754/754 756/756
f 755/755 756/756 757/757
f 757/757 756/756 758/758
f 757/757 758/758 759/759
f 759/759 758/758 760/760
f 759/759 760/760 761/761
f 761/761 760/760 762/762
f 761/761 762/762 763/763
f 763/763 762/762 764/764
f 763/763 764/764 765/765
f 766/766 767/767 768/768
f 768/768 767/767 769/769
f 770/770 771/771 772/772
f 773/773 774/774 775/775
f 776/776 777/777 778/778
f 778/778 777/777 779/779
f 778/778 779/779 780/780
f 781/781 782/782 783/783
f 784/784 785/785 787/787
f 788/788 786/786 790/790
f 787/787 789/789 791/791
f 791/791 789/789 792/792
f 791/791 792/792 793/793
f 793/793 792/792 794/794
f 793/793 794/794 795/795
f 795/795 794/794 796/796
f 797/797 798/798 799/799
f 799/799 798/798 800/800
f 801/801 802/802 803/803
f 804/804 805/805 806/806
f 807/807 808/808 809/809
f 810/810 811/811 812/812
f 813/813 814/814 816/816
f 817/817 815/815 819/819
f 816/816 818/818 820/820
f 821/821 822/822 824/824
f 825/825 823/823 827/827
f 824/824 826/826 828/828
f 829/829 830/830 832/832
f 833/833 831/831 835/835
f 832/832 834/834 836/836
f 836/836 834/834 837/837
f 836/836 837/837 838/838
f 838/838 837/837 839/839
f 840/840 841/841 842/842
f 843/843 844/844 845/845
f 845/845 844/844 846/846
f 847/847 848/848 849/849
f 850/850 851/851 852/852
f 853/853 854/854 855/855
f 855/855 854/854 856/856
f 855/855 856/856 857/857
f 857/857 856/856 858/858
f 857/857 858/858 859/859
f 859/859 858/858 860/860
f 859/859 860/860 861/861
f 861/861 860/860 863/863
f 862/862 864/864 866/866
f 865/865 863/863 867/867
f 865/865 867/867 868/868
f 869/869 870/870 871/871
f 871/871 870/870 872/872
f 873/873 874/874 875/875
f 876/876 877/877 878/878
f 878/878 877/877 879/879
f 880/880 881/881 882/882
f 883/883 884/884 885/885
f 886/886 887/887 888/888
f 888/888 887/887 889/889
f 888/888 889/889 890/890
f 890/890 889/889 891/891
f 890/890 891/891 892/892
f 892/892 891/891 894/894
f 893/893 895/895 897/897
f 896/896 894/894 898/898
f 896/896 898/898 899/899
f 899/899 898/898 900/900
f 899/899 900/900 901/901
f 902/902 903/903 904/904
f 904/904 903/903 905/905
f 906/906 907/907 908/908
f 909/909 910/910 911/911
f 912/912 913/913 914/914
f 914/914 913/913 915/915
f 914/914 915/915 916/916
f 917/917 918/918 919/919
f 920/920 921/921 922/922
f 922/922 921/921 923/923
f 922/922 923/923 924/924
f 924/924 923/923 925/925
f 924/924 925/925 926/926
f 926/926 925/925 927/927
f 926/926 927/927 928/928
f 928/928 927/927 929/929
f 930/930 931/931 932/932
f 932/932 931/931 933/933
f 934/934 935/935 936/936
f 936/936 935/935 937/937
f 938/938 939/939 940/940
f 941/941 942/942 943/943
f 943/943 942/942 944/944
f 943/943 944/944 945/945
f 945/945 944/944 946/946
f 947/947 948/948 949/949
f 949/949 948/948 950/950
f 951/951 952/952 953/953
f 953/953 952/952 954/954
f 953/953 954/954 955/955
f 955/955 954/954 956/956
f 955/955 956/956 957/957
f 957/957 956/956 958/958
f 957/957 958/958 959/959
f 959/959 958/958 960/960
f 959/959 960/960 961/961
f 962/962 963/963 964/964
f 965/965 966/966 967/967
f 968/968 969/969 970/970
f 971/971 972/972 973/973
f 974/974 975/975 976/976
f 976/976 975/975 977/977
f 976/976 977/977 978/978
f 979/979 980/980 981/981
f 981/981 980/980 982/982
f 981/981 982/982 983/983
f 984/984 985/985 986/986
f 986/986 985/985 987/987
f 986/986 987/987 988/988
f 988/988 987/987 989/989
f 988/988 989/989 990/990
f 990/990 989/989 991/991
f 992/992 993/993 994/994
f 994/994 993/993 995/995
f 996/996 997/997 998/998
f 998/998 997/997 999/999
f 1000/1000 1001/1001 1002/1002
f 1003/1003 1004/1004 1005/1005
f 1006/1006 1007/1007 1008/1008
f 1009/1009 1010/1010 1011/1011
f 1012/1012 1013/1013 1014/1014
f 1014/1014 1013/1013 1015/1015
f 1014/1014 1015/1015 1016/1016
f 1017/1017 1018/1018 1019/1019
f 1019/1019 1018/1018 1020/1020
f 1019/1019 1020/1020 1021/1021
f 1022/1022 1023/1023 1024/1024
f 1024/1024 1023/1023 1025/1025
f 1024/1024 1025/1025 1026/1026
f 1026/1026 1025/1025 1027/1027
f 1026/1026 1027/1027 1028/1028
f 1028/1028 1027/1027 1029/1029
f 1030/1030 1031/1031 1032/1032
f 1033/1033 1034/1034 1035/1035
f 1035/1035 1034/1034 1036/1036
f 1037/1037 1038/1038 1039/1039
f 1040/1040 1041/1041 1042/1042
f 1043/1043 1044/1044 1045/1045
f 1045/1045 1044/1044 1046/1046
f 1045/1045 1046/1046 1047/1047
f 1047/1047 1046/1046 1048/1048
f 1047/1047 1048/1048 1049/1049
f 1049/1049 1048/1048 1050/1050
f 1049/1049 1050/1050 1051/1051
f 1051/1051 1050/1050 1052/1052
f 1051/1051 1052/1052 1053/1053
f 1053/1053 1052/1052 1054/1054
f 1053/1053 1054/1054 1055/1055
f 1056/1056 1057/1057 1058/1058
f 1058/1058 1057/1057 1059/1059
f 1060/1060 1061/1061 1062/1062
f 1063/1063 1064/1064 1065/1065
f 1065/1065 1064/1064 1066/1066
f 1067/1067 1068/1068 1069/1069
f 1070/1070 1071/1071 1072/1072
f 1073/1073 1074/1074 1075/1075
f 1075/1075 1074/1074 1076/1076
f 1075/1075 1076/1076 1077/1077
f 1077/1077 1076/1076 1078/1078
f 1077/1077 1078/1078 1079/1079
f 1079/1079 1078/1078 1080/1080
f 1079/1079 1080/1080 1081/1081
f 1081/1081 1080/1080 1082/1082
f 1081/1081 1082/1082 1083/1083
f 1083/1083 1082/1082 1084/1084
f 1083/1083 1084/1084 1085/1085
f 1086/1086 1087/1087 1088/1088
f 1088/1088 1087/1087 1089/1089
f 1090/1090 1091/1091 1092/1092
f 1092/1092 1091/1091 1093/1093
f 1094/1094 1095/1095 1096/1096
f 1096/1096 1095/1095 1097/1097
f 1098/1098 1099/1099 1100/1100
f 1100/1100 1099/1099 1101/1101
f 1102/1102 1103/1103 1104/1104
f 1104/1104 1103/1103 1105/1105
f 1106/1106 1107/1107 1108/1108
f 1109/1109 1110/1110 1111/1111
f 1112/1112 1113/1113 1114/1114
f 1115/1115 1116/1116 1117/1117
f 1118/1118 1119/1119 1120/1120
f 1120/1120 1119/1119 1121/1121
f 1120/1120 1121/1121 1122/1122
f 1123/1123 1124/1124 1125/1125
f 1125/1125 1124/1124 1126/1126
f 1125/1125 1126/1126 1127/1127
f 1128/1128 1129/1129 1130/1130
f 1130/1130 1129/1129 1131/1131
f 1130/1130 1131/1131 1132/1132
f 1132/1132 1131/1131 1133/1133
f 1132/1132 1133/1133 1134/1134
f 1134/1134 1133/1133 1135/1135
f 1136/1136 1137/1137 1138/1138
f 1139/1139 1140/1140 1141/1141
f 1141/1141 1140/1140 1142/1142
f 1143/1143 1144/1144 1145/1145
f 1146/1146 1147/1147 1148/1148
f 1149/1149 1150/1150 1151/1151
f 1151/1151 1150/1150 1152/1152
f 1151/1151 1152/1152 1153/1153
f 1153/1153 1152/1152 1154/1154
f 1153/1153 1154/1154 1155/1155
f 1155/1155 1154/1154 1156/1156
f 1155/1155 1156/1156 1157/1157
f 1157/1157 1156/1156 1158/1158
f 1157/1157 1158/1158 1159/1159
f 1159/1159 1158/1158 1160/1160
f 1159/1159 1160/1160 1161/1161
f 1162/1162 1163/1163 1164/1164
f 1164/1164 1163/1163 1165/1165
f 1166/1166 1167/1167 1168/1168
f 1168/1168 1167/1167 1169/1169
f 1170/1170 1171/1171 1172/1172
f 1172/1172 1171/1171 1173/1173
f 1174/1174 1175/1175 1176/1176
f 1176/1176 1175/1175 1177/1177
f 1178/1178 1179/1179 1180/1180
f 1180/1180 1179/1179 1181/1181
f 1182/1182 1183/1183 1184/1184
f 1184/1184 1183/1183 1185/1185
f 1186/1186 1187/1187 1188/1188
f 1188/1188 1187/1187 1189/1189
f 1190/1190 1191/1191 1192/1192
f 1192/1192 1191/1191 1193/1193
f 1194/1194 1195/1195 1196/1196
f 1196/1196 1195/1195 1197/1197
f 1198/1198 1199/1199 1200/1200
f 1200/1200 1199/1199 1201/1201
f 1202/1202 1203/1203 1204/1204
f 1204/1204 1203/1203 1205/1205
f 1206/1206 1207/1207 1208/1208
f 1208/1208 1207/1207 1209/1209
f 1210/1210 1211/1211 1212/1212
f 1212/1212 1211/1211 1213/1213
f 1214/1214 1215/1215 1216/1216
f 1216/1216 1215/1215 1217/1217
f 1218/1218 1219/1219 1220/1220
f 1220/1220 1219/1219 1221/1221
f 1222/1222 1223/1223 1224/1224
f 1224/1224 1223/1223 1225/1225
f 1226/1226 1227/1227 1228/1228
f 1229/1229 1230/1230 1231/1231
f 1231/1231 1230/1230 1232/1232
f 1233/1233 1234/1234 1235/1235
f 1236/1236 1237/1237 1238/1238
f 1239/1239 1240/1240 1241/1241
f 1241/1241 1240/1240 1242/1242
f 1241/1241 1242/1242 1243/1243
f 1243/1243 1242/1242 1244/1244
f 1243/1243 1244/1244 1245/1245
f 1245/1245 1244/1244 1246/1246
f 1245/1245 1246/1246 1247/1247
f 1247/1247 1246/1246 1249/1249
f 1248/1248 1250/1250 1252/1252
f 1251/1251 1249/1249 1253/1253
f 1251/1251 1253/1253 1254/1254
f 1255/1255 1256/1256 1257/1257
f 1257/1257 1256/1256 1258/1258
f 1259/1259 1260/1260 1261/1261
f 1262/1262 1263/1263 1264/1264
f 1264/1264 1263/1263 1265/1265
f 1266/1266 1267/1267 1268/1268
f 1268/1268 1267/1267 1269/1269
f 1270/1270 1271/1271 1272/1272
f 1273/1273 1274/1274 1275/1275
f 1275/1275 1274/1274 1276/1276
f 1275/1275 1276/1276 1277/1277
f 1278/1278 1279/1279 1280/1280
f 1280/1280 1279/1279 1281/1281
f 1280/1280 1281/1281 1282/1282
f 1282/1282 1281/1281 1283/1283
f 1282/1282 1283/1283 1284/1284
f 1284/1284 1283/1283 1285/1285
f 1284/1284 1285/1285 1286/1286
f 1287/1287 1288/1288 1289/1289
f 1289/1289 1288/1288 1290/1290
f 1289/1289 1290/1290 1291/1291
f 1291/1291 1290/1290 1292/1292
f 1291/1291 1292/1292 1293/1293
f 1294/1294 1295/1295 1296/1296
f 1296/1296 1295/1295 1297/1297
f 1296/1296 1297/1297 1298/1298
f 1299/1299 1300/1300 1301/1301
f 1301/1301 1300/1300 1302/1302
f 1301/1301 1302/1302 1303/1303
f 1303/1303 1302/1302 1304/1304
f 1305/1305 1306/1306 1307/1307
f 1308/1308 1309/1309 1310/1310
f 1310/1310 1309/1309 1311/1311
f 1310/1310 1311/1311 1312/1312
f 1313/1313 1314/1314 1315/1315
f 1315/1315 1314/1314 1316/1316
f 1317/1317 1318/1318 1319/1319
f 1320/1320 1321/1321 1322/1322
f 1323/1323 1324/1324 1325/1325
f 1326/1326 1327/1327 1328/1328
f 1329/1329 1330/1330 1331/1331
f 1331/1331 1330/1330 1332/1332
f 1331/1331 1332/1332 1333/1333
f 1334/1334 1335/1335 1336/1336
f 1336/1336 1335/1335 1337/1337
f 1336/1336 1337/1337 1338/1338
f 1339/1339 1340/1340 1341/1341
f 1341/1341 1340/1340 1342/1342
f 1341/1341 1342/1342 1343/1343
f 1343/1343 1342/1342 1344/1344
f 1343/1343 1344/1344 1345/1345
f 1345/1345 1344/1344 1346/1346
f 1347/1347 1348/1348 1349/1349
f 1350/1350 1351/1351 1352/1352
f 1352/1352 1351/1351 1353/1353
f 1354/1354 1355/1355 1356/1356
f 1357/1357 1358/1358 1359/1359
f 1360/1360 1361/1361 1362/1362
f 1362/1362 1361/1361 1363/1363
f 1362/1362 1363/1363 1364/1364
f 1364/1364 1363/1363 1365/1365
f 1364/1364 1365/1365 1366/1366
f 1366/1366 1365/1365 1368/1368
f 1367/1367 1370/1370 1372/1372
f 1371/1371 1369/1369 1374/1374
f 1372/1372 1375/1375 1377/1377
f 1376/1376 1373/1373 1378/1378
f 1376/1376 1378/1378 1379/1379
f 1380/1380 1381/1381 1382/1382
f 1382/1382 1381/1381 1383/1383
f 1384/1384 1385/1385 1386/1386
f 1386/1386 1385/1385 1387/1387
f 1388/1388 1389/1389 1390/1390
f 1390/1390 1389/1389 1391/1391
f 1392/1392 1393/1393 1394/1394
f 1394/1394 1393/1393 1395/1395
f 1396/1396 1397/1397 1398/1398
f 1398/1398 1397/1397 1399/1399
f 1400/1400 1401/1401 1402/1402
f 1402/1402 1401/1401 1403/1403
f 1404/1404 1405/1405 1406/1406
f 1406/1406 1405/1405 1407/1407
f 1408/1408 1409/1409 1410/1410
f 1410/1410 1409/1409 1411/1411
f 1412/1412 1413/1413 1414/1414
f 1414/1414 1413/1413 1415/1415
f 1416/1416 1417/1417 1418/1418
f 1418/1418 1417/1417 1419/1419
f 1420/1420 1421/1421 1422/1422
f 1422/1422 1421/1421 1423/1423
f 1424/1424 1425/1425 1426/1426
f 1426/1426 1425/1425 1427/1427
f 1428/1428 1429/1429 1430/1430
f 1430/1430 1429/1429 1431/1431
f 1432/1432 1433/1433 1434/1434
f 1434/1434 1433/1433 1435/1435
f 1436/1436 1437/1437 1438/1438
f 1438/1438 1437/1437 1439/1439
f 1440/1440 1441/1441 1442/1442
f 1442/1442 1441/1441 1443/1443
f 1444/1444 1445/1445 1446/1446
f 1446/1446 1445/1445 1447/1447
f 1448/1448 1449/1449 1450/1450
f 1450/1450 1449/1449 1451/1451
f 1452/1452 1453/1453 1454/1454
f 1454/1454 1453/1453 1455/1455
f 1456/1456 1457/1457 1458/1458
f 1458/1458 1457/1457 1459/1459
f 1460/1460 1461/1461 1462/1462
f 1462/1462 1461/1461 1463/1463
f 1464/1464 1465/1465 1466/1466
f 1466/1466 1465/1465 1467/1467
f 1468/1468 1469/1469 1470/1470
f 1470/1470 1469/1469 1471/1471
f 1472/1472 1473/1473 1474/1474
f 1474/1474 1473/1473 1475/1475
f 1476/1476 1477/1477 1478/1478
f 1478/1478 1477/1477 1479/1479
f 1480/1480 1481/1481 1482/1482
f 1482/1482 1481/1481 1483/1483
f 1484/1484 1485/1485 1486/1486
f 1486/1486 1485/1485 1487/1487
f 1488/1488 1489/1489 1490/1490
f 1490/1490 1489/1489 1491/1491
f 1492/1492 1493/1493 1494/1494
f 1494/1494 1493/1493 1495/1495
f 1496/1496 1497/1497 1498/1498
f 1498/1498 1497/1497 1499/1499
f 1500/1500 1501/1501 1502/1502
f 1502/1502 1501/1501 1503/1503
f 1504/1504 1505/1505 1506/1506
f 1506/1506 1505/1505 1507/1507
f 1508/1508 1509/1509 1510/1510
f 1510/1510 1509/1509 1511/1511
f 1512/1512 1513/1513 1514/1514
f 1514/1514 1513/1513 1515/1515
f 1516/1516 1517/1517 1518/1518
f 1518/1518 1517/1517 1519/1519
f 1520/1520 1521/1521 1522/1522
f 1522/1522 1521/1521 1523/1523
f 1524/1524 1525/1525 1526/1526
f 1526/1526 1525/1525 1527/1527
f 1528/1528 1529/1529 1530/1530
f 1530/1530 1529/1529 1531/1531
f 1532/1532 1533/1533 1534/1534
f 1534/1534 1533/1533 1535/1535
f 1536/1536 1537/1537 1538/1538
f 1538/1538 1537/1537 1539/1539

