# https://github.com/mikedh/trimesh
mtllib material.mtl
usemtl green
v -0.00609154 0.02942606 0.05599746
v -0.00609154 0.02942606 0.05400367
v -0.00943760 0.02852948 0.05400273
v -0.00609457 0.02942525 0.05399819
v -0.00776457 0.02897777 0.05300000
v -0.00609154 0.02942606 0.05400367
v -0.00609154 0.02942606 0.05400367
v -0.00776457 0.02897777 0.05300000
v -0.00943534 0.02853009 0.05399865
v -0.00609154 0.02942606 0.05400367
v -0.00943534 0.02853009 0.05399865
v -0.00943760 0.02852948 0.05400273
v -0.00776457 0.02897777 0.05700000
v -0.00609365 0.02942549 0.05600126
v -0.00943556 0.02853003 0.05600122
v -0.00943556 0.02853003 0.05600122
v -0.00609365 0.02942549 0.05600126
v -0.00609154 0.02942606 0.05599746
v -0.00943556 0.02853003 0.05600122
v -0.00609154 0.02942606 0.05599746
v -0.00943760 0.02852948 0.05599754
v -0.00943760 0.02852948 0.05599754
v -0.00609154 0.02942606 0.05599746
v -0.00943760 0.02852948 0.05400273
v -0.00557390 0.02749421 0.05599746
v -0.00609154 0.02942606 0.05599746
v -0.00609365 0.02942549 0.05600126
v -0.00609365 0.02942549 0.05600126
v -0.00557601 0.02749364 0.05600126
v -0.00557390 0.02749421 0.05599746
v -0.00557390 0.02749421 0.05599746
v -0.00557601 0.02749364 0.05600126
v -0.00164327 0.01239175 0.05617182
v -0.00557390 0.02749421 0.05599746
v -0.00164327 0.01239175 0.05617182
v -0.00552707 0.02750675 0.05589785
v -0.00552707 0.02750675 0.05589785
v -0.00164327 0.01239175 0.05617182
v -0.00147856 0.01241281 0.05589977
v -0.00552707 0.02750675 0.05589785
v -0.00147856 0.01241281 0.05589977
v -0.00545874 0.02752506 0.05575252
v -0.00545874 0.02752506 0.05575252
v -0.00147856 0.01241281 0.05589977
v -0.00135623 0.01242678 0.05560020
v -0.00128263 0.01243425 0.05528305
v -0.00536408 0.02755043 0.05544276
v -0.00135623 0.01242678 0.05560020
v -0.00135623 0.01242678 0.05560020
v -0.00536408 0.02755043 0.05544276
v -0.00540562 0.02753930 0.05560020
v -0.00135623 0.01242678 0.05560020
v -0.00540562 0.02753930 0.05560020
v -0.00545874 0.02752506 0.05575252
v -0.00126171 0.01243616 0.05500078
v -0.00532014 0.02756220 0.05514227
v -0.00128263 0.01243425 0.05528305
v -0.00128263 0.01243425 0.05528305
v -0.00532014 0.02756220 0.05514227
v -0.00533508 0.02755820 0.05528305
v -0.00128263 0.01243425 0.05528305
v -0.00533508 0.02755820 0.05528305
v -0.00536408 0.02755043 0.05544276
v -0.00128791 0.01243373 0.05468492
v -0.00532135 0.02756188 0.05484276
v -0.00126171 0.01243616 0.05500078
v -0.00126171 0.01243616 0.05500078
v -0.00532135 0.02756188 0.05484276
v -0.00531508 0.02756356 0.05500078
v -0.00126171 0.01243616 0.05500078
v -0.00531508 0.02756356 0.05500078
v -0.00532014 0.02756220 0.05514227
v -0.00136391 0.01242591 0.05437821
v -0.00537083 0.02754862 0.05452990
v -0.00128791 0.01243373 0.05468492
v -0.00128791 0.01243373 0.05468492
v -0.00537083 0.02754862 0.05452990
v -0.00534013 0.02755684 0.05468492
v -0.00128791 0.01243373 0.05468492
v -0.00534013 0.02755684 0.05468492
v -0.00532135 0.02756188 0.05484276
v -0.00557390 0.02749421 0.05400367
v -0.00553400 0.02750490 0.05407978
v -0.00148971 0.01241141 0.05407978
v -0.00148971 0.01241141 0.05407978
v -0.00553400 0.02750490 0.05407978
v -0.00546762 0.02752268 0.05422702
v -0.00148971 0.01241141 0.05407978
v -0.00546762 0.02752268 0.05422702
v -0.00136391 0.01242591 0.05437821
v -0.00136391 0.01242591 0.05437821
v -0.00546762 0.02752268 0.05422702
v -0.00541300 0.02753732 0.05437821
v -0.00136391 0.01242591 0.05437821
v -0.00541300 0.02753732 0.05437821
v -0.00537083 0.02754862 0.05452990
v -0.00557693 0.02749339 0.05399819
v -0.00609457 0.02942525 0.05399819
v -0.00609154 0.02942606 0.05400367
v -0.00609154 0.02942606 0.05400367
v -0.00557390 0.02749421 0.05400367
v -0.00557693 0.02749339 0.05399819
v -0.00557693 0.02749339 0.05399819
v -0.00557390 0.02749421 0.05400367
v -0.00148971 0.01241141 0.05407978
v -0.00557693 0.02749339 0.05399819
v -0.00148971 0.01241141 0.05407978
v -0.00570076 0.02746021 0.05380230
v -0.00570076 0.02746021 0.05380230
v -0.00148971 0.01241141 0.05407978
v -0.00166248 0.01238913 0.05380230
v -0.00570076 0.02746021 0.05380230
v -0.00166248 0.01238913 0.05380230
v -0.00578604 0.02743736 0.05369173
v -0.00578604 0.02743736 0.05369173
v -0.00166248 0.01238913 0.05380230
v -0.00184712 0.01236277 0.05358711
v -0.00578604 0.02743736 0.05369173
v -0.00184712 0.01236277 0.05358711
v -0.00587963 0.02741229 0.05358711
v -0.00587963 0.02741229 0.05358711
v -0.00184712 0.01236277 0.05358711
v -0.00599260 0.02738202 0.05347919
v -0.00599260 0.02738202 0.05347919
v -0.00184712 0.01236277 0.05358711
v -0.00192311 0.01235056 0.05352198
v -0.00599260 0.02738202 0.05347919
v -0.00192311 0.01235056 0.05352198
v -0.00611284 0.02734980 0.05338171
v -0.00611284 0.02734980 0.05338171
v -0.00192311 0.01235056 0.05352198
v -0.00208676 0.01232425 0.05338171
v -0.00611284 0.02734980 0.05338171
v -0.00208676 0.01232425 0.05338171
v -0.00624127 0.02731539 0.05329369
v -0.00624127 0.02731539 0.05329369
v -0.00208676 0.01232425 0.05338171
v -0.00235656 0.01227508 0.05321597
v -0.00624127 0.02731539 0.05329369
v -0.00235656 0.01227508 0.05321597
v -0.00637686 0.02727905 0.05321597
v -0.00637686 0.02727905 0.05321597
v -0.00235656 0.01227508 0.05321597
v -0.00652048 0.02724057 0.05314848
v -0.00652048 0.02724057 0.05314848
v -0.00235656 0.01227508 0.05321597
v -0.00265214 0.01221463 0.05309345
v -0.00652048 0.02724057 0.05314848
v -0.00265214 0.01221463 0.05309345
v -0.00666776 0.02720111 0.05309345
v -0.00666776 0.02720111 0.05309345
v -0.00265214 0.01221463 0.05309345
v -0.00280094 0.01218055 0.05305843
v -0.00666776 0.02720111 0.05309345
v -0.00280094 0.01218055 0.05305843
v -0.00681955 0.02716044 0.05305058
v -0.00681955 0.02716044 0.05305058
v -0.00280094 0.01218055 0.05305843
v -0.00296242 0.01214358 0.05302043
v -0.00681955 0.02716044 0.05305058
v -0.00296242 0.01214358 0.05302043
v -0.00697501 0.02711878 0.05302043
v -0.00697501 0.02711878 0.05302043
v -0.00296242 0.01214358 0.05302043
v -0.00711037 0.02708251 0.05300516
v -0.00711037 0.02708251 0.05300516
v -0.00296242 0.01214358 0.05302043
v -0.00323365 0.01207449 0.05300000
v -0.00711037 0.02708251 0.05300516
v -0.00323365 0.01207449 0.05300000
v -0.00724535 0.02704634 0.05300000
v -0.00724535 0.02704634 0.05300000
v -0.00323365 0.01207449 0.05300000
v -0.00724693 0.02704592 0.05300000
v -0.00724693 0.02704592 0.05300000
v -0.00323365 0.01207449 0.05300000
v -0.00353736 0.01198866 0.05302546
v -0.00724693 0.02704592 0.05300000
v -0.00353736 0.01198866 0.05302546
v -0.00739885 0.02700521 0.05300640
v -0.00411198 0.01180351 0.05322427
v -0.00799160 0.02684639 0.05315636
v -0.00383012 0.01189792 0.05310019
v -0.00383012 0.01189792 0.05310019
v -0.00799160 0.02684639 0.05315636
v -0.00784600 0.02688540 0.05310019
v -0.00383012 0.01189792 0.05310019
v -0.00784600 0.02688540 0.05310019
v -0.00366460 0.01194922 0.05305794
v -0.00366460 0.01194922 0.05305794
v -0.00784600 0.02688540 0.05310019
v -0.00769973 0.02692459 0.05305690
v -0.00366460 0.01194922 0.05305794
v -0.00769973 0.02692459 0.05305690
v -0.00353736 0.01198866 0.05302546
v -0.00353736 0.01198866 0.05302546
v -0.00769973 0.02692459 0.05305690
v -0.00755017 0.02696467 0.05302546
v -0.00353736 0.01198866 0.05302546
v -0.00755017 0.02696467 0.05302546
v -0.00739885 0.02700521 0.05300640
v -0.00437270 0.01170992 0.05339550
v -0.00826937 0.02677196 0.05330441
v -0.00411198 0.01180351 0.05322427
v -0.00411198 0.01180351 0.05322427
v -0.00826937 0.02677196 0.05330441
v -0.00813258 0.02680861 0.05322427
v -0.00411198 0.01180351 0.05322427
v -0.00813258 0.02680861 0.05322427
v -0.00799160 0.02684639 0.05315636
v -0.00891770 0.02659824 0.05399865
v -0.00881138 0.02662673 0.05382786
v -0.00477247 0.01155330 0.05382786
v -0.00477247 0.01155330 0.05382786
v -0.00881138 0.02662673 0.05382786
v -0.00871612 0.02665225 0.05370170
v -0.00477247 0.01155330 0.05382786
v -0.00871612 0.02665225 0.05370170
v -0.00457949 0.01163092 0.05358472
v -0.00457949 0.01163092 0.05358472
v -0.00871612 0.02665225 0.05370170
v -0.00861192 0.02668017 0.05358472
v -0.00457949 0.01163092 0.05358472
v -0.00861192 0.02668017 0.05358472
v -0.00450984 0.01165752 0.05352099
v -0.00450984 0.01165752 0.05352099
v -0.00861192 0.02668017 0.05358472
v -0.00850902 0.02670774 0.05348606
v -0.00450984 0.01165752 0.05352099
v -0.00850902 0.02670774 0.05348606
v -0.00437270 0.01170992 0.05339550
v -0.00437270 0.01170992 0.05339550
v -0.00850902 0.02670774 0.05348606
v -0.00839923 0.02673716 0.05339550
v -0.00437270 0.01170992 0.05339550
v -0.00839923 0.02673716 0.05339550
v -0.00826937 0.02677196 0.05330441
v -0.00891997 0.02659763 0.05400273
v -0.00943760 0.02852948 0.05400273
v -0.00943534 0.02853009 0.05399865
v -0.00943534 0.02853009 0.05399865
v -0.00891770 0.02659824 0.05399865
v -0.00891997 0.02659763 0.05400273
v -0.00891997 0.02659763 0.05400273
v -0.00891770 0.02659824 0.05399865
v -0.00477247 0.01155330 0.05382786
v -0.00891997 0.02659763 0.05400273
v -0.00477247 0.01155330 0.05382786
v -0.00896731 0.02658494 0.05410354
v -0.00896731 0.02658494 0.05410354
v -0.00477247 0.01155330 0.05382786
v -0.00492646 0.01148880 0.05410159
v -0.00896731 0.02658494 0.05410354
v -0.00492646 0.01148880 0.05410159
v -0.00903585 0.02656658 0.05424949
v -0.00903585 0.02656658 0.05424949
v -0.00492646 0.01148880 0.05410159
v -0.00503985 0.01143953 0.05440334
v -0.00510699 0.01140937 0.05472181
v -0.00913071 0.02654116 0.05456145
v -0.00503985 0.01143953 0.05440334
v -0.00503985 0.01143953 0.05440334
v -0.00913071 0.02654116 0.05456145
v -0.00908930 0.02655226 0.05440334
v -0.00503985 0.01143953 0.05440334
v -0.00908930 0.02655226 0.05440334
v -0.00903585 0.02656658 0.05424949
v -0.00512541 0.01140088 0.05500000
v -0.00917389 0.02652959 0.05486005
v -0.00510699 0.01140937 0.05472181
v -0.00510699 0.01140937 0.05472181
v -0.00917389 0.02652959 0.05486005
v -0.00915948 0.02653345 0.05472182
v -0.00510699 0.01140937 0.05472181
v -0.00915948 0.02653345 0.05472182
v -0.00913071 0.02654116 0.05456145
v -0.00510189 0.01141171 0.05531474
v -0.00917257 0.02652995 0.05515804
v -0.00512541 0.01140088 0.05500000
v -0.00512541 0.01140088 0.05500000
v -0.00917257 0.02652995 0.05515804
v -0.00917878 0.02652828 0.05500000
v -0.00512541 0.01140088 0.05500000
v -0.00917878 0.02652828 0.05500000
v -0.00917389 0.02652959 0.05486005
v -0.00503277 0.01144266 0.05562094
v -0.00912369 0.02654304 0.05546980
v -0.00510189 0.01141171 0.05531474
v -0.00510189 0.01141171 0.05531474
v -0.00912369 0.02654304 0.05546980
v -0.00915413 0.02653489 0.05531474
v -0.00510189 0.01141171 0.05531474
v -0.00915413 0.02653489 0.05531474
v -0.00917257 0.02652995 0.05515804
v -0.00891997 0.02659763 0.05599754
v -0.00896208 0.02658635 0.05591731
v -0.00491770 0.01149254 0.05591731
v -0.00491770 0.01149254 0.05591731
v -0.00896208 0.02658635 0.05591731
v -0.00902769 0.02656877 0.05577144
v -0.00491770 0.01149254 0.05591731
v -0.00902769 0.02656877 0.05577144
v -0.00503277 0.01144266 0.05562094
v -0.00503277 0.01144266 0.05562094
v -0.00902769 0.02656877 0.05577144
v -0.00908190 0.02655424 0.05562094
v -0.00503277 0.01144266 0.05562094
v -0.00908190 0.02655424 0.05562094
v -0.00912369 0.02654304 0.05546980
v -0.00891792 0.02659818 0.05600122
v -0.00943556 0.02853003 0.05600122
v -0.00943760 0.02852948 0.05599754
v -0.00943760 0.02852948 0.05599754
v -0.00891997 0.02659763 0.05599754
v -0.00891792 0.02659818 0.05600122
v -0.00891792 0.02659818 0.05600122
v -0.00891997 0.02659763 0.05599754
v -0.00491770 0.01149254 0.05591731
v -0.00891792 0.02659818 0.05600122
v -0.00491770 0.01149254 0.05591731
v -0.00879673 0.02663065 0.05619307
v -0.00879673 0.02663065 0.05619307
v -0.00491770 0.01149254 0.05591731
v -0.00475832 0.01155911 0.05619307
v -0.00879673 0.02663065 0.05619307
v -0.00475832 0.01155911 0.05619307
v -0.00870876 0.02665422 0.05630727
v -0.00870876 0.02665422 0.05630727
v -0.00475832 0.01155911 0.05619307
v -0.00458034 0.01163058 0.05641437
v -0.00870876 0.02665422 0.05630727
v -0.00458034 0.01163058 0.05641437
v -0.00861281 0.02667993 0.05641438
v -0.00861281 0.02667993 0.05641438
v -0.00458034 0.01163058 0.05641437
v -0.00450981 0.01165744 0.05647790
v -0.00861281 0.02667993 0.05641438
v -0.00450981 0.01165744 0.05647790
v -0.00849932 0.02671034 0.05652239
v -0.00849932 0.02671034 0.05652239
v -0.00450981 0.01165744 0.05647790
v -0.00435115 0.01171785 0.05662080
v -0.00849932 0.02671034 0.05652239
v -0.00435115 0.01171785 0.05662080
v -0.00837715 0.02674308 0.05662080
v -0.00837715 0.02674308 0.05662080
v -0.00435115 0.01171785 0.05662080
v -0.00824835 0.02677759 0.05670834
v -0.00824835 0.02677759 0.05670834
v -0.00435115 0.01171785 0.05662080
v -0.00409331 0.01180987 0.05678501
v -0.00824835 0.02677759 0.05670834
v -0.00409331 0.01180987 0.05678501
v -0.00811357 0.02681370 0.05678502
v -0.00811357 0.02681370 0.05678502
v -0.00409331 0.01180987 0.05678501
v -0.00797061 0.02685201 0.05685185
v -0.00797061 0.02685201 0.05685185
v -0.00409331 0.01180987 0.05678501
v -0.00380657 0.01190539 0.05690709
v -0.00797061 0.02685201 0.05685185
v -0.00380657 0.01190539 0.05690709
v -0.00782216 0.02689179 0.05690709
v -0.00782216 0.02689179 0.05690709
v -0.00380657 0.01190539 0.05690709
v -0.00366456 0.01194906 0.05694104
v -0.00782216 0.02689179 0.05690709
v -0.00366456 0.01194906 0.05694104
v -0.00766940 0.02693272 0.05695005
v -0.00766940 0.02693272 0.05695005
v -0.00366456 0.01194906 0.05694104
v -0.00350167 0.01199916 0.05697998
v -0.00766940 0.02693272 0.05695005
v -0.00350167 0.01199916 0.05697998
v -0.00751424 0.02697429 0.05697998
v -0.00751424 0.02697429 0.05697998
v -0.00350167 0.01199916 0.05697998
v -0.00738199 0.02700973 0.05699487
v -0.00738199 0.02700973 0.05699487
v -0.00350167 0.01199916 0.05697998
v -0.00323634 0.01207377 0.05700000
v -0.00738199 0.02700973 0.05699487
v -0.00323634 0.01207377 0.05700000
v -0.00724804 0.02704562 0.05700000
v -0.00293223 0.01215081 0.05697474
v -0.00709504 0.02708662 0.05699359
v -0.00323634 0.01207377 0.05700000
v -0.00323634 0.01207377 0.05700000
v -0.00709504 0.02708662 0.05699359
v -0.00724693 0.02704592 0.05700000
v -0.00323634 0.01207377 0.05700000
v -0.00724693 0.02704592 0.05700000
v -0.00724804 0.02704562 0.05700000
v -0.00233868 0.01227846 0.05677471
v -0.00650055 0.02724591 0.05684289
v -0.00263168 0.01221896 0.05689968
v -0.00263168 0.01221896 0.05689968
v -0.00650055 0.02724591 0.05684289
v -0.00664758 0.02720651 0.05689968
v -0.00263168 0.01221896 0.05689968
v -0.00664758 0.02720651 0.05689968
v -0.00280095 0.01218058 0.05694195
v -0.00280095 0.01218058 0.05694195
v -0.00664758 0.02720651 0.05689968
v -0.00679537 0.02716691 0.05694337
v -0.00280095 0.01218058 0.05694195
v -0.00679537 0.02716691 0.05694337
v -0.00293223 0.01215081 0.05697474
v -0.00293223 0.01215081 0.05697474
v -0.00679537 0.02716691 0.05694337
v -0.00694503 0.02712681 0.05697474
v -0.00293223 0.01215081 0.05697474
v -0.00694503 0.02712681 0.05697474
v -0.00709504 0.02708662 0.05699359
v -0.00206497 0.01232795 0.05660220
v -0.00622246 0.02732043 0.05669432
v -0.00233868 0.01227846 0.05677471
v -0.00233868 0.01227846 0.05677471
v -0.00622246 0.02732043 0.05669432
v -0.00635934 0.02728375 0.05677471
v -0.00233868 0.01227846 0.05677471
v -0.00635934 0.02728375 0.05677471
v -0.00650055 0.02724591 0.05684289
v -0.00557601 0.02749364 0.05600126
v -0.00568219 0.02746519 0.05617182
v -0.00164327 0.01239175 0.05617182
v -0.00164327 0.01239175 0.05617182
v -0.00568219 0.02746519 0.05617182
v -0.00577714 0.02743975 0.05629762
v -0.00164327 0.01239175 0.05617182
v -0.00577714 0.02743975 0.05629762
v -0.00184887 0.01236251 0.05641464
v -0.00184887 0.01236251 0.05641464
v -0.00577714 0.02743975 0.05629762
v -0.00588132 0.02741183 0.05641464
v -0.00184887 0.01236251 0.05641464
v -0.00588132 0.02741183 0.05641464
v -0.00192312 0.01235063 0.05647909
v -0.00192312 0.01235063 0.05647909
v -0.00588132 0.02741183 0.05641464
v -0.00598270 0.02738467 0.05651204
v -0.00192312 0.01235063 0.05647909
v -0.00598270 0.02738467 0.05651204
v -0.00206497 0.01232795 0.05660220
v -0.00206497 0.01232795 0.05660220
v -0.00598270 0.02738467 0.05651204
v -0.00609159 0.02735549 0.05660220
v -0.00206497 0.01232795 0.05660220
v -0.00609159 0.02735549 0.05660220
v -0.00622246 0.02732043 0.05669432
v -0.00512541 0.01140088 0.05500000
v -0.00510699 0.01140937 0.05472181
v -0.00481008 0.01153746 0.05559986
v -0.00512541 0.01140088 0.05500000
v -0.00481008 0.01153746 0.05559986
v -0.00510189 0.01141171 0.05531474
v -0.00475832 0.01155911 0.05619307
v -0.00481008 0.01153746 0.05559986
v -0.00458034 0.01163058 0.05641437
v -0.00458034 0.01163058 0.05641437
v -0.00481008 0.01153746 0.05559986
v -0.00450981 0.01165744 0.05647790
v -0.00475832 0.01155911 0.05619307
v -0.00491770 0.01149254 0.05591731
v -0.00481008 0.01153746 0.05559986
v -0.00481008 0.01153746 0.05559986
v -0.00491770 0.01149254 0.05591731
v -0.00503277 0.01144266 0.05562094
v -0.00481008 0.01153746 0.05559986
v -0.00503277 0.01144266 0.05562094
v -0.00510189 0.01141171 0.05531474
v -0.00510699 0.01140937 0.05472181
v -0.00503985 0.01143953 0.05440334
v -0.00481008 0.01153746 0.05559986
v -0.00481008 0.01153746 0.05559986
v -0.00503985 0.01143953 0.05440334
v -0.00492646 0.01148880 0.05410159
v -0.00481008 0.01153746 0.05559986
v -0.00492646 0.01148880 0.05410159
v -0.00477247 0.01155330 0.05382786
v -0.00402071 0.01183570 0.05516827
v -0.00366456 0.01194906 0.05694104
v -0.00380657 0.01190539 0.05690709
v -0.00380657 0.01190539 0.05690709
v -0.00409331 0.01180987 0.05678501
v -0.00402071 0.01183570 0.05516827
v -0.00402071 0.01183570 0.05516827
v -0.00409331 0.01180987 0.05678501
v -0.00435115 0.01171785 0.05662080
v -0.00402071 0.01183570 0.05516827
v -0.00435115 0.01171785 0.05662080
v -0.00450981 0.01165744 0.05647790
v -0.00477247 0.01155330 0.05382786
v -0.00457949 0.01163092 0.05358472
v -0.00481008 0.01153746 0.05559986
v -0.00481008 0.01153746 0.05559986
v -0.00457949 0.01163092 0.05358472
v -0.00450984 0.01165752 0.05352099
v -0.00481008 0.01153746 0.05559986
v -0.00450984 0.01165752 0.05352099
v -0.00450981 0.01165744 0.05647790
v -0.00450981 0.01165744 0.05647790
v -0.00450984 0.01165752 0.05352099
v -0.00437270 0.01170992 0.05339550
v -0.00450981 0.01165744 0.05647790
v -0.00437270 0.01170992 0.05339550
v -0.00402071 0.01183570 0.05516827
v -0.00402071 0.01183570 0.05516827
v -0.00437270 0.01170992 0.05339550
v -0.00411198 0.01180351 0.05322427
v -0.00323293 0.01207469 0.05500021
v -0.00296242 0.01214358 0.05302043
v -0.00280094 0.01218055 0.05305843
v -0.00366460 0.01194922 0.05305794
v -0.00353736 0.01198866 0.05302546
v -0.00323293 0.01207469 0.05500021
v -0.00323293 0.01207469 0.05500021
v -0.00353736 0.01198866 0.05302546
v -0.00323365 0.01207449 0.05300000
v -0.00323293 0.01207469 0.05500021
v -0.00323365 0.01207449 0.05300000
v -0.00296242 0.01214358 0.05302043
v -0.00411198 0.01180351 0.05322427
v -0.00383012 0.01189792 0.05310019
v -0.00402071 0.01183570 0.05516827
v -0.00402071 0.01183570 0.05516827
v -0.00383012 0.01189792 0.05310019
v -0.00366460 0.01194922 0.05305794
v -0.00402071 0.01183570 0.05516827
v -0.00366460 0.01194922 0.05305794
v -0.00366456 0.01194906 0.05694104
v -0.00366456 0.01194906 0.05694104
v -0.00366460 0.01194922 0.05305794
v -0.00323293 0.01207469 0.05500021
v -0.00366456 0.01194906 0.05694104
v -0.00323293 0.01207469 0.05500021
v -0.00350167 0.01199916 0.05697998
v -0.00350167 0.01199916 0.05697998
v -0.00323293 0.01207469 0.05500021
v -0.00323634 0.01207377 0.05700000
v -0.00265214 0.01221463 0.05309345
v -0.00235656 0.01227508 0.05321597
v -0.00243425 0.01226068 0.05483032
v -0.00235656 0.01227508 0.05321597
v -0.00208676 0.01232425 0.05338171
v -0.00243425 0.01226068 0.05483032
v -0.00243425 0.01226068 0.05483032
v -0.00208676 0.01232425 0.05338171
v -0.00192311 0.01235056 0.05352198
v -0.00243425 0.01226068 0.05483032
v -0.00192311 0.01235056 0.05352198
v -0.00206497 0.01232795 0.05660220
v -0.00265214 0.01221463 0.05309345
v -0.00243425 0.01226068 0.05483032
v -0.00280094 0.01218055 0.05305843
v -0.00280094 0.01218055 0.05305843
v -0.00243425 0.01226068 0.05483032
v -0.00280095 0.01218058 0.05694195
v -0.00280094 0.01218055 0.05305843
v -0.00280095 0.01218058 0.05694195
v -0.00323293 0.01207469 0.05500021
v -0.00323293 0.01207469 0.05500021
v -0.00280095 0.01218058 0.05694195
v -0.00293223 0.01215081 0.05697474
v -0.00323293 0.01207469 0.05500021
v -0.00293223 0.01215081 0.05697474
v -0.00323634 0.01207377 0.05700000
v -0.00206497 0.01232795 0.05660220
v -0.00233868 0.01227846 0.05677471
v -0.00243425 0.01226068 0.05483032
v -0.00243425 0.01226068 0.05483032
v -0.00233868 0.01227846 0.05677471
v -0.00263168 0.01221896 0.05689968
v -0.00243425 0.01226068 0.05483032
v -0.00263168 0.01221896 0.05689968
v -0.00280095 0.01218058 0.05694195
v -0.00184712 0.01236277 0.05358711
v -0.00179293 0.01237074 0.05514069
v -0.00192311 0.01235056 0.05352198
v -0.00192311 0.01235056 0.05352198
v -0.00179293 0.01237074 0.05514069
v -0.00192312 0.01235063 0.05647909
v -0.00192311 0.01235056 0.05352198
v -0.00192312 0.01235063 0.05647909
v -0.00206497 0.01232795 0.05660220
v -0.00147856 0.01241281 0.05589977
v -0.00179293 0.01237074 0.05514069
v -0.00135623 0.01242678 0.05560020
v -0.00135623 0.01242678 0.05560020
v -0.00179293 0.01237074 0.05514069
v -0.00128263 0.01243425 0.05528305
v -0.00147856 0.01241281 0.05589977
v -0.00164327 0.01239175 0.05617182
v -0.00179293 0.01237074 0.05514069
v -0.00179293 0.01237074 0.05514069
v -0.00164327 0.01239175 0.05617182
v -0.00184887 0.01236251 0.05641464
v -0.00179293 0.01237074 0.05514069
v -0.00184887 0.01236251 0.05641464
v -0.00192312 0.01235063 0.05647909
v -0.00184712 0.01236277 0.05358711
v -0.00166248 0.01238913 0.05380230
v -0.00179293 0.01237074 0.05514069
v -0.00179293 0.01237074 0.05514069
v -0.00166248 0.01238913 0.05380230
v -0.00148971 0.01241141 0.05407978
v -0.00179293 0.01237074 0.05514069
v -0.00148971 0.01241141 0.05407978
v -0.00136391 0.01242591 0.05437821
v -0.00136391 0.01242591 0.05437821
v -0.00128791 0.01243373 0.05468492
v -0.00179293 0.01237074 0.05514069
v -0.00179293 0.01237074 0.05514069
v -0.00128791 0.01243373 0.05468492
v -0.00126171 0.01243616 0.05500078
v -0.00179293 0.01237074 0.05514069
v -0.00126171 0.01243616 0.05500078
v -0.00128263 0.01243425 0.05528305
v -0.00609154 0.02942606 0.05400367
v -0.00609154 0.02942606 0.05599746
v -0.00557390 0.02749421 0.05400367
v -0.00557390 0.02749421 0.05400367
v -0.00609154 0.02942606 0.05599746
v -0.00557390 0.02749421 0.05599746
v -0.00557390 0.02749421 0.05400367
v -0.00557390 0.02749421 0.05599746
v -0.00552707 0.02750675 0.05589785
v -0.00546762 0.02752268 0.05422702
v -0.00553400 0.02750490 0.05407978
v -0.00532014 0.02756220 0.05514227
v -0.00557390 0.02749421 0.05400367
v -0.00552707 0.02750675 0.05589785
v -0.00553400 0.02750490 0.05407978
v -0.00553400 0.02750490 0.05407978
v -0.00552707 0.02750675 0.05589785
v -0.00545874 0.02752506 0.05575252
v -0.00553400 0.02750490 0.05407978
v -0.00545874 0.02752506 0.05575252
v -0.00540562 0.02753930 0.05560020
v -0.00540562 0.02753930 0.05560020
v -0.00536408 0.02755043 0.05544276
v -0.00553400 0.02750490 0.05407978
v -0.00553400 0.02750490 0.05407978
v -0.00536408 0.02755043 0.05544276
v -0.00533508 0.02755820 0.05528305
v -0.00553400 0.02750490 0.05407978
v -0.00533508 0.02755820 0.05528305
v -0.00532014 0.02756220 0.05514227
v -0.00532135 0.02756188 0.05484276
v -0.00534013 0.02755684 0.05468492
v -0.00531508 0.02756356 0.05500078
v -0.00531508 0.02756356 0.05500078
v -0.00534013 0.02755684 0.05468492
v -0.00537083 0.02754862 0.05452990
v -0.00531508 0.02756356 0.05500078
v -0.00537083 0.02754862 0.05452990
v -0.00532014 0.02756220 0.05514227
v -0.00532014 0.02756220 0.05514227
v -0.00537083 0.02754862 0.05452990
v -0.00541300 0.02753732 0.05437821
v -0.00532014 0.02756220 0.05514227
v -0.00541300 0.02753732 0.05437821
v -0.00546762 0.02752268 0.05422702
v -0.00776457 0.02897777 0.05300000
v -0.00609457 0.02942525 0.05399819
v -0.00724693 0.02704592 0.05300000
v -0.00724693 0.02704592 0.05300000
v -0.00609457 0.02942525 0.05399819
v -0.00557693 0.02749339 0.05399819
v -0.00724693 0.02704592 0.05300000
v -0.00891770 0.02659824 0.05399865
v -0.00776457 0.02897777 0.05300000
v -0.00776457 0.02897777 0.05300000
v -0.00891770 0.02659824 0.05399865
v -0.00943534 0.02853009 0.05399865
v -0.00724535 0.02704634 0.05300000
v -0.00724693 0.02704592 0.05300000
v -0.00557693 0.02749339 0.05399819
v -0.00724535 0.02704634 0.05300000
v -0.00557693 0.02749339 0.05399819
v -0.00711037 0.02708251 0.05300516
v -0.00599260 0.02738202 0.05347919
v -0.00611284 0.02734980 0.05338171
v -0.00697501 0.02711878 0.05302043
v -0.00697501 0.02711878 0.05302043
v -0.00611284 0.02734980 0.05338171
v -0.00624127 0.02731539 0.05329369
v -0.00697501 0.02711878 0.05302043
v -0.00624127 0.02731539 0.05329369
v -0.00637686 0.02727905 0.05321597
v -0.00557693 0.02749339 0.05399819
v -0.00570076 0.02746021 0.05380230
v -0.00711037 0.02708251 0.05300516
v -0.00711037 0.02708251 0.05300516
v -0.00570076 0.02746021 0.05380230
v -0.00578604 0.02743736 0.05369173
v -0.00711037 0.02708251 0.05300516
v -0.00578604 0.02743736 0.05369173
v -0.00697501 0.02711878 0.05302043
v -0.00697501 0.02711878 0.05302043
v -0.00578604 0.02743736 0.05369173
v -0.00587963 0.02741229 0.05358711
v -0.00697501 0.02711878 0.05302043
v -0.00587963 0.02741229 0.05358711
v -0.00599260 0.02738202 0.05347919
v -0.00637686 0.02727905 0.05321597
v -0.00652048 0.02724057 0.05314848
v -0.00697501 0.02711878 0.05302043
v -0.00697501 0.02711878 0.05302043
v -0.00652048 0.02724057 0.05314848
v -0.00666776 0.02720111 0.05309345
v -0.00697501 0.02711878 0.05302043
v -0.00666776 0.02720111 0.05309345
v -0.00681955 0.02716044 0.05305058
v -0.00724693 0.02704592 0.05300000
v -0.00850902 0.02670774 0.05348606
v -0.00861192 0.02668017 0.05358472
v -0.00755017 0.02696467 0.05302546
v -0.00769973 0.02692459 0.05305690
v -0.00839923 0.02673716 0.05339550
v -0.00839923 0.02673716 0.05339550
v -0.00769973 0.02692459 0.05305690
v -0.00784600 0.02688540 0.05310019
v -0.00861192 0.02668017 0.05358472
v -0.00871612 0.02665225 0.05370170
v -0.00724693 0.02704592 0.05300000
v -0.00724693 0.02704592 0.05300000
v -0.00871612 0.02665225 0.05370170
v -0.00881138 0.02662673 0.05382786
v -0.00724693 0.02704592 0.05300000
v -0.00881138 0.02662673 0.05382786
v -0.00891770 0.02659824 0.05399865
v -0.00850902 0.02670774 0.05348606
v -0.00724693 0.02704592 0.05300000
v -0.00839923 0.02673716 0.05339550
v -0.00839923 0.02673716 0.05339550
v -0.00724693 0.02704592 0.05300000
v -0.00739885 0.02700521 0.05300640
v -0.00839923 0.02673716 0.05339550
v -0.00739885 0.02700521 0.05300640
v -0.00755017 0.02696467 0.05302546
v -0.00784600 0.02688540 0.05310019
v -0.00799160 0.02684639 0.05315636
v -0.00839923 0.02673716 0.05339550
v -0.00839923 0.02673716 0.05339550
v -0.00799160 0.02684639 0.05315636
v -0.00813258 0.02680861 0.05322427
v -0.00839923 0.02673716 0.05339550
v -0.00813258 0.02680861 0.05322427
v -0.00826937 0.02677196 0.05330441
v -0.00891997 0.02659763 0.05400273
v -0.00891997 0.02659763 0.05599754
v -0.00943760 0.02852948 0.05400273
v -0.00943760 0.02852948 0.05400273
v -0.00891997 0.02659763 0.05599754
v -0.00943760 0.02852948 0.05599754
v -0.00903585 0.02656658 0.05424949
v -0.00896208 0.02658635 0.05591731
v -0.00896731 0.02658494 0.05410354
v -0.00896731 0.02658494 0.05410354
v -0.00896208 0.02658635 0.05591731
v -0.00891997 0.02659763 0.05599754
v -0.00896731 0.02658494 0.05410354
v -0.00891997 0.02659763 0.05599754
v -0.00891997 0.02659763 0.05400273
v -0.00903585 0.02656658 0.05424949
v -0.00908930 0.02655226 0.05440334
v -0.00896208 0.02658635 0.05591731
v -0.00896208 0.02658635 0.05591731
v -0.00908930 0.02655226 0.05440334
v -0.00913071 0.02654116 0.05456145
v -0.00896208 0.02658635 0.05591731
v -0.00913071 0.02654116 0.05456145
v -0.00915948 0.02653345 0.05472182
v -0.00915948 0.02653345 0.05472182
v -0.00917389 0.02652959 0.05486005
v -0.00896208 0.02658635 0.05591731
v -0.00896208 0.02658635 0.05591731
v -0.00917389 0.02652959 0.05486005
v -0.00917878 0.02652828 0.05500000
v -0.00896208 0.02658635 0.05591731
v -0.00917878 0.02652828 0.05500000
v -0.00902769 0.02656877 0.05577144
v -0.00902769 0.02656877 0.05577144
v -0.00917878 0.02652828 0.05500000
v -0.00908190 0.02655424 0.05562094
v -0.00917257 0.02652995 0.05515804
v -0.00915413 0.02653489 0.05531474
v -0.00917878 0.02652828 0.05500000
v -0.00917878 0.02652828 0.05500000
v -0.00915413 0.02653489 0.05531474
v -0.00912369 0.02654304 0.05546980
v -0.00917878 0.02652828 0.05500000
v -0.00912369 0.02654304 0.05546980
v -0.00908190 0.02655424 0.05562094
v -0.00724693 0.02704592 0.05700000
v -0.00598270 0.02738467 0.05651204
v -0.00588132 0.02741183 0.05641464
v -0.00694503 0.02712681 0.05697474
v -0.00679537 0.02716691 0.05694337
v -0.00609159 0.02735549 0.05660220
v -0.00609159 0.02735549 0.05660220
v -0.00679537 0.02716691 0.05694337
v -0.00664758 0.02720651 0.05689968
v -0.00588132 0.02741183 0.05641464
v -0.00577714 0.02743975 0.05629762
v -0.00724693 0.02704592 0.05700000
v -0.00724693 0.02704592 0.05700000
v -0.00577714 0.02743975 0.05629762
v -0.00568219 0.02746519 0.05617182
v -0.00724693 0.02704592 0.05700000
v -0.00568219 0.02746519 0.05617182
v -0.00557601 0.02749364 0.05600126
v -0.00598270 0.02738467 0.05651204
v -0.00724693 0.02704592 0.05700000
v -0.00609159 0.02735549 0.05660220
v -0.00609159 0.02735549 0.05660220
v -0.00724693 0.02704592 0.05700000
v -0.00709504 0.02708662 0.05699359
v -0.00609159 0.02735549 0.05660220
v -0.00709504 0.02708662 0.05699359
v -0.00694503 0.02712681 0.05697474
v -0.00664758 0.02720651 0.05689968
v -0.00650055 0.02724591 0.05684289
v -0.00609159 0.02735549 0.05660220
v -0.00609159 0.02735549 0.05660220
v -0.00650055 0.02724591 0.05684289
v -0.00635934 0.02728375 0.05677471
v -0.00609159 0.02735549 0.05660220
v -0.00635934 0.02728375 0.05677471
v -0.00622246 0.02732043 0.05669432
v -0.00724804 0.02704562 0.05700000
v -0.00724693 0.02704592 0.05700000
v -0.00891792 0.02659818 0.05600122
v -0.00724804 0.02704562 0.05700000
v -0.00891792 0.02659818 0.05600122
v -0.00738199 0.02700973 0.05699487
v -0.00738199 0.02700973 0.05699487
v -0.00891792 0.02659818 0.05600122
v -0.00879673 0.02663065 0.05619307
v -0.00738199 0.02700973 0.05699487
v -0.00879673 0.02663065 0.05619307
v -0.00870876 0.02665422 0.05630727
v -0.00870876 0.02665422 0.05630727
v -0.00797061 0.02685201 0.05685185
v -0.00782216 0.02689179 0.05690709
v -0.00849932 0.02671034 0.05652239
v -0.00837715 0.02674308 0.05662080
v -0.00861281 0.02667993 0.05641438
v -0.00861281 0.02667993 0.05641438
v -0.00837715 0.02674308 0.05662080
v -0.00824835 0.02677759 0.05670834
v -0.00861281 0.02667993 0.05641438
v -0.00824835 0.02677759 0.05670834
v -0.00870876 0.02665422 0.05630727
v -0.00870876 0.02665422 0.05630727
v -0.00824835 0.02677759 0.05670834
v -0.00811357 0.02681370 0.05678502
v -0.00870876 0.02665422 0.05630727
v -0.00811357 0.02681370 0.05678502
v -0.00797061 0.02685201 0.05685185
v -0.00782216 0.02689179 0.05690709
v -0.00766940 0.02693272 0.05695005
v -0.00870876 0.02665422 0.05630727
v -0.00870876 0.02665422 0.05630727
v -0.00766940 0.02693272 0.05695005
v -0.00751424 0.02697429 0.05697998
v -0.00870876 0.02665422 0.05630727
v -0.00751424 0.02697429 0.05697998
v -0.00738199 0.02700973 0.05699487
v -0.00724693 0.02704592 0.05700000
v -0.00557601 0.02749364 0.05600126
v -0.00776457 0.02897777 0.05700000
v -0.00776457 0.02897777 0.05700000
v -0.00557601 0.02749364 0.05600126
v -0.00609365 0.02942549 0.05600126
v -0.00776457 0.02897777 0.05700000
v -0.00943556 0.02853003 0.05600122
v -0.00724693 0.02704592 0.05700000
v -0.00724693 0.02704592 0.05700000
v -0.00943556 0.02853003 0.05600122
v -0.00891792 0.02659818 0.05600122
v 0.00943760 0.02852948 0.05599746
v 0.00943760 0.02852948 0.05400367
v 0.00609154 0.02942606 0.05400273
v 0.00943457 0.02853029 0.05399819
v 0.00776457 0.02897777 0.05300000
v 0.00943760 0.02852948 0.05400367
v 0.00943760 0.02852948 0.05400367
v 0.00776457 0.02897777 0.05300000
v 0.00609380 0.02942545 0.05399865
v 0.00943760 0.02852948 0.05400367
v 0.00609380 0.02942545 0.05399865
v 0.00609154 0.02942606 0.05400273
v 0.00776457 0.02897777 0.05700000
v 0.00943549 0.02853005 0.05600126
v 0.00609358 0.02942551 0.05600122
v 0.00609358 0.02942551 0.05600122
v 0.00943549 0.02853005 0.05600126
v 0.00943760 0.02852948 0.05599746
v 0.00609358 0.02942551 0.05600122
v 0.00943760 0.02852948 0.05599746
v 0.00609154 0.02942606 0.05599754
v 0.00609154 0.02942606 0.05599754
v 0.00943760 0.02852948 0.05599746
v 0.00609154 0.02942606 0.05400273
v 0.00943760 0.02852948 0.05599746
v 0.00943549 0.02853005 0.05600126
v 0.00891997 0.02659763 0.05599746
v 0.00891997 0.02659763 0.05599746
v 0.00943549 0.02853005 0.05600126
v 0.00891786 0.02659820 0.05600126
v 0.00891997 0.02659763 0.05599746
v 0.00891786 0.02659820 0.05600126
v 0.00492390 0.01148995 0.05590411
v 0.00492390 0.01148995 0.05590411
v 0.00891786 0.02659820 0.05600126
v 0.00477146 0.01155374 0.05617376
v 0.00503678 0.01144094 0.05560725
v 0.00903289 0.02656737 0.05575818
v 0.00492390 0.01148995 0.05590411
v 0.00492390 0.01148995 0.05590411
v 0.00903289 0.02656737 0.05575818
v 0.00896488 0.02658559 0.05590228
v 0.00492390 0.01148995 0.05590411
v 0.00896488 0.02658559 0.05590228
v 0.00891997 0.02659763 0.05599746
v 0.00510499 0.01141031 0.05529286
v 0.00912788 0.02654192 0.05545126
v 0.00503678 0.01144094 0.05560725
v 0.00503678 0.01144094 0.05560725
v 0.00912788 0.02654192 0.05545126
v 0.00908608 0.02655312 0.05560725
v 0.00503678 0.01144094 0.05560725
v 0.00908608 0.02655312 0.05560725
v 0.00903289 0.02656737 0.05575818
v 0.00512541 0.01140088 0.05500078
v 0.00917337 0.02652973 0.05514721
v 0.00510499 0.01141031 0.05529286
v 0.00510499 0.01141031 0.05529286
v 0.00917337 0.02652973 0.05514721
v 0.00915738 0.02653402 0.05529287
v 0.00510499 0.01141031 0.05529286
v 0.00915738 0.02653402 0.05529287
v 0.00912788 0.02654192 0.05545126
v 0.00510186 0.01141172 0.05468727
v 0.00917261 0.02652993 0.05484395
v 0.00512541 0.01140088 0.05500078
v 0.00512541 0.01140088 0.05500078
v 0.00917261 0.02652993 0.05484395
v 0.00917878 0.02652828 0.05500078
v 0.00512541 0.01140088 0.05500078
v 0.00917878 0.02652828 0.05500078
v 0.00917337 0.02652973 0.05514721
v 0.00503318 0.01144249 0.05438281
v 0.00912386 0.02654300 0.05453341
v 0.00510186 0.01141172 0.05468727
v 0.00510186 0.01141172 0.05468727
v 0.00912386 0.02654300 0.05453341
v 0.00915410 0.02653489 0.05468727
v 0.00510186 0.01141172 0.05468727
v 0.00915410 0.02653489 0.05468727
v 0.00917261 0.02652993 0.05484395
v 0.00891997 0.02659763 0.05400367
v 0.00896314 0.02658606 0.05408638
v 0.00491873 0.01149211 0.05408638
v 0.00491873 0.01149211 0.05408638
v 0.00896314 0.02658606 0.05408638
v 0.00902853 0.02656854 0.05423270
v 0.00491873 0.01149211 0.05408638
v 0.00902853 0.02656854 0.05423270
v 0.00503318 0.01144249 0.05438281
v 0.00503318 0.01144249 0.05438281
v 0.00902853 0.02656854 0.05423270
v 0.00908233 0.02655412 0.05438281
v 0.00503318 0.01144249 0.05438281
v 0.00908233 0.02655412 0.05438281
v 0.00912386 0.02654300 0.05453341
v 0.00891693 0.02659844 0.05399819
v 0.00943457 0.02853029 0.05399819
v 0.00943760 0.02852948 0.05400367
v 0.00943760 0.02852948 0.05400367
v 0.00891997 0.02659763 0.05400367
v 0.00891693 0.02659844 0.05399819
v 0.00891693 0.02659844 0.05399819
v 0.00891997 0.02659763 0.05400367
v 0.00491873 0.01149211 0.05408638
v 0.00891693 0.02659844 0.05399819
v 0.00491873 0.01149211 0.05408638
v 0.00879881 0.02663009 0.05381031
v 0.00879881 0.02663009 0.05381031
v 0.00491873 0.01149211 0.05408638
v 0.00476033 0.01155828 0.05381031
v 0.00879881 0.02663009 0.05381031
v 0.00476033 0.01155828 0.05381031
v 0.00871097 0.02665363 0.05369552
v 0.00871097 0.02665363 0.05369552
v 0.00476033 0.01155828 0.05381031
v 0.00458173 0.01163003 0.05358711
v 0.00871097 0.02665363 0.05369552
v 0.00458173 0.01163003 0.05358711
v 0.00861424 0.02667955 0.05358711
v 0.00861424 0.02667955 0.05358711
v 0.00458173 0.01163003 0.05358711
v 0.00850214 0.02670959 0.05347996
v 0.00850214 0.02670959 0.05347996
v 0.00458173 0.01163003 0.05358711
v 0.00450982 0.01165745 0.05352191
v 0.00850214 0.02670959 0.05347996
v 0.00450982 0.01165745 0.05352191
v 0.00838288 0.02674154 0.05338310
v 0.00838288 0.02674154 0.05338310
v 0.00450982 0.01165745 0.05352191
v 0.00435675 0.01171583 0.05338309
v 0.00838288 0.02674154 0.05338310
v 0.00435675 0.01171583 0.05338309
v 0.00825557 0.02677566 0.05329556
v 0.00825557 0.02677566 0.05329556
v 0.00435675 0.01171583 0.05338309
v 0.00410082 0.01180739 0.05321816
v 0.00825557 0.02677566 0.05329556
v 0.00410082 0.01180739 0.05321816
v 0.00812120 0.02681166 0.05321816
v 0.00812120 0.02681166 0.05321816
v 0.00410082 0.01180739 0.05321816
v 0.00797888 0.02684979 0.05315081
v 0.00797888 0.02684979 0.05315081
v 0.00410082 0.01180739 0.05321816
v 0.00381724 0.01190208 0.05309571
v 0.00797888 0.02684979 0.05315081
v 0.00381724 0.01190208 0.05309571
v 0.00783295 0.02688890 0.05309571
v 0.00783295 0.02688890 0.05309571
v 0.00381724 0.01190208 0.05309571
v 0.00366460 0.01194916 0.05305833
v 0.00783295 0.02688890 0.05309571
v 0.00366460 0.01194916 0.05305833
v 0.00768246 0.02692922 0.05305254
v 0.00768246 0.02692922 0.05305254
v 0.00366460 0.01194916 0.05305833
v 0.00351570 0.01199508 0.05302188
v 0.00768246 0.02692922 0.05305254
v 0.00351570 0.01199508 0.05302188
v 0.00752835 0.02697051 0.05302188
v 0.00752835 0.02697051 0.05302188
v 0.00351570 0.01199508 0.05302188
v 0.00738826 0.02700805 0.05300552
v 0.00738826 0.02700805 0.05300552
v 0.00351570 0.01199508 0.05302188
v 0.00323682 0.01207364 0.05300000
v 0.00738826 0.02700805 0.05300552
v 0.00323682 0.01207364 0.05300000
v 0.00724852 0.02704549 0.05300000
v 0.00724852 0.02704549 0.05300000
v 0.00323682 0.01207364 0.05300000
v 0.00724693 0.02704592 0.05300000
v 0.00724693 0.02704592 0.05300000
v 0.00323682 0.01207364 0.05300000
v 0.00293316 0.01215062 0.05302508
v 0.00724693 0.02704592 0.05300000
v 0.00293316 0.01215062 0.05302508
v 0.00709615 0.02708632 0.05300630
v 0.00234712 0.01227689 0.05322092
v 0.00650767 0.02724400 0.05315403
v 0.00263646 0.01221799 0.05309869
v 0.00263646 0.01221799 0.05309869
v 0.00650767 0.02724400 0.05315403
v 0.00665229 0.02720525 0.05309870
v 0.00263646 0.01221799 0.05309869
v 0.00665229 0.02720525 0.05309870
v 0.00280098 0.01218064 0.05305788
v 0.00280098 0.01218064 0.05305788
v 0.00665229 0.02720525 0.05309870
v 0.00679753 0.02716634 0.05305604
v 0.00280098 0.01218064 0.05305788
v 0.00679753 0.02716634 0.05305604
v 0.00293316 0.01215062 0.05302508
v 0.00293316 0.01215062 0.05302508
v 0.00679753 0.02716634 0.05305604
v 0.00694595 0.02712657 0.05302508
v 0.00293316 0.01215062 0.05302508
v 0.00694595 0.02712657 0.05302508
v 0.00709615 0.02708632 0.05300630
v 0.00207598 0.01232609 0.05338964
v 0.00623164 0.02731796 0.05329984
v 0.00234712 0.01227689 0.05322092
v 0.00234712 0.01227689 0.05322092
v 0.00623164 0.02731796 0.05329984
v 0.00636760 0.02728153 0.05322092
v 0.00234712 0.01227689 0.05322092
v 0.00636760 0.02728153 0.05322092
v 0.00650767 0.02724400 0.05315403
v 0.00557616 0.02749360 0.05399865
v 0.00568384 0.02746475 0.05382591
v 0.00164498 0.01239150 0.05382591
v 0.00164498 0.01239150 0.05382591
v 0.00568384 0.02746475 0.05382591
v 0.00577850 0.02743938 0.05370078
v 0.00164498 0.01239150 0.05382591
v 0.00577850 0.02743938 0.05370078
v 0.00184951 0.01236241 0.05358472
v 0.00184951 0.01236241 0.05358472
v 0.00577850 0.02743938 0.05370078
v 0.00588194 0.02741167 0.05358472
v 0.00184951 0.01236241 0.05358472
v 0.00588194 0.02741167 0.05358472
v 0.00192313 0.01235061 0.05352131
v 0.00192313 0.01235061 0.05352131
v 0.00588194 0.02741167 0.05358472
v 0.00598846 0.02738313 0.05348286
v 0.00192313 0.01235061 0.05352131
v 0.00598846 0.02738313 0.05348286
v 0.00207598 0.01232609 0.05338964
v 0.00207598 0.01232609 0.05338964
v 0.00598846 0.02738313 0.05348286
v 0.00610233 0.02735262 0.05338964
v 0.00207598 0.01232609 0.05338964
v 0.00610233 0.02735262 0.05338964
v 0.00623164 0.02731796 0.05329984
v 0.00557390 0.02749421 0.05400273
v 0.00609154 0.02942606 0.05400273
v 0.00609380 0.02942545 0.05399865
v 0.00609380 0.02942545 0.05399865
v 0.00557616 0.02749360 0.05399865
v 0.00557390 0.02749421 0.05400273
v 0.00557390 0.02749421 0.05400273
v 0.00557616 0.02749360 0.05399865
v 0.00164498 0.01239150 0.05382591
v 0.00557390 0.02749421 0.05400273
v 0.00164498 0.01239150 0.05382591
v 0.00552849 0.02750637 0.05409906
v 0.00552849 0.02750637 0.05409906
v 0.00164498 0.01239150 0.05382591
v 0.00148017 0.01241255 0.05409720
v 0.00552849 0.02750637 0.05409906
v 0.00148017 0.01241255 0.05409720
v 0.00546028 0.02752465 0.05424374
v 0.00546028 0.02752465 0.05424374
v 0.00148017 0.01241255 0.05409720
v 0.00135740 0.01242660 0.05439621
v 0.00128337 0.01243416 0.05471193
v 0.00536505 0.02755017 0.05455296
v 0.00135740 0.01242660 0.05439621
v 0.00135740 0.01242660 0.05439621
v 0.00536505 0.02755017 0.05455296
v 0.00540675 0.02753899 0.05439621
v 0.00135740 0.01242660 0.05439621
v 0.00540675 0.02753899 0.05439621
v 0.00546028 0.02752465 0.05424374
v 0.00126171 0.01243616 0.05500000
v 0.00532033 0.02756215 0.05485505
v 0.00128337 0.01243416 0.05471193
v 0.00128337 0.01243416 0.05471193
v 0.00532033 0.02756215 0.05485505
v 0.00533579 0.02755801 0.05471193
v 0.00128337 0.01243416 0.05471193
v 0.00533579 0.02755801 0.05471193
v 0.00536505 0.02755017 0.05455296
v 0.00128710 0.01243381 0.05531232
v 0.00532121 0.02756191 0.05515682
v 0.00126171 0.01243616 0.05500000
v 0.00126171 0.01243616 0.05500000
v 0.00532121 0.02756191 0.05515682
v 0.00531508 0.02756356 0.05500000
v 0.00126171 0.01243616 0.05500000
v 0.00531508 0.02756356 0.05500000
v 0.00532033 0.02756215 0.05485505
v 0.00136130 0.01242619 0.05561628
v 0.00536934 0.02754902 0.05546621
v 0.00128710 0.01243381 0.05531232
v 0.00128710 0.01243381 0.05531232
v 0.00536934 0.02754902 0.05546621
v 0.00533936 0.02755705 0.05531232
v 0.00128710 0.01243381 0.05531232
v 0.00533936 0.02755705 0.05531232
v 0.00532121 0.02756191 0.05515682
v 0.00557390 0.02749421 0.05599754
v 0.00552852 0.02750637 0.05591069
v 0.00148402 0.01241209 0.05591069
v 0.00148402 0.01241209 0.05591069
v 0.00552852 0.02750637 0.05591069
v 0.00546389 0.02752368 0.05576576
v 0.00148402 0.01241209 0.05591069
v 0.00546389 0.02752368 0.05576576
v 0.00136130 0.01242619 0.05561628
v 0.00136130 0.01242619 0.05561628
v 0.00546389 0.02752368 0.05576576
v 0.00541049 0.02753799 0.05561628
v 0.00136130 0.01242619 0.05561628
v 0.00541049 0.02753799 0.05561628
v 0.00536934 0.02754902 0.05546621
v 0.00557594 0.02749366 0.05600122
v 0.00609358 0.02942551 0.05600122
v 0.00609154 0.02942606 0.05599754
v 0.00609154 0.02942606 0.05599754
v 0.00557390 0.02749421 0.05599754
v 0.00557594 0.02749366 0.05600122
v 0.00557594 0.02749366 0.05600122
v 0.00557390 0.02749421 0.05599754
v 0.00148402 0.01241209 0.05591069
v 0.00557594 0.02749366 0.05600122
v 0.00148402 0.01241209 0.05591069
v 0.00569144 0.02746271 0.05618504
v 0.00569144 0.02746271 0.05618504
v 0.00148402 0.01241209 0.05591069
v 0.00165283 0.01239044 0.05618504
v 0.00569144 0.02746271 0.05618504
v 0.00165283 0.01239044 0.05618504
v 0.00578198 0.02743845 0.05630349
v 0.00578198 0.02743845 0.05630349
v 0.00165283 0.01239044 0.05618504
v 0.00184860 0.01236255 0.05641437
v 0.00578198 0.02743845 0.05630349
v 0.00184860 0.01236255 0.05641437
v 0.00588106 0.02741190 0.05641438
v 0.00588106 0.02741190 0.05641438
v 0.00184860 0.01236255 0.05641437
v 0.00192312 0.01235054 0.05647798
v 0.00588106 0.02741190 0.05641438
v 0.00192312 0.01235054 0.05647798
v 0.00599365 0.02738173 0.05652161
v 0.00599365 0.02738173 0.05652161
v 0.00192312 0.01235054 0.05647798
v 0.00208878 0.01232386 0.05661940
v 0.00599365 0.02738173 0.05652161
v 0.00208878 0.01232386 0.05661940
v 0.00611483 0.02734927 0.05661940
v 0.00611483 0.02734927 0.05661940
v 0.00208878 0.01232386 0.05661940
v 0.00624249 0.02731506 0.05670646
v 0.00624249 0.02731506 0.05670646
v 0.00208878 0.01232386 0.05661940
v 0.00235571 0.01227513 0.05678282
v 0.00624249 0.02731506 0.05670646
v 0.00235571 0.01227513 0.05678282
v 0.00637606 0.02727927 0.05678282
v 0.00637606 0.02727927 0.05678282
v 0.00235571 0.01227513 0.05678282
v 0.00651769 0.02724132 0.05684950
v 0.00651769 0.02724132 0.05684950
v 0.00235571 0.01227513 0.05678282
v 0.00264913 0.01221516 0.05690483
v 0.00651769 0.02724132 0.05684950
v 0.00264913 0.01221516 0.05690483
v 0.00666482 0.02720190 0.05690483
v 0.00666482 0.02720190 0.05690483
v 0.00264913 0.01221516 0.05690483
v 0.00280094 0.01218048 0.05694112
v 0.00666482 0.02720190 0.05690483
v 0.00280094 0.01218048 0.05694112
v 0.00681628 0.02716131 0.05694809
v 0.00681628 0.02716131 0.05694809
v 0.00280094 0.01218048 0.05694112
v 0.00295746 0.01214473 0.05697853
v 0.00681628 0.02716131 0.05694809
v 0.00295746 0.01214473 0.05697853
v 0.00697010 0.02712010 0.05697853
v 0.00697010 0.02712010 0.05697853
v 0.00295746 0.01214473 0.05697853
v 0.00710705 0.02708340 0.05699450
v 0.00710705 0.02708340 0.05699450
v 0.00295746 0.01214473 0.05697853
v 0.00323414 0.01207436 0.05700000
v 0.00710705 0.02708340 0.05699450
v 0.00323414 0.01207436 0.05700000
v 0.00724583 0.02704621 0.05700000
v 0.00353381 0.01198968 0.05697510
v 0.00739770 0.02700552 0.05699369
v 0.00323414 0.01207436 0.05700000
v 0.00323414 0.01207436 0.05700000
v 0.00739770 0.02700552 0.05699369
v 0.00724693 0.02704592 0.05700000
v 0.00323414 0.01207436 0.05700000
v 0.00724693 0.02704592 0.05700000
v 0.00724583 0.02704621 0.05700000
v 0.00410766 0.01180496 0.05677807
v 0.00798788 0.02684738 0.05684524
v 0.00382602 0.01189918 0.05690117
v 0.00382602 0.01189918 0.05690117
v 0.00798788 0.02684738 0.05684524
v 0.00784187 0.02688651 0.05690117
v 0.00382602 0.01189918 0.05690117
v 0.00784187 0.02688651 0.05690117
v 0.00366460 0.01194918 0.05694202
v 0.00366460 0.01194918 0.05694202
v 0.00784187 0.02688651 0.05690117
v 0.00769515 0.02692582 0.05694422
v 0.00366460 0.01194918 0.05694202
v 0.00769515 0.02692582 0.05694422
v 0.00353381 0.01198968 0.05697510
v 0.00353381 0.01198968 0.05697510
v 0.00769515 0.02692582 0.05694422
v 0.00754660 0.02696562 0.05697511
v 0.00353381 0.01198968 0.05697510
v 0.00754660 0.02696562 0.05697511
v 0.00739770 0.02700552 0.05699369
v 0.00436815 0.01171159 0.05660808
v 0.00826434 0.02677330 0.05669885
v 0.00410766 0.01180496 0.05677807
v 0.00410766 0.01180496 0.05677807
v 0.00826434 0.02677330 0.05669885
v 0.00812819 0.02680979 0.05677808
v 0.00410766 0.01180496 0.05677807
v 0.00812819 0.02680979 0.05677808
v 0.00798788 0.02684738 0.05684524
v 0.00891786 0.02659820 0.05600126
v 0.00881033 0.02662701 0.05617376
v 0.00477146 0.01155374 0.05617376
v 0.00477146 0.01155374 0.05617376
v 0.00881033 0.02662701 0.05617376
v 0.00871598 0.02665229 0.05629852
v 0.00477146 0.01155374 0.05617376
v 0.00871598 0.02665229 0.05629852
v 0.00458009 0.01163068 0.05641464
v 0.00458009 0.01163068 0.05641464
v 0.00871598 0.02665229 0.05629852
v 0.00861254 0.02668000 0.05641464
v 0.00458009 0.01163068 0.05641464
v 0.00861254 0.02668000 0.05641464
v 0.00450984 0.01165750 0.05647876
v 0.00450984 0.01165750 0.05647876
v 0.00861254 0.02668000 0.05641464
v 0.00850756 0.02670813 0.05651525
v 0.00450984 0.01165750 0.05647876
v 0.00850756 0.02670813 0.05651525
v 0.00436815 0.01171159 0.05660808
v 0.00436815 0.01171159 0.05660808
v 0.00850756 0.02670813 0.05651525
v 0.00839458 0.02673841 0.05660808
v 0.00436815 0.01171159 0.05660808
v 0.00839458 0.02673841 0.05660808
v 0.00826434 0.02677330 0.05669885
v 0.00126171 0.01243616 0.05500000
v 0.00128337 0.01243416 0.05471193
v 0.00160381 0.01239668 0.05559496
v 0.00126171 0.01243616 0.05500000
v 0.00160381 0.01239668 0.05559496
v 0.00128710 0.01243381 0.05531232
v 0.00165283 0.01239044 0.05618504
v 0.00160381 0.01239668 0.05559496
v 0.00184860 0.01236255 0.05641437
v 0.00184860 0.01236255 0.05641437
v 0.00160381 0.01239668 0.05559496
v 0.00192312 0.01235054 0.05647798
v 0.00165283 0.01239044 0.05618504
v 0.00148402 0.01241209 0.05591069
v 0.00160381 0.01239668 0.05559496
v 0.00160381 0.01239668 0.05559496
v 0.00148402 0.01241209 0.05591069
v 0.00136130 0.01242619 0.05561628
v 0.00160381 0.01239668 0.05559496
v 0.00136130 0.01242619 0.05561628
v 0.00128710 0.01243381 0.05531232
v 0.00128337 0.01243416 0.05471193
v 0.00135740 0.01242660 0.05439621
v 0.00160381 0.01239668 0.05559496
v 0.00160381 0.01239668 0.05559496
v 0.00135740 0.01242660 0.05439621
v 0.00148017 0.01241255 0.05409720
v 0.00160381 0.01239668 0.05559496
v 0.00148017 0.01241255 0.05409720
v 0.00164498 0.01239150 0.05382591
v 0.00192313 0.01235061 0.05352131
v 0.00207598 0.01232609 0.05338964
v 0.00271902 0.01220069 0.05501990
v 0.00271902 0.01220069 0.05501990
v 0.00207598 0.01232609 0.05338964
v 0.00234712 0.01227689 0.05322092
v 0.00235571 0.01227513 0.05678282
v 0.00271902 0.01220069 0.05501990
v 0.00264913 0.01221516 0.05690483
v 0.00264913 0.01221516 0.05690483
v 0.00271902 0.01220069 0.05501990
v 0.00280094 0.01218048 0.05694112
v 0.00164498 0.01239150 0.05382591
v 0.00184951 0.01236241 0.05358472
v 0.00160381 0.01239668 0.05559496
v 0.00160381 0.01239668 0.05559496
v 0.00184951 0.01236241 0.05358472
v 0.00192313 0.01235061 0.05352131
v 0.00160381 0.01239668 0.05559496
v 0.00192313 0.01235061 0.05352131
v 0.00192312 0.01235054 0.05647798
v 0.00192312 0.01235054 0.05647798
v 0.00192313 0.01235061 0.05352131
v 0.00271902 0.01220069 0.05501990
v 0.00192312 0.01235054 0.05647798
v 0.00271902 0.01220069 0.05501990
v 0.00208878 0.01232386 0.05661940
v 0.00208878 0.01232386 0.05661940
v 0.00271902 0.01220069 0.05501990
v 0.00235571 0.01227513 0.05678282
v 0.00323753 0.01207345 0.05500021
v 0.00351570 0.01199508 0.05302188
v 0.00366460 0.01194916 0.05305833
v 0.00280098 0.01218064 0.05305788
v 0.00293316 0.01215062 0.05302508
v 0.00323753 0.01207345 0.05500021
v 0.00323753 0.01207345 0.05500021
v 0.00293316 0.01215062 0.05302508
v 0.00323682 0.01207364 0.05300000
v 0.00323753 0.01207345 0.05500021
v 0.00323682 0.01207364 0.05300000
v 0.00351570 0.01199508 0.05302188
v 0.00234712 0.01227689 0.05322092
v 0.00263646 0.01221799 0.05309869
v 0.00271902 0.01220069 0.05501990
v 0.00271902 0.01220069 0.05501990
v 0.00263646 0.01221799 0.05309869
v 0.00280098 0.01218064 0.05305788
v 0.00271902 0.01220069 0.05501990
v 0.00280098 0.01218064 0.05305788
v 0.00280094 0.01218048 0.05694112
v 0.00280094 0.01218048 0.05694112
v 0.00280098 0.01218064 0.05305788
v 0.00323753 0.01207345 0.05500021
v 0.00280094 0.01218048 0.05694112
v 0.00323753 0.01207345 0.05500021
v 0.00295746 0.01214473 0.05697853
v 0.00295746 0.01214473 0.05697853
v 0.00323753 0.01207345 0.05500021
v 0.00323414 0.01207436 0.05700000
v 0.00381724 0.01190208 0.05309571
v 0.00410082 0.01180739 0.05321816
v 0.00401843 0.01183647 0.05483321
v 0.00410082 0.01180739 0.05321816
v 0.00435675 0.01171583 0.05338309
v 0.00401843 0.01183647 0.05483321
v 0.00401843 0.01183647 0.05483321
v 0.00435675 0.01171583 0.05338309
v 0.00450982 0.01165745 0.05352191
v 0.00401843 0.01183647 0.05483321
v 0.00450982 0.01165745 0.05352191
v 0.00436815 0.01171159 0.05660808
v 0.00381724 0.01190208 0.05309571
v 0.00401843 0.01183647 0.05483321
v 0.00366460 0.01194916 0.05305833
v 0.00366460 0.01194916 0.05305833
v 0.00401843 0.01183647 0.05483321
v 0.00366460 0.01194918 0.05694202
v 0.00366460 0.01194916 0.05305833
v 0.00366460 0.01194918 0.05694202
v 0.00323753 0.01207345 0.05500021
v 0.00323753 0.01207345 0.05500021
v 0.00366460 0.01194918 0.05694202
v 0.00353381 0.01198968 0.05697510
v 0.00323753 0.01207345 0.05500021
v 0.00353381 0.01198968 0.05697510
v 0.00323414 0.01207436 0.05700000
v 0.00436815 0.01171159 0.05660808
v 0.00410766 0.01180496 0.05677807
v 0.00401843 0.01183647 0.05483321
v 0.00401843 0.01183647 0.05483321
v 0.00410766 0.01180496 0.05677807
v 0.00382602 0.01189918 0.05690117
v 0.00401843 0.01183647 0.05483321
v 0.00382602 0.01189918 0.05690117
v 0.00366460 0.01194918 0.05694202
v 0.00458173 0.01163003 0.05358711
v 0.00463542 0.01160874 0.05514453
v 0.00450982 0.01165745 0.05352191
v 0.00450982 0.01165745 0.05352191
v 0.00463542 0.01160874 0.05514453
v 0.00450984 0.01165750 0.05647876
v 0.00450982 0.01165745 0.05352191
v 0.00450984 0.01165750 0.05647876
v 0.00436815 0.01171159 0.05660808
v 0.00492390 0.01148995 0.05590411
v 0.00463542 0.01160874 0.05514453
v 0.00503678 0.01144094 0.05560725
v 0.00503678 0.01144094 0.05560725
v 0.00463542 0.01160874 0.05514453
v 0.00510499 0.01141031 0.05529286
v 0.00492390 0.01148995 0.05590411
v 0.00477146 0.01155374 0.05617376
v 0.00463542 0.01160874 0.05514453
v 0.00463542 0.01160874 0.05514453
v 0.00477146 0.01155374 0.05617376
v 0.00458009 0.01163068 0.05641464
v 0.00463542 0.01160874 0.05514453
v 0.00458009 0.01163068 0.05641464
v 0.00450984 0.01165750 0.05647876
v 0.00458173 0.01163003 0.05358711
v 0.00476033 0.01155828 0.05381031
v 0.00463542 0.01160874 0.05514453
v 0.00463542 0.01160874 0.05514453
v 0.00476033 0.01155828 0.05381031
v 0.00491873 0.01149211 0.05408638
v 0.00463542 0.01160874 0.05514453
v 0.00491873 0.01149211 0.05408638
v 0.00503318 0.01144249 0.05438281
v 0.00503318 0.01144249 0.05438281
v 0.00510186 0.01141172 0.05468727
v 0.00463542 0.01160874 0.05514453
v 0.00463542 0.01160874 0.05514453
v 0.00510186 0.01141172 0.05468727
v 0.00512541 0.01140088 0.05500078
v 0.00463542 0.01160874 0.05514453
v 0.00512541 0.01140088 0.05500078
v 0.00510499 0.01141031 0.05529286
v 0.00943760 0.02852948 0.05400367
v 0.00943760 0.02852948 0.05599746
v 0.00891997 0.02659763 0.05400367
v 0.00891997 0.02659763 0.05400367
v 0.00943760 0.02852948 0.05599746
v 0.00891997 0.02659763 0.05599746
v 0.00891997 0.02659763 0.05400367
v 0.00891997 0.02659763 0.05599746
v 0.00896488 0.02658559 0.05590228
v 0.00902853 0.02656854 0.05423270
v 0.00896314 0.02658606 0.05408638
v 0.00917337 0.02652973 0.05514721
v 0.00891997 0.02659763 0.05400367
v 0.00896488 0.02658559 0.05590228
v 0.00896314 0.02658606 0.05408638
v 0.00896314 0.02658606 0.05408638
v 0.00896488 0.02658559 0.05590228
v 0.00903289 0.02656737 0.05575818
v 0.00896314 0.02658606 0.05408638
v 0.00903289 0.02656737 0.05575818
v 0.00908608 0.02655312 0.05560725
v 0.00908608 0.02655312 0.05560725
v 0.00912788 0.02654192 0.05545126
v 0.00896314 0.02658606 0.05408638
v 0.00896314 0.02658606 0.05408638
v 0.00912788 0.02654192 0.05545126
v 0.00915738 0.02653402 0.05529287
v 0.00896314 0.02658606 0.05408638
v 0.00915738 0.02653402 0.05529287
v 0.00917337 0.02652973 0.05514721
v 0.00917261 0.02652993 0.05484395
v 0.00915410 0.02653489 0.05468727
v 0.00917878 0.02652828 0.05500078
v 0.00917878 0.02652828 0.05500078
v 0.00915410 0.02653489 0.05468727
v 0.00912386 0.02654300 0.05453341
v 0.00917878 0.02652828 0.05500078
v 0.00912386 0.02654300 0.05453341
v 0.00917337 0.02652973 0.05514721
v 0.00917337 0.02652973 0.05514721
v 0.00912386 0.02654300 0.05453341
v 0.00908233 0.02655412 0.05438281
v 0.00917337 0.02652973 0.05514721
v 0.00908233 0.02655412 0.05438281
v 0.00902853 0.02656854 0.05423270
v 0.00776457 0.02897777 0.05300000
v 0.00943457 0.02853029 0.05399819
v 0.00724693 0.02704592 0.05300000
v 0.00724693 0.02704592 0.05300000
v 0.00943457 0.02853029 0.05399819
v 0.00891693 0.02659844 0.05399819
v 0.00724693 0.02704592 0.05300000
v 0.00557616 0.02749360 0.05399865
v 0.00776457 0.02897777 0.05300000
v 0.00776457 0.02897777 0.05300000
v 0.00557616 0.02749360 0.05399865
v 0.00609380 0.02942545 0.05399865
v 0.00724852 0.02704549 0.05300000
v 0.00724693 0.02704592 0.05300000
v 0.00891693 0.02659844 0.05399819
v 0.00724852 0.02704549 0.05300000
v 0.00891693 0.02659844 0.05399819
v 0.00738826 0.02700805 0.05300552
v 0.00850214 0.02670959 0.05347996
v 0.00838288 0.02674154 0.05338310
v 0.00752835 0.02697051 0.05302188
v 0.00752835 0.02697051 0.05302188
v 0.00838288 0.02674154 0.05338310
v 0.00825557 0.02677566 0.05329556
v 0.00752835 0.02697051 0.05302188
v 0.00825557 0.02677566 0.05329556
v 0.00812120 0.02681166 0.05321816
v 0.00891693 0.02659844 0.05399819
v 0.00879881 0.02663009 0.05381031
v 0.00738826 0.02700805 0.05300552
v 0.00738826 0.02700805 0.05300552
v 0.00879881 0.02663009 0.05381031
v 0.00871097 0.02665363 0.05369552
v 0.00738826 0.02700805 0.05300552
v 0.00871097 0.02665363 0.05369552
v 0.00752835 0.02697051 0.05302188
v 0.00752835 0.02697051 0.05302188
v 0.00871097 0.02665363 0.05369552
v 0.00861424 0.02667955 0.05358711
v 0.00752835 0.02697051 0.05302188
v 0.00861424 0.02667955 0.05358711
v 0.00850214 0.02670959 0.05347996
v 0.00812120 0.02681166 0.05321816
v 0.00797888 0.02684979 0.05315081
v 0.00752835 0.02697051 0.05302188
v 0.00752835 0.02697051 0.05302188
v 0.00797888 0.02684979 0.05315081
v 0.00783295 0.02688890 0.05309571
v 0.00752835 0.02697051 0.05302188
v 0.00783295 0.02688890 0.05309571
v 0.00768246 0.02692922 0.05305254
v 0.00588194 0.02741167 0.05358472
v 0.00724693 0.02704592 0.05300000
v 0.00598846 0.02738313 0.05348286
v 0.00598846 0.02738313 0.05348286
v 0.00724693 0.02704592 0.05300000
v 0.00709615 0.02708632 0.05300630
v 0.00598846 0.02738313 0.05348286
v 0.00709615 0.02708632 0.05300630
v 0.00694595 0.02712657 0.05302508
v 0.00636760 0.02728153 0.05322092
v 0.00623164 0.02731796 0.05329984
v 0.00610233 0.02735262 0.05338964
v 0.00588194 0.02741167 0.05358472
v 0.00577850 0.02743938 0.05370078
v 0.00724693 0.02704592 0.05300000
v 0.00724693 0.02704592 0.05300000
v 0.00577850 0.02743938 0.05370078
v 0.00568384 0.02746475 0.05382591
v 0.00724693 0.02704592 0.05300000
v 0.00568384 0.02746475 0.05382591
v 0.00557616 0.02749360 0.05399865
v 0.00694595 0.02712657 0.05302508
v 0.00679753 0.02716634 0.05305604
v 0.00598846 0.02738313 0.05348286
v 0.00598846 0.02738313 0.05348286
v 0.00679753 0.02716634 0.05305604
v 0.00665229 0.02720525 0.05309870
v 0.00598846 0.02738313 0.05348286
v 0.00665229 0.02720525 0.05309870
v 0.00610233 0.02735262 0.05338964
v 0.00610233 0.02735262 0.05338964
v 0.00665229 0.02720525 0.05309870
v 0.00650767 0.02724400 0.05315403
v 0.00610233 0.02735262 0.05338964
v 0.00650767 0.02724400 0.05315403
v 0.00636760 0.02728153 0.05322092
v 0.00557390 0.02749421 0.05400273
v 0.00557390 0.02749421 0.05599754
v 0.00609154 0.02942606 0.05400273
v 0.00609154 0.02942606 0.05400273
v 0.00557390 0.02749421 0.05599754
v 0.00609154 0.02942606 0.05599754
v 0.00557390 0.02749421 0.05599754
v 0.00557390 0.02749421 0.05400273
v 0.00552849 0.02750637 0.05409906
v 0.00546389 0.02752368 0.05576576
v 0.00552852 0.02750637 0.05591069
v 0.00532033 0.02756215 0.05485505
v 0.00557390 0.02749421 0.05599754
v 0.00552849 0.02750637 0.05409906
v 0.00552852 0.02750637 0.05591069
v 0.00552852 0.02750637 0.05591069
v 0.00552849 0.02750637 0.05409906
v 0.00546028 0.02752465 0.05424374
v 0.00552852 0.02750637 0.05591069
v 0.00546028 0.02752465 0.05424374
v 0.00540675 0.02753899 0.05439621
v 0.00540675 0.02753899 0.05439621
v 0.00536505 0.02755017 0.05455296
v 0.00552852 0.02750637 0.05591069
v 0.00552852 0.02750637 0.05591069
v 0.00536505 0.02755017 0.05455296
v 0.00533579 0.02755801 0.05471193
v 0.00552852 0.02750637 0.05591069
v 0.00533579 0.02755801 0.05471193
v 0.00532033 0.02756215 0.05485505
v 0.00532121 0.02756191 0.05515682
v 0.00533936 0.02755705 0.05531232
v 0.00531508 0.02756356 0.05500000
v 0.00531508 0.02756356 0.05500000
v 0.00533936 0.02755705 0.05531232
v 0.00536934 0.02754902 0.05546621
v 0.00531508 0.02756356 0.05500000
v 0.00536934 0.02754902 0.05546621
v 0.00532033 0.02756215 0.05485505
v 0.00532033 0.02756215 0.05485505
v 0.00536934 0.02754902 0.05546621
v 0.00541049 0.02753799 0.05561628
v 0.00532033 0.02756215 0.05485505
v 0.00541049 0.02753799 0.05561628
v 0.00546389 0.02752368 0.05576576
v 0.00861254 0.02668000 0.05641464
v 0.00724693 0.02704592 0.05700000
v 0.00850756 0.02670813 0.05651525
v 0.00850756 0.02670813 0.05651525
v 0.00724693 0.02704592 0.05700000
v 0.00739770 0.02700552 0.05699369
v 0.00850756 0.02670813 0.05651525
v 0.00739770 0.02700552 0.05699369
v 0.00754660 0.02696562 0.05697511
v 0.00812819 0.02680979 0.05677808
v 0.00826434 0.02677330 0.05669885
v 0.00839458 0.02673841 0.05660808
v 0.00861254 0.02668000 0.05641464
v 0.00871598 0.02665229 0.05629852
v 0.00724693 0.02704592 0.05700000
v 0.00724693 0.02704592 0.05700000
v 0.00871598 0.02665229 0.05629852
v 0.00881033 0.02662701 0.05617376
v 0.00724693 0.02704592 0.05700000
v 0.00881033 0.02662701 0.05617376
v 0.00891786 0.02659820 0.05600126
v 0.00754660 0.02696562 0.05697511
v 0.00769515 0.02692582 0.05694422
v 0.00850756 0.02670813 0.05651525
v 0.00850756 0.02670813 0.05651525
v 0.00769515 0.02692582 0.05694422
v 0.00784187 0.02688651 0.05690117
v 0.00850756 0.02670813 0.05651525
v 0.00784187 0.02688651 0.05690117
v 0.00839458 0.02673841 0.05660808
v 0.00839458 0.02673841 0.05660808
v 0.00784187 0.02688651 0.05690117
v 0.00798788 0.02684738 0.05684524
v 0.00839458 0.02673841 0.05660808
v 0.00798788 0.02684738 0.05684524
v 0.00812819 0.02680979 0.05677808
v 0.00697010 0.02712010 0.05697853
v 0.00710705 0.02708340 0.05699450
v 0.00557594 0.02749366 0.05600122
v 0.00557594 0.02749366 0.05600122
v 0.00710705 0.02708340 0.05699450
v 0.00724583 0.02704621 0.05700000
v 0.00557594 0.02749366 0.05600122
v 0.00724583 0.02704621 0.05700000
v 0.00724693 0.02704592 0.05700000
v 0.00624249 0.02731506 0.05670646
v 0.00637606 0.02727927 0.05678282
v 0.00578198 0.02743845 0.05630349
v 0.00578198 0.02743845 0.05630349
v 0.00637606 0.02727927 0.05678282
v 0.00651769 0.02724132 0.05684950
v 0.00578198 0.02743845 0.05630349
v 0.00651769 0.02724132 0.05684950
v 0.00666482 0.02720190 0.05690483
v 0.00624249 0.02731506 0.05670646
v 0.00578198 0.02743845 0.05630349
v 0.00611483 0.02734927 0.05661940
v 0.00611483 0.02734927 0.05661940
v 0.00578198 0.02743845 0.05630349
v 0.00588106 0.02741190 0.05641438
v 0.00611483 0.02734927 0.05661940
v 0.00588106 0.02741190 0.05641438
v 0.00599365 0.02738173 0.05652161
v 0.00557594 0.02749366 0.05600122
v 0.00569144 0.02746271 0.05618504
v 0.00697010 0.02712010 0.05697853
v 0.00697010 0.02712010 0.05697853
v 0.00569144 0.02746271 0.05618504
v 0.00578198 0.02743845 0.05630349
v 0.00697010 0.02712010 0.05697853
v 0.00578198 0.02743845 0.05630349
v 0.00681628 0.02716131 0.05694809
v 0.00681628 0.02716131 0.05694809
v 0.00578198 0.02743845 0.05630349
v 0.00666482 0.02720190 0.05690483
v 0.00724693 0.02704592 0.05700000
v 0.00891786 0.02659820 0.05600126
v 0.00776457 0.02897777 0.05700000
v 0.00776457 0.02897777 0.05700000
v 0.00891786 0.02659820 0.05600126
v 0.00943549 0.02853005 0.05600126
v 0.00776457 0.02897777 0.05700000
v 0.00609358 0.02942551 0.05600122
v 0.00724693 0.02704592 0.05700000
v 0.00724693 0.02704592 0.05700000
v 0.00609358 0.02942551 0.05600122
v 0.00557594 0.02749366 0.05600122
v 0.00776457 -0.02897778 0.05300000
v 0.00943457 -0.02853030 0.05399818
v 0.00609380 -0.02942546 0.05399865
v 0.00609380 -0.02942546 0.05399865
v 0.00943457 -0.02853030 0.05399818
v 0.00943760 -0.02852949 0.05400366
v 0.00943760 -0.02852949 0.05599745
v 0.00943549 -0.02853006 0.05600126
v 0.00776457 -0.02897778 0.05700000
v 0.00776457 -0.02897778 0.05700000
v 0.00609358 -0.02942552 0.05600122
v 0.00943760 -0.02852949 0.05599745
v 0.00943760 -0.02852949 0.05599745
v 0.00609358 -0.02942552 0.05600122
v 0.00609154 -0.02942607 0.05599754
v 0.00943760 -0.02852949 0.05599745
v 0.00609154 -0.02942607 0.05599754
v 0.00943760 -0.02852949 0.05400366
v 0.00943760 -0.02852949 0.05400366
v 0.00609154 -0.02942607 0.05599754
v 0.00609154 -0.02942607 0.05400273
v 0.00943760 -0.02852949 0.05400366
v 0.00609154 -0.02942607 0.05400273
v 0.00609380 -0.02942546 0.05399865
v 0.00871097 -0.02665364 0.05369552
v 0.00861424 -0.02667956 0.05358711
v 0.00458027 -0.01163044 0.05358864
v 0.00458027 -0.01163044 0.05358864
v 0.00861424 -0.02667956 0.05358711
v 0.00451451 -0.01165630 0.05351883
v 0.00578198 -0.02743846 0.05630349
v 0.00588106 -0.02741191 0.05641437
v 0.00185010 -0.01236216 0.05641282
v 0.00185010 -0.01236216 0.05641282
v 0.00588106 -0.02741191 0.05641437
v 0.00191303 -0.01235275 0.05647616
v 0.00891786 -0.02659821 0.05600126
v 0.00943549 -0.02853006 0.05600126
v 0.00943760 -0.02852949 0.05599745
v 0.00477029 -0.01155390 0.05617297
v 0.00891997 -0.02659764 0.05599745
v 0.00484634 -0.01152229 0.05605298
v 0.00484634 -0.01152229 0.05605298
v 0.00891997 -0.02659764 0.05599745
v 0.00896488 -0.02658560 0.05590228
v 0.00943760 -0.02852949 0.05599745
v 0.00891997 -0.02659764 0.05599745
v 0.00891786 -0.02659821 0.05600126
v 0.00891786 -0.02659821 0.05600126
v 0.00891997 -0.02659764 0.05599745
v 0.00477029 -0.01155390 0.05617297
v 0.00891786 -0.02659821 0.05600126
v 0.00477029 -0.01155390 0.05617297
v 0.00881033 -0.02662702 0.05617375
v 0.00881033 -0.02662702 0.05617375
v 0.00477029 -0.01155390 0.05617297
v 0.00475020 -0.01156226 0.05620466
v 0.00881033 -0.02662702 0.05617375
v 0.00475020 -0.01156226 0.05620466
v 0.00871598 -0.02665230 0.05629851
v 0.00871598 -0.02665230 0.05629851
v 0.00475020 -0.01156226 0.05620466
v 0.00464167 -0.01160625 0.05634554
v 0.00871598 -0.02665230 0.05629851
v 0.00464167 -0.01160625 0.05634554
v 0.00861254 -0.02668001 0.05641464
v 0.00861254 -0.02668001 0.05641464
v 0.00464167 -0.01160625 0.05634554
v 0.00457860 -0.01163109 0.05641311
v 0.00861254 -0.02668001 0.05641464
v 0.00457860 -0.01163109 0.05641311
v 0.00452029 -0.01165406 0.05647557
v 0.00452029 -0.01165406 0.05647557
v 0.00451002 -0.01165797 0.05648463
v 0.00861254 -0.02668001 0.05641464
v 0.00861254 -0.02668001 0.05641464
v 0.00451002 -0.01165797 0.05648463
v 0.00438598 -0.01170527 0.05659409
v 0.00861254 -0.02668001 0.05641464
v 0.00438598 -0.01170527 0.05659409
v 0.00850756 -0.02670814 0.05651525
v 0.00850756 -0.02670814 0.05651525
v 0.00438598 -0.01170527 0.05659409
v 0.00436772 -0.01171198 0.05660729
v 0.00850756 -0.02670814 0.05651525
v 0.00436772 -0.01171198 0.05660729
v 0.00839458 -0.02673842 0.05660808
v 0.00839458 -0.02673842 0.05660808
v 0.00436772 -0.01171198 0.05660729
v 0.00424063 -0.01175871 0.05669920
v 0.00839458 -0.02673842 0.05660808
v 0.00424063 -0.01175871 0.05669920
v 0.00826434 -0.02677331 0.05669884
v 0.00826434 -0.02677331 0.05669884
v 0.00424063 -0.01175871 0.05669920
v 0.00410741 -0.01180576 0.05677717
v 0.00826434 -0.02677331 0.05669884
v 0.00410741 -0.01180576 0.05677717
v 0.00812819 -0.02680980 0.05677807
v 0.00410741 -0.01180576 0.05677717
v 0.00408591 -0.01181336 0.05678976
v 0.00812819 -0.02680980 0.05677807
v 0.00812819 -0.02680980 0.05677807
v 0.00408591 -0.01181336 0.05678976
v 0.00392371 -0.01186822 0.05686480
v 0.00812819 -0.02680980 0.05677807
v 0.00392371 -0.01186822 0.05686480
v 0.00798788 -0.02684739 0.05684523
v 0.00798788 -0.02684739 0.05684523
v 0.00392371 -0.01186822 0.05686480
v 0.00382557 -0.01189990 0.05689923
v 0.00798788 -0.02684739 0.05684523
v 0.00382557 -0.01189990 0.05689923
v 0.00784187 -0.02688652 0.05690117
v 0.00784187 -0.02688652 0.05690117
v 0.00382557 -0.01189990 0.05689923
v 0.00375601 -0.01192235 0.05692364
v 0.00375601 -0.01192235 0.05692364
v 0.00366495 -0.01195032 0.05694609
v 0.00784187 -0.02688652 0.05690117
v 0.00784187 -0.02688652 0.05690117
v 0.00366495 -0.01195032 0.05694609
v 0.00358479 -0.01197495 0.05696586
v 0.00784187 -0.02688652 0.05690117
v 0.00358479 -0.01197495 0.05696586
v 0.00769515 -0.02692583 0.05694421
v 0.00769515 -0.02692583 0.05694421
v 0.00358479 -0.01197495 0.05696586
v 0.00353361 -0.01198987 0.05697339
v 0.00769515 -0.02692583 0.05694421
v 0.00353361 -0.01198987 0.05697339
v 0.00754660 -0.02696563 0.05697510
v 0.00754660 -0.02696563 0.05697510
v 0.00353361 -0.01198987 0.05697339
v 0.00341201 -0.01202532 0.05699129
v 0.00754660 -0.02696563 0.05697510
v 0.00341201 -0.01202532 0.05699129
v 0.00739770 -0.02700553 0.05699368
v 0.00739770 -0.02700553 0.05699368
v 0.00341201 -0.01202532 0.05699129
v 0.00323802 -0.01207333 0.05700000
v 0.00280123 -0.01218175 0.05694560
v 0.00666482 -0.02720191 0.05690482
v 0.00288238 -0.01216314 0.05696542
v 0.00288238 -0.01216314 0.05696542
v 0.00666482 -0.02720191 0.05690482
v 0.00681628 -0.02716132 0.05694808
v 0.00288238 -0.01216314 0.05696542
v 0.00681628 -0.02716132 0.05694808
v 0.00295776 -0.01214469 0.05697644
v 0.00295776 -0.01214469 0.05697644
v 0.00681628 -0.02716132 0.05694808
v 0.00697010 -0.02712011 0.05697853
v 0.00295776 -0.01214469 0.05697644
v 0.00697010 -0.02712011 0.05697853
v 0.00306085 -0.01211946 0.05699149
v 0.00306085 -0.01211946 0.05699149
v 0.00697010 -0.02712011 0.05697853
v 0.00710705 -0.02708341 0.05699450
v 0.00306085 -0.01211946 0.05699149
v 0.00710705 -0.02708341 0.05699450
v 0.00323414 -0.01207434 0.05699981
v 0.00323414 -0.01207434 0.05699981
v 0.00710705 -0.02708341 0.05699450
v 0.00724583 -0.02704622 0.05700000
v 0.00323414 -0.01207434 0.05699981
v 0.00724583 -0.02704622 0.05700000
v 0.00323802 -0.01207333 0.05700000
v 0.00323802 -0.01207333 0.05700000
v 0.00724583 -0.02704622 0.05700000
v 0.00724693 -0.02704593 0.05700000
v 0.00323802 -0.01207333 0.05700000
v 0.00724693 -0.02704593 0.05700000
v 0.00739770 -0.02700553 0.05699368
v 0.00280123 -0.01218175 0.05694560
v 0.00270492 -0.01220383 0.05692207
v 0.00666482 -0.02720191 0.05690482
v 0.00666482 -0.02720191 0.05690482
v 0.00270492 -0.01220383 0.05692207
v 0.00264984 -0.01221563 0.05690307
v 0.00666482 -0.02720191 0.05690482
v 0.00264984 -0.01221563 0.05690307
v 0.00651769 -0.02724133 0.05684950
v 0.00651769 -0.02724133 0.05684950
v 0.00264984 -0.01221563 0.05690307
v 0.00253087 -0.01224111 0.05686204
v 0.00651769 -0.02724133 0.05684950
v 0.00253087 -0.01224111 0.05686204
v 0.00637606 -0.02727928 0.05678281
v 0.00253087 -0.01224111 0.05686204
v 0.00236265 -0.01227469 0.05678626
v 0.00637606 -0.02727928 0.05678281
v 0.00637606 -0.02727928 0.05678281
v 0.00236265 -0.01227469 0.05678626
v 0.00235602 -0.01227592 0.05678252
v 0.00637606 -0.02727928 0.05678281
v 0.00235602 -0.01227592 0.05678252
v 0.00624249 -0.02731507 0.05670645
v 0.00624249 -0.02731507 0.05670645
v 0.00235602 -0.01227592 0.05678252
v 0.00220254 -0.01230443 0.05669595
v 0.00624249 -0.02731507 0.05670645
v 0.00220254 -0.01230443 0.05669595
v 0.00611483 -0.02734928 0.05661939
v 0.00611483 -0.02734928 0.05661939
v 0.00220254 -0.01230443 0.05669595
v 0.00208968 -0.01232392 0.05661810
v 0.00611483 -0.02734928 0.05661939
v 0.00208968 -0.01232392 0.05661810
v 0.00599365 -0.02738174 0.05652161
v 0.00599365 -0.02738174 0.05652161
v 0.00208968 -0.01232392 0.05661810
v 0.00205257 -0.01233033 0.05659251
v 0.00599365 -0.02738174 0.05652161
v 0.00205257 -0.01233033 0.05659251
v 0.00588106 -0.02741191 0.05641437
v 0.00588106 -0.02741191 0.05641437
v 0.00205257 -0.01233033 0.05659251
v 0.00192321 -0.01235112 0.05648464
v 0.00588106 -0.02741191 0.05641437
v 0.00192321 -0.01235112 0.05648464
v 0.00191303 -0.01235275 0.05647616
v 0.00165356 -0.01239010 0.05618451
v 0.00156167 -0.01240207 0.05604911
v 0.00557390 -0.02749422 0.05599754
v 0.00557390 -0.02749422 0.05599754
v 0.00156167 -0.01240207 0.05604911
v 0.00552852 -0.02750638 0.05591069
v 0.00185010 -0.01236216 0.05641282
v 0.00178404 -0.01237204 0.05634634
v 0.00578198 -0.02743846 0.05630349
v 0.00578198 -0.02743846 0.05630349
v 0.00178404 -0.01237204 0.05634634
v 0.00166631 -0.01238844 0.05620330
v 0.00578198 -0.02743846 0.05630349
v 0.00166631 -0.01238844 0.05620330
v 0.00569144 -0.02746272 0.05618503
v 0.00569144 -0.02746272 0.05618503
v 0.00166631 -0.01238844 0.05620330
v 0.00165356 -0.01239010 0.05618451
v 0.00569144 -0.02746272 0.05618503
v 0.00165356 -0.01239010 0.05618451
v 0.00557594 -0.02749367 0.05600122
v 0.00557594 -0.02749367 0.05600122
v 0.00165356 -0.01239010 0.05618451
v 0.00557390 -0.02749422 0.05599754
v 0.00557594 -0.02749367 0.05600122
v 0.00557390 -0.02749422 0.05599754
v 0.00609358 -0.02942552 0.05600122
v 0.00609358 -0.02942552 0.05600122
v 0.00557390 -0.02749422 0.05599754
v 0.00609154 -0.02942607 0.05599754
v 0.00156167 -0.01240207 0.05604911
v 0.00148490 -0.01241145 0.05591016
v 0.00552852 -0.02750638 0.05591069
v 0.00552852 -0.02750638 0.05591069
v 0.00148490 -0.01241145 0.05591016
v 0.00147140 -0.01241310 0.05588573
v 0.00552852 -0.02750638 0.05591069
v 0.00147140 -0.01241310 0.05588573
v 0.00546389 -0.02752369 0.05576576
v 0.00546389 -0.02752369 0.05576576
v 0.00147140 -0.01241310 0.05588573
v 0.00139655 -0.01242175 0.05571527
v 0.00546389 -0.02752369 0.05576576
v 0.00139655 -0.01242175 0.05571527
v 0.00541049 -0.02753800 0.05561628
v 0.00541049 -0.02753800 0.05561628
v 0.00139655 -0.01242175 0.05571527
v 0.00136319 -0.01242542 0.05561562
v 0.00541049 -0.02753800 0.05561628
v 0.00136319 -0.01242542 0.05561562
v 0.00536934 -0.02754903 0.05546621
v 0.00136319 -0.01242542 0.05561562
v 0.00133783 -0.01242821 0.05553984
v 0.00536934 -0.02754903 0.05546621
v 0.00536934 -0.02754903 0.05546621
v 0.00133783 -0.01242821 0.05553984
v 0.00129570 -0.01243267 0.05536149
v 0.00536934 -0.02754903 0.05546621
v 0.00129570 -0.01243267 0.05536149
v 0.00533936 -0.02755706 0.05531232
v 0.00533936 -0.02755706 0.05531232
v 0.00129570 -0.01243267 0.05536149
v 0.00128872 -0.01243339 0.05531208
v 0.00533936 -0.02755706 0.05531232
v 0.00128872 -0.01243339 0.05531208
v 0.00532121 -0.02756192 0.05515682
v 0.00532121 -0.02756192 0.05515682
v 0.00128872 -0.01243339 0.05531208
v 0.00127031 -0.01243529 0.05518183
v 0.00532121 -0.02756192 0.05515682
v 0.00127031 -0.01243529 0.05518183
v 0.00531508 -0.02756357 0.05500000
v 0.00531508 -0.02756357 0.05500000
v 0.00127031 -0.01243529 0.05518183
v 0.00126171 -0.01243617 0.05500000
v 0.00531508 -0.02756357 0.05500000
v 0.00126171 -0.01243617 0.05500000
v 0.00532033 -0.02756216 0.05485505
v 0.00532033 -0.02756216 0.05485505
v 0.00126171 -0.01243617 0.05500000
v 0.00126929 -0.01243539 0.05482957
v 0.00532033 -0.02756216 0.05485505
v 0.00126929 -0.01243539 0.05482957
v 0.00533579 -0.02755802 0.05471193
v 0.00126929 -0.01243539 0.05482957
v 0.00128534 -0.01243374 0.05471221
v 0.00533579 -0.02755802 0.05471193
v 0.00533579 -0.02755802 0.05471193
v 0.00128534 -0.01243374 0.05471221
v 0.00129444 -0.01243280 0.05464568
v 0.00533579 -0.02755802 0.05471193
v 0.00129444 -0.01243280 0.05464568
v 0.00536505 -0.02755018 0.05455295
v 0.00536505 -0.02755018 0.05455295
v 0.00129444 -0.01243280 0.05464568
v 0.00133696 -0.01242830 0.05446368
v 0.00536505 -0.02755018 0.05455295
v 0.00133696 -0.01242830 0.05446368
v 0.00540675 -0.02753900 0.05439621
v 0.00540675 -0.02753900 0.05439621
v 0.00133696 -0.01242830 0.05446368
v 0.00135925 -0.01242585 0.05439686
v 0.00540675 -0.02753900 0.05439621
v 0.00135925 -0.01242585 0.05439686
v 0.00546028 -0.02752466 0.05424374
v 0.00557616 -0.02749361 0.05399865
v 0.00148080 -0.01241195 0.05409759
v 0.00156134 -0.01240211 0.05395163
v 0.00557616 -0.02749361 0.05399865
v 0.00156134 -0.01240211 0.05395163
v 0.00568384 -0.02746476 0.05382591
v 0.00135925 -0.01242585 0.05439686
v 0.00139627 -0.01242178 0.05428588
v 0.00546028 -0.02752466 0.05424374
v 0.00546028 -0.02752466 0.05424374
v 0.00139627 -0.01242178 0.05428588
v 0.00147146 -0.01241309 0.05411450
v 0.00546028 -0.02752466 0.05424374
v 0.00147146 -0.01241309 0.05411450
v 0.00552849 -0.02750638 0.05409906
v 0.00552849 -0.02750638 0.05409906
v 0.00147146 -0.01241309 0.05411450
v 0.00148080 -0.01241195 0.05409759
v 0.00552849 -0.02750638 0.05409906
v 0.00148080 -0.01241195 0.05409759
v 0.00557390 -0.02749422 0.05400273
v 0.00557390 -0.02749422 0.05400273
v 0.00148080 -0.01241195 0.05409759
v 0.00557616 -0.02749361 0.05399865
v 0.00557390 -0.02749422 0.05400273
v 0.00557616 -0.02749361 0.05399865
v 0.00609154 -0.02942607 0.05400273
v 0.00609154 -0.02942607 0.05400273
v 0.00557616 -0.02749361 0.05399865
v 0.00609380 -0.02942546 0.05399865
v 0.00156134 -0.01240211 0.05395163
v 0.00164596 -0.01239110 0.05382661
v 0.00568384 -0.02746476 0.05382591
v 0.00568384 -0.02746476 0.05382591
v 0.00164596 -0.01239110 0.05382661
v 0.00166454 -0.01238868 0.05379917
v 0.00568384 -0.02746476 0.05382591
v 0.00166454 -0.01238868 0.05379917
v 0.00577850 -0.02743939 0.05370077
v 0.00577850 -0.02743939 0.05370077
v 0.00166454 -0.01238868 0.05379917
v 0.00178024 -0.01237259 0.05365788
v 0.00577850 -0.02743939 0.05370077
v 0.00178024 -0.01237259 0.05365788
v 0.00588194 -0.02741168 0.05358471
v 0.00588194 -0.02741168 0.05358471
v 0.00178024 -0.01237259 0.05365788
v 0.00185099 -0.01236203 0.05358624
v 0.00588194 -0.02741168 0.05358471
v 0.00185099 -0.01236203 0.05358624
v 0.00190871 -0.01235342 0.05352777
v 0.00190871 -0.01235342 0.05352777
v 0.00192320 -0.01235109 0.05351561
v 0.00588194 -0.02741168 0.05358471
v 0.00588194 -0.02741168 0.05358471
v 0.00192320 -0.01235109 0.05351561
v 0.00205000 -0.01233076 0.05340918
v 0.00588194 -0.02741168 0.05358471
v 0.00205000 -0.01233076 0.05340918
v 0.00598846 -0.02738313 0.05348285
v 0.00598846 -0.02738313 0.05348285
v 0.00205000 -0.01233076 0.05340918
v 0.00207671 -0.01232615 0.05339067
v 0.00598846 -0.02738313 0.05348285
v 0.00207671 -0.01232615 0.05339067
v 0.00610233 -0.02735262 0.05338964
v 0.00610233 -0.02735262 0.05338964
v 0.00207671 -0.01232615 0.05339067
v 0.00220200 -0.01230452 0.05330386
v 0.00610233 -0.02735262 0.05338964
v 0.00220200 -0.01230452 0.05330386
v 0.00623164 -0.02731797 0.05329984
v 0.00623164 -0.02731797 0.05329984
v 0.00220200 -0.01230452 0.05330386
v 0.00234759 -0.01227749 0.05322156
v 0.00623164 -0.02731797 0.05329984
v 0.00234759 -0.01227749 0.05322156
v 0.00636760 -0.02728154 0.05322092
v 0.00234759 -0.01227749 0.05322156
v 0.00236269 -0.01227468 0.05321302
v 0.00636760 -0.02728154 0.05322092
v 0.00636760 -0.02728154 0.05322092
v 0.00236269 -0.01227468 0.05321302
v 0.00252992 -0.01224131 0.05313761
v 0.00636760 -0.02728154 0.05322092
v 0.00252992 -0.01224131 0.05313761
v 0.00650767 -0.02724401 0.05315403
v 0.00650767 -0.02724401 0.05315403
v 0.00252992 -0.01224131 0.05313761
v 0.00263718 -0.01221835 0.05310056
v 0.00650767 -0.02724401 0.05315403
v 0.00263718 -0.01221835 0.05310056
v 0.00665229 -0.02720526 0.05309869
v 0.00665229 -0.02720526 0.05309869
v 0.00263718 -0.01221835 0.05310056
v 0.00270155 -0.01220458 0.05307832
v 0.00270155 -0.01220458 0.05307832
v 0.00280123 -0.01218177 0.05305381
v 0.00665229 -0.02720526 0.05309869
v 0.00665229 -0.02720526 0.05309869
v 0.00280123 -0.01218177 0.05305381
v 0.00287555 -0.01216476 0.05303555
v 0.00665229 -0.02720526 0.05309869
v 0.00287555 -0.01216476 0.05303555
v 0.00679753 -0.02716635 0.05305604
v 0.00679753 -0.02716635 0.05305604
v 0.00287555 -0.01216476 0.05303555
v 0.00293343 -0.01215063 0.05302689
v 0.00679753 -0.02716635 0.05305604
v 0.00293343 -0.01215063 0.05302689
v 0.00694595 -0.02712658 0.05302508
v 0.00694595 -0.02712658 0.05302508
v 0.00293343 -0.01215063 0.05302689
v 0.00304989 -0.01212222 0.05300948
v 0.00694595 -0.02712658 0.05302508
v 0.00304989 -0.01212222 0.05300948
v 0.00709615 -0.02708633 0.05300630
v 0.00709615 -0.02708633 0.05300630
v 0.00304989 -0.01212222 0.05300948
v 0.00322588 -0.01207658 0.05300002
v 0.00366495 -0.01195031 0.05305386
v 0.00783295 -0.02688891 0.05309571
v 0.00357986 -0.01197642 0.05303308
v 0.00357986 -0.01197642 0.05303308
v 0.00783295 -0.02688891 0.05309571
v 0.00768246 -0.02692923 0.05305253
v 0.00357986 -0.01197642 0.05303308
v 0.00768246 -0.02692923 0.05305253
v 0.00351544 -0.01199516 0.05302387
v 0.00351544 -0.01199516 0.05302387
v 0.00768246 -0.02692923 0.05305253
v 0.00752835 -0.02697052 0.05302188
v 0.00351544 -0.01199516 0.05302387
v 0.00752835 -0.02697052 0.05302188
v 0.00340325 -0.01202780 0.05300783
v 0.00340325 -0.01202780 0.05300783
v 0.00752835 -0.02697052 0.05302188
v 0.00738826 -0.02700806 0.05300552
v 0.00340325 -0.01202780 0.05300783
v 0.00738826 -0.02700806 0.05300552
v 0.00323678 -0.01207358 0.05300050
v 0.00323678 -0.01207358 0.05300050
v 0.00738826 -0.02700806 0.05300552
v 0.00724852 -0.02704550 0.05300000
v 0.00323678 -0.01207358 0.05300050
v 0.00724852 -0.02704550 0.05300000
v 0.00322588 -0.01207658 0.05300002
v 0.00322588 -0.01207658 0.05300002
v 0.00724852 -0.02704550 0.05300000
v 0.00724693 -0.02704593 0.05300000
v 0.00322588 -0.01207658 0.05300002
v 0.00724693 -0.02704593 0.05300000
v 0.00709615 -0.02708633 0.05300630
v 0.00366495 -0.01195031 0.05305386
v 0.00375367 -0.01192309 0.05307553
v 0.00783295 -0.02688891 0.05309571
v 0.00783295 -0.02688891 0.05309571
v 0.00375367 -0.01192309 0.05307553
v 0.00381678 -0.01190273 0.05309761
v 0.00783295 -0.02688891 0.05309571
v 0.00381678 -0.01190273 0.05309761
v 0.00797888 -0.02684980 0.05315080
v 0.00797888 -0.02684980 0.05315080
v 0.00381678 -0.01190273 0.05309761
v 0.00392271 -0.01186855 0.05313466
v 0.00797888 -0.02684980 0.05315080
v 0.00392271 -0.01186855 0.05313466
v 0.00812120 -0.02681167 0.05321816
v 0.00392271 -0.01186855 0.05313466
v 0.00408501 -0.01181367 0.05320968
v 0.00812120 -0.02681167 0.05321816
v 0.00812120 -0.02681167 0.05321816
v 0.00408501 -0.01181367 0.05320968
v 0.00410068 -0.01180814 0.05321884
v 0.00812120 -0.02681167 0.05321816
v 0.00410068 -0.01180814 0.05321884
v 0.00825557 -0.02677566 0.05329555
v 0.00825557 -0.02677566 0.05329555
v 0.00410068 -0.01180814 0.05321884
v 0.00423875 -0.01175938 0.05329953
v 0.00825557 -0.02677566 0.05329555
v 0.00423875 -0.01175938 0.05329953
v 0.00838288 -0.02674155 0.05338309
v 0.00838288 -0.02674155 0.05338309
v 0.00423875 -0.01175938 0.05329953
v 0.00435616 -0.01171625 0.05338413
v 0.00838288 -0.02674155 0.05338309
v 0.00435616 -0.01171625 0.05338413
v 0.00850214 -0.02670960 0.05347996
v 0.00850214 -0.02670960 0.05347996
v 0.00435616 -0.01171625 0.05338413
v 0.00438231 -0.01170664 0.05340297
v 0.00850214 -0.02670960 0.05347996
v 0.00438231 -0.01170664 0.05340297
v 0.00861424 -0.02667956 0.05358711
v 0.00861424 -0.02667956 0.05358711
v 0.00438231 -0.01170664 0.05340297
v 0.00451003 -0.01165800 0.05351491
v 0.00861424 -0.02667956 0.05358711
v 0.00451003 -0.01165800 0.05351491
v 0.00451451 -0.01165630 0.05351883
v 0.00475946 -0.01155839 0.05381089
v 0.00484426 -0.01152316 0.05394431
v 0.00891997 -0.02659764 0.05400366
v 0.00891997 -0.02659764 0.05400366
v 0.00484426 -0.01152316 0.05394431
v 0.00896314 -0.02658607 0.05408637
v 0.00458027 -0.01163044 0.05358864
v 0.00463563 -0.01160866 0.05364740
v 0.00871097 -0.02665364 0.05369552
v 0.00871097 -0.02665364 0.05369552
v 0.00463563 -0.01160866 0.05364740
v 0.00474614 -0.01156392 0.05378993
v 0.00871097 -0.02665364 0.05369552
v 0.00474614 -0.01156392 0.05378993
v 0.00879881 -0.02663010 0.05381030
v 0.00879881 -0.02663010 0.05381030
v 0.00474614 -0.01156392 0.05378993
v 0.00475946 -0.01155839 0.05381089
v 0.00879881 -0.02663010 0.05381030
v 0.00475946 -0.01155839 0.05381089
v 0.00891693 -0.02659845 0.05399818
v 0.00891693 -0.02659845 0.05399818
v 0.00475946 -0.01155839 0.05381089
v 0.00891997 -0.02659764 0.05400366
v 0.00891693 -0.02659845 0.05399818
v 0.00891997 -0.02659764 0.05400366
v 0.00943457 -0.02853030 0.05399818
v 0.00943457 -0.02853030 0.05399818
v 0.00891997 -0.02659764 0.05400366
v 0.00943760 -0.02852949 0.05400366
v 0.00912386 -0.02654301 0.05453340
v 0.00509316 -0.01141533 0.05463472
v 0.00915410 -0.02653490 0.05468726
v 0.00915410 -0.02653490 0.05468726
v 0.00509316 -0.01141533 0.05463472
v 0.00510019 -0.01141219 0.05468751
v 0.00915410 -0.02653490 0.05468726
v 0.00510019 -0.01141219 0.05468751
v 0.00917261 -0.02652994 0.05484394
v 0.00484426 -0.01152316 0.05394431
v 0.00491773 -0.01149196 0.05408686
v 0.00896314 -0.02658607 0.05408637
v 0.00896314 -0.02658607 0.05408637
v 0.00491773 -0.01149196 0.05408686
v 0.00492882 -0.01148725 0.05410838
v 0.00896314 -0.02658607 0.05408637
v 0.00492882 -0.01148725 0.05410838
v 0.00902853 -0.02656855 0.05423269
v 0.00902853 -0.02656855 0.05423269
v 0.00492882 -0.01148725 0.05410838
v 0.00499887 -0.01145694 0.05427976
v 0.00902853 -0.02656855 0.05423269
v 0.00499887 -0.01145694 0.05427976
v 0.00908233 -0.02655413 0.05438281
v 0.00908233 -0.02655413 0.05438281
v 0.00499887 -0.01145694 0.05427976
v 0.00503117 -0.01144275 0.05438347
v 0.00908233 -0.02655413 0.05438281
v 0.00503117 -0.01144275 0.05438347
v 0.00912386 -0.02654301 0.05453340
v 0.00912386 -0.02654301 0.05453340
v 0.00503117 -0.01144275 0.05438347
v 0.00505376 -0.01143283 0.05445599
v 0.00912386 -0.02654301 0.05453340
v 0.00505376 -0.01143283 0.05445599
v 0.00509316 -0.01141533 0.05463472
v 0.00510019 -0.01141219 0.05468751
v 0.00511696 -0.01140469 0.05481335
v 0.00917261 -0.02652994 0.05484394
v 0.00917261 -0.02652994 0.05484394
v 0.00511696 -0.01140469 0.05481335
v 0.00512541 -0.01140089 0.05499495
v 0.00917261 -0.02652994 0.05484394
v 0.00512541 -0.01140089 0.05499495
v 0.00917878 -0.02652829 0.05500078
v 0.00917878 -0.02652829 0.05500078
v 0.00512541 -0.01140089 0.05499495
v 0.00512516 -0.01140100 0.05500077
v 0.00917878 -0.02652829 0.05500078
v 0.00512516 -0.01140100 0.05500077
v 0.00917337 -0.02652974 0.05514721
v 0.00917337 -0.02652974 0.05514721
v 0.00512516 -0.01140100 0.05500077
v 0.00511778 -0.01140432 0.05517845
v 0.00917337 -0.02652974 0.05514721
v 0.00511778 -0.01140432 0.05517845
v 0.00915738 -0.02653403 0.05529286
v 0.00915738 -0.02653403 0.05529286
v 0.00511778 -0.01140432 0.05517845
v 0.00510303 -0.01141092 0.05529257
v 0.00915738 -0.02653403 0.05529286
v 0.00510303 -0.01141092 0.05529257
v 0.00912788 -0.02654193 0.05545126
v 0.00903289 -0.02656738 0.05575818
v 0.00492978 -0.01148684 0.05589101
v 0.00896488 -0.02658560 0.05590228
v 0.00896488 -0.02658560 0.05590228
v 0.00492978 -0.01148684 0.05589101
v 0.00492318 -0.01148964 0.05590381
v 0.00896488 -0.02658560 0.05590228
v 0.00492318 -0.01148964 0.05590381
v 0.00484634 -0.01152229 0.05605298
v 0.00510303 -0.01141092 0.05529257
v 0.00509406 -0.01141493 0.05536198
v 0.00912788 -0.02654193 0.05545126
v 0.00912788 -0.02654193 0.05545126
v 0.00509406 -0.01141493 0.05536198
v 0.00505445 -0.01143252 0.05554341
v 0.00912788 -0.02654193 0.05545126
v 0.00505445 -0.01143252 0.05554341
v 0.00908608 -0.02655313 0.05560725
v 0.00908608 -0.02655313 0.05560725
v 0.00505445 -0.01143252 0.05554341
v 0.00503482 -0.01144115 0.05560661
v 0.00908608 -0.02655313 0.05560725
v 0.00503482 -0.01144115 0.05560661
v 0.00903289 -0.02656738 0.05575818
v 0.00903289 -0.02656738 0.05575818
v 0.00503482 -0.01144115 0.05560661
v 0.00499945 -0.01145668 0.05572048
v 0.00903289 -0.02656738 0.05575818
v 0.00499945 -0.01145668 0.05572048
v 0.00492978 -0.01148684 0.05589101
v 0.00185099 -0.01236203 0.05358624
v 0.00178850 -0.01237139 0.05485006
v 0.00190871 -0.01235342 0.05352777
v 0.00190871 -0.01235342 0.05352777
v 0.00178850 -0.01237139 0.05485006
v 0.00192320 -0.01235109 0.05351561
v 0.00185099 -0.01236203 0.05358624
v 0.00178024 -0.01237259 0.05365788
v 0.00178850 -0.01237139 0.05485006
v 0.00178850 -0.01237139 0.05485006
v 0.00178024 -0.01237259 0.05365788
v 0.00166454 -0.01238868 0.05379917
v 0.00178850 -0.01237139 0.05485006
v 0.00166454 -0.01238868 0.05379917
v 0.00164596 -0.01239110 0.05382661
v 0.00164596 -0.01239110 0.05382661
v 0.00156134 -0.01240211 0.05395163
v 0.00178850 -0.01237139 0.05485006
v 0.00178850 -0.01237139 0.05485006
v 0.00156134 -0.01240211 0.05395163
v 0.00148080 -0.01241195 0.05409759
v 0.00178850 -0.01237139 0.05485006
v 0.00148080 -0.01241195 0.05409759
v 0.00147146 -0.01241309 0.05411450
v 0.00147146 -0.01241309 0.05411450
v 0.00139627 -0.01242178 0.05428588
v 0.00178850 -0.01237139 0.05485006
v 0.00178850 -0.01237139 0.05485006
v 0.00139627 -0.01242178 0.05428588
v 0.00135925 -0.01242585 0.05439686
v 0.00178850 -0.01237139 0.05485006
v 0.00135925 -0.01242585 0.05439686
v 0.00133696 -0.01242830 0.05446368
v 0.00133696 -0.01242830 0.05446368
v 0.00129444 -0.01243280 0.05464568
v 0.00178850 -0.01237139 0.05485006
v 0.00178850 -0.01237139 0.05485006
v 0.00129444 -0.01243280 0.05464568
v 0.00128534 -0.01243374 0.05471221
v 0.00178850 -0.01237139 0.05485006
v 0.00128534 -0.01243374 0.05471221
v 0.00126929 -0.01243539 0.05482957
v 0.00126929 -0.01243539 0.05482957
v 0.00126171 -0.01243617 0.05500000
v 0.00178850 -0.01237139 0.05485006
v 0.00178850 -0.01237139 0.05485006
v 0.00126171 -0.01243617 0.05500000
v 0.00127031 -0.01243529 0.05518183
v 0.00178850 -0.01237139 0.05485006
v 0.00127031 -0.01243529 0.05518183
v 0.00128872 -0.01243339 0.05531208
v 0.00128872 -0.01243339 0.05531208
v 0.00129570 -0.01243267 0.05536149
v 0.00178850 -0.01237139 0.05485006
v 0.00178850 -0.01237139 0.05485006
v 0.00129570 -0.01243267 0.05536149
v 0.00133783 -0.01242821 0.05553984
v 0.00178850 -0.01237139 0.05485006
v 0.00133783 -0.01242821 0.05553984
v 0.00136319 -0.01242542 0.05561562
v 0.00136319 -0.01242542 0.05561562
v 0.00139655 -0.01242175 0.05571527
v 0.00178850 -0.01237139 0.05485006
v 0.00178850 -0.01237139 0.05485006
v 0.00139655 -0.01242175 0.05571527
v 0.00147140 -0.01241310 0.05588573
v 0.00178850 -0.01237139 0.05485006
v 0.00147140 -0.01241310 0.05588573
v 0.00148490 -0.01241145 0.05591016
v 0.00148490 -0.01241145 0.05591016
v 0.00156167 -0.01240207 0.05604911
v 0.00178850 -0.01237139 0.05485006
v 0.00178850 -0.01237139 0.05485006
v 0.00156167 -0.01240207 0.05604911
v 0.00165356 -0.01239010 0.05618451
v 0.00178850 -0.01237139 0.05485006
v 0.00165356 -0.01239010 0.05618451
v 0.00166631 -0.01238844 0.05620330
v 0.00166631 -0.01238844 0.05620330
v 0.00178404 -0.01237204 0.05634634
v 0.00178850 -0.01237139 0.05485006
v 0.00178850 -0.01237139 0.05485006
v 0.00178404 -0.01237204 0.05634634
v 0.00185010 -0.01236216 0.05641282
v 0.00178850 -0.01237139 0.05485006
v 0.00185010 -0.01236216 0.05641282
v 0.00192320 -0.01235109 0.05351561
v 0.00192320 -0.01235109 0.05351561
v 0.00185010 -0.01236216 0.05641282
v 0.00191303 -0.01235275 0.05647616
v 0.00192320 -0.01235109 0.05351561
v 0.00191303 -0.01235275 0.05647616
v 0.00192321 -0.01235112 0.05648464
v 0.00257909 -0.01223104 0.05491817
v 0.00280123 -0.01218177 0.05305381
v 0.00270155 -0.01220458 0.05307832
v 0.00270155 -0.01220458 0.05307832
v 0.00263718 -0.01221835 0.05310056
v 0.00257909 -0.01223104 0.05491817
v 0.00257909 -0.01223104 0.05491817
v 0.00263718 -0.01221835 0.05310056
v 0.00252992 -0.01224131 0.05313761
v 0.00257909 -0.01223104 0.05491817
v 0.00252992 -0.01224131 0.05313761
v 0.00236269 -0.01227468 0.05321302
v 0.00236269 -0.01227468 0.05321302
v 0.00234759 -0.01227749 0.05322156
v 0.00257909 -0.01223104 0.05491817
v 0.00257909 -0.01223104 0.05491817
v 0.00234759 -0.01227749 0.05322156
v 0.00220200 -0.01230452 0.05330386
v 0.00257909 -0.01223104 0.05491817
v 0.00220200 -0.01230452 0.05330386
v 0.00207671 -0.01232615 0.05339067
v 0.00205257 -0.01233033 0.05659251
v 0.00208968 -0.01232392 0.05661810
v 0.00257909 -0.01223104 0.05491817
v 0.00192321 -0.01235112 0.05648464
v 0.00205257 -0.01233033 0.05659251
v 0.00192320 -0.01235109 0.05351561
v 0.00192320 -0.01235109 0.05351561
v 0.00205257 -0.01233033 0.05659251
v 0.00257909 -0.01223104 0.05491817
v 0.00192320 -0.01235109 0.05351561
v 0.00257909 -0.01223104 0.05491817
v 0.00205000 -0.01233076 0.05340918
v 0.00205000 -0.01233076 0.05340918
v 0.00257909 -0.01223104 0.05491817
v 0.00207671 -0.01232615 0.05339067
v 0.00208968 -0.01232392 0.05661810
v 0.00220254 -0.01230443 0.05669595
v 0.00257909 -0.01223104 0.05491817
v 0.00257909 -0.01223104 0.05491817
v 0.00220254 -0.01230443 0.05669595
v 0.00235602 -0.01227592 0.05678252
v 0.00257909 -0.01223104 0.05491817
v 0.00235602 -0.01227592 0.05678252
v 0.00236265 -0.01227469 0.05678626
v 0.00236265 -0.01227469 0.05678626
v 0.00253087 -0.01224111 0.05686204
v 0.00257909 -0.01223104 0.05491817
v 0.00257909 -0.01223104 0.05491817
v 0.00253087 -0.01224111 0.05686204
v 0.00264984 -0.01221563 0.05690307
v 0.00257909 -0.01223104 0.05491817
v 0.00264984 -0.01221563 0.05690307
v 0.00280123 -0.01218177 0.05305381
v 0.00323414 -0.01207434 0.05699981
v 0.00323754 -0.01207346 0.05500015
v 0.00306085 -0.01211946 0.05699149
v 0.00306085 -0.01211946 0.05699149
v 0.00323754 -0.01207346 0.05500015
v 0.00295776 -0.01214469 0.05697644
v 0.00323414 -0.01207434 0.05699981
v 0.00323802 -0.01207333 0.05700000
v 0.00323754 -0.01207346 0.05500015
v 0.00323754 -0.01207346 0.05500015
v 0.00323802 -0.01207333 0.05700000
v 0.00341201 -0.01202532 0.05699129
v 0.00323754 -0.01207346 0.05500015
v 0.00341201 -0.01202532 0.05699129
v 0.00353361 -0.01198987 0.05697339
v 0.00366495 -0.01195031 0.05305386
v 0.00357986 -0.01197642 0.05303308
v 0.00323754 -0.01207346 0.05500015
v 0.00323754 -0.01207346 0.05500015
v 0.00357986 -0.01197642 0.05303308
v 0.00351544 -0.01199516 0.05302387
v 0.00323754 -0.01207346 0.05500015
v 0.00351544 -0.01199516 0.05302387
v 0.00340325 -0.01202780 0.05300783
v 0.00340325 -0.01202780 0.05300783
v 0.00323678 -0.01207358 0.05300050
v 0.00323754 -0.01207346 0.05500015
v 0.00323754 -0.01207346 0.05500015
v 0.00323678 -0.01207358 0.05300050
v 0.00322588 -0.01207658 0.05300002
v 0.00323754 -0.01207346 0.05500015
v 0.00322588 -0.01207658 0.05300002
v 0.00304989 -0.01212222 0.05300948
v 0.00304989 -0.01212222 0.05300948
v 0.00293343 -0.01215063 0.05302689
v 0.00323754 -0.01207346 0.05500015
v 0.00323754 -0.01207346 0.05500015
v 0.00293343 -0.01215063 0.05302689
v 0.00287555 -0.01216476 0.05303555
v 0.00323754 -0.01207346 0.05500015
v 0.00287555 -0.01216476 0.05303555
v 0.00280123 -0.01218177 0.05305381
v 0.00264984 -0.01221563 0.05690307
v 0.00270492 -0.01220383 0.05692207
v 0.00280123 -0.01218177 0.05305381
v 0.00280123 -0.01218177 0.05305381
v 0.00270492 -0.01220383 0.05692207
v 0.00280123 -0.01218175 0.05694560
v 0.00280123 -0.01218177 0.05305381
v 0.00280123 -0.01218175 0.05694560
v 0.00323754 -0.01207346 0.05500015
v 0.00323754 -0.01207346 0.05500015
v 0.00280123 -0.01218175 0.05694560
v 0.00288238 -0.01216314 0.05696542
v 0.00323754 -0.01207346 0.05500015
v 0.00288238 -0.01216314 0.05696542
v 0.00295776 -0.01214469 0.05697644
v 0.00374544 -0.01192568 0.05497655
v 0.00366495 -0.01195032 0.05694609
v 0.00375601 -0.01192235 0.05692364
v 0.00375601 -0.01192235 0.05692364
v 0.00382557 -0.01189990 0.05689923
v 0.00374544 -0.01192568 0.05497655
v 0.00374544 -0.01192568 0.05497655
v 0.00382557 -0.01189990 0.05689923
v 0.00392371 -0.01186822 0.05686480
v 0.00374544 -0.01192568 0.05497655
v 0.00392371 -0.01186822 0.05686480
v 0.00408591 -0.01181336 0.05678976
v 0.00408591 -0.01181336 0.05678976
v 0.00410741 -0.01180576 0.05677717
v 0.00374544 -0.01192568 0.05497655
v 0.00374544 -0.01192568 0.05497655
v 0.00410741 -0.01180576 0.05677717
v 0.00424063 -0.01175871 0.05669920
v 0.00374544 -0.01192568 0.05497655
v 0.00424063 -0.01175871 0.05669920
v 0.00436772 -0.01171198 0.05660729
v 0.00451003 -0.01165800 0.05351491
v 0.00438231 -0.01170664 0.05340297
v 0.00374544 -0.01192568 0.05497655
v 0.00438231 -0.01170664 0.05340297
v 0.00435616 -0.01171625 0.05338413
v 0.00374544 -0.01192568 0.05497655
v 0.00374544 -0.01192568 0.05497655
v 0.00435616 -0.01171625 0.05338413
v 0.00423875 -0.01175938 0.05329953
v 0.00374544 -0.01192568 0.05497655
v 0.00423875 -0.01175938 0.05329953
v 0.00410068 -0.01180814 0.05321884
v 0.00410068 -0.01180814 0.05321884
v 0.00408501 -0.01181367 0.05320968
v 0.00374544 -0.01192568 0.05497655
v 0.00374544 -0.01192568 0.05497655
v 0.00408501 -0.01181367 0.05320968
v 0.00392271 -0.01186855 0.05313466
v 0.00374544 -0.01192568 0.05497655
v 0.00392271 -0.01186855 0.05313466
v 0.00381678 -0.01190273 0.05309761
v 0.00353361 -0.01198987 0.05697339
v 0.00358479 -0.01197495 0.05696586
v 0.00323754 -0.01207346 0.05500015
v 0.00323754 -0.01207346 0.05500015
v 0.00358479 -0.01197495 0.05696586
v 0.00366495 -0.01195032 0.05694609
v 0.00323754 -0.01207346 0.05500015
v 0.00366495 -0.01195032 0.05694609
v 0.00366495 -0.01195031 0.05305386
v 0.00366495 -0.01195031 0.05305386
v 0.00366495 -0.01195032 0.05694609
v 0.00374544 -0.01192568 0.05497655
v 0.00366495 -0.01195031 0.05305386
v 0.00374544 -0.01192568 0.05497655
v 0.00375367 -0.01192309 0.05307553
v 0.00375367 -0.01192309 0.05307553
v 0.00374544 -0.01192568 0.05497655
v 0.00381678 -0.01190273 0.05309761
v 0.00436772 -0.01171198 0.05660729
v 0.00438598 -0.01170527 0.05659409
v 0.00374544 -0.01192568 0.05497655
v 0.00374544 -0.01192568 0.05497655
v 0.00438598 -0.01170527 0.05659409
v 0.00451002 -0.01165797 0.05648463
v 0.00374544 -0.01192568 0.05497655
v 0.00451002 -0.01165797 0.05648463
v 0.00451003 -0.01165800 0.05351491
v 0.00451003 -0.01165800 0.05351491
v 0.00451002 -0.01165797 0.05648463
v 0.00452029 -0.01165406 0.05647557
v 0.00457860 -0.01163109 0.05641311
v 0.00464167 -0.01160625 0.05634554
v 0.00471737 -0.01157569 0.05470936
v 0.00471737 -0.01157569 0.05470936
v 0.00464167 -0.01160625 0.05634554
v 0.00475020 -0.01156226 0.05620466
v 0.00471737 -0.01157569 0.05470936
v 0.00475020 -0.01156226 0.05620466
v 0.00477029 -0.01155390 0.05617297
v 0.00477029 -0.01155390 0.05617297
v 0.00484634 -0.01152229 0.05605298
v 0.00471737 -0.01157569 0.05470936
v 0.00471737 -0.01157569 0.05470936
v 0.00484634 -0.01152229 0.05605298
v 0.00492318 -0.01148964 0.05590381
v 0.00471737 -0.01157569 0.05470936
v 0.00492318 -0.01148964 0.05590381
v 0.00492978 -0.01148684 0.05589101
v 0.00492978 -0.01148684 0.05589101
v 0.00499945 -0.01145668 0.05572048
v 0.00471737 -0.01157569 0.05470936
v 0.00471737 -0.01157569 0.05470936
v 0.00499945 -0.01145668 0.05572048
v 0.00503482 -0.01144115 0.05560661
v 0.00471737 -0.01157569 0.05470936
v 0.00503482 -0.01144115 0.05560661
v 0.00505445 -0.01143252 0.05554341
v 0.00505445 -0.01143252 0.05554341
v 0.00509406 -0.01141493 0.05536198
v 0.00471737 -0.01157569 0.05470936
v 0.00471737 -0.01157569 0.05470936
v 0.00509406 -0.01141493 0.05536198
v 0.00510303 -0.01141092 0.05529257
v 0.00471737 -0.01157569 0.05470936
v 0.00510303 -0.01141092 0.05529257
v 0.00511778 -0.01140432 0.05517845
v 0.00511778 -0.01140432 0.05517845
v 0.00512516 -0.01140100 0.05500077
v 0.00471737 -0.01157569 0.05470936
v 0.00471737 -0.01157569 0.05470936
v 0.00512516 -0.01140100 0.05500077
v 0.00512541 -0.01140089 0.05499495
v 0.00471737 -0.01157569 0.05470936
v 0.00512541 -0.01140089 0.05499495
v 0.00511696 -0.01140469 0.05481335
v 0.00511696 -0.01140469 0.05481335
v 0.00510019 -0.01141219 0.05468751
v 0.00471737 -0.01157569 0.05470936
v 0.00471737 -0.01157569 0.05470936
v 0.00510019 -0.01141219 0.05468751
v 0.00509316 -0.01141533 0.05463472
v 0.00471737 -0.01157569 0.05470936
v 0.00509316 -0.01141533 0.05463472
v 0.00505376 -0.01143283 0.05445599
v 0.00505376 -0.01143283 0.05445599
v 0.00503117 -0.01144275 0.05438347
v 0.00471737 -0.01157569 0.05470936
v 0.00471737 -0.01157569 0.05470936
v 0.00503117 -0.01144275 0.05438347
v 0.00499887 -0.01145694 0.05427976
v 0.00471737 -0.01157569 0.05470936
v 0.00499887 -0.01145694 0.05427976
v 0.00492882 -0.01148725 0.05410838
v 0.00492882 -0.01148725 0.05410838
v 0.00491773 -0.01149196 0.05408686
v 0.00471737 -0.01157569 0.05470936
v 0.00471737 -0.01157569 0.05470936
v 0.00491773 -0.01149196 0.05408686
v 0.00484426 -0.01152316 0.05394431
v 0.00471737 -0.01157569 0.05470936
v 0.00484426 -0.01152316 0.05394431
v 0.00475946 -0.01155839 0.05381089
v 0.00475946 -0.01155839 0.05381089
v 0.00474614 -0.01156392 0.05378993
v 0.00471737 -0.01157569 0.05470936
v 0.00471737 -0.01157569 0.05470936
v 0.00474614 -0.01156392 0.05378993
v 0.00463563 -0.01160866 0.05364740
v 0.00471737 -0.01157569 0.05470936
v 0.00463563 -0.01160866 0.05364740
v 0.00458027 -0.01163044 0.05358864
v 0.00452029 -0.01165406 0.05647557
v 0.00457860 -0.01163109 0.05641311
v 0.00451003 -0.01165800 0.05351491
v 0.00451003 -0.01165800 0.05351491
v 0.00457860 -0.01163109 0.05641311
v 0.00471737 -0.01157569 0.05470936
v 0.00451003 -0.01165800 0.05351491
v 0.00471737 -0.01157569 0.05470936
v 0.00451451 -0.01165630 0.05351883
v 0.00451451 -0.01165630 0.05351883
v 0.00471737 -0.01157569 0.05470936
v 0.00458027 -0.01163044 0.05358864
v 0.00943760 -0.02852949 0.05599745
v 0.00943760 -0.02852949 0.05400366
v 0.00891997 -0.02659764 0.05599745
v 0.00891997 -0.02659764 0.05599745
v 0.00943760 -0.02852949 0.05400366
v 0.00891997 -0.02659764 0.05400366
v 0.00917337 -0.02652974 0.05514721
v 0.00896314 -0.02658607 0.05408637
v 0.00902853 -0.02656855 0.05423269
v 0.00917337 -0.02652974 0.05514721
v 0.00915738 -0.02653403 0.05529286
v 0.00896314 -0.02658607 0.05408637
v 0.00896314 -0.02658607 0.05408637
v 0.00915738 -0.02653403 0.05529286
v 0.00912788 -0.02654193 0.05545126
v 0.00896314 -0.02658607 0.05408637
v 0.00912788 -0.02654193 0.05545126
v 0.00908608 -0.02655313 0.05560725
v 0.00891997 -0.02659764 0.05599745
v 0.00891997 -0.02659764 0.05400366
v 0.00896488 -0.02658560 0.05590228
v 0.00896488 -0.02658560 0.05590228
v 0.00891997 -0.02659764 0.05400366
v 0.00896314 -0.02658607 0.05408637
v 0.00896488 -0.02658560 0.05590228
v 0.00896314 -0.02658607 0.05408637
v 0.00903289 -0.02656738 0.05575818
v 0.00903289 -0.02656738 0.05575818
v 0.00896314 -0.02658607 0.05408637
v 0.00908608 -0.02655313 0.05560725
v 0.00902853 -0.02656855 0.05423269
v 0.00908233 -0.02655413 0.05438281
v 0.00917337 -0.02652974 0.05514721
v 0.00917337 -0.02652974 0.05514721
v 0.00908233 -0.02655413 0.05438281
v 0.00912386 -0.02654301 0.05453340
v 0.00917337 -0.02652974 0.05514721
v 0.00912386 -0.02654301 0.05453340
v 0.00917878 -0.02652829 0.05500078
v 0.00917878 -0.02652829 0.05500078
v 0.00912386 -0.02654301 0.05453340
v 0.00915410 -0.02653490 0.05468726
v 0.00917878 -0.02652829 0.05500078
v 0.00915410 -0.02653490 0.05468726
v 0.00917261 -0.02652994 0.05484394
v 0.00943457 -0.02853030 0.05399818
v 0.00776457 -0.02897778 0.05300000
v 0.00891693 -0.02659845 0.05399818
v 0.00891693 -0.02659845 0.05399818
v 0.00776457 -0.02897778 0.05300000
v 0.00724693 -0.02704593 0.05300000
v 0.00557616 -0.02749361 0.05399865
v 0.00724693 -0.02704593 0.05300000
v 0.00609380 -0.02942546 0.05399865
v 0.00609380 -0.02942546 0.05399865
v 0.00724693 -0.02704593 0.05300000
v 0.00776457 -0.02897778 0.05300000
v 0.00871097 -0.02665364 0.05369552
v 0.00738826 -0.02700806 0.05300552
v 0.00752835 -0.02697052 0.05302188
v 0.00724693 -0.02704593 0.05300000
v 0.00724852 -0.02704550 0.05300000
v 0.00891693 -0.02659845 0.05399818
v 0.00891693 -0.02659845 0.05399818
v 0.00724852 -0.02704550 0.05300000
v 0.00738826 -0.02700806 0.05300552
v 0.00891693 -0.02659845 0.05399818
v 0.00738826 -0.02700806 0.05300552
v 0.00879881 -0.02663010 0.05381030
v 0.00879881 -0.02663010 0.05381030
v 0.00738826 -0.02700806 0.05300552
v 0.00871097 -0.02665364 0.05369552
v 0.00812120 -0.02681167 0.05321816
v 0.00825557 -0.02677566 0.05329555
v 0.00752835 -0.02697052 0.05302188
v 0.00752835 -0.02697052 0.05302188
v 0.00825557 -0.02677566 0.05329555
v 0.00838288 -0.02674155 0.05338309
v 0.00768246 -0.02692923 0.05305253
v 0.00783295 -0.02688891 0.05309571
v 0.00752835 -0.02697052 0.05302188
v 0.00752835 -0.02697052 0.05302188
v 0.00783295 -0.02688891 0.05309571
v 0.00797888 -0.02684980 0.05315080
v 0.00752835 -0.02697052 0.05302188
v 0.00797888 -0.02684980 0.05315080
v 0.00812120 -0.02681167 0.05321816
v 0.00838288 -0.02674155 0.05338309
v 0.00850214 -0.02670960 0.05347996
v 0.00752835 -0.02697052 0.05302188
v 0.00752835 -0.02697052 0.05302188
v 0.00850214 -0.02670960 0.05347996
v 0.00861424 -0.02667956 0.05358711
v 0.00752835 -0.02697052 0.05302188
v 0.00861424 -0.02667956 0.05358711
v 0.00871097 -0.02665364 0.05369552
v 0.00577850 -0.02743939 0.05370077
v 0.00724693 -0.02704593 0.05300000
v 0.00568384 -0.02746476 0.05382591
v 0.00568384 -0.02746476 0.05382591
v 0.00724693 -0.02704593 0.05300000
v 0.00557616 -0.02749361 0.05399865
v 0.00610233 -0.02735262 0.05338964
v 0.00665229 -0.02720526 0.05309869
v 0.00598846 -0.02738313 0.05348285
v 0.00598846 -0.02738313 0.05348285
v 0.00665229 -0.02720526 0.05309869
v 0.00679753 -0.02716635 0.05305604
v 0.00598846 -0.02738313 0.05348285
v 0.00679753 -0.02716635 0.05305604
v 0.00694595 -0.02712658 0.05302508
v 0.00577850 -0.02743939 0.05370077
v 0.00588194 -0.02741168 0.05358471
v 0.00724693 -0.02704593 0.05300000
v 0.00724693 -0.02704593 0.05300000
v 0.00588194 -0.02741168 0.05358471
v 0.00598846 -0.02738313 0.05348285
v 0.00724693 -0.02704593 0.05300000
v 0.00598846 -0.02738313 0.05348285
v 0.00709615 -0.02708633 0.05300630
v 0.00709615 -0.02708633 0.05300630
v 0.00598846 -0.02738313 0.05348285
v 0.00694595 -0.02712658 0.05302508
v 0.00623164 -0.02731797 0.05329984
v 0.00636760 -0.02728154 0.05322092
v 0.00610233 -0.02735262 0.05338964
v 0.00610233 -0.02735262 0.05338964
v 0.00636760 -0.02728154 0.05322092
v 0.00650767 -0.02724401 0.05315403
v 0.00610233 -0.02735262 0.05338964
v 0.00650767 -0.02724401 0.05315403
v 0.00665229 -0.02720526 0.05309869
v 0.00557390 -0.02749422 0.05599754
v 0.00557390 -0.02749422 0.05400273
v 0.00609154 -0.02942607 0.05599754
v 0.00609154 -0.02942607 0.05599754
v 0.00557390 -0.02749422 0.05400273
v 0.00609154 -0.02942607 0.05400273
v 0.00532033 -0.02756216 0.05485505
v 0.00552852 -0.02750638 0.05591069
v 0.00546389 -0.02752369 0.05576576
v 0.00532033 -0.02756216 0.05485505
v 0.00533579 -0.02755802 0.05471193
v 0.00552852 -0.02750638 0.05591069
v 0.00552852 -0.02750638 0.05591069
v 0.00533579 -0.02755802 0.05471193
v 0.00536505 -0.02755018 0.05455295
v 0.00552852 -0.02750638 0.05591069
v 0.00536505 -0.02755018 0.05455295
v 0.00540675 -0.02753900 0.05439621
v 0.00557390 -0.02749422 0.05400273
v 0.00557390 -0.02749422 0.05599754
v 0.00552849 -0.02750638 0.05409906
v 0.00552849 -0.02750638 0.05409906
v 0.00557390 -0.02749422 0.05599754
v 0.00552852 -0.02750638 0.05591069
v 0.00552849 -0.02750638 0.05409906
v 0.00552852 -0.02750638 0.05591069
v 0.00546028 -0.02752466 0.05424374
v 0.00546028 -0.02752466 0.05424374
v 0.00552852 -0.02750638 0.05591069
v 0.00540675 -0.02753900 0.05439621
v 0.00546389 -0.02752369 0.05576576
v 0.00541049 -0.02753800 0.05561628
v 0.00532033 -0.02756216 0.05485505
v 0.00532033 -0.02756216 0.05485505
v 0.00541049 -0.02753800 0.05561628
v 0.00536934 -0.02754903 0.05546621
v 0.00532033 -0.02756216 0.05485505
v 0.00536934 -0.02754903 0.05546621
v 0.00531508 -0.02756357 0.05500000
v 0.00531508 -0.02756357 0.05500000
v 0.00536934 -0.02754903 0.05546621
v 0.00533936 -0.02755706 0.05531232
v 0.00531508 -0.02756357 0.05500000
v 0.00533936 -0.02755706 0.05531232
v 0.00532121 -0.02756192 0.05515682
v 0.00871598 -0.02665230 0.05629851
v 0.00724693 -0.02704593 0.05700000
v 0.00881033 -0.02662702 0.05617375
v 0.00881033 -0.02662702 0.05617375
v 0.00724693 -0.02704593 0.05700000
v 0.00891786 -0.02659821 0.05600126
v 0.00839458 -0.02673842 0.05660808
v 0.00784187 -0.02688652 0.05690117
v 0.00850756 -0.02670814 0.05651525
v 0.00850756 -0.02670814 0.05651525
v 0.00784187 -0.02688652 0.05690117
v 0.00769515 -0.02692583 0.05694421
v 0.00850756 -0.02670814 0.05651525
v 0.00769515 -0.02692583 0.05694421
v 0.00754660 -0.02696563 0.05697510
v 0.00871598 -0.02665230 0.05629851
v 0.00861254 -0.02668001 0.05641464
v 0.00724693 -0.02704593 0.05700000
v 0.00724693 -0.02704593 0.05700000
v 0.00861254 -0.02668001 0.05641464
v 0.00850756 -0.02670814 0.05651525
v 0.00724693 -0.02704593 0.05700000
v 0.00850756 -0.02670814 0.05651525
v 0.00739770 -0.02700553 0.05699368
v 0.00739770 -0.02700553 0.05699368
v 0.00850756 -0.02670814 0.05651525
v 0.00754660 -0.02696563 0.05697510
v 0.00826434 -0.02677331 0.05669884
v 0.00812819 -0.02680980 0.05677807
v 0.00839458 -0.02673842 0.05660808
v 0.00839458 -0.02673842 0.05660808
v 0.00812819 -0.02680980 0.05677807
v 0.00798788 -0.02684739 0.05684523
v 0.00839458 -0.02673842 0.05660808
v 0.00798788 -0.02684739 0.05684523
v 0.00784187 -0.02688652 0.05690117
v 0.00557594 -0.02749367 0.05600122
v 0.00724693 -0.02704593 0.05700000
v 0.00724583 -0.02704622 0.05700000
v 0.00724583 -0.02704622 0.05700000
v 0.00710705 -0.02708341 0.05699450
v 0.00557594 -0.02749367 0.05600122
v 0.00557594 -0.02749367 0.05600122
v 0.00710705 -0.02708341 0.05699450
v 0.00697010 -0.02712011 0.05697853
v 0.00557594 -0.02749367 0.05600122
v 0.00697010 -0.02712011 0.05697853
v 0.00569144 -0.02746272 0.05618503
v 0.00651769 -0.02724133 0.05684950
v 0.00637606 -0.02727928 0.05678281
v 0.00578198 -0.02743846 0.05630349
v 0.00651769 -0.02724133 0.05684950
v 0.00578198 -0.02743846 0.05630349
v 0.00666482 -0.02720191 0.05690482
v 0.00569144 -0.02746272 0.05618503
v 0.00697010 -0.02712011 0.05697853
v 0.00578198 -0.02743846 0.05630349
v 0.00578198 -0.02743846 0.05630349
v 0.00697010 -0.02712011 0.05697853
v 0.00681628 -0.02716132 0.05694808
v 0.00578198 -0.02743846 0.05630349
v 0.00681628 -0.02716132 0.05694808
v 0.00666482 -0.02720191 0.05690482
v 0.00637606 -0.02727928 0.05678281
v 0.00624249 -0.02731507 0.05670645
v 0.00578198 -0.02743846 0.05630349
v 0.00578198 -0.02743846 0.05630349
v 0.00624249 -0.02731507 0.05670645
v 0.00611483 -0.02734928 0.05661939
v 0.00578198 -0.02743846 0.05630349
v 0.00611483 -0.02734928 0.05661939
v 0.00588106 -0.02741191 0.05641437
v 0.00588106 -0.02741191 0.05641437
v 0.00611483 -0.02734928 0.05661939
v 0.00599365 -0.02738174 0.05652161
v 0.00891786 -0.02659821 0.05600126
v 0.00724693 -0.02704593 0.05700000
v 0.00943549 -0.02853006 0.05600126
v 0.00943549 -0.02853006 0.05600126
v 0.00724693 -0.02704593 0.05700000
v 0.00776457 -0.02897778 0.05700000
v 0.00609358 -0.02942552 0.05600122
v 0.00776457 -0.02897778 0.05700000
v 0.00557594 -0.02749367 0.05600122
v 0.00557594 -0.02749367 0.05600122
v 0.00776457 -0.02897778 0.05700000
v 0.00724693 -0.02704593 0.05700000
v -0.00776457 -0.02897778 0.05300000
v -0.00609457 -0.02942526 0.05399818
v -0.00943534 -0.02853010 0.05399865
v -0.00943534 -0.02853010 0.05399865
v -0.00609457 -0.02942526 0.05399818
v -0.00609154 -0.02942607 0.05400366
v -0.00609154 -0.02942607 0.05599745
v -0.00609365 -0.02942550 0.05600126
v -0.00776457 -0.02897778 0.05700000
v -0.00776457 -0.02897778 0.05700000
v -0.00943556 -0.02853004 0.05600122
v -0.00609154 -0.02942607 0.05599745
v -0.00609154 -0.02942607 0.05599745
v -0.00943556 -0.02853004 0.05600122
v -0.00943760 -0.02852949 0.05599754
v -0.00609154 -0.02942607 0.05599745
v -0.00943760 -0.02852949 0.05599754
v -0.00609154 -0.02942607 0.05400366
v -0.00609154 -0.02942607 0.05400366
v -0.00943760 -0.02852949 0.05599754
v -0.00943760 -0.02852949 0.05400273
v -0.00609154 -0.02942607 0.05400366
v -0.00943760 -0.02852949 0.05400273
v -0.00943534 -0.02853010 0.05399865
v -0.00870876 -0.02665423 0.05630726
v -0.00861281 -0.02667994 0.05641437
v -0.00457885 -0.01163099 0.05641280
v -0.00457885 -0.01163099 0.05641280
v -0.00861281 -0.02667994 0.05641437
v -0.00451071 -0.01165777 0.05648476
v -0.00557601 -0.02749365 0.05600126
v -0.00609365 -0.02942550 0.05600126
v -0.00609154 -0.02942607 0.05599745
v -0.00164333 -0.01239151 0.05617176
v -0.00557390 -0.02749422 0.05599745
v -0.00154328 -0.01240437 0.05601847
v -0.00154328 -0.01240437 0.05601847
v -0.00557390 -0.02749422 0.05599745
v -0.00552707 -0.02750676 0.05589785
v -0.00609154 -0.02942607 0.05599745
v -0.00557390 -0.02749422 0.05599745
v -0.00557601 -0.02749365 0.05600126
v -0.00557601 -0.02749365 0.05600126
v -0.00557390 -0.02749422 0.05599745
v -0.00164333 -0.01239151 0.05617176
v -0.00557601 -0.02749365 0.05600126
v -0.00164333 -0.01239151 0.05617176
v -0.00568219 -0.02746520 0.05617182
v -0.00568219 -0.02746520 0.05617182
v -0.00164333 -0.01239151 0.05617176
v -0.00164458 -0.01239135 0.05617369
v -0.00568219 -0.02746520 0.05617182
v -0.00164458 -0.01239135 0.05617369
v -0.00577714 -0.02743976 0.05629761
v -0.00577714 -0.02743976 0.05629761
v -0.00164458 -0.01239135 0.05617369
v -0.00175872 -0.01237566 0.05631779
v -0.00577714 -0.02743976 0.05629761
v -0.00175872 -0.01237566 0.05631779
v -0.00588132 -0.02741184 0.05641464
v -0.00588132 -0.02741184 0.05641464
v -0.00175872 -0.01237566 0.05631779
v -0.00185012 -0.01236219 0.05641340
v -0.00588132 -0.02741184 0.05641464
v -0.00185012 -0.01236219 0.05641340
v -0.00188607 -0.01235690 0.05645101
v -0.00188607 -0.01235690 0.05645101
v -0.00192318 -0.01235101 0.05648314
v -0.00588132 -0.02741184 0.05641464
v -0.00588132 -0.02741184 0.05641464
v -0.00192318 -0.01235101 0.05648314
v -0.00202685 -0.01233459 0.05657291
v -0.00588132 -0.02741184 0.05641464
v -0.00202685 -0.01233459 0.05657291
v -0.00598270 -0.02738468 0.05651204
v -0.00598270 -0.02738468 0.05651204
v -0.00202685 -0.01233459 0.05657291
v -0.00206595 -0.01232791 0.05660082
v -0.00598270 -0.02738468 0.05651204
v -0.00206595 -0.01232791 0.05660082
v -0.00609159 -0.02735550 0.05660220
v -0.00609159 -0.02735550 0.05660220
v -0.00206595 -0.01232791 0.05660082
v -0.00217882 -0.01230865 0.05668141
v -0.00609159 -0.02735550 0.05660220
v -0.00217882 -0.01230865 0.05668141
v -0.00622246 -0.02732044 0.05669431
v -0.00622246 -0.02732044 0.05669431
v -0.00217882 -0.01230865 0.05668141
v -0.00233885 -0.01227924 0.05677465
v -0.00622246 -0.02732044 0.05669431
v -0.00233885 -0.01227924 0.05677465
v -0.00635934 -0.02728376 0.05677470
v -0.00233885 -0.01227924 0.05677465
v -0.00234000 -0.01227903 0.05677532
v -0.00635934 -0.02728376 0.05677470
v -0.00635934 -0.02728376 0.05677470
v -0.00234000 -0.01227903 0.05677532
v -0.00250825 -0.01224577 0.05685362
v -0.00635934 -0.02728376 0.05677470
v -0.00250825 -0.01224577 0.05685362
v -0.00650055 -0.02724592 0.05684288
v -0.00650055 -0.02724592 0.05684288
v -0.00250825 -0.01224577 0.05685362
v -0.00263236 -0.01221943 0.05689803
v -0.00650055 -0.02724592 0.05684288
v -0.00263236 -0.01221943 0.05689803
v -0.00664758 -0.02720652 0.05689968
v -0.00664758 -0.02720652 0.05689968
v -0.00263236 -0.01221943 0.05689803
v -0.00268131 -0.01220904 0.05691555
v -0.00268131 -0.01220904 0.05691555
v -0.00280123 -0.01218180 0.05694634
v -0.00664758 -0.02720652 0.05689968
v -0.00664758 -0.02720652 0.05689968
v -0.00280123 -0.01218180 0.05694634
v -0.00285693 -0.01216914 0.05696064
v -0.00664758 -0.02720652 0.05689968
v -0.00285693 -0.01216914 0.05696064
v -0.00679537 -0.02716692 0.05694337
v -0.00679537 -0.02716692 0.05694337
v -0.00285693 -0.01216914 0.05696064
v -0.00293255 -0.01215081 0.05697269
v -0.00679537 -0.02716692 0.05694337
v -0.00293255 -0.01215081 0.05697269
v -0.00694503 -0.02712682 0.05697473
v -0.00694503 -0.02712682 0.05697473
v -0.00293255 -0.01215081 0.05697269
v -0.00303315 -0.01212642 0.05698872
v -0.00694503 -0.02712682 0.05697473
v -0.00303315 -0.01212642 0.05698872
v -0.00709504 -0.02708663 0.05699359
v -0.00709504 -0.02708663 0.05699359
v -0.00303315 -0.01212642 0.05698872
v -0.00320932 -0.01208099 0.05699981
v -0.00366494 -0.01195032 0.05694559
v -0.00782216 -0.02689180 0.05690709
v -0.00356480 -0.01198091 0.05696938
v -0.00356480 -0.01198091 0.05696938
v -0.00782216 -0.02689180 0.05690709
v -0.00766940 -0.02693273 0.05695004
v -0.00356480 -0.01198091 0.05696938
v -0.00766940 -0.02693273 0.05695004
v -0.00350142 -0.01199926 0.05697798
v -0.00350142 -0.01199926 0.05697798
v -0.00766940 -0.02693273 0.05695004
v -0.00751424 -0.02697430 0.05697998
v -0.00350142 -0.01199926 0.05697798
v -0.00751424 -0.02697430 0.05697998
v -0.00338687 -0.01203242 0.05699352
v -0.00338687 -0.01203242 0.05699352
v -0.00751424 -0.02697430 0.05697998
v -0.00738199 -0.02700974 0.05699487
v -0.00338687 -0.01203242 0.05699352
v -0.00738199 -0.02700974 0.05699487
v -0.00323626 -0.01207362 0.05699886
v -0.00323626 -0.01207362 0.05699886
v -0.00738199 -0.02700974 0.05699487
v -0.00724804 -0.02704563 0.05700000
v -0.00323626 -0.01207362 0.05699886
v -0.00724804 -0.02704563 0.05700000
v -0.00320932 -0.01208099 0.05699981
v -0.00320932 -0.01208099 0.05699981
v -0.00724804 -0.02704563 0.05700000
v -0.00724693 -0.02704593 0.05700000
v -0.00320932 -0.01208099 0.05699981
v -0.00724693 -0.02704593 0.05700000
v -0.00709504 -0.02708663 0.05699359
v -0.00366494 -0.01195032 0.05694559
v -0.00374059 -0.01192720 0.05692762
v -0.00782216 -0.02689180 0.05690709
v -0.00782216 -0.02689180 0.05690709
v -0.00374059 -0.01192720 0.05692762
v -0.00380613 -0.01190612 0.05690513
v -0.00782216 -0.02689180 0.05690709
v -0.00380613 -0.01190612 0.05690513
v -0.00797061 -0.02685202 0.05685184
v -0.00797061 -0.02685202 0.05685184
v -0.00380613 -0.01190612 0.05690513
v -0.00391190 -0.01187212 0.05686885
v -0.00797061 -0.02685202 0.05685184
v -0.00391190 -0.01187212 0.05686885
v -0.00811357 -0.02681371 0.05678501
v -0.00391190 -0.01187212 0.05686885
v -0.00407641 -0.01181664 0.05679397
v -0.00811357 -0.02681371 0.05678501
v -0.00811357 -0.02681371 0.05678501
v -0.00407641 -0.01181664 0.05679397
v -0.00409319 -0.01181073 0.05678429
v -0.00811357 -0.02681371 0.05678501
v -0.00409319 -0.01181073 0.05678429
v -0.00824835 -0.02677760 0.05670834
v -0.00824835 -0.02677760 0.05670834
v -0.00409319 -0.01181073 0.05678429
v -0.00423201 -0.01176181 0.05670421
v -0.00824835 -0.02677760 0.05670834
v -0.00423201 -0.01176181 0.05670421
v -0.00837715 -0.02674309 0.05662080
v -0.00837715 -0.02674309 0.05662080
v -0.00423201 -0.01176181 0.05670421
v -0.00435057 -0.01171832 0.05661975
v -0.00837715 -0.02674309 0.05662080
v -0.00435057 -0.01171832 0.05661975
v -0.00849932 -0.02671035 0.05652239
v -0.00849932 -0.02671035 0.05652239
v -0.00435057 -0.01171832 0.05661975
v -0.00437688 -0.01170867 0.05660100
v -0.00849932 -0.02671035 0.05652239
v -0.00437688 -0.01170867 0.05660100
v -0.00861281 -0.02667994 0.05641437
v -0.00861281 -0.02667994 0.05641437
v -0.00437688 -0.01170867 0.05660100
v -0.00451003 -0.01165803 0.05648535
v -0.00861281 -0.02667994 0.05641437
v -0.00451003 -0.01165803 0.05648535
v -0.00451071 -0.01165777 0.05648476
v -0.00475751 -0.01155919 0.05619253
v -0.00484436 -0.01152312 0.05605650
v -0.00891997 -0.02659764 0.05599754
v -0.00891997 -0.02659764 0.05599754
v -0.00484436 -0.01152312 0.05605650
v -0.00896208 -0.02658636 0.05591730
v -0.00457885 -0.01163099 0.05641280
v -0.00463375 -0.01160941 0.05635483
v -0.00870876 -0.02665423 0.05630726
v -0.00870876 -0.02665423 0.05630726
v -0.00463375 -0.01160941 0.05635483
v -0.00474549 -0.01156419 0.05621137
v -0.00870876 -0.02665423 0.05630726
v -0.00474549 -0.01156419 0.05621137
v -0.00879673 -0.02663066 0.05619307
v -0.00879673 -0.02663066 0.05619307
v -0.00474549 -0.01156419 0.05621137
v -0.00475751 -0.01155919 0.05619253
v -0.00879673 -0.02663066 0.05619307
v -0.00475751 -0.01155919 0.05619253
v -0.00891792 -0.02659819 0.05600122
v -0.00891792 -0.02659819 0.05600122
v -0.00475751 -0.01155919 0.05619253
v -0.00891997 -0.02659764 0.05599754
v -0.00891792 -0.02659819 0.05600122
v -0.00891997 -0.02659764 0.05599754
v -0.00943556 -0.02853004 0.05600122
v -0.00943556 -0.02853004 0.05600122
v -0.00891997 -0.02659764 0.05599754
v -0.00943760 -0.02852949 0.05599754
v -0.00484436 -0.01152312 0.05605650
v -0.00491660 -0.01149243 0.05591676
v -0.00896208 -0.02658636 0.05591730
v -0.00896208 -0.02658636 0.05591730
v -0.00491660 -0.01149243 0.05591676
v -0.00492930 -0.01148704 0.05589221
v -0.00896208 -0.02658636 0.05591730
v -0.00492930 -0.01148704 0.05589221
v -0.00902769 -0.02656878 0.05577143
v -0.00902769 -0.02656878 0.05577143
v -0.00492930 -0.01148704 0.05589221
v -0.00499951 -0.01145666 0.05572064
v -0.00902769 -0.02656878 0.05577143
v -0.00499951 -0.01145666 0.05572064
v -0.00908190 -0.02655425 0.05562094
v -0.00908190 -0.02655425 0.05562094
v -0.00499951 -0.01145666 0.05572064
v -0.00503071 -0.01144295 0.05562026
v -0.00908190 -0.02655425 0.05562094
v -0.00503071 -0.01144295 0.05562026
v -0.00912369 -0.02654305 0.05546979
v -0.00503071 -0.01144295 0.05562026
v -0.00505442 -0.01143254 0.05554397
v -0.00912369 -0.02654305 0.05546979
v -0.00912369 -0.02654305 0.05546979
v -0.00505442 -0.01143254 0.05554397
v -0.00509374 -0.01141507 0.05536429
v -0.00912369 -0.02654305 0.05546979
v -0.00509374 -0.01141507 0.05536429
v -0.00915413 -0.02653490 0.05531474
v -0.00915413 -0.02653490 0.05531474
v -0.00509374 -0.01141507 0.05536429
v -0.00510025 -0.01141216 0.05531450
v -0.00915413 -0.02653490 0.05531474
v -0.00510025 -0.01141216 0.05531450
v -0.00917257 -0.02652996 0.05515804
v -0.00917257 -0.02652996 0.05515804
v -0.00510025 -0.01141216 0.05531450
v -0.00511740 -0.01140449 0.05518325
v -0.00917257 -0.02652996 0.05515804
v -0.00511740 -0.01140449 0.05518325
v -0.00917878 -0.02652829 0.05500000
v -0.00917878 -0.02652829 0.05500000
v -0.00511740 -0.01140449 0.05518325
v -0.00512541 -0.01140089 0.05500000
v -0.00917878 -0.02652829 0.05500000
v -0.00512541 -0.01140089 0.05500000
v -0.00917389 -0.02652960 0.05486005
v -0.00512541 -0.01140089 0.05500000
v -0.00512410 -0.01140148 0.05492593
v -0.00917389 -0.02652960 0.05486005
v -0.00917389 -0.02652960 0.05486005
v -0.00512410 -0.01140148 0.05492593
v -0.00510928 -0.01140813 0.05474032
v -0.00917389 -0.02652960 0.05486005
v -0.00510928 -0.01140813 0.05474032
v -0.00915948 -0.02653346 0.05472181
v -0.00915948 -0.02653346 0.05472181
v -0.00510928 -0.01140813 0.05474032
v -0.00510618 -0.01140951 0.05472196
v -0.00915948 -0.02653346 0.05472181
v -0.00510618 -0.01140951 0.05472196
v -0.00913071 -0.02654117 0.05456144
v -0.00913071 -0.02654117 0.05456144
v -0.00510618 -0.01140951 0.05472196
v -0.00507809 -0.01142205 0.05455556
v -0.00913071 -0.02654117 0.05456144
v -0.00507809 -0.01142205 0.05455556
v -0.00908930 -0.02655227 0.05440334
v -0.00507809 -0.01142205 0.05455556
v -0.00503857 -0.01143952 0.05440367
v -0.00908930 -0.02655227 0.05440334
v -0.00908930 -0.02655227 0.05440334
v -0.00503857 -0.01143952 0.05440367
v -0.00503084 -0.01144294 0.05437393
v -0.00908930 -0.02655227 0.05440334
v -0.00503084 -0.01144294 0.05437393
v -0.00903585 -0.02656659 0.05424948
v -0.00903585 -0.02656659 0.05424948
v -0.00503084 -0.01144294 0.05437393
v -0.00496812 -0.01147030 0.05419772
v -0.00903585 -0.02656659 0.05424948
v -0.00496812 -0.01147030 0.05419772
v -0.00896731 -0.02658495 0.05410354
v -0.00896731 -0.02658495 0.05410354
v -0.00496812 -0.01147030 0.05419772
v -0.00492448 -0.01148903 0.05410254
v -0.00896731 -0.02658495 0.05410354
v -0.00492448 -0.01148903 0.05410254
v -0.00891997 -0.02659764 0.05400273
v -0.00891997 -0.02659764 0.05400273
v -0.00492448 -0.01148903 0.05410254
v -0.00891770 -0.02659825 0.05399865
v -0.00891997 -0.02659764 0.05400273
v -0.00891770 -0.02659825 0.05399865
v -0.00943760 -0.02852949 0.05400273
v -0.00943760 -0.02852949 0.05400273
v -0.00891770 -0.02659825 0.05399865
v -0.00943534 -0.02853010 0.05399865
v -0.00457942 -0.01163094 0.05358480
v -0.00861192 -0.02668018 0.05358471
v -0.00458105 -0.01163031 0.05358638
v -0.00458105 -0.01163031 0.05358638
v -0.00861192 -0.02668018 0.05358471
v -0.00871612 -0.02665226 0.05370169
v -0.00492448 -0.01148903 0.05410254
v -0.00489082 -0.01150348 0.05402914
v -0.00891770 -0.02659825 0.05399865
v -0.00891770 -0.02659825 0.05399865
v -0.00489082 -0.01150348 0.05402914
v -0.00480000 -0.01154167 0.05387025
v -0.00891770 -0.02659825 0.05399865
v -0.00480000 -0.01154167 0.05387025
v -0.00881138 -0.02662674 0.05382786
v -0.00881138 -0.02662674 0.05382786
v -0.00480000 -0.01154167 0.05387025
v -0.00477108 -0.01155355 0.05382890
v -0.00881138 -0.02662674 0.05382786
v -0.00477108 -0.01155355 0.05382890
v -0.00871612 -0.02665226 0.05370169
v -0.00871612 -0.02665226 0.05370169
v -0.00477108 -0.01155355 0.05382890
v -0.00469691 -0.01158401 0.05372283
v -0.00871612 -0.02665226 0.05370169
v -0.00469691 -0.01158401 0.05372283
v -0.00458105 -0.01163031 0.05358638
v -0.00457942 -0.01163094 0.05358480
v -0.00450996 -0.01165786 0.05351748
v -0.00861192 -0.02668018 0.05358471
v -0.00861192 -0.02668018 0.05358471
v -0.00450996 -0.01165786 0.05351748
v -0.00445195 -0.01168033 0.05346125
v -0.00861192 -0.02668018 0.05358471
v -0.00445195 -0.01168033 0.05346125
v -0.00850902 -0.02670775 0.05348605
v -0.00850902 -0.02670775 0.05348605
v -0.00445195 -0.01168033 0.05346125
v -0.00437151 -0.01171044 0.05339722
v -0.00850902 -0.02670775 0.05348605
v -0.00437151 -0.01171044 0.05339722
v -0.00839923 -0.02673717 0.05339549
v -0.00437151 -0.01171044 0.05339722
v -0.00431089 -0.01173313 0.05334896
v -0.00839923 -0.02673717 0.05339549
v -0.00839923 -0.02673717 0.05339549
v -0.00431089 -0.01173313 0.05334896
v -0.00415955 -0.01178763 0.05325087
v -0.00839923 -0.02673717 0.05339549
v -0.00415955 -0.01178763 0.05325087
v -0.00826937 -0.02677197 0.05330441
v -0.00826937 -0.02677197 0.05330441
v -0.00415955 -0.01178763 0.05325087
v -0.00411139 -0.01180426 0.05322590
v -0.00826937 -0.02677197 0.05330441
v -0.00411139 -0.01180426 0.05322590
v -0.00813258 -0.02680862 0.05322427
v -0.00411139 -0.01180426 0.05322590
v -0.00399981 -0.01184279 0.05316805
v -0.00813258 -0.02680862 0.05322427
v -0.00813258 -0.02680862 0.05322427
v -0.00399981 -0.01184279 0.05316805
v -0.00383366 -0.01189761 0.05310133
v -0.00813258 -0.02680862 0.05322427
v -0.00383366 -0.01189761 0.05310133
v -0.00799160 -0.02684640 0.05315635
v -0.00799160 -0.02684640 0.05315635
v -0.00383366 -0.01189761 0.05310133
v -0.00383030 -0.01189867 0.05310034
v -0.00799160 -0.02684640 0.05315635
v -0.00383030 -0.01189867 0.05310034
v -0.00784600 -0.02688541 0.05310019
v -0.00383030 -0.01189867 0.05310034
v -0.00366503 -0.01195062 0.05305182
v -0.00784600 -0.02688541 0.05310019
v -0.00784600 -0.02688541 0.05310019
v -0.00366503 -0.01195062 0.05305182
v -0.00366307 -0.01195124 0.05305124
v -0.00784600 -0.02688541 0.05310019
v -0.00366307 -0.01195124 0.05305124
v -0.00769973 -0.02692460 0.05305689
v -0.00769973 -0.02692460 0.05305689
v -0.00366307 -0.01195124 0.05305124
v -0.00353710 -0.01198885 0.05302710
v -0.00769973 -0.02692460 0.05305689
v -0.00353710 -0.01198885 0.05302710
v -0.00755017 -0.02696468 0.05302545
v -0.00755017 -0.02696468 0.05302545
v -0.00353710 -0.01198885 0.05302710
v -0.00739885 -0.02700522 0.05300639
v -0.00353710 -0.01198885 0.05302710
v -0.00348991 -0.01200294 0.05301805
v -0.00739885 -0.02700522 0.05300639
v -0.00739885 -0.02700522 0.05300639
v -0.00348991 -0.01200294 0.05301805
v -0.00331441 -0.01205258 0.05300174
v -0.00739885 -0.02700522 0.05300639
v -0.00331441 -0.01205258 0.05300174
v -0.00724693 -0.02704593 0.05300000
v -0.00724693 -0.02704593 0.05300000
v -0.00331441 -0.01205258 0.05300174
v -0.00323358 -0.01207417 0.05300218
v -0.00280125 -0.01218192 0.05305271
v -0.00666776 -0.02720112 0.05309345
v -0.00295619 -0.01214541 0.05302137
v -0.00295619 -0.01214541 0.05302137
v -0.00666776 -0.02720112 0.05309345
v -0.00681955 -0.02716045 0.05305058
v -0.00295619 -0.01214541 0.05302137
v -0.00681955 -0.02716045 0.05305058
v -0.00296251 -0.01214383 0.05302072
v -0.00296251 -0.01214383 0.05302072
v -0.00681955 -0.02716045 0.05305058
v -0.00697501 -0.02711879 0.05302042
v -0.00296251 -0.01214383 0.05302072
v -0.00697501 -0.02711879 0.05302042
v -0.00313629 -0.01210016 0.05300270
v -0.00313629 -0.01210016 0.05300270
v -0.00697501 -0.02711879 0.05302042
v -0.00711037 -0.02708252 0.05300515
v -0.00313629 -0.01210016 0.05300270
v -0.00711037 -0.02708252 0.05300515
v -0.00323358 -0.01207417 0.05300218
v -0.00323358 -0.01207417 0.05300218
v -0.00711037 -0.02708252 0.05300515
v -0.00724535 -0.02704635 0.05300000
v -0.00323358 -0.01207417 0.05300218
v -0.00724535 -0.02704635 0.05300000
v -0.00724693 -0.02704593 0.05300000
v -0.00280125 -0.01218192 0.05305271
v -0.00277679 -0.01218768 0.05305765
v -0.00666776 -0.02720112 0.05309345
v -0.00666776 -0.02720112 0.05309345
v -0.00277679 -0.01218768 0.05305765
v -0.00265275 -0.01221500 0.05309520
v -0.00666776 -0.02720112 0.05309345
v -0.00265275 -0.01221500 0.05309520
v -0.00652048 -0.02724058 0.05314848
v -0.00652048 -0.02724058 0.05314848
v -0.00265275 -0.01221500 0.05309520
v -0.00260019 -0.01222658 0.05311111
v -0.00652048 -0.02724058 0.05314848
v -0.00260019 -0.01222658 0.05311111
v -0.00637686 -0.02727906 0.05321597
v -0.00260019 -0.01222658 0.05311111
v -0.00242855 -0.01226182 0.05318103
v -0.00637686 -0.02727906 0.05321597
v -0.00637686 -0.02727906 0.05321597
v -0.00242855 -0.01226182 0.05318103
v -0.00235759 -0.01227538 0.05321785
v -0.00637686 -0.02727906 0.05321597
v -0.00235759 -0.01227538 0.05321785
v -0.00624127 -0.02731540 0.05329368
v -0.00624127 -0.02731540 0.05329368
v -0.00235759 -0.01227538 0.05321785
v -0.00226402 -0.01229326 0.05326641
v -0.00624127 -0.02731540 0.05329368
v -0.00226402 -0.01229326 0.05326641
v -0.00611284 -0.02734981 0.05338171
v -0.00226402 -0.01229326 0.05326641
v -0.00210860 -0.01232087 0.05336606
v -0.00611284 -0.02734981 0.05338171
v -0.00611284 -0.02734981 0.05338171
v -0.00210860 -0.01232087 0.05336606
v -0.00208743 -0.01232437 0.05338255
v -0.00611284 -0.02734981 0.05338171
v -0.00208743 -0.01232437 0.05338255
v -0.00599260 -0.02738202 0.05347919
v -0.00599260 -0.02738202 0.05347919
v -0.00208743 -0.01232437 0.05338255
v -0.00196403 -0.01234475 0.05347865
v -0.00599260 -0.02738202 0.05347919
v -0.00196403 -0.01234475 0.05347865
v -0.00587963 -0.02741230 0.05358711
v -0.00587963 -0.02741230 0.05358711
v -0.00196403 -0.01234475 0.05347865
v -0.00192318 -0.01235102 0.05351699
v -0.00557390 -0.02749422 0.05400366
v -0.00166414 -0.01238861 0.05380355
v -0.00553400 -0.02750491 0.05407978
v -0.00553400 -0.02750491 0.05407978
v -0.00166414 -0.01238861 0.05380355
v -0.00159771 -0.01239748 0.05389503
v -0.00192318 -0.01235102 0.05351699
v -0.00184775 -0.01236260 0.05358781
v -0.00587963 -0.02741230 0.05358711
v -0.00587963 -0.02741230 0.05358711
v -0.00184775 -0.01236260 0.05358781
v -0.00183093 -0.01236518 0.05360360
v -0.00587963 -0.02741230 0.05358711
v -0.00183093 -0.01236518 0.05360360
v -0.00578604 -0.02743737 0.05369172
v -0.00578604 -0.02743737 0.05369172
v -0.00183093 -0.01236518 0.05360360
v -0.00170812 -0.01238275 0.05374299
v -0.00578604 -0.02743737 0.05369172
v -0.00170812 -0.01238275 0.05374299
v -0.00570076 -0.02746022 0.05380229
v -0.00570076 -0.02746022 0.05380229
v -0.00170812 -0.01238275 0.05374299
v -0.00166414 -0.01238861 0.05380355
v -0.00570076 -0.02746022 0.05380229
v -0.00166414 -0.01238861 0.05380355
v -0.00557693 -0.02749340 0.05399818
v -0.00557693 -0.02749340 0.05399818
v -0.00166414 -0.01238861 0.05380355
v -0.00557390 -0.02749422 0.05400366
v -0.00557693 -0.02749340 0.05399818
v -0.00557390 -0.02749422 0.05400366
v -0.00609457 -0.02942526 0.05399818
v -0.00609457 -0.02942526 0.05399818
v -0.00557390 -0.02749422 0.05400366
v -0.00609154 -0.02942607 0.05400366
v -0.00159771 -0.01239748 0.05389503
v -0.00150128 -0.01240952 0.05405762
v -0.00553400 -0.02750491 0.05407978
v -0.00553400 -0.02750491 0.05407978
v -0.00150128 -0.01240952 0.05405762
v -0.00149054 -0.01241079 0.05408021
v -0.00553400 -0.02750491 0.05407978
v -0.00149054 -0.01241079 0.05408021
v -0.00546762 -0.02752269 0.05422702
v -0.00546762 -0.02752269 0.05422702
v -0.00149054 -0.01241079 0.05408021
v -0.00142014 -0.01241907 0.05422833
v -0.00546762 -0.02752269 0.05422702
v -0.00142014 -0.01241907 0.05422833
v -0.00541300 -0.02753733 0.05437820
v -0.00142014 -0.01241907 0.05422833
v -0.00136486 -0.01242525 0.05437858
v -0.00541300 -0.02753733 0.05437820
v -0.00541300 -0.02753733 0.05437820
v -0.00136486 -0.01242525 0.05437858
v -0.00135525 -0.01242632 0.05440471
v -0.00541300 -0.02753733 0.05437820
v -0.00135525 -0.01242632 0.05440471
v -0.00537083 -0.02754863 0.05452990
v -0.00537083 -0.02754863 0.05452990
v -0.00135525 -0.01242632 0.05440471
v -0.00130723 -0.01243146 0.05458424
v -0.00537083 -0.02754863 0.05452990
v -0.00130723 -0.01243146 0.05458424
v -0.00534013 -0.02755685 0.05468492
v -0.00534013 -0.02755685 0.05468492
v -0.00130723 -0.01243146 0.05458424
v -0.00128993 -0.01243326 0.05468527
v -0.00534013 -0.02755685 0.05468492
v -0.00128993 -0.01243326 0.05468527
v -0.00532135 -0.02756189 0.05484276
v -0.00128993 -0.01243326 0.05468527
v -0.00127632 -0.01243467 0.05476475
v -0.00532135 -0.02756189 0.05484276
v -0.00532135 -0.02756189 0.05484276
v -0.00127632 -0.01243467 0.05476475
v -0.00126246 -0.01243609 0.05494686
v -0.00532135 -0.02756189 0.05484276
v -0.00126246 -0.01243609 0.05494686
v -0.00531508 -0.02756357 0.05500078
v -0.00531508 -0.02756357 0.05500078
v -0.00126246 -0.01243609 0.05494686
v -0.00126355 -0.01243598 0.05500074
v -0.00531508 -0.02756357 0.05500078
v -0.00126355 -0.01243598 0.05500074
v -0.00532014 -0.02756221 0.05514227
v -0.00532014 -0.02756221 0.05514227
v -0.00126355 -0.01243598 0.05500074
v -0.00126621 -0.01243571 0.05513115
v -0.00532014 -0.02756221 0.05514227
v -0.00126621 -0.01243571 0.05513115
v -0.00533508 -0.02755821 0.05528304
v -0.00545874 -0.02752507 0.05575252
v -0.00145575 -0.01241495 0.05585316
v -0.00552707 -0.02750676 0.05589785
v -0.00552707 -0.02750676 0.05589785
v -0.00145575 -0.01241495 0.05585316
v -0.00148000 -0.01241202 0.05589896
v -0.00552707 -0.02750676 0.05589785
v -0.00148000 -0.01241202 0.05589896
v -0.00154328 -0.01240437 0.05601847
v -0.00126621 -0.01243571 0.05513115
v -0.00128390 -0.01243389 0.05528289
v -0.00533508 -0.02755821 0.05528304
v -0.00533508 -0.02755821 0.05528304
v -0.00128390 -0.01243389 0.05528289
v -0.00128779 -0.01243349 0.05531627
v -0.00533508 -0.02755821 0.05528304
v -0.00128779 -0.01243349 0.05531627
v -0.00536408 -0.02755044 0.05544275
v -0.00536408 -0.02755044 0.05544275
v -0.00128779 -0.01243349 0.05531627
v -0.00132700 -0.01242937 0.05549988
v -0.00536408 -0.02755044 0.05544275
v -0.00132700 -0.01242937 0.05549988
v -0.00540562 -0.02753931 0.05560020
v -0.00540562 -0.02753931 0.05560020
v -0.00132700 -0.01242937 0.05549988
v -0.00135822 -0.01242596 0.05559955
v -0.00540562 -0.02753931 0.05560020
v -0.00135822 -0.01242596 0.05559955
v -0.00545874 -0.02752507 0.05575252
v -0.00545874 -0.02752507 0.05575252
v -0.00135822 -0.01242596 0.05559955
v -0.00138328 -0.01242323 0.05567959
v -0.00545874 -0.02752507 0.05575252
v -0.00138328 -0.01242323 0.05567959
v -0.00145575 -0.01241495 0.05585316
v -0.00450996 -0.01165786 0.05351748
v -0.00457942 -0.01163094 0.05358480
v -0.00463404 -0.01160930 0.05485501
v -0.00463404 -0.01160930 0.05485501
v -0.00457942 -0.01163094 0.05358480
v -0.00458105 -0.01163031 0.05358638
v -0.00458105 -0.01163031 0.05358638
v -0.00469691 -0.01158401 0.05372283
v -0.00463404 -0.01160930 0.05485501
v -0.00463404 -0.01160930 0.05485501
v -0.00469691 -0.01158401 0.05372283
v -0.00477108 -0.01155355 0.05382890
v -0.00463404 -0.01160930 0.05485501
v -0.00477108 -0.01155355 0.05382890
v -0.00480000 -0.01154167 0.05387025
v -0.00480000 -0.01154167 0.05387025
v -0.00489082 -0.01150348 0.05402914
v -0.00463404 -0.01160930 0.05485501
v -0.00463404 -0.01160930 0.05485501
v -0.00489082 -0.01150348 0.05402914
v -0.00492448 -0.01148903 0.05410254
v -0.00463404 -0.01160930 0.05485501
v -0.00492448 -0.01148903 0.05410254
v -0.00496812 -0.01147030 0.05419772
v -0.00496812 -0.01147030 0.05419772
v -0.00503084 -0.01144294 0.05437393
v -0.00463404 -0.01160930 0.05485501
v -0.00463404 -0.01160930 0.05485501
v -0.00503084 -0.01144294 0.05437393
v -0.00503857 -0.01143952 0.05440367
v -0.00463404 -0.01160930 0.05485501
v -0.00503857 -0.01143952 0.05440367
v -0.00507809 -0.01142205 0.05455556
v -0.00507809 -0.01142205 0.05455556
v -0.00510618 -0.01140951 0.05472196
v -0.00463404 -0.01160930 0.05485501
v -0.00463404 -0.01160930 0.05485501
v -0.00510618 -0.01140951 0.05472196
v -0.00510928 -0.01140813 0.05474032
v -0.00463404 -0.01160930 0.05485501
v -0.00510928 -0.01140813 0.05474032
v -0.00512410 -0.01140148 0.05492593
v -0.00512410 -0.01140148 0.05492593
v -0.00512541 -0.01140089 0.05500000
v -0.00463404 -0.01160930 0.05485501
v -0.00463404 -0.01160930 0.05485501
v -0.00512541 -0.01140089 0.05500000
v -0.00511740 -0.01140449 0.05518325
v -0.00463404 -0.01160930 0.05485501
v -0.00511740 -0.01140449 0.05518325
v -0.00510025 -0.01141216 0.05531450
v -0.00510025 -0.01141216 0.05531450
v -0.00509374 -0.01141507 0.05536429
v -0.00463404 -0.01160930 0.05485501
v -0.00463404 -0.01160930 0.05485501
v -0.00509374 -0.01141507 0.05536429
v -0.00505442 -0.01143254 0.05554397
v -0.00463404 -0.01160930 0.05485501
v -0.00505442 -0.01143254 0.05554397
v -0.00503071 -0.01144295 0.05562026
v -0.00503071 -0.01144295 0.05562026
v -0.00499951 -0.01145666 0.05572064
v -0.00463404 -0.01160930 0.05485501
v -0.00463404 -0.01160930 0.05485501
v -0.00499951 -0.01145666 0.05572064
v -0.00492930 -0.01148704 0.05589221
v -0.00463404 -0.01160930 0.05485501
v -0.00492930 -0.01148704 0.05589221
v -0.00491660 -0.01149243 0.05591676
v -0.00491660 -0.01149243 0.05591676
v -0.00484436 -0.01152312 0.05605650
v -0.00463404 -0.01160930 0.05485501
v -0.00463404 -0.01160930 0.05485501
v -0.00484436 -0.01152312 0.05605650
v -0.00475751 -0.01155919 0.05619253
v -0.00463404 -0.01160930 0.05485501
v -0.00475751 -0.01155919 0.05619253
v -0.00474549 -0.01156419 0.05621137
v -0.00474549 -0.01156419 0.05621137
v -0.00463375 -0.01160941 0.05635483
v -0.00463404 -0.01160930 0.05485501
v -0.00463404 -0.01160930 0.05485501
v -0.00463375 -0.01160941 0.05635483
v -0.00457885 -0.01163099 0.05641280
v -0.00463404 -0.01160930 0.05485501
v -0.00457885 -0.01163099 0.05641280
v -0.00450996 -0.01165786 0.05351748
v -0.00450996 -0.01165786 0.05351748
v -0.00457885 -0.01163099 0.05641280
v -0.00451071 -0.01165777 0.05648476
v -0.00399981 -0.01184279 0.05316805
v -0.00411139 -0.01180426 0.05322590
v -0.00388894 -0.01187966 0.05508574
v -0.00411139 -0.01180426 0.05322590
v -0.00415955 -0.01178763 0.05325087
v -0.00388894 -0.01187966 0.05508574
v -0.00388894 -0.01187966 0.05508574
v -0.00415955 -0.01178763 0.05325087
v -0.00431089 -0.01173313 0.05334896
v -0.00388894 -0.01187966 0.05508574
v -0.00431089 -0.01173313 0.05334896
v -0.00437151 -0.01171044 0.05339722
v -0.00451071 -0.01165777 0.05648476
v -0.00451003 -0.01165803 0.05648535
v -0.00450996 -0.01165786 0.05351748
v -0.00450996 -0.01165786 0.05351748
v -0.00451003 -0.01165803 0.05648535
v -0.00388894 -0.01187966 0.05508574
v -0.00450996 -0.01165786 0.05351748
v -0.00388894 -0.01187966 0.05508574
v -0.00445195 -0.01168033 0.05346125
v -0.00445195 -0.01168033 0.05346125
v -0.00388894 -0.01187966 0.05508574
v -0.00437151 -0.01171044 0.05339722
v -0.00451003 -0.01165803 0.05648535
v -0.00437688 -0.01170867 0.05660100
v -0.00388894 -0.01187966 0.05508574
v -0.00388894 -0.01187966 0.05508574
v -0.00437688 -0.01170867 0.05660100
v -0.00435057 -0.01171832 0.05661975
v -0.00388894 -0.01187966 0.05508574
v -0.00435057 -0.01171832 0.05661975
v -0.00423201 -0.01176181 0.05670421
v -0.00423201 -0.01176181 0.05670421
v -0.00409319 -0.01181073 0.05678429
v -0.00388894 -0.01187966 0.05508574
v -0.00388894 -0.01187966 0.05508574
v -0.00409319 -0.01181073 0.05678429
v -0.00407641 -0.01181664 0.05679397
v -0.00388894 -0.01187966 0.05508574
v -0.00407641 -0.01181664 0.05679397
v -0.00391190 -0.01187212 0.05686885
v -0.00391190 -0.01187212 0.05686885
v -0.00380613 -0.01190612 0.05690513
v -0.00388894 -0.01187966 0.05508574
v -0.00388894 -0.01187966 0.05508574
v -0.00380613 -0.01190612 0.05690513
v -0.00374059 -0.01192720 0.05692762
v -0.00388894 -0.01187966 0.05508574
v -0.00374059 -0.01192720 0.05692762
v -0.00366494 -0.01195032 0.05694559
v -0.00317518 -0.01209001 0.05500712
v -0.00338687 -0.01203242 0.05699352
v -0.00323626 -0.01207362 0.05699886
v -0.00323626 -0.01207362 0.05699886
v -0.00320932 -0.01208099 0.05699981
v -0.00317518 -0.01209001 0.05500712
v -0.00317518 -0.01209001 0.05500712
v -0.00320932 -0.01208099 0.05699981
v -0.00303315 -0.01212642 0.05698872
v -0.00317518 -0.01209001 0.05500712
v -0.00303315 -0.01212642 0.05698872
v -0.00293255 -0.01215081 0.05697269
v -0.00280125 -0.01218192 0.05305271
v -0.00295619 -0.01214541 0.05302137
v -0.00317518 -0.01209001 0.05500712
v -0.00295619 -0.01214541 0.05302137
v -0.00296251 -0.01214383 0.05302072
v -0.00317518 -0.01209001 0.05500712
v -0.00317518 -0.01209001 0.05500712
v -0.00296251 -0.01214383 0.05302072
v -0.00313629 -0.01210016 0.05300270
v -0.00317518 -0.01209001 0.05500712
v -0.00313629 -0.01210016 0.05300270
v -0.00323358 -0.01207417 0.05300218
v -0.00323358 -0.01207417 0.05300218
v -0.00331441 -0.01205258 0.05300174
v -0.00317518 -0.01209001 0.05500712
v -0.00317518 -0.01209001 0.05500712
v -0.00331441 -0.01205258 0.05300174
v -0.00348991 -0.01200294 0.05301805
v -0.00317518 -0.01209001 0.05500712
v -0.00348991 -0.01200294 0.05301805
v -0.00353710 -0.01198885 0.05302710
v -0.00366494 -0.01195032 0.05694559
v -0.00356480 -0.01198091 0.05696938
v -0.00317518 -0.01209001 0.05500712
v -0.00317518 -0.01209001 0.05500712
v -0.00356480 -0.01198091 0.05696938
v -0.00350142 -0.01199926 0.05697798
v -0.00317518 -0.01209001 0.05500712
v -0.00350142 -0.01199926 0.05697798
v -0.00338687 -0.01203242 0.05699352
v -0.00353710 -0.01198885 0.05302710
v -0.00366307 -0.01195124 0.05305124
v -0.00317518 -0.01209001 0.05500712
v -0.00317518 -0.01209001 0.05500712
v -0.00366307 -0.01195124 0.05305124
v -0.00366503 -0.01195062 0.05305182
v -0.00317518 -0.01209001 0.05500712
v -0.00366503 -0.01195062 0.05305182
v -0.00366494 -0.01195032 0.05694559
v -0.00366494 -0.01195032 0.05694559
v -0.00366503 -0.01195062 0.05305182
v -0.00383030 -0.01189867 0.05310034
v -0.00366494 -0.01195032 0.05694559
v -0.00383030 -0.01189867 0.05310034
v -0.00388894 -0.01187966 0.05508574
v -0.00388894 -0.01187966 0.05508574
v -0.00383030 -0.01189867 0.05310034
v -0.00383366 -0.01189761 0.05310133
v -0.00388894 -0.01187966 0.05508574
v -0.00383366 -0.01189761 0.05310133
v -0.00399981 -0.01184279 0.05316805
v -0.00293255 -0.01215081 0.05697269
v -0.00285693 -0.01216914 0.05696064
v -0.00317518 -0.01209001 0.05500712
v -0.00317518 -0.01209001 0.05500712
v -0.00285693 -0.01216914 0.05696064
v -0.00280123 -0.01218180 0.05694634
v -0.00317518 -0.01209001 0.05500712
v -0.00280123 -0.01218180 0.05694634
v -0.00280125 -0.01218192 0.05305271
v -0.00280125 -0.01218192 0.05305271
v -0.00280123 -0.01218180 0.05694634
v -0.00268131 -0.01220904 0.05691555
v -0.00263236 -0.01221943 0.05689803
v -0.00250825 -0.01224577 0.05685362
v -0.00257053 -0.01223284 0.05491368
v -0.00257053 -0.01223284 0.05491368
v -0.00250825 -0.01224577 0.05685362
v -0.00234000 -0.01227903 0.05677532
v -0.00196403 -0.01234475 0.05347865
v -0.00208743 -0.01232437 0.05338255
v -0.00257053 -0.01223284 0.05491368
v -0.00234000 -0.01227903 0.05677532
v -0.00233885 -0.01227924 0.05677465
v -0.00257053 -0.01223284 0.05491368
v -0.00257053 -0.01223284 0.05491368
v -0.00233885 -0.01227924 0.05677465
v -0.00217882 -0.01230865 0.05668141
v -0.00257053 -0.01223284 0.05491368
v -0.00217882 -0.01230865 0.05668141
v -0.00206595 -0.01232791 0.05660082
v -0.00206595 -0.01232791 0.05660082
v -0.00202685 -0.01233459 0.05657291
v -0.00257053 -0.01223284 0.05491368
v -0.00257053 -0.01223284 0.05491368
v -0.00202685 -0.01233459 0.05657291
v -0.00192318 -0.01235101 0.05648314
v -0.00257053 -0.01223284 0.05491368
v -0.00192318 -0.01235101 0.05648314
v -0.00196403 -0.01234475 0.05347865
v -0.00208743 -0.01232437 0.05338255
v -0.00210860 -0.01232087 0.05336606
v -0.00257053 -0.01223284 0.05491368
v -0.00257053 -0.01223284 0.05491368
v -0.00210860 -0.01232087 0.05336606
v -0.00226402 -0.01229326 0.05326641
v -0.00257053 -0.01223284 0.05491368
v -0.00226402 -0.01229326 0.05326641
v -0.00235759 -0.01227538 0.05321785
v -0.00235759 -0.01227538 0.05321785
v -0.00242855 -0.01226182 0.05318103
v -0.00257053 -0.01223284 0.05491368
v -0.00257053 -0.01223284 0.05491368
v -0.00242855 -0.01226182 0.05318103
v -0.00260019 -0.01222658 0.05311111
v -0.00257053 -0.01223284 0.05491368
v -0.00260019 -0.01222658 0.05311111
v -0.00265275 -0.01221500 0.05309520
v -0.00268131 -0.01220904 0.05691555
v -0.00263236 -0.01221943 0.05689803
v -0.00280125 -0.01218192 0.05305271
v -0.00280125 -0.01218192 0.05305271
v -0.00263236 -0.01221943 0.05689803
v -0.00257053 -0.01223284 0.05491368
v -0.00280125 -0.01218192 0.05305271
v -0.00257053 -0.01223284 0.05491368
v -0.00277679 -0.01218768 0.05305765
v -0.00277679 -0.01218768 0.05305765
v -0.00257053 -0.01223284 0.05491368
v -0.00265275 -0.01221500 0.05309520
v -0.00192318 -0.01235101 0.05648314
v -0.00188607 -0.01235690 0.05645101
v -0.00179378 -0.01237063 0.05514335
v -0.00179378 -0.01237063 0.05514335
v -0.00188607 -0.01235690 0.05645101
v -0.00185012 -0.01236219 0.05641340
v -0.00179378 -0.01237063 0.05514335
v -0.00185012 -0.01236219 0.05641340
v -0.00175872 -0.01237566 0.05631779
v -0.00175872 -0.01237566 0.05631779
v -0.00164458 -0.01239135 0.05617369
v -0.00179378 -0.01237063 0.05514335
v -0.00179378 -0.01237063 0.05514335
v -0.00164458 -0.01239135 0.05617369
v -0.00164333 -0.01239151 0.05617176
v -0.00179378 -0.01237063 0.05514335
v -0.00164333 -0.01239151 0.05617176
v -0.00154328 -0.01240437 0.05601847
v -0.00154328 -0.01240437 0.05601847
v -0.00148000 -0.01241202 0.05589896
v -0.00179378 -0.01237063 0.05514335
v -0.00179378 -0.01237063 0.05514335
v -0.00148000 -0.01241202 0.05589896
v -0.00145575 -0.01241495 0.05585316
v -0.00179378 -0.01237063 0.05514335
v -0.00145575 -0.01241495 0.05585316
v -0.00138328 -0.01242323 0.05567959
v -0.00138328 -0.01242323 0.05567959
v -0.00135822 -0.01242596 0.05559955
v -0.00179378 -0.01237063 0.05514335
v -0.00179378 -0.01237063 0.05514335
v -0.00135822 -0.01242596 0.05559955
v -0.00132700 -0.01242937 0.05549988
v -0.00179378 -0.01237063 0.05514335
v -0.00132700 -0.01242937 0.05549988
v -0.00128779 -0.01243349 0.05531627
v -0.00128779 -0.01243349 0.05531627
v -0.00128390 -0.01243389 0.05528289
v -0.00179378 -0.01237063 0.05514335
v -0.00179378 -0.01237063 0.05514335
v -0.00128390 -0.01243389 0.05528289
v -0.00126621 -0.01243571 0.05513115
v -0.00179378 -0.01237063 0.05514335
v -0.00126621 -0.01243571 0.05513115
v -0.00126355 -0.01243598 0.05500074
v -0.00126355 -0.01243598 0.05500074
v -0.00126246 -0.01243609 0.05494686
v -0.00179378 -0.01237063 0.05514335
v -0.00179378 -0.01237063 0.05514335
v -0.00126246 -0.01243609 0.05494686
v -0.00127632 -0.01243467 0.05476475
v -0.00179378 -0.01237063 0.05514335
v -0.00127632 -0.01243467 0.05476475
v -0.00128993 -0.01243326 0.05468527
v -0.00128993 -0.01243326 0.05468527
v -0.00130723 -0.01243146 0.05458424
v -0.00179378 -0.01237063 0.05514335
v -0.00179378 -0.01237063 0.05514335
v -0.00130723 -0.01243146 0.05458424
v -0.00135525 -0.01242632 0.05440471
v -0.00179378 -0.01237063 0.05514335
v -0.00135525 -0.01242632 0.05440471
v -0.00136486 -0.01242525 0.05437858
v -0.00136486 -0.01242525 0.05437858
v -0.00142014 -0.01241907 0.05422833
v -0.00179378 -0.01237063 0.05514335
v -0.00179378 -0.01237063 0.05514335
v -0.00142014 -0.01241907 0.05422833
v -0.00149054 -0.01241079 0.05408021
v -0.00179378 -0.01237063 0.05514335
v -0.00149054 -0.01241079 0.05408021
v -0.00150128 -0.01240952 0.05405762
v -0.00150128 -0.01240952 0.05405762
v -0.00159771 -0.01239748 0.05389503
v -0.00179378 -0.01237063 0.05514335
v -0.00179378 -0.01237063 0.05514335
v -0.00159771 -0.01239748 0.05389503
v -0.00166414 -0.01238861 0.05380355
v -0.00179378 -0.01237063 0.05514335
v -0.00166414 -0.01238861 0.05380355
v -0.00170812 -0.01238275 0.05374299
v -0.00170812 -0.01238275 0.05374299
v -0.00183093 -0.01236518 0.05360360
v -0.00179378 -0.01237063 0.05514335
v -0.00179378 -0.01237063 0.05514335
v -0.00183093 -0.01236518 0.05360360
v -0.00184775 -0.01236260 0.05358781
v -0.00179378 -0.01237063 0.05514335
v -0.00184775 -0.01236260 0.05358781
v -0.00192318 -0.01235101 0.05648314
v -0.00192318 -0.01235101 0.05648314
v -0.00184775 -0.01236260 0.05358781
v -0.00192318 -0.01235102 0.05351699
v -0.00192318 -0.01235101 0.05648314
v -0.00192318 -0.01235102 0.05351699
v -0.00196403 -0.01234475 0.05347865
v -0.00609154 -0.02942607 0.05599745
v -0.00609154 -0.02942607 0.05400366
v -0.00557390 -0.02749422 0.05599745
v -0.00557390 -0.02749422 0.05599745
v -0.00609154 -0.02942607 0.05400366
v -0.00557390 -0.02749422 0.05400366
v -0.00532014 -0.02756221 0.05514227
v -0.00553400 -0.02750491 0.05407978
v -0.00546762 -0.02752269 0.05422702
v -0.00532014 -0.02756221 0.05514227
v -0.00533508 -0.02755821 0.05528304
v -0.00553400 -0.02750491 0.05407978
v -0.00553400 -0.02750491 0.05407978
v -0.00533508 -0.02755821 0.05528304
v -0.00536408 -0.02755044 0.05544275
v -0.00553400 -0.02750491 0.05407978
v -0.00536408 -0.02755044 0.05544275
v -0.00540562 -0.02753931 0.05560020
v -0.00557390 -0.02749422 0.05599745
v -0.00557390 -0.02749422 0.05400366
v -0.00552707 -0.02750676 0.05589785
v -0.00552707 -0.02750676 0.05589785
v -0.00557390 -0.02749422 0.05400366
v -0.00553400 -0.02750491 0.05407978
v -0.00552707 -0.02750676 0.05589785
v -0.00553400 -0.02750491 0.05407978
v -0.00545874 -0.02752507 0.05575252
v -0.00545874 -0.02752507 0.05575252
v -0.00553400 -0.02750491 0.05407978
v -0.00540562 -0.02753931 0.05560020
v -0.00546762 -0.02752269 0.05422702
v -0.00541300 -0.02753733 0.05437820
v -0.00532014 -0.02756221 0.05514227
v -0.00532014 -0.02756221 0.05514227
v -0.00541300 -0.02753733 0.05437820
v -0.00537083 -0.02754863 0.05452990
v -0.00532014 -0.02756221 0.05514227
v -0.00537083 -0.02754863 0.05452990
v -0.00531508 -0.02756357 0.05500078
v -0.00531508 -0.02756357 0.05500078
v -0.00537083 -0.02754863 0.05452990
v -0.00534013 -0.02755685 0.05468492
v -0.00531508 -0.02756357 0.05500078
v -0.00534013 -0.02755685 0.05468492
v -0.00532135 -0.02756189 0.05484276
v -0.00609457 -0.02942526 0.05399818
v -0.00776457 -0.02897778 0.05300000
v -0.00557693 -0.02749340 0.05399818
v -0.00557693 -0.02749340 0.05399818
v -0.00776457 -0.02897778 0.05300000
v -0.00724693 -0.02704593 0.05300000
v -0.00891770 -0.02659825 0.05399865
v -0.00724693 -0.02704593 0.05300000
v -0.00943534 -0.02853010 0.05399865
v -0.00943534 -0.02853010 0.05399865
v -0.00724693 -0.02704593 0.05300000
v -0.00776457 -0.02897778 0.05300000
v -0.00578604 -0.02743737 0.05369172
v -0.00711037 -0.02708252 0.05300515
v -0.00697501 -0.02711879 0.05302042
v -0.00724693 -0.02704593 0.05300000
v -0.00724535 -0.02704635 0.05300000
v -0.00557693 -0.02749340 0.05399818
v -0.00557693 -0.02749340 0.05399818
v -0.00724535 -0.02704635 0.05300000
v -0.00711037 -0.02708252 0.05300515
v -0.00557693 -0.02749340 0.05399818
v -0.00711037 -0.02708252 0.05300515
v -0.00570076 -0.02746022 0.05380229
v -0.00570076 -0.02746022 0.05380229
v -0.00711037 -0.02708252 0.05300515
v -0.00578604 -0.02743737 0.05369172
v -0.00637686 -0.02727906 0.05321597
v -0.00624127 -0.02731540 0.05329368
v -0.00697501 -0.02711879 0.05302042
v -0.00697501 -0.02711879 0.05302042
v -0.00624127 -0.02731540 0.05329368
v -0.00611284 -0.02734981 0.05338171
v -0.00611284 -0.02734981 0.05338171
v -0.00599260 -0.02738202 0.05347919
v -0.00697501 -0.02711879 0.05302042
v -0.00697501 -0.02711879 0.05302042
v -0.00599260 -0.02738202 0.05347919
v -0.00587963 -0.02741230 0.05358711
v -0.00697501 -0.02711879 0.05302042
v -0.00587963 -0.02741230 0.05358711
v -0.00578604 -0.02743737 0.05369172
v -0.00681955 -0.02716045 0.05305058
v -0.00666776 -0.02720112 0.05309345
v -0.00697501 -0.02711879 0.05302042
v -0.00697501 -0.02711879 0.05302042
v -0.00666776 -0.02720112 0.05309345
v -0.00652048 -0.02724058 0.05314848
v -0.00697501 -0.02711879 0.05302042
v -0.00652048 -0.02724058 0.05314848
v -0.00637686 -0.02727906 0.05321597
v -0.00891770 -0.02659825 0.05399865
v -0.00881138 -0.02662674 0.05382786
v -0.00724693 -0.02704593 0.05300000
v -0.00724693 -0.02704593 0.05300000
v -0.00881138 -0.02662674 0.05382786
v -0.00871612 -0.02665226 0.05370169
v -0.00724693 -0.02704593 0.05300000
v -0.00871612 -0.02665226 0.05370169
v -0.00861192 -0.02668018 0.05358471
v -0.00784600 -0.02688541 0.05310019
v -0.00769973 -0.02692460 0.05305689
v -0.00839923 -0.02673717 0.05339549
v -0.00839923 -0.02673717 0.05339549
v -0.00769973 -0.02692460 0.05305689
v -0.00755017 -0.02696468 0.05302545
v -0.00861192 -0.02668018 0.05358471
v -0.00850902 -0.02670775 0.05348605
v -0.00724693 -0.02704593 0.05300000
v -0.00724693 -0.02704593 0.05300000
v -0.00850902 -0.02670775 0.05348605
v -0.00839923 -0.02673717 0.05339549
v -0.00724693 -0.02704593 0.05300000
v -0.00839923 -0.02673717 0.05339549
v -0.00739885 -0.02700522 0.05300639
v -0.00739885 -0.02700522 0.05300639
v -0.00839923 -0.02673717 0.05339549
v -0.00755017 -0.02696468 0.05302545
v -0.00826937 -0.02677197 0.05330441
v -0.00813258 -0.02680862 0.05322427
v -0.00839923 -0.02673717 0.05339549
v -0.00839923 -0.02673717 0.05339549
v -0.00813258 -0.02680862 0.05322427
v -0.00799160 -0.02684640 0.05315635
v -0.00839923 -0.02673717 0.05339549
v -0.00799160 -0.02684640 0.05315635
v -0.00784600 -0.02688541 0.05310019
v -0.00891997 -0.02659764 0.05599754
v -0.00891997 -0.02659764 0.05400273
v -0.00943760 -0.02852949 0.05599754
v -0.00943760 -0.02852949 0.05599754
v -0.00891997 -0.02659764 0.05400273
v -0.00943760 -0.02852949 0.05400273
v -0.00917389 -0.02652960 0.05486005
v -0.00896208 -0.02658636 0.05591730
v -0.00917878 -0.02652829 0.05500000
v -0.00917878 -0.02652829 0.05500000
v -0.00896208 -0.02658636 0.05591730
v -0.00902769 -0.02656878 0.05577143
v -0.00917878 -0.02652829 0.05500000
v -0.00902769 -0.02656878 0.05577143
v -0.00908190 -0.02655425 0.05562094
v -0.00917389 -0.02652960 0.05486005
v -0.00915948 -0.02653346 0.05472181
v -0.00896208 -0.02658636 0.05591730
v -0.00896208 -0.02658636 0.05591730
v -0.00915948 -0.02653346 0.05472181
v -0.00913071 -0.02654117 0.05456144
v -0.00896208 -0.02658636 0.05591730
v -0.00913071 -0.02654117 0.05456144
v -0.00908930 -0.02655227 0.05440334
v -0.00891997 -0.02659764 0.05400273
v -0.00891997 -0.02659764 0.05599754
v -0.00896731 -0.02658495 0.05410354
v -0.00896731 -0.02658495 0.05410354
v -0.00891997 -0.02659764 0.05599754
v -0.00896208 -0.02658636 0.05591730
v -0.00896731 -0.02658495 0.05410354
v -0.00896208 -0.02658636 0.05591730
v -0.00903585 -0.02656659 0.05424948
v -0.00903585 -0.02656659 0.05424948
v -0.00896208 -0.02658636 0.05591730
v -0.00908930 -0.02655227 0.05440334
v -0.00908190 -0.02655425 0.05562094
v -0.00912369 -0.02654305 0.05546979
v -0.00917878 -0.02652829 0.05500000
v -0.00917878 -0.02652829 0.05500000
v -0.00912369 -0.02654305 0.05546979
v -0.00915413 -0.02653490 0.05531474
v -0.00917878 -0.02652829 0.05500000
v -0.00915413 -0.02653490 0.05531474
v -0.00917257 -0.02652996 0.05515804
v -0.00557601 -0.02749365 0.05600126
v -0.00568219 -0.02746520 0.05617182
v -0.00724693 -0.02704593 0.05700000
v -0.00724693 -0.02704593 0.05700000
v -0.00568219 -0.02746520 0.05617182
v -0.00577714 -0.02743976 0.05629761
v -0.00724693 -0.02704593 0.05700000
v -0.00577714 -0.02743976 0.05629761
v -0.00588132 -0.02741184 0.05641464
v -0.00664758 -0.02720652 0.05689968
v -0.00679537 -0.02716692 0.05694337
v -0.00609159 -0.02735550 0.05660220
v -0.00609159 -0.02735550 0.05660220
v -0.00679537 -0.02716692 0.05694337
v -0.00694503 -0.02712682 0.05697473
v -0.00588132 -0.02741184 0.05641464
v -0.00598270 -0.02738468 0.05651204
v -0.00724693 -0.02704593 0.05700000
v -0.00724693 -0.02704593 0.05700000
v -0.00598270 -0.02738468 0.05651204
v -0.00609159 -0.02735550 0.05660220
v -0.00724693 -0.02704593 0.05700000
v -0.00609159 -0.02735550 0.05660220
v -0.00709504 -0.02708663 0.05699359
v -0.00709504 -0.02708663 0.05699359
v -0.00609159 -0.02735550 0.05660220
v -0.00694503 -0.02712682 0.05697473
v -0.00622246 -0.02732044 0.05669431
v -0.00635934 -0.02728376 0.05677470
v -0.00609159 -0.02735550 0.05660220
v -0.00609159 -0.02735550 0.05660220
v -0.00635934 -0.02728376 0.05677470
v -0.00650055 -0.02724592 0.05684288
v -0.00609159 -0.02735550 0.05660220
v -0.00650055 -0.02724592 0.05684288
v -0.00664758 -0.02720652 0.05689968
v -0.00724693 -0.02704593 0.05700000
v -0.00724804 -0.02704563 0.05700000
v -0.00891792 -0.02659819 0.05600122
v -0.00891792 -0.02659819 0.05600122
v -0.00724804 -0.02704563 0.05700000
v -0.00738199 -0.02700974 0.05699487
v -0.00891792 -0.02659819 0.05600122
v -0.00738199 -0.02700974 0.05699487
v -0.00879673 -0.02663066 0.05619307
v -0.00782216 -0.02689180 0.05690709
v -0.00797061 -0.02685202 0.05685184
v -0.00870876 -0.02665423 0.05630726
v -0.00782216 -0.02689180 0.05690709
v -0.00870876 -0.02665423 0.05630726
v -0.00766940 -0.02693273 0.05695004
v -0.00879673 -0.02663066 0.05619307
v -0.00738199 -0.02700974 0.05699487
v -0.00870876 -0.02665423 0.05630726
v -0.00870876 -0.02665423 0.05630726
v -0.00738199 -0.02700974 0.05699487
v -0.00751424 -0.02697430 0.05697998
v -0.00870876 -0.02665423 0.05630726
v -0.00751424 -0.02697430 0.05697998
v -0.00766940 -0.02693273 0.05695004
v -0.00797061 -0.02685202 0.05685184
v -0.00811357 -0.02681371 0.05678501
v -0.00870876 -0.02665423 0.05630726
v -0.00870876 -0.02665423 0.05630726
v -0.00811357 -0.02681371 0.05678501
v -0.00824835 -0.02677760 0.05670834
v -0.00870876 -0.02665423 0.05630726
v -0.00824835 -0.02677760 0.05670834
v -0.00861281 -0.02667994 0.05641437
v -0.00861281 -0.02667994 0.05641437
v -0.00824835 -0.02677760 0.05670834
v -0.00837715 -0.02674309 0.05662080
v -0.00861281 -0.02667994 0.05641437
v -0.00837715 -0.02674309 0.05662080
v -0.00849932 -0.02671035 0.05652239
v -0.00557601 -0.02749365 0.05600126
v -0.00724693 -0.02704593 0.05700000
v -0.00609365 -0.02942550 0.05600126
v -0.00609365 -0.02942550 0.05600126
v -0.00724693 -0.02704593 0.05700000
v -0.00776457 -0.02897778 0.05700000
v -0.00943556 -0.02853004 0.05600122
v -0.00776457 -0.02897778 0.05700000
v -0.00891792 -0.02659819 0.05600122
v -0.00891792 -0.02659819 0.05600122
v -0.00776457 -0.02897778 0.05700000
v -0.00724693 -0.02704593 0.05700000
vt -0.00609154 0.94400257
vt -0.00609154 0.94599634
vt -0.00943760 0.94599730
vt -0.00609457 0.94600183
vt -0.00776457 0.94700003
vt -0.00609154 0.94599634
vt -0.00609154 0.94599634
vt -0.00776457 0.94700003
vt -0.00943534 0.94600135
vt -0.00609154 0.94599634
vt -0.00943534 0.94600135
vt -0.00943760 0.94599730
vt -0.00776457 0.94300002
vt -0.00609365 0.94399875
vt -0.00943556 0.94399875
vt -0.00943556 0.94399875
vt -0.00609365 0.94399875
vt -0.00609154 0.94400257
vt -0.00943556 0.94399875
vt -0.00609154 0.94400257
vt -0.00943760 0.94400245
vt -0.00943760 0.94400245
vt -0.00609154 0.94400257
vt -0.00943760 0.94599730
vt -0.05599745 1.02749419
vt -0.05599745 1.02942610
vt -0.05600126 1.02942550
vt -0.05600126 1.02942550
vt -0.05600126 1.02749360
vt -0.05599745 1.02749419
vt -0.05599745 1.02749419
vt -0.05600126 1.02749360
vt -0.05617182 1.01239181
vt -0.05599745 1.02749419
vt -0.05617182 1.01239181
vt -0.05589785 1.02750671
vt -0.05589785 1.02750671
vt -0.05617182 1.01239181
vt -0.05589977 1.01241279
vt -0.05589785 1.02750671
vt -0.05589977 1.01241279
vt -0.05575252 1.02752507
vt -0.05575252 1.02752507
vt -0.05589977 1.01241279
vt -0.05560020 1.01242673
vt -0.05528305 1.01243424
vt -0.05544275 1.02755046
vt -0.05560020 1.01242673
vt -0.05560020 1.01242673
vt -0.05544275 1.02755046
vt -0.05560020 1.02753925
vt -0.05560020 1.01242673
vt -0.05560020 1.02753925
vt -0.05575252 1.02752507
vt -0.05500078 1.01243615
vt -0.05514227 1.02756226
vt -0.05528305 1.01243424
vt -0.05528305 1.01243424
vt -0.05514227 1.02756226
vt -0.05528305 1.02755821
vt -0.05528305 1.01243424
vt -0.05528305 1.02755821
vt -0.05544275 1.02755046
vt -0.05468492 1.01243377
vt -0.05484276 1.02756190
vt -0.05500078 1.01243615
vt -0.05500078 1.01243615
vt -0.05484276 1.02756190
vt -0.05500078 1.02756357
vt -0.05500078 1.01243615
vt -0.05500078 1.02756357
vt -0.05514227 1.02756226
vt -0.05437820 1.01242590
vt -0.05452990 1.02754867
vt -0.05468492 1.01243377
vt -0.05468492 1.01243377
vt -0.05452990 1.02754867
vt -0.05468492 1.02755690
vt -0.05468492 1.01243377
vt -0.05468492 1.02755690
vt -0.05484276 1.02756190
vt -0.05400367 1.02749419
vt -0.05407978 1.02750492
vt -0.05407978 1.01241136
vt -0.05407978 1.01241136
vt -0.05407978 1.02750492
vt -0.05422702 1.02752268
vt -0.05407978 1.01241136
vt -0.05422702 1.02752268
vt -0.05437820 1.01242590
vt -0.05437820 1.01242590
vt -0.05422702 1.02752268
vt -0.05437820 1.02753735
vt -0.05437820 1.01242590
vt -0.05437820 1.02753735
vt -0.05452990 1.02754867
vt -0.05399819 1.02749336
vt -0.05399819 1.02942526
vt -0.05400367 1.02942610
vt -0.05400367 1.02942610
vt -0.05400367 1.02749419
vt -0.05399819 1.02749336
vt -0.05399819 1.02749336
vt -0.05400367 1.02749419
vt -0.05407978 1.01241136
vt -0.05399819 1.02749336
vt -0.05407978 1.01241136
vt -0.05380230 1.02746022
vt -0.05380230 1.02746022
vt -0.05407978 1.01241136
vt -0.05380230 1.01238918
vt -0.05380230 1.02746022
vt -0.05380230 1.01238918
vt -0.05369173 1.02743733
vt -0.05369173 1.02743733
vt -0.05380230 1.01238918
vt 0.00184712 1.01236272
vt -0.05369173 1.02743733
vt 0.00184712 1.01236272
vt 0.00587963 1.02741230
vt 0.00587963 1.02741230
vt 0.00184712 1.01236272
vt 0.00599260 1.02738202
vt 0.00599260 1.02738202
vt 0.00184712 1.01236272
vt 0.00192311 1.01235056
vt 0.00599260 1.02738202
vt 0.00192311 1.01235056
vt 0.00611284 1.02734983
vt 0.00611284 1.02734983
vt 0.00192311 1.01235056
vt 0.00208676 1.01232421
vt 0.00611284 1.02734983
vt 0.00208676 1.01232421
vt 0.00624127 1.02731538
vt 0.00624127 1.02731538
vt 0.00208676 1.01232421
vt 0.00235656 1.01227510
vt 0.00624127 1.02731538
vt 0.00235656 1.01227510
vt 0.00637686 1.02727902
vt 0.00637686 1.02727902
vt 0.00235656 1.01227510
vt 0.00652048 1.02724063
vt 0.00652048 1.02724063
vt 0.00235656 1.01227510
vt 0.00265214 1.01221466
vt 0.00652048 1.02724063
vt 0.00265214 1.01221466
vt 0.00666776 1.02720106
vt 0.00666776 1.02720106
vt 0.00265214 1.01221466
vt 0.00280094 1.01218057
vt 0.00666776 1.02720106
vt 0.00280094 1.01218057
vt 0.00681955 1.02716041
vt 0.00681955 1.02716041
vt 0.00280094 1.01218057
vt 0.00296242 1.01214361
vt 0.00681955 1.02716041
vt 0.00296242 1.01214361
vt 0.00697501 1.02711880
vt 0.00697501 1.02711880
vt 0.00296242 1.01214361
vt 0.00711037 1.02708256
vt 0.00711037 1.02708256
vt 0.00296242 1.01214361
vt 0.00323365 1.01207447
vt 0.00711037 1.02708256
vt 0.00323365 1.01207447
vt 0.00724535 1.02704632
vt 0.00724535 1.02704632
vt 0.00323365 1.01207447
vt 0.00724693 1.02704597
vt 0.00724693 1.02704597
vt 0.00323365 1.01207447
vt 0.00353736 1.01198864
vt 0.00724693 1.02704597
vt 0.00353736 1.01198864
vt 0.00739885 1.02700520
vt 0.00411198 1.01180351
vt 0.00799160 1.02684641
vt 0.00383012 1.01189792
vt 0.00383012 1.01189792
vt 0.00799160 1.02684641
vt 0.00784600 1.02688539
vt 0.00383012 1.01189792
vt 0.00784600 1.02688539
vt 0.00366460 1.01194918
vt 0.00366460 1.01194918
vt 0.00784600 1.02688539
vt 0.00769973 1.02692461
vt 0.00366460 1.01194918
vt 0.00769973 1.02692461
vt 0.00353736 1.01198864
vt 0.00353736 1.01198864
vt 0.00769973 1.02692461
vt 0.00755017 1.02696466
vt 0.00353736 1.01198864
vt 0.00755017 1.02696466
vt 0.00739885 1.02700520
vt 0.00437270 1.01170993
vt 0.00826937 1.02677190
vt 0.00411198 1.01180351
vt 0.00411198 1.01180351
vt 0.00826937 1.02677190
vt 0.00813258 1.02680862
vt 0.00411198 1.01180351
vt 0.00813258 1.02680862
vt 0.00799160 1.02684641
vt 0.05399865 1.02659822
vt 0.05382786 1.02662671
vt 0.05382786 1.01155329
vt 0.05382786 1.01155329
vt 0.05382786 1.02662671
vt 0.05370170 1.02665222
vt 0.05382786 1.01155329
vt 0.05370170 1.02665222
vt 0.00457949 1.01163089
vt 0.00457949 1.01163089
vt 0.05370170 1.02665222
vt 0.00861192 1.02668023
vt 0.00457949 1.01163089
vt 0.00861192 1.02668023
vt 0.00450984 1.01165748
vt 0.00450984 1.01165748
vt 0.00861192 1.02668023
vt 0.00850902 1.02670777
vt 0.00450984 1.01165748
vt 0.00850902 1.02670777
vt 0.00437270 1.01170993
vt 0.00437270 1.01170993
vt 0.00850902 1.02670777
vt 0.00839923 1.02673721
vt 0.00437270 1.01170993
vt 0.00839923 1.02673721
vt 0.00826937 1.02677190
vt 0.05400273 1.02659762
vt 0.05400273 1.02852952
vt 0.05399865 1.02853012
vt 0.05399865 1.02853012
vt 0.05399865 1.02659822
vt 0.05400273 1.02659762
vt 0.05400273 1.02659762
vt 0.05399865 1.02659822
vt 0.05382786 1.01155329
vt 0.05400273 1.02659762
vt 0.05382786 1.01155329
vt 0.05410354 1.02658498
vt 0.05410354 1.02658498
vt 0.05382786 1.01155329
vt 0.05410159 1.01148880
vt 0.05410354 1.02658498
vt 0.05410159 1.01148880
vt 0.05424948 1.02656662
vt 0.05424948 1.02656662
vt 0.05410159 1.01148880
vt 0.05440334 1.01143956
vt 0.05472181 1.01140940
vt 0.05456144 1.02654111
vt 0.05440334 1.01143956
vt 0.05440334 1.01143956
vt 0.05456144 1.02654111
vt 0.05440334 1.02655232
vt 0.05440334 1.01143956
vt 0.05440334 1.02655232
vt 0.05424948 1.02656662
vt 0.05500000 1.01140094
vt 0.05486005 1.02652955
vt 0.05472181 1.01140940
vt 0.05472181 1.01140940
vt 0.05486005 1.02652955
vt 0.05472181 1.02653348
vt 0.05472181 1.01140940
vt 0.05472181 1.02653348
vt 0.05456144 1.02654111
vt 0.05531474 1.01141167
vt 0.05515804 1.02652991
vt 0.05500000 1.01140094
vt 0.05500000 1.01140094
vt 0.05515804 1.02652991
vt 0.05500000 1.02652824
vt 0.05500000 1.01140094
vt 0.05500000 1.02652824
vt 0.05486005 1.02652955
vt 0.05562094 1.01144266
vt 0.05546980 1.02654302
vt 0.05531474 1.01141167
vt 0.05531474 1.01141167
vt 0.05546980 1.02654302
vt 0.05531474 1.02653491
vt 0.05531474 1.01141167
vt 0.05531474 1.02653491
vt 0.05515804 1.02652991
vt 0.05599754 1.02659762
vt 0.05591730 1.02658629
vt 0.05591730 1.01149249
vt 0.05591730 1.01149249
vt 0.05591730 1.02658629
vt 0.05577143 1.02656877
vt 0.05591730 1.01149249
vt 0.05577143 1.02656877
vt 0.05562094 1.01144266
vt 0.05562094 1.01144266
vt 0.05577143 1.02656877
vt 0.05562094 1.02655423
vt 0.05562094 1.01144266
vt 0.05562094 1.02655423
vt 0.05546980 1.02654302
vt 0.05600122 1.02659822
vt 0.05600122 1.02853000
vt 0.05599754 1.02852952
vt 0.05599754 1.02852952
vt 0.05599754 1.02659762
vt 0.05600122 1.02659822
vt 0.05600122 1.02659822
vt 0.05599754 1.02659762
vt 0.05591730 1.01149249
vt 0.05600122 1.02659822
vt 0.05591730 1.01149249
vt 0.05619307 1.02663064
vt 0.05619307 1.02663064
vt 0.05591730 1.01149249
vt 0.05619307 1.01155913
vt 0.05619307 1.02663064
vt 0.05619307 1.01155913
vt 0.05630726 1.02665424
vt 0.05630726 1.02665424
vt 0.05619307 1.01155913
vt -0.00458034 1.01163054
vt 0.05630726 1.02665424
vt -0.00458034 1.01163054
vt -0.00861281 1.02667999
vt -0.00861281 1.02667999
vt -0.00458034 1.01163054
vt -0.00450981 1.01165748
vt -0.00861281 1.02667999
vt -0.00450981 1.01165748
vt -0.00849932 1.02671039
vt -0.00849932 1.02671039
vt -0.00450981 1.01165748
vt -0.00435115 1.01171780
vt -0.00849932 1.02671039
vt -0.00435115 1.01171780
vt -0.00837715 1.02674305
vt -0.00837715 1.02674305
vt -0.00435115 1.01171780
vt -0.00824835 1.02677763
vt -0.00824835 1.02677763
vt -0.00435115 1.01171780
vt -0.00409331 1.01180983
vt -0.00824835 1.02677763
vt -0.00409331 1.01180983
vt -0.00811357 1.02681375
vt -0.00811357 1.02681375
vt -0.00409331 1.01180983
vt -0.00797061 1.02685201
vt -0.00797061 1.02685201
vt -0.00409331 1.01180983
vt -0.00380657 1.01190543
vt -0.00797061 1.02685201
vt -0.00380657 1.01190543
vt -0.00782216 1.02689183
vt -0.00782216 1.02689183
vt -0.00380657 1.01190543
vt -0.00366456 1.01194906
vt -0.00782216 1.02689183
vt -0.00366456 1.01194906
vt -0.00766940 1.02693272
vt -0.00766940 1.02693272
vt -0.00366456 1.01194906
vt -0.00350167 1.01199913
vt -0.00766940 1.02693272
vt -0.00350167 1.01199913
vt -0.00751424 1.02697432
vt -0.00751424 1.02697432
vt -0.00350167 1.01199913
vt -0.00738199 1.02700973
vt -0.00738199 1.02700973
vt -0.00350167 1.01199913
vt -0.00323634 1.01207376
vt -0.00738199 1.02700973
vt -0.00323634 1.01207376
vt -0.00724804 1.02704561
vt -0.00293223 1.01215076
vt -0.00709504 1.02708662
vt -0.00323634 1.01207376
vt -0.00323634 1.01207376
vt -0.00709504 1.02708662
vt -0.00724693 1.02704597
vt -0.00323634 1.01207376
vt -0.00724693 1.02704597
vt -0.00724804 1.02704561
vt -0.00233868 1.01227844
vt -0.00650055 1.02724588
vt -0.00263168 1.01221895
vt -0.00263168 1.01221895
vt -0.00650055 1.02724588
vt -0.00664758 1.02720654
vt -0.00263168 1.01221895
vt -0.00664758 1.02720654
vt -0.00280095 1.01218057
vt -0.00280095 1.01218057
vt -0.00664758 1.02720654
vt -0.00679537 1.02716696
vt -0.00280095 1.01218057
vt -0.00679537 1.02716696
vt -0.00293223 1.01215076
vt -0.00293223 1.01215076
vt -0.00679537 1.02716696
vt -0.00694503 1.02712679
vt -0.00293223 1.01215076
vt -0.00694503 1.02712679
vt -0.00709504 1.02708662
vt -0.00206497 1.01232791
vt -0.00622246 1.02732038
vt -0.00233868 1.01227844
vt -0.00233868 1.01227844
vt -0.00622246 1.02732038
vt -0.00635934 1.02728379
vt -0.00233868 1.01227844
vt -0.00635934 1.02728379
vt -0.00650055 1.02724588
vt -0.05600126 1.02749360
vt -0.05617182 1.02746522
vt -0.05617182 1.01239181
vt -0.05617182 1.01239181
vt -0.05617182 1.02746522
vt -0.05629762 1.02743971
vt -0.05617182 1.01239181
vt -0.05629762 1.02743971
vt -0.00184887 1.01236248
vt -0.00184887 1.01236248
vt -0.05629762 1.02743971
vt -0.00588132 1.02741182
vt -0.00184887 1.01236248
vt -0.00588132 1.02741182
vt -0.00192312 1.01235068
vt -0.00192312 1.01235068
vt -0.00588132 1.02741182
vt -0.00598270 1.02738464
vt -0.00192312 1.01235068
vt -0.00598270 1.02738464
vt -0.00206497 1.01232791
vt -0.00206497 1.01232791
vt -0.00598270 1.02738464
vt -0.00609159 1.02735555
vt -0.00206497 1.01232791
vt -0.00609159 1.02735555
vt -0.00622246 1.02732038
vt -0.00512541 1.05499995
vt -0.00510699 1.05472183
vt -0.00481008 1.05559981
vt -0.00512541 1.05499995
vt -0.00481008 1.05559981
vt -0.00510189 1.05531478
vt -0.00475832 1.05619311
vt -0.00481008 1.05559981
vt -0.00458034 1.05641437
vt -0.00458034 1.05641437
vt -0.00481008 1.05559981
vt -0.00450981 1.05647790
vt -0.00475832 1.05619311
vt -0.00491770 1.05591726
vt -0.00481008 1.05559981
vt -0.00481008 1.05559981
vt -0.00491770 1.05591726
vt -0.00503277 1.05562091
vt -0.00481008 1.05559981
vt -0.00503277 1.05562091
vt -0.00510189 1.05531478
vt -0.00510699 1.05472183
vt -0.00503985 1.05440331
vt -0.00481008 1.05559981
vt -0.00481008 1.05559981
vt -0.00503985 1.05440331
vt -0.00492646 1.05410159
vt -0.00481008 1.05559981
vt -0.00492646 1.05410159
vt -0.00477247 1.05382788
vt -0.00402071 1.05516827
vt -0.00366456 1.05694103
vt -0.00380657 1.05690706
vt -0.00380657 1.05690706
vt -0.00409331 1.05678499
vt -0.00402071 1.05516827
vt -0.00402071 1.05516827
vt -0.00409331 1.05678499
vt -0.00435115 1.05662084
vt -0.00402071 1.05516827
vt -0.00435115 1.05662084
vt -0.00450981 1.05647790
vt -0.00477247 1.05382788
vt -0.00457949 1.05358469
vt -0.00481008 1.05559981
vt -0.00481008 1.05559981
vt -0.00457949 1.05358469
vt -0.00450984 1.05352104
vt -0.00481008 1.05559981
vt -0.00450984 1.05352104
vt -0.00450981 1.05647790
vt -0.00450981 1.05647790
vt -0.00450984 1.05352104
vt -0.00437270 1.05339551
vt -0.00450981 1.05647790
vt -0.00437270 1.05339551
vt -0.00402071 1.05516827
vt -0.00402071 1.05516827
vt -0.00437270 1.05339551
vt -0.00411198 1.05322433
vt -0.00323293 1.05500019
vt -0.00296242 1.05302048
vt -0.00280094 1.05305839
vt -0.00366460 1.05305791
vt -0.00353736 1.05302548
vt -0.00323293 1.05500019
vt -0.00323293 1.05500019
vt -0.00353736 1.05302548
vt -0.00323365 1.05299997
vt -0.00323293 1.05500019
vt -0.00323365 1.05299997
vt -0.00296242 1.05302048
vt -0.00411198 1.05322433
vt -0.00383012 1.05310023
vt -0.00402071 1.05516827
vt -0.00402071 1.05516827
vt -0.00383012 1.05310023
vt -0.00366460 1.05305791
vt -0.00402071 1.05516827
vt -0.00366460 1.05305791
vt -0.00366456 1.05694103
vt -0.00366456 1.05694103
vt -0.00366460 1.05305791
vt -0.00323293 1.05500019
vt -0.00366456 1.05694103
vt -0.00323293 1.05500019
vt -0.00350167 1.05698001
vt -0.00350167 1.05698001
vt -0.00323293 1.05500019
vt -0.00323634 1.05700004
vt -0.00265214 1.05309343
vt -0.00235656 1.05321598
vt -0.00243425 1.05483031
vt -0.00235656 1.05321598
vt -0.00208676 1.05338168
vt -0.00243425 1.05483031
vt -0.00243425 1.05483031
vt -0.00208676 1.05338168
vt -0.00192311 1.05352199
vt -0.00243425 1.05483031
vt -0.00192311 1.05352199
vt -0.00206497 1.05660224
vt -0.00265214 1.05309343
vt -0.00243425 1.05483031
vt -0.00280094 1.05305839
vt -0.00280094 1.05305839
vt -0.00243425 1.05483031
vt -0.00280095 1.05694199
vt -0.00280094 1.05305839
vt -0.00280095 1.05694199
vt -0.00323293 1.05500019
vt -0.00323293 1.05500019
vt -0.00280095 1.05694199
vt -0.00293223 1.05697477
vt -0.00323293 1.05500019
vt -0.00293223 1.05697477
vt -0.00323634 1.05700004
vt -0.00206497 1.05660224
vt -0.00233868 1.05677474
vt -0.00243425 1.05483031
vt -0.00243425 1.05483031
vt -0.00233868 1.05677474
vt -0.00263168 1.05689967
vt -0.00243425 1.05483031
vt -0.00263168 1.05689967
vt -0.00280095 1.05694199
vt -0.00184712 1.05358708
vt -0.00179293 1.05514073
vt -0.00192311 1.05352199
vt -0.00192311 1.05352199
vt -0.00179293 1.05514073
vt -0.00192312 1.05647910
vt -0.00192311 1.05352199
vt -0.00192312 1.05647910
vt -0.00206497 1.05660224
vt -0.00147856 1.05589974
vt -0.00179293 1.05514073
vt -0.00135623 1.05560017
vt -0.00135623 1.05560017
vt -0.00179293 1.05514073
vt -0.00128263 1.05528307
vt -0.00147856 1.05589974
vt -0.00164327 1.05617177
vt -0.00179293 1.05514073
vt -0.00179293 1.05514073
vt -0.00164327 1.05617177
vt -0.00184887 1.05641460
vt -0.00179293 1.05514073
vt -0.00184887 1.05641460
vt -0.00192312 1.05647910
vt -0.00184712 1.05358708
vt -0.00166248 1.05380225
vt -0.00179293 1.05514073
vt -0.00179293 1.05514073
vt -0.00166248 1.05380225
vt -0.00148971 1.05407977
vt -0.00179293 1.05514073
vt -0.00148971 1.05407977
vt -0.00136391 1.05437815
vt -0.00136391 1.05437815
vt -0.00128791 1.05468488
vt -0.00179293 1.05514073
vt -0.00179293 1.05514073
vt -0.00128791 1.05468488
vt -0.00126171 1.05500078
vt -0.00179293 1.05514073
vt -0.00126171 1.05500078
vt -0.00128263 1.05528307
vt -0.05400367 1.02942610
vt -0.05599745 1.02942610
vt -0.05400367 1.02749419
vt -0.05400367 1.02749419
vt -0.05599745 1.02942610
vt -0.05599745 1.02749419
vt -0.00557390 0.94599634
vt -0.00557390 0.94400257
vt -0.00552707 0.94410217
vt -0.00546762 0.94577301
vt -0.00553400 0.94592023
vt -0.00532014 0.94485772
vt -0.00557390 0.94599634
vt -0.00552707 0.94410217
vt -0.00553400 0.94592023
vt -0.00553400 0.94592023
vt -0.00552707 0.94410217
vt -0.00545874 0.94424748
vt -0.00553400 0.94592023
vt -0.00545874 0.94424748
vt -0.00540562 0.94439977
vt -0.00540562 0.94439977
vt -0.00536408 0.94455725
vt -0.00553400 0.94592023
vt -0.00553400 0.94592023
vt -0.00536408 0.94455725
vt -0.00533508 0.94471693
vt -0.00553400 0.94592023
vt -0.00533508 0.94471693
vt -0.00532014 0.94485772
vt -0.00532135 0.94515723
vt -0.00534013 0.94531506
vt -0.00531508 0.94499922
vt -0.00531508 0.94499922
vt -0.00534013 0.94531506
vt -0.00537083 0.94547009
vt -0.00531508 0.94499922
vt -0.00537083 0.94547009
vt -0.00532014 0.94485772
vt -0.00532014 0.94485772
vt -0.00537083 0.94547009
vt -0.00541300 0.94562179
vt -0.00532014 0.94485772
vt -0.00541300 0.94562179
vt -0.00546762 0.94577301
vt 0.00776457 1.02897775
vt 0.00609457 1.02942526
vt 0.00724693 1.02704597
vt 0.00724693 1.02704597
vt 0.00609457 1.02942526
vt 0.00557693 1.02749336
vt 0.00724693 1.02704597
vt 0.00891770 1.02659822
vt 0.00776457 1.02897775
vt 0.00776457 1.02897775
vt 0.00891770 1.02659822
vt 0.00943534 1.02853012
vt -0.00724535 0.94700003
vt -0.00724693 0.94700003
vt -0.00557693 0.94600183
vt -0.00724535 0.94700003
vt -0.00557693 0.94600183
vt -0.00711037 0.94699484
vt -0.00599260 0.94652081
vt -0.00611284 0.94661832
vt -0.00697501 0.94697958
vt -0.00697501 0.94697958
vt -0.00611284 0.94661832
vt -0.00624127 0.94670630
vt -0.00697501 0.94697958
vt -0.00624127 0.94670630
vt -0.00637686 0.94678402
vt -0.00557693 0.94600183
vt -0.00570076 0.94619769
vt -0.00711037 0.94699484
vt -0.00711037 0.94699484
vt -0.00570076 0.94619769
vt -0.00578604 0.94630826
vt -0.00711037 0.94699484
vt -0.00578604 0.94630826
vt -0.00697501 0.94697958
vt -0.00697501 0.94697958
vt -0.00578604 0.94630826
vt -0.00587963 0.94641286
vt -0.00697501 0.94697958
vt -0.00587963 0.94641286
vt -0.00599260 0.94652081
vt -0.00637686 0.94678402
vt -0.00652048 0.94685149
vt -0.00697501 0.94697958
vt -0.00697501 0.94697958
vt -0.00652048 0.94685149
vt -0.00666776 0.94690657
vt -0.00697501 0.94697958
vt -0.00666776 0.94690657
vt -0.00681955 0.94694942
vt -0.00724693 0.94700003
vt -0.00850902 0.94651395
vt -0.00861192 0.94641531
vt -0.00755017 0.94697452
vt -0.00769973 0.94694310
vt -0.00839923 0.94660449
vt -0.00839923 0.94660449
vt -0.00769973 0.94694310
vt -0.00784600 0.94689983
vt -0.00861192 0.94641531
vt -0.00871612 0.94629830
vt -0.00724693 0.94700003
vt -0.00724693 0.94700003
vt -0.00871612 0.94629830
vt -0.00881138 0.94617212
vt -0.00724693 0.94700003
vt -0.00881138 0.94617212
vt -0.00891770 0.94600135
vt -0.00850902 0.94651395
vt -0.00724693 0.94700003
vt -0.00839923 0.94660449
vt -0.00839923 0.94660449
vt -0.00724693 0.94700003
vt -0.00739885 0.94699359
vt -0.00839923 0.94660449
vt -0.00739885 0.94699359
vt -0.00755017 0.94697452
vt -0.00784600 0.94689983
vt -0.00799160 0.94684362
vt -0.00839923 0.94660449
vt -0.00839923 0.94660449
vt -0.00799160 0.94684362
vt -0.00813258 0.94677573
vt -0.00839923 0.94660449
vt -0.00813258 0.94677573
vt -0.00826937 0.94669557
vt 0.05400273 1.02659762
vt 0.05599754 1.02659762
vt 0.05400273 1.02852952
vt 0.05400273 1.02852952
vt 0.05599754 1.02659762
vt 0.05599754 1.02852952
vt -0.00903585 0.94575053
vt -0.00896208 0.94408268
vt -0.00896731 0.94589645
vt -0.00896731 0.94589645
vt -0.00896208 0.94408268
vt -0.00891997 0.94400245
vt -0.00896731 0.94589645
vt -0.00891997 0.94400245
vt -0.00891997 0.94599730
vt -0.00903585 0.94575053
vt -0.00908930 0.94559664
vt -0.00896208 0.94408268
vt -0.00896208 0.94408268
vt -0.00908930 0.94559664
vt -0.00913071 0.94543856
vt -0.00896208 0.94408268
vt -0.00913071 0.94543856
vt -0.00915948 0.94527817
vt -0.00915948 0.94527817
vt -0.00917389 0.94513994
vt -0.00896208 0.94408268
vt -0.00896208 0.94408268
vt -0.00917389 0.94513994
vt -0.00917878 0.94499999
vt -0.00896208 0.94408268
vt -0.00917878 0.94499999
vt -0.00902769 0.94422859
vt -0.00902769 0.94422859
vt -0.00917878 0.94499999
vt -0.00908190 0.94437909
vt -0.00917257 0.94484198
vt -0.00915413 0.94468528
vt -0.00917878 0.94499999
vt -0.00917878 0.94499999
vt -0.00915413 0.94468528
vt -0.00912369 0.94453019
vt -0.00917878 0.94499999
vt -0.00912369 0.94453019
vt -0.00908190 0.94437909
vt -0.00724693 0.94300002
vt -0.00598270 0.94348794
vt -0.00588132 0.94358534
vt -0.00694503 0.94302529
vt -0.00679537 0.94305664
vt -0.00609159 0.94339782
vt -0.00609159 0.94339782
vt -0.00679537 0.94305664
vt -0.00664758 0.94310033
vt -0.00588132 0.94358534
vt -0.00577714 0.94370240
vt -0.00724693 0.94300002
vt -0.00724693 0.94300002
vt -0.00577714 0.94370240
vt -0.00568219 0.94382817
vt -0.00724693 0.94300002
vt -0.00568219 0.94382817
vt -0.00557601 0.94399875
vt -0.00598270 0.94348794
vt -0.00724693 0.94300002
vt -0.00609159 0.94339782
vt -0.00609159 0.94339782
vt -0.00724693 0.94300002
vt -0.00709504 0.94300640
vt -0.00609159 0.94339782
vt -0.00709504 0.94300640
vt -0.00694503 0.94302529
vt -0.00664758 0.94310033
vt -0.00650055 0.94315714
vt -0.00609159 0.94339782
vt -0.00609159 0.94339782
vt -0.00650055 0.94315714
vt -0.00635934 0.94322526
vt -0.00609159 0.94339782
vt -0.00635934 0.94322526
vt -0.00622246 0.94330567
vt -0.00724804 0.94300002
vt -0.00724693 0.94300002
vt -0.00891792 0.94399875
vt -0.00724804 0.94300002
vt -0.00891792 0.94399875
vt -0.00738199 0.94300514
vt -0.00738199 0.94300514
vt -0.00891792 0.94399875
vt -0.00879673 0.94380695
vt -0.00738199 0.94300514
vt -0.00879673 0.94380695
vt -0.00870876 0.94369274
vt -0.00870876 0.94369274
vt -0.00797061 0.94314814
vt -0.00782216 0.94309294
vt -0.00849932 0.94347763
vt -0.00837715 0.94337922
vt -0.00861281 0.94358563
vt -0.00861281 0.94358563
vt -0.00837715 0.94337922
vt -0.00824835 0.94329166
vt -0.00861281 0.94358563
vt -0.00824835 0.94329166
vt -0.00870876 0.94369274
vt -0.00870876 0.94369274
vt -0.00824835 0.94329166
vt -0.00811357 0.94321501
vt -0.00870876 0.94369274
vt -0.00811357 0.94321501
vt -0.00797061 0.94314814
vt -0.00782216 0.94309294
vt -0.00766940 0.94304997
vt -0.00870876 0.94369274
vt -0.00870876 0.94369274
vt -0.00766940 0.94304997
vt -0.00751424 0.94302005
vt -0.00870876 0.94369274
vt -0.00751424 0.94302005
vt -0.00738199 0.94300514
vt -0.00724693 1.02704597
vt -0.00557601 1.02749360
vt -0.00776457 1.02897775
vt -0.00776457 1.02897775
vt -0.00557601 1.02749360
vt -0.00609365 1.02942550
vt -0.00776457 1.02897775
vt -0.00943556 1.02853000
vt -0.00724693 1.02704597
vt -0.00724693 1.02704597
vt -0.00943556 1.02853000
vt -0.00891792 1.02659822
vt 0.00943760 0.94400257
vt 0.00943760 0.94599634
vt 0.00609154 0.94599730
vt 0.00943457 0.94600183
vt 0.00776457 0.94700003
vt 0.00943760 0.94599634
vt 0.00943760 0.94599634
vt 0.00776457 0.94700003
vt 0.00609380 0.94600135
vt 0.00943760 0.94599634
vt 0.00609380 0.94600135
vt 0.00609154 0.94599730
vt 0.00776457 0.94300002
vt 0.00943549 0.94399875
vt 0.00609358 0.94399875
vt 0.00609358 0.94399875
vt 0.00943549 0.94399875
vt 0.00943760 0.94400257
vt 0.00609358 0.94399875
vt 0.00943760 0.94400257
vt 0.00609154 0.94400245
vt 0.00609154 0.94400245
vt 0.00943760 0.94400257
vt 0.00609154 0.94599730
vt -0.05599745 1.02852952
vt -0.05600126 1.02853000
vt -0.05599745 1.02659762
vt -0.05599745 1.02659762
vt -0.05600126 1.02853000
vt -0.05600126 1.02659822
vt -0.05599745 1.02659762
vt -0.05600126 1.02659822
vt -0.05590411 1.01148999
vt -0.05590411 1.01148999
vt -0.05600126 1.02659822
vt -0.05617376 1.01155376
vt -0.05560725 1.01144099
vt -0.05575818 1.02656734
vt -0.05590411 1.01148999
vt -0.05590411 1.01148999
vt -0.05575818 1.02656734
vt -0.05590228 1.02658558
vt -0.05590411 1.01148999
vt -0.05590228 1.02658558
vt -0.05599745 1.02659762
vt -0.05529286 1.01141036
vt -0.05545126 1.02654195
vt -0.05560725 1.01144099
vt -0.05560725 1.01144099
vt -0.05545126 1.02654195
vt -0.05560725 1.02655315
vt -0.05560725 1.01144099
vt -0.05560725 1.02655315
vt -0.05575818 1.02656734
vt -0.05500078 1.01140094
vt -0.05514721 1.02652979
vt -0.05529286 1.01141036
vt -0.05529286 1.01141036
vt -0.05514721 1.02652979
vt -0.05529286 1.02653408
vt -0.05529286 1.01141036
vt -0.05529286 1.02653408
vt -0.05545126 1.02654195
vt -0.05468727 1.01141167
vt -0.05484395 1.02652991
vt -0.05500078 1.01140094
vt -0.05500078 1.01140094
vt -0.05484395 1.02652991
vt -0.05500078 1.02652824
vt -0.05500078 1.01140094
vt -0.05500078 1.02652824
vt -0.05514721 1.02652979
vt -0.05438281 1.01144254
vt -0.05453340 1.02654302
vt -0.05468727 1.01141167
vt -0.05468727 1.01141167
vt -0.05453340 1.02654302
vt -0.05468727 1.02653491
vt -0.05468727 1.01141167
vt -0.05468727 1.02653491
vt -0.05484395 1.02652991
vt -0.05400367 1.02659762
vt -0.05408638 1.02658606
vt -0.05408638 1.01149213
vt -0.05408638 1.01149213
vt -0.05408638 1.02658606
vt -0.05423269 1.02656853
vt -0.05408638 1.01149213
vt -0.05423269 1.02656853
vt -0.05438281 1.01144254
vt -0.05438281 1.01144254
vt -0.05423269 1.02656853
vt -0.05438281 1.02655411
vt -0.05438281 1.01144254
vt -0.05438281 1.02655411
vt -0.05453340 1.02654302
vt -0.05399819 1.02659845
vt -0.05399819 1.02853036
vt -0.05400367 1.02852952
vt -0.05400367 1.02852952
vt -0.05400367 1.02659762
vt -0.05399819 1.02659845
vt -0.05399819 1.02659845
vt -0.05400367 1.02659762
vt -0.05408638 1.01149213
vt -0.05399819 1.02659845
vt -0.05408638 1.01149213
vt -0.05381031 1.02663004
vt -0.05381031 1.02663004
vt -0.05408638 1.01149213
vt -0.05381031 1.01155829
vt -0.05381031 1.02663004
vt -0.05381031 1.01155829
vt -0.05369552 1.02665365
vt -0.05369552 1.02665365
vt -0.05381031 1.01155829
vt -0.00458173 1.01163006
vt -0.05369552 1.02665365
vt -0.00458173 1.01163006
vt -0.00861424 1.02667952
vt -0.00861424 1.02667952
vt -0.00458173 1.01163006
vt -0.00850214 1.02670956
vt -0.00850214 1.02670956
vt -0.00458173 1.01163006
vt -0.00450982 1.01165748
vt -0.00850214 1.02670956
vt -0.00450982 1.01165748
vt -0.00838288 1.02674150
vt -0.00838288 1.02674150
vt -0.00450982 1.01165748
vt -0.00435675 1.01171589
vt -0.00838288 1.02674150
vt -0.00435675 1.01171589
vt -0.00825557 1.02677572
vt -0.00825557 1.02677572
vt -0.00435675 1.01171589
vt -0.00410082 1.01180744
vt -0.00825557 1.02677572
vt -0.00410082 1.01180744
vt -0.00812120 1.02681172
vt -0.00812120 1.02681172
vt -0.00410082 1.01180744
vt -0.00797888 1.02684975
vt -0.00797888 1.02684975
vt -0.00410082 1.01180744
vt -0.00381724 1.01190209
vt -0.00797888 1.02684975
vt -0.00381724 1.01190209
vt -0.00783295 1.02688885
vt -0.00783295 1.02688885
vt -0.00381724 1.01190209
vt -0.00366460 1.01194918
vt -0.00783295 1.02688885
vt -0.00366460 1.01194918
vt -0.00768246 1.02692926
vt -0.00768246 1.02692926
vt -0.00366460 1.01194918
vt -0.00351570 1.01199508
vt -0.00768246 1.02692926
vt -0.00351570 1.01199508
vt -0.00752835 1.02697051
vt -0.00752835 1.02697051
vt -0.00351570 1.01199508
vt -0.00738826 1.02700806
vt -0.00738826 1.02700806
vt -0.00351570 1.01199508
vt -0.00323682 1.01207364
vt -0.00738826 1.02700806
vt -0.00323682 1.01207364
vt -0.00724852 1.02704549
vt -0.00724852 1.02704549
vt -0.00323682 1.01207364
vt -0.00724693 1.02704597
vt -0.00724693 1.02704597
vt -0.00323682 1.01207364
vt -0.00293316 1.01215065
vt -0.00724693 1.02704597
vt -0.00293316 1.01215065
vt -0.00709615 1.02708638
vt -0.00234712 1.01227689
vt -0.00650767 1.02724397
vt -0.00263646 1.01221800
vt -0.00263646 1.01221800
vt -0.00650767 1.02724397
vt -0.00665229 1.02720523
vt -0.00263646 1.01221800
vt -0.00665229 1.02720523
vt -0.00280098 1.01218069
vt -0.00280098 1.01218069
vt -0.00665229 1.02720523
vt -0.00679753 1.02716637
vt -0.00280098 1.01218069
vt -0.00679753 1.02716637
vt -0.00293316 1.01215065
vt -0.00293316 1.01215065
vt -0.00679753 1.02716637
vt -0.00694595 1.02712655
vt -0.00293316 1.01215065
vt -0.00694595 1.02712655
vt -0.00709615 1.02708638
vt -0.00207598 1.01232612
vt -0.00623164 1.02731800
vt -0.00234712 1.01227689
vt -0.00234712 1.01227689
vt -0.00623164 1.02731800
vt -0.00636760 1.02728152
vt -0.00234712 1.01227689
vt -0.00636760 1.02728152
vt -0.00650767 1.02724397
vt 0.05399865 1.02749360
vt 0.05382591 1.02746475
vt 0.05382591 1.01239145
vt 0.05382591 1.01239145
vt 0.05382591 1.02746475
vt 0.05370077 1.02743936
vt 0.05382591 1.01239145
vt 0.05370077 1.02743936
vt -0.00184951 1.01236236
vt -0.00184951 1.01236236
vt 0.05370077 1.02743936
vt -0.00588194 1.02741170
vt -0.00184951 1.01236236
vt -0.00588194 1.02741170
vt -0.00192313 1.01235056
vt -0.00192313 1.01235056
vt -0.00588194 1.02741170
vt -0.00598846 1.02738309
vt -0.00192313 1.01235056
vt -0.00598846 1.02738309
vt -0.00207598 1.01232612
vt -0.00207598 1.01232612
vt -0.00598846 1.02738309
vt -0.00610233 1.02735257
vt -0.00207598 1.01232612
vt -0.00610233 1.02735257
vt -0.00623164 1.02731800
vt 0.05400273 1.02749419
vt 0.05400273 1.02942610
vt 0.05399865 1.02942550
vt 0.05399865 1.02942550
vt 0.05399865 1.02749360
vt 0.05400273 1.02749419
vt 0.05400273 1.02749419
vt 0.05399865 1.02749360
vt 0.05382591 1.01239145
vt 0.05400273 1.02749419
vt 0.05382591 1.01239145
vt 0.05409906 1.02750635
vt 0.05409906 1.02750635
vt 0.05382591 1.01239145
vt 0.05409720 1.01241255
vt 0.05409906 1.02750635
vt 0.05409720 1.01241255
vt 0.05424374 1.02752471
vt 0.05424374 1.02752471
vt 0.05409720 1.01241255
vt 0.05439621 1.01242661
vt 0.05471193 1.01243412
vt 0.05455295 1.02755022
vt 0.05439621 1.01242661
vt 0.05439621 1.01242661
vt 0.05455295 1.02755022
vt 0.05439621 1.02753901
vt 0.05439621 1.01242661
vt 0.05439621 1.02753901
vt 0.05424374 1.02752471
vt 0.05500000 1.01243615
vt 0.05485505 1.02756214
vt 0.05471193 1.01243412
vt 0.05471193 1.01243412
vt 0.05485505 1.02756214
vt 0.05471193 1.02755797
vt 0.05471193 1.01243412
vt 0.05471193 1.02755797
vt 0.05455295 1.02755022
vt 0.05531232 1.01243377
vt 0.05515682 1.02756190
vt 0.05500000 1.01243615
vt 0.05500000 1.01243615
vt 0.05515682 1.02756190
vt 0.05500000 1.02756357
vt 0.05500000 1.01243615
vt 0.05500000 1.02756357
vt 0.05485505 1.02756214
vt 0.05561628 1.01242614
vt 0.05546621 1.02754903
vt 0.05531232 1.01243377
vt 0.05531232 1.01243377
vt 0.05546621 1.02754903
vt 0.05531232 1.02755702
vt 0.05531232 1.01243377
vt 0.05531232 1.02755702
vt 0.05515682 1.02756190
vt 0.05599754 1.02749419
vt 0.05591069 1.02750635
vt 0.05591069 1.01241207
vt 0.05591069 1.01241207
vt 0.05591069 1.02750635
vt 0.05576576 1.02752364
vt 0.05591069 1.01241207
vt 0.05576576 1.02752364
vt 0.05561628 1.01242614
vt 0.05561628 1.01242614
vt 0.05576576 1.02752364
vt 0.05561628 1.02753794
vt 0.05561628 1.01242614
vt 0.05561628 1.02753794
vt 0.05546621 1.02754903
vt 0.05600122 1.02749372
vt 0.05600122 1.02942550
vt 0.05599754 1.02942610
vt 0.05599754 1.02942610
vt 0.05599754 1.02749419
vt 0.05600122 1.02749372
vt 0.05600122 1.02749372
vt 0.05599754 1.02749419
vt 0.05591069 1.01241207
vt 0.05600122 1.02749372
vt 0.05591069 1.01241207
vt 0.05618504 1.02746272
vt 0.05618504 1.02746272
vt 0.05591069 1.01241207
vt 0.05618504 1.01239049
vt 0.05618504 1.02746272
vt 0.05618504 1.01239049
vt 0.05630349 1.02743840
vt 0.05630349 1.02743840
vt 0.05618504 1.01239049
vt 0.00184860 1.01236260
vt 0.05630349 1.02743840
vt 0.00184860 1.01236260
vt 0.00588106 1.02741194
vt 0.00588106 1.02741194
vt 0.00184860 1.01236260
vt 0.00192312 1.01235056
vt 0.00588106 1.02741194
vt 0.00192312 1.01235056
vt 0.00599365 1.02738178
vt 0.00599365 1.02738178
vt 0.00192312 1.01235056
vt 0.00208878 1.01232386
vt 0.00599365 1.02738178
vt 0.00208878 1.01232386
vt 0.00611483 1.02734923
vt 0.00611483 1.02734923
vt 0.00208878 1.01232386
vt 0.00624249 1.02731502
vt 0.00624249 1.02731502
vt 0.00208878 1.01232386
vt 0.00235571 1.01227510
vt 0.00624249 1.02731502
vt 0.00235571 1.01227510
vt 0.00637606 1.02727926
vt 0.00637606 1.02727926
vt 0.00235571 1.01227510
vt 0.00651769 1.02724135
vt 0.00651769 1.02724135
vt 0.00235571 1.01227510
vt 0.00264913 1.01221514
vt 0.00651769 1.02724135
vt 0.00264913 1.01221514
vt 0.00666482 1.02720189
vt 0.00666482 1.02720189
vt 0.00264913 1.01221514
vt 0.00280094 1.01218045
vt 0.00666482 1.02720189
vt 0.00280094 1.01218045
vt 0.00681628 1.02716136
vt 0.00681628 1.02716136
vt 0.00280094 1.01218045
vt 0.00295746 1.01214468
vt 0.00681628 1.02716136
vt 0.00295746 1.01214468
vt 0.00697010 1.02712011
vt 0.00697010 1.02712011
vt 0.00295746 1.01214468
vt 0.00710705 1.02708340
vt 0.00710705 1.02708340
vt 0.00295746 1.01214468
vt 0.00323414 1.01207435
vt 0.00710705 1.02708340
vt 0.00323414 1.01207435
vt 0.00724583 1.02704620
vt 0.00353381 1.01198971
vt 0.00739770 1.02700555
vt 0.00323414 1.01207435
vt 0.00323414 1.01207435
vt 0.00739770 1.02700555
vt 0.00724693 1.02704597
vt 0.00323414 1.01207435
vt 0.00724693 1.02704597
vt 0.00724583 1.02704620
vt 0.00410766 1.01180494
vt 0.00798788 1.02684736
vt 0.00382602 1.01189923
vt 0.00382602 1.01189923
vt 0.00798788 1.02684736
vt 0.00784187 1.02688646
vt 0.00382602 1.01189923
vt 0.00784187 1.02688646
vt 0.00366460 1.01194918
vt 0.00366460 1.01194918
vt 0.00784187 1.02688646
vt 0.00769515 1.02692580
vt 0.00366460 1.01194918
vt 0.00769515 1.02692580
vt 0.00353381 1.01198971
vt 0.00353381 1.01198971
vt 0.00769515 1.02692580
vt 0.00754660 1.02696562
vt 0.00353381 1.01198971
vt 0.00754660 1.02696562
vt 0.00739770 1.02700555
vt 0.00436815 1.01171160
vt 0.00826434 1.02677333
vt 0.00410766 1.01180494
vt 0.00410766 1.01180494
vt 0.00826434 1.02677333
vt 0.00812819 1.02680981
vt 0.00410766 1.01180494
vt 0.00812819 1.02680981
vt 0.00798788 1.02684736
vt -0.05600126 1.02659822
vt -0.05617376 1.02662706
vt -0.05617376 1.01155376
vt -0.05617376 1.01155376
vt -0.05617376 1.02662706
vt -0.05629852 1.02665234
vt -0.05617376 1.01155376
vt -0.05629852 1.02665234
vt 0.00458009 1.01163065
vt 0.00458009 1.01163065
vt -0.05629852 1.02665234
vt 0.00861254 1.02667999
vt 0.00458009 1.01163065
vt 0.00861254 1.02667999
vt 0.00450984 1.01165748
vt 0.00450984 1.01165748
vt 0.00861254 1.02667999
vt 0.00850756 1.02670813
vt 0.00450984 1.01165748
vt 0.00850756 1.02670813
vt 0.00436815 1.01171160
vt 0.00436815 1.01171160
vt 0.00850756 1.02670813
vt 0.00839458 1.02673841
vt 0.00436815 1.01171160
vt 0.00839458 1.02673841
vt 0.00826434 1.02677333
vt 0.00126171 1.05499995
vt 0.00128337 1.05471194
vt 0.00160381 1.05559492
vt 0.00126171 1.05499995
vt 0.00160381 1.05559492
vt 0.00128710 1.05531228
vt 0.00165283 1.05618501
vt 0.00160381 1.05559492
vt 0.00184860 1.05641437
vt 0.00184860 1.05641437
vt 0.00160381 1.05559492
vt 0.00192312 1.05647802
vt 0.00165283 1.05618501
vt 0.00148402 1.05591071
vt 0.00160381 1.05559492
vt 0.00160381 1.05559492
vt 0.00148402 1.05591071
vt 0.00136130 1.05561626
vt 0.00160381 1.05559492
vt 0.00136130 1.05561626
vt 0.00128710 1.05531228
vt 0.00128337 1.05471194
vt 0.00135740 1.05439615
vt 0.00160381 1.05559492
vt 0.00160381 1.05559492
vt 0.00135740 1.05439615
vt 0.00148017 1.05409718
vt 0.00160381 1.05559492
vt 0.00148017 1.05409718
vt 0.00164498 1.05382586
vt 0.00192313 1.05352128
vt 0.00207598 1.05338967
vt 0.00271902 1.05501986
vt 0.00271902 1.05501986
vt 0.00207598 1.05338967
vt 0.00234712 1.05322087
vt 0.00235571 1.05678284
vt 0.00271902 1.05501986
vt 0.00264913 1.05690479
vt 0.00264913 1.05690479
vt 0.00271902 1.05501986
vt 0.00280094 1.05694115
vt 0.00164498 1.05382586
vt 0.00184951 1.05358469
vt 0.00160381 1.05559492
vt 0.00160381 1.05559492
vt 0.00184951 1.05358469
vt 0.00192313 1.05352128
vt 0.00160381 1.05559492
vt 0.00192313 1.05352128
vt 0.00192312 1.05647802
vt 0.00192312 1.05647802
vt 0.00192313 1.05352128
vt 0.00271902 1.05501986
vt 0.00192312 1.05647802
vt 0.00271902 1.05501986
vt 0.00208878 1.05661941
vt 0.00208878 1.05661941
vt 0.00271902 1.05501986
vt 0.00235571 1.05678284
vt 0.00323753 1.05500019
vt 0.00351570 1.05302191
vt 0.00366460 1.05305839
vt 0.00280098 1.05305791
vt 0.00293316 1.05302513
vt 0.00323753 1.05500019
vt 0.00323753 1.05500019
vt 0.00293316 1.05302513
vt 0.00323682 1.05299997
vt 0.00323753 1.05500019
vt 0.00323682 1.05299997
vt 0.00351570 1.05302191
vt 0.00234712 1.05322087
vt 0.00263646 1.05309868
vt 0.00271902 1.05501986
vt 0.00271902 1.05501986
vt 0.00263646 1.05309868
vt 0.00280098 1.05305791
vt 0.00271902 1.05501986
vt 0.00280098 1.05305791
vt 0.00280094 1.05694115
vt 0.00280094 1.05694115
vt 0.00280098 1.05305791
vt 0.00323753 1.05500019
vt 0.00280094 1.05694115
vt 0.00323753 1.05500019
vt 0.00295746 1.05697858
vt 0.00295746 1.05697858
vt 0.00323753 1.05500019
vt 0.00323414 1.05700004
vt 0.00381724 1.05309570
vt 0.00410082 1.05321813
vt 0.00401843 1.05483317
vt 0.00410082 1.05321813
vt 0.00435675 1.05338311
vt 0.00401843 1.05483317
vt 0.00401843 1.05483317
vt 0.00435675 1.05338311
vt 0.00450982 1.05352187
vt 0.00401843 1.05483317
vt 0.00450982 1.05352187
vt 0.00436815 1.05660808
vt 0.00381724 1.05309570
vt 0.00401843 1.05483317
vt 0.00366460 1.05305839
vt 0.00366460 1.05305839
vt 0.00401843 1.05483317
vt 0.00366460 1.05694199
vt 0.00366460 1.05305839
vt 0.00366460 1.05694199
vt 0.00323753 1.05500019
vt 0.00323753 1.05500019
vt 0.00366460 1.05694199
vt 0.00353381 1.05697513
vt 0.00323753 1.05500019
vt 0.00353381 1.05697513
vt 0.00323414 1.05700004
vt 0.00436815 1.05660808
vt 0.00410766 1.05677807
vt 0.00401843 1.05483317
vt 0.00401843 1.05483317
vt 0.00410766 1.05677807
vt 0.00382602 1.05690122
vt 0.00401843 1.05483317
vt 0.00382602 1.05690122
vt 0.00366460 1.05694199
vt 0.00458173 1.05358708
vt 0.00463542 1.05514455
vt 0.00450982 1.05352187
vt 0.00450982 1.05352187
vt 0.00463542 1.05514455
vt 0.00450984 1.05647874
vt 0.00450982 1.05352187
vt 0.00450984 1.05647874
vt 0.00436815 1.05660808
vt 0.00492390 1.05590415
vt 0.00463542 1.05514455
vt 0.00503678 1.05560720
vt 0.00503678 1.05560720
vt 0.00463542 1.05514455
vt 0.00510499 1.05529284
vt 0.00492390 1.05590415
vt 0.00477146 1.05617380
vt 0.00463542 1.05514455
vt 0.00463542 1.05514455
vt 0.00477146 1.05617380
vt 0.00458009 1.05641460
vt 0.00463542 1.05514455
vt 0.00458009 1.05641460
vt 0.00450984 1.05647874
vt 0.00458173 1.05358708
vt 0.00476033 1.05381036
vt 0.00463542 1.05514455
vt 0.00463542 1.05514455
vt 0.00476033 1.05381036
vt 0.00491873 1.05408633
vt 0.00463542 1.05514455
vt 0.00491873 1.05408633
vt 0.00503318 1.05438280
vt 0.00503318 1.05438280
vt 0.00510186 1.05468726
vt 0.00463542 1.05514455
vt 0.00463542 1.05514455
vt 0.00510186 1.05468726
vt 0.00512541 1.05500078
vt 0.00463542 1.05514455
vt 0.00512541 1.05500078
vt 0.00510499 1.05529284
vt -0.05400367 1.02852952
vt -0.05599745 1.02852952
vt -0.05400367 1.02659762
vt -0.05400367 1.02659762
vt -0.05599745 1.02852952
vt -0.05599745 1.02659762
vt 0.00891997 0.94599634
vt 0.00891997 0.94400257
vt 0.00896488 0.94409770
vt 0.00902853 0.94576728
vt 0.00896314 0.94591361
vt 0.00917337 0.94485277
vt 0.00891997 0.94599634
vt 0.00896488 0.94409770
vt 0.00896314 0.94591361
vt 0.00896314 0.94591361
vt 0.00896488 0.94409770
vt 0.00903289 0.94424182
vt 0.00896314 0.94591361
vt 0.00903289 0.94424182
vt 0.00908608 0.94439274
vt 0.00908608 0.94439274
vt 0.00912788 0.94454873
vt 0.00896314 0.94591361
vt 0.00896314 0.94591361
vt 0.00912788 0.94454873
vt 0.00915738 0.94470716
vt 0.00896314 0.94591361
vt 0.00915738 0.94470716
vt 0.00917337 0.94485277
vt 0.00917261 0.94515604
vt 0.00915410 0.94531274
vt 0.00917878 0.94499922
vt 0.00917878 0.94499922
vt 0.00915410 0.94531274
vt 0.00912386 0.94546658
vt 0.00917878 0.94499922
vt 0.00912386 0.94546658
vt 0.00917337 0.94485277
vt 0.00917337 0.94485277
vt 0.00912386 0.94546658
vt 0.00908233 0.94561720
vt 0.00917337 0.94485277
vt 0.00908233 0.94561720
vt 0.00902853 0.94576728
vt -0.00776457 1.02897775
vt -0.00943457 1.02853036
vt -0.00724693 1.02704597
vt -0.00724693 1.02704597
vt -0.00943457 1.02853036
vt -0.00891693 1.02659845
vt -0.00724693 1.02704597
vt -0.00557616 1.02749360
vt -0.00776457 1.02897775
vt -0.00776457 1.02897775
vt -0.00557616 1.02749360
vt -0.00609380 1.02942550
vt 0.00724852 0.94700003
vt 0.00724693 0.94700003
vt 0.00891693 0.94600183
vt 0.00724852 0.94700003
vt 0.00891693 0.94600183
vt 0.00738826 0.94699448
vt 0.00850214 0.94652003
vt 0.00838288 0.94661689
vt 0.00752835 0.94697809
vt 0.00752835 0.94697809
vt 0.00838288 0.94661689
vt 0.00825557 0.94670445
vt 0.00752835 0.94697809
vt 0.00825557 0.94670445
vt 0.00812120 0.94678181
vt 0.00891693 0.94600183
vt 0.00879881 0.94618970
vt 0.00738826 0.94699448
vt 0.00738826 0.94699448
vt 0.00879881 0.94618970
vt 0.00871097 0.94630450
vt 0.00738826 0.94699448
vt 0.00871097 0.94630450
vt 0.00752835 0.94697809
vt 0.00752835 0.94697809
vt 0.00871097 0.94630450
vt 0.00861424 0.94641286
vt 0.00752835 0.94697809
vt 0.00861424 0.94641286
vt 0.00850214 0.94652003
vt 0.00812120 0.94678181
vt 0.00797888 0.94684923
vt 0.00752835 0.94697809
vt 0.00752835 0.94697809
vt 0.00797888 0.94684923
vt 0.00783295 0.94690430
vt 0.00752835 0.94697809
vt 0.00783295 0.94690430
vt 0.00768246 0.94694746
vt 0.00588194 0.94641531
vt 0.00724693 0.94700003
vt 0.00598846 0.94651717
vt 0.00598846 0.94651717
vt 0.00724693 0.94700003
vt 0.00709615 0.94699371
vt 0.00598846 0.94651717
vt 0.00709615 0.94699371
vt 0.00694595 0.94697493
vt 0.00636760 0.94677907
vt 0.00623164 0.94670016
vt 0.00610233 0.94661033
vt 0.00588194 0.94641531
vt 0.00577850 0.94629920
vt 0.00724693 0.94700003
vt 0.00724693 0.94700003
vt 0.00577850 0.94629920
vt 0.00568384 0.94617409
vt 0.00724693 0.94700003
vt 0.00568384 0.94617409
vt 0.00557616 0.94600135
vt 0.00694595 0.94697493
vt 0.00679753 0.94694394
vt 0.00598846 0.94651717
vt 0.00598846 0.94651717
vt 0.00679753 0.94694394
vt 0.00665229 0.94690132
vt 0.00598846 0.94651717
vt 0.00665229 0.94690132
vt 0.00610233 0.94661033
vt 0.00610233 0.94661033
vt 0.00665229 0.94690132
vt 0.00650767 0.94684595
vt 0.00610233 0.94661033
vt 0.00650767 0.94684595
vt 0.00636760 0.94677907
vt 0.05400273 1.02749419
vt 0.05599754 1.02749419
vt 0.05400273 1.02942610
vt 0.05400273 1.02942610
vt 0.05599754 1.02749419
vt 0.05599754 1.02942610
vt 0.00557390 0.94400245
vt 0.00557390 0.94599730
vt 0.00552849 0.94590092
vt 0.00546389 0.94423425
vt 0.00552852 0.94408929
vt 0.00532033 0.94514495
vt 0.00557390 0.94400245
vt 0.00552849 0.94590092
vt 0.00552852 0.94408929
vt 0.00552852 0.94408929
vt 0.00552849 0.94590092
vt 0.00546028 0.94575626
vt 0.00552852 0.94408929
vt 0.00546028 0.94575626
vt 0.00540675 0.94560379
vt 0.00540675 0.94560379
vt 0.00536505 0.94544703
vt 0.00552852 0.94408929
vt 0.00552852 0.94408929
vt 0.00536505 0.94544703
vt 0.00533579 0.94528806
vt 0.00552852 0.94408929
vt 0.00533579 0.94528806
vt 0.00532033 0.94514495
vt 0.00532121 0.94484317
vt 0.00533936 0.94468766
vt 0.00531508 0.94499999
vt 0.00531508 0.94499999
vt 0.00533936 0.94468766
vt 0.00536934 0.94453377
vt 0.00531508 0.94499999
vt 0.00536934 0.94453377
vt 0.00532033 0.94514495
vt 0.00532033 0.94514495
vt 0.00536934 0.94453377
vt 0.00541049 0.94438374
vt 0.00532033 0.94514495
vt 0.00541049 0.94438374
vt 0.00546389 0.94423425
vt 0.00861254 0.94358534
vt 0.00724693 0.94300002
vt 0.00850756 0.94348472
vt 0.00850756 0.94348472
vt 0.00724693 0.94300002
vt 0.00739770 0.94300634
vt 0.00850756 0.94348472
vt 0.00739770 0.94300634
vt 0.00754660 0.94302487
vt 0.00812819 0.94322193
vt 0.00826434 0.94330114
vt 0.00839458 0.94339192
vt 0.00861254 0.94358534
vt 0.00871598 0.94370151
vt 0.00724693 0.94300002
vt 0.00724693 0.94300002
vt 0.00871598 0.94370151
vt 0.00881033 0.94382626
vt 0.00724693 0.94300002
vt 0.00881033 0.94382626
vt 0.00891786 0.94399875
vt 0.00754660 0.94302487
vt 0.00769515 0.94305581
vt 0.00850756 0.94348472
vt 0.00850756 0.94348472
vt 0.00769515 0.94305581
vt 0.00784187 0.94309884
vt 0.00850756 0.94348472
vt 0.00784187 0.94309884
vt 0.00839458 0.94339192
vt 0.00839458 0.94339192
vt 0.00784187 0.94309884
vt 0.00798788 0.94315475
vt 0.00839458 0.94339192
vt 0.00798788 0.94315475
vt 0.00812819 0.94322193
vt 0.00697010 0.94302148
vt 0.00710705 0.94300550
vt 0.00557594 0.94399875
vt 0.00557594 0.94399875
vt 0.00710705 0.94300550
vt 0.00724583 0.94300002
vt 0.00557594 0.94399875
vt 0.00724583 0.94300002
vt 0.00724693 0.94300002
vt 0.00624249 0.94329357
vt 0.00637606 0.94321716
vt 0.00578198 0.94369650
vt 0.00578198 0.94369650
vt 0.00637606 0.94321716
vt 0.00651769 0.94315052
vt 0.00578198 0.94369650
vt 0.00651769 0.94315052
vt 0.00666482 0.94309515
vt 0.00624249 0.94329357
vt 0.00578198 0.94369650
vt 0.00611483 0.94338059
vt 0.00611483 0.94338059
vt 0.00578198 0.94369650
vt 0.00588106 0.94358563
vt 0.00611483 0.94338059
vt 0.00588106 0.94358563
vt 0.00599365 0.94347841
vt 0.00557594 0.94399875
vt 0.00569144 0.94381499
vt 0.00697010 0.94302148
vt 0.00697010 0.94302148
vt 0.00569144 0.94381499
vt 0.00578198 0.94369650
vt 0.00697010 0.94302148
vt 0.00578198 0.94369650
vt 0.00681628 0.94305193
vt 0.00681628 0.94305193
vt 0.00578198 0.94369650
vt 0.00666482 0.94309515
vt 0.00724693 1.02704597
vt 0.00891786 1.02659822
vt 0.00776457 1.02897775
vt 0.00776457 1.02897775
vt 0.00891786 1.02659822
vt 0.00943549 1.02853000
vt 0.00776457 1.02897775
vt 0.00609358 1.02942550
vt 0.00724693 1.02704597
vt 0.00724693 1.02704597
vt 0.00609358 1.02942550
vt 0.00557594 1.02749372
vt 0.00776457 1.05299997
vt 0.00943457 1.05399823
vt 0.00609380 1.05399871
vt 0.00609380 1.05399871
vt 0.00943457 1.05399823
vt 0.00943760 1.05400372
vt 0.00943760 1.05599749
vt 0.00943549 1.05600131
vt 0.00776457 1.05700004
vt 0.00776457 1.05700004
vt 0.00609358 1.05600119
vt 0.00943760 1.05599749
vt 0.00943760 1.05599749
vt 0.00609358 1.05600119
vt 0.00609154 1.05599749
vt 0.00943760 1.05599749
vt 0.00609154 1.05599749
vt 0.00943760 1.05400372
vt 0.00943760 1.05400372
vt 0.00609154 1.05599749
vt 0.00609154 1.05400276
vt 0.00943760 1.05400372
vt 0.00609154 1.05400276
vt 0.00609380 1.05399871
vt -0.05369552 0.97334635
vt -0.00861424 0.97332042
vt -0.00458027 0.98836958
vt -0.00458027 0.98836958
vt -0.00861424 0.97332042
vt -0.00451451 0.98834372
vt 0.05630349 0.97256154
vt 0.00588106 0.97258806
vt 0.00185010 0.98763782
vt 0.00185010 0.98763782
vt 0.00588106 0.97258806
vt 0.00191303 0.98764724
vt -0.05600126 0.97340178
vt -0.05600126 0.97146994
vt -0.05599745 0.97147053
vt -0.05617297 0.98844612
vt -0.05599745 0.97340238
vt -0.05605298 0.98847771
vt -0.05605298 0.98847771
vt -0.05599745 0.97340238
vt -0.05590228 0.97341442
vt -0.05599745 0.97147053
vt -0.05599745 0.97340238
vt -0.05600126 0.97340178
vt -0.05600126 0.97340178
vt -0.05599745 0.97340238
vt -0.05617297 0.98844612
vt -0.05600126 0.97340178
vt -0.05617297 0.98844612
vt -0.05617376 0.97337300
vt -0.05617376 0.97337300
vt -0.05617297 0.98844612
vt -0.05620467 0.98843777
vt -0.05617376 0.97337300
vt -0.05620467 0.98843777
vt -0.05629852 0.97334772
vt -0.05629852 0.97334772
vt -0.05620467 0.98843777
vt -0.05634554 0.98839378
vt -0.05629852 0.97334772
vt -0.05634554 0.98839378
vt 0.00861254 0.97332001
vt 0.00861254 0.97332001
vt -0.05634554 0.98839378
vt 0.00457860 0.98836893
vt 0.00861254 0.97332001
vt 0.00457860 0.98836893
vt 0.00452029 0.98834592
vt 0.00452029 0.98834592
vt 0.00451002 0.98834205
vt 0.00861254 0.97332001
vt 0.00861254 0.97332001
vt 0.00451002 0.98834205
vt 0.00438598 0.98829472
vt 0.00861254 0.97332001
vt 0.00438598 0.98829472
vt 0.00850756 0.97329187
vt 0.00850756 0.97329187
vt 0.00438598 0.98829472
vt 0.00436772 0.98828804
vt 0.00850756 0.97329187
vt 0.00436772 0.98828804
vt 0.00839458 0.97326159
vt 0.00839458 0.97326159
vt 0.00436772 0.98828804
vt 0.00424063 0.98824131
vt 0.00839458 0.97326159
vt 0.00424063 0.98824131
vt 0.00826434 0.97322667
vt 0.00826434 0.97322667
vt 0.00424063 0.98824131
vt 0.00410741 0.98819423
vt 0.00826434 0.97322667
vt 0.00410741 0.98819423
vt 0.00812819 0.97319019
vt 0.00410741 0.98819423
vt 0.00408591 0.98818666
vt 0.00812819 0.97319019
vt 0.00812819 0.97319019
vt 0.00408591 0.98818666
vt 0.00392371 0.98813176
vt 0.00812819 0.97319019
vt 0.00392371 0.98813176
vt 0.00798788 0.97315264
vt 0.00798788 0.97315264
vt 0.00392371 0.98813176
vt 0.00382557 0.98810011
vt 0.00798788 0.97315264
vt 0.00382557 0.98810011
vt 0.00784187 0.97311348
vt 0.00784187 0.97311348
vt 0.00382557 0.98810011
vt 0.00375601 0.98807764
vt 0.00375601 0.98807764
vt 0.00366495 0.98804969
vt 0.00784187 0.97311348
vt 0.00784187 0.97311348
vt 0.00366495 0.98804969
vt 0.00358479 0.98802507
vt 0.00784187 0.97311348
vt 0.00358479 0.98802507
vt 0.00769515 0.97307420
vt 0.00769515 0.97307420
vt 0.00358479 0.98802507
vt 0.00353361 0.98801011
vt 0.00769515 0.97307420
vt 0.00353361 0.98801011
vt 0.00754660 0.97303438
vt 0.00754660 0.97303438
vt 0.00353361 0.98801011
vt 0.00341201 0.98797470
vt 0.00754660 0.97303438
vt 0.00341201 0.98797470
vt 0.00739770 0.97299445
vt 0.00739770 0.97299445
vt 0.00341201 0.98797470
vt 0.00323802 0.98792666
vt 0.00280123 0.98781824
vt 0.00666482 0.97279811
vt 0.00288238 0.98783684
vt 0.00288238 0.98783684
vt 0.00666482 0.97279811
vt 0.00681628 0.97283870
vt 0.00288238 0.98783684
vt 0.00681628 0.97283870
vt 0.00295776 0.98785532
vt 0.00295776 0.98785532
vt 0.00681628 0.97283870
vt 0.00697010 0.97287989
vt 0.00295776 0.98785532
vt 0.00697010 0.97287989
vt 0.00306085 0.98788053
vt 0.00306085 0.98788053
vt 0.00697010 0.97287989
vt 0.00710705 0.97291660
vt 0.00306085 0.98788053
vt 0.00710705 0.97291660
vt 0.00323414 0.98792565
vt 0.00323414 0.98792565
vt 0.00710705 0.97291660
vt 0.00724583 0.97295380
vt 0.00323414 0.98792565
vt 0.00724583 0.97295380
vt 0.00323802 0.98792666
vt 0.00323802 0.98792666
vt 0.00724583 0.97295380
vt 0.00724693 0.97295409
vt 0.00323802 0.98792666
vt 0.00724693 0.97295409
vt 0.00739770 0.97299445
vt 0.00280123 0.98781824
vt 0.00270492 0.98779619
vt 0.00666482 0.97279811
vt 0.00666482 0.97279811
vt 0.00270492 0.98779619
vt 0.00264984 0.98778439
vt 0.00666482 0.97279811
vt 0.00264984 0.98778439
vt 0.00651769 0.97275865
vt 0.00651769 0.97275865
vt 0.00264984 0.98778439
vt 0.00253087 0.98775887
vt 0.00651769 0.97275865
vt 0.00253087 0.98775887
vt 0.00637606 0.97272074
vt 0.00253087 0.98775887
vt 0.00236265 0.98772532
vt 0.00637606 0.97272074
vt 0.00637606 0.97272074
vt 0.00236265 0.98772532
vt 0.00235602 0.98772407
vt 0.00637606 0.97272074
vt 0.00235602 0.98772407
vt 0.00624249 0.97268492
vt 0.00624249 0.97268492
vt 0.00235602 0.98772407
vt 0.00220254 0.98769557
vt 0.00624249 0.97268492
vt 0.00220254 0.98769557
vt 0.00611483 0.97265071
vt 0.00611483 0.97265071
vt 0.00220254 0.98769557
vt 0.00208968 0.98767608
vt 0.00611483 0.97265071
vt 0.00208968 0.98767608
vt 0.00599365 0.97261828
vt 0.00599365 0.97261828
vt 0.00208968 0.98767608
vt 0.00205257 0.98766965
vt 0.00599365 0.97261828
vt 0.00205257 0.98766965
vt 0.00588106 0.97258806
vt 0.00588106 0.97258806
vt 0.00205257 0.98766965
vt 0.00192321 0.98764890
vt 0.00588106 0.97258806
vt 0.00192321 0.98764890
vt 0.00191303 0.98764724
vt 0.05618452 0.98760992
vt 0.05604911 0.98759794
vt 0.05599754 0.97250581
vt 0.05599754 0.97250581
vt 0.05604911 0.98759794
vt 0.05591069 0.97249365
vt 0.00185010 0.98763782
vt 0.05634634 0.98762798
vt 0.05630349 0.97256154
vt 0.05630349 0.97256154
vt 0.05634634 0.98762798
vt 0.05620330 0.98761153
vt 0.05630349 0.97256154
vt 0.05620330 0.98761153
vt 0.05618504 0.97253728
vt 0.05618504 0.97253728
vt 0.05620330 0.98761153
vt 0.05618452 0.98760992
vt 0.05618504 0.97253728
vt 0.05618452 0.98760992
vt 0.05600122 0.97250634
vt 0.05600122 0.97250634
vt 0.05618452 0.98760992
vt 0.05599754 0.97250581
vt 0.05600122 0.97250634
vt 0.05599754 0.97250581
vt 0.05600122 0.97057450
vt 0.05600122 0.97057450
vt 0.05599754 0.97250581
vt 0.05599754 0.97057396
vt 0.05604911 0.98759794
vt 0.05591016 0.98758852
vt 0.05591069 0.97249365
vt 0.05591069 0.97249365
vt 0.05591016 0.98758852
vt 0.05588574 0.98758692
vt 0.05591069 0.97249365
vt 0.05588574 0.98758692
vt 0.05576576 0.97247630
vt 0.05576576 0.97247630
vt 0.05588574 0.98758692
vt 0.05571527 0.98757827
vt 0.05576576 0.97247630
vt 0.05571527 0.98757827
vt 0.05561628 0.97246200
vt 0.05561628 0.97246200
vt 0.05571527 0.98757827
vt 0.05561562 0.98757458
vt 0.05561628 0.97246200
vt 0.05561562 0.98757458
vt 0.05546621 0.97245097
vt 0.05561562 0.98757458
vt 0.05553984 0.98757178
vt 0.05546621 0.97245097
vt 0.05546621 0.97245097
vt 0.05553984 0.98757178
vt 0.05536149 0.98756731
vt 0.05546621 0.97245097
vt 0.05536149 0.98756731
vt 0.05531232 0.97244292
vt 0.05531232 0.97244292
vt 0.05536149 0.98756731
vt 0.05531209 0.98756659
vt 0.05531232 0.97244292
vt 0.05531209 0.98756659
vt 0.05515682 0.97243810
vt 0.05515682 0.97243810
vt 0.05531209 0.98756659
vt 0.05518183 0.98756474
vt 0.05515682 0.97243810
vt 0.05518183 0.98756474
vt 0.05500000 0.97243643
vt 0.05500000 0.97243643
vt 0.05518183 0.98756474
vt 0.05500000 0.98756385
vt 0.05500000 0.97243643
vt 0.05500000 0.98756385
vt 0.05485505 0.97243786
vt 0.05485505 0.97243786
vt 0.05500000 0.98756385
vt 0.05482957 0.98756462
vt 0.05485505 0.97243786
vt 0.05482957 0.98756462
vt 0.05471193 0.97244197
vt 0.05482957 0.98756462
vt 0.05471221 0.98756629
vt 0.05471193 0.97244197
vt 0.05471193 0.97244197
vt 0.05471221 0.98756629
vt 0.05464568 0.98756719
vt 0.05471193 0.97244197
vt 0.05464568 0.98756719
vt 0.05455295 0.97244984
vt 0.05455295 0.97244984
vt 0.05464568 0.98756719
vt 0.05446368 0.98757172
vt 0.05455295 0.97244984
vt 0.05446368 0.98757172
vt 0.05439621 0.97246099
vt 0.05439621 0.97246099
vt 0.05446368 0.98757172
vt 0.05439686 0.98757416
vt 0.05439621 0.97246099
vt 0.05439686 0.98757416
vt 0.05424374 0.97247535
vt 0.05399865 0.97250640
vt 0.05409759 0.98758805
vt 0.05395164 0.98759788
vt 0.05399865 0.97250640
vt 0.05395164 0.98759788
vt 0.05382591 0.97253525
vt 0.05439686 0.98757416
vt 0.05428588 0.98757821
vt 0.05424374 0.97247535
vt 0.05424374 0.97247535
vt 0.05428588 0.98757821
vt 0.05411450 0.98758692
vt 0.05424374 0.97247535
vt 0.05411450 0.98758692
vt 0.05409906 0.97249365
vt 0.05409906 0.97249365
vt 0.05411450 0.98758692
vt 0.05409759 0.98758805
vt 0.05409906 0.97249365
vt 0.05409759 0.98758805
vt 0.05400273 0.97250581
vt 0.05400273 0.97250581
vt 0.05409759 0.98758805
vt 0.05399865 0.97250640
vt 0.05400273 0.97250581
vt 0.05399865 0.97250640
vt 0.05400273 0.97057396
vt 0.05400273 0.97057396
vt 0.05399865 0.97250640
vt 0.05399865 0.97057456
vt 0.05395164 0.98759788
vt 0.05382661 0.98760891
vt 0.05382591 0.97253525
vt 0.05382591 0.97253525
vt 0.05382661 0.98760891
vt 0.05379917 0.98761129
vt 0.05382591 0.97253525
vt 0.05379917 0.98761129
vt 0.05370077 0.97256058
vt 0.05370077 0.97256058
vt 0.05379917 0.98761129
vt 0.05365789 0.98762745
vt 0.05370077 0.97256058
vt 0.05365789 0.98762745
vt -0.00588194 0.97258830
vt -0.00588194 0.97258830
vt 0.05365789 0.98762745
vt -0.00185099 0.98763800
vt -0.00588194 0.97258830
vt -0.00185099 0.98763800
vt -0.00190871 0.98764658
vt -0.00190871 0.98764658
vt -0.00192320 0.98764890
vt -0.00588194 0.97258830
vt -0.00588194 0.97258830
vt -0.00192320 0.98764890
vt -0.00205000 0.98766923
vt -0.00588194 0.97258830
vt -0.00205000 0.98766923
vt -0.00598846 0.97261685
vt -0.00598846 0.97261685
vt -0.00205000 0.98766923
vt -0.00207671 0.98767388
vt -0.00598846 0.97261685
vt -0.00207671 0.98767388
vt -0.00610233 0.97264737
vt -0.00610233 0.97264737
vt -0.00207671 0.98767388
vt -0.00220200 0.98769546
vt -0.00610233 0.97264737
vt -0.00220200 0.98769546
vt -0.00623164 0.97268206
vt -0.00623164 0.97268206
vt -0.00220200 0.98769546
vt -0.00234759 0.98772252
vt -0.00623164 0.97268206
vt -0.00234759 0.98772252
vt -0.00636760 0.97271848
vt -0.00234759 0.98772252
vt -0.00236269 0.98772532
vt -0.00636760 0.97271848
vt -0.00636760 0.97271848
vt -0.00236269 0.98772532
vt -0.00252992 0.98775870
vt -0.00636760 0.97271848
vt -0.00252992 0.98775870
vt -0.00650767 0.97275597
vt -0.00650767 0.97275597
vt -0.00252992 0.98775870
vt -0.00263718 0.98778164
vt -0.00650767 0.97275597
vt -0.00263718 0.98778164
vt -0.00665229 0.97279477
vt -0.00665229 0.97279477
vt -0.00263718 0.98778164
vt -0.00270155 0.98779541
vt -0.00270155 0.98779541
vt -0.00280123 0.98781824
vt -0.00665229 0.97279477
vt -0.00665229 0.97279477
vt -0.00280123 0.98781824
vt -0.00287555 0.98783523
vt -0.00665229 0.97279477
vt -0.00287555 0.98783523
vt -0.00679753 0.97283363
vt -0.00679753 0.97283363
vt -0.00287555 0.98783523
vt -0.00293343 0.98784935
vt -0.00679753 0.97283363
vt -0.00293343 0.98784935
vt -0.00694595 0.97287345
vt -0.00694595 0.97287345
vt -0.00293343 0.98784935
vt -0.00304989 0.98787779
vt -0.00694595 0.97287345
vt -0.00304989 0.98787779
vt -0.00709615 0.97291368
vt -0.00709615 0.97291368
vt -0.00304989 0.98787779
vt -0.00322588 0.98792344
vt -0.00366495 0.98804969
vt -0.00783295 0.97311109
vt -0.00357986 0.98802358
vt -0.00357986 0.98802358
vt -0.00783295 0.97311109
vt -0.00768246 0.97307080
vt -0.00357986 0.98802358
vt -0.00768246 0.97307080
vt -0.00351544 0.98800486
vt -0.00351544 0.98800486
vt -0.00768246 0.97307080
vt -0.00752835 0.97302949
vt -0.00351544 0.98800486
vt -0.00752835 0.97302949
vt -0.00340325 0.98797220
vt -0.00340325 0.98797220
vt -0.00752835 0.97302949
vt -0.00738826 0.97299194
vt -0.00340325 0.98797220
vt -0.00738826 0.97299194
vt -0.00323678 0.98792642
vt -0.00323678 0.98792642
vt -0.00738826 0.97299194
vt -0.00724852 0.97295451
vt -0.00323678 0.98792642
vt -0.00724852 0.97295451
vt -0.00322588 0.98792344
vt -0.00322588 0.98792344
vt -0.00724852 0.97295451
vt -0.00724693 0.97295409
vt -0.00322588 0.98792344
vt -0.00724693 0.97295409
vt -0.00709615 0.97291368
vt -0.00366495 0.98804969
vt -0.00375367 0.98807693
vt -0.00783295 0.97311109
vt -0.00783295 0.97311109
vt -0.00375367 0.98807693
vt -0.00381678 0.98809725
vt -0.00783295 0.97311109
vt -0.00381678 0.98809725
vt -0.00797888 0.97315019
vt -0.00797888 0.97315019
vt -0.00381678 0.98809725
vt -0.00392271 0.98813146
vt -0.00797888 0.97315019
vt -0.00392271 0.98813146
vt -0.00812120 0.97318834
vt -0.00392271 0.98813146
vt -0.00408501 0.98818636
vt -0.00812120 0.97318834
vt -0.00812120 0.97318834
vt -0.00408501 0.98818636
vt -0.00410068 0.98819184
vt -0.00812120 0.97318834
vt -0.00410068 0.98819184
vt -0.00825557 0.97322434
vt -0.00825557 0.97322434
vt -0.00410068 0.98819184
vt -0.00423875 0.98824060
vt -0.00825557 0.97322434
vt -0.00423875 0.98824060
vt -0.00838288 0.97325844
vt -0.00838288 0.97325844
vt -0.00423875 0.98824060
vt -0.00435616 0.98828375
vt -0.00838288 0.97325844
vt -0.00435616 0.98828375
vt -0.00850214 0.97329038
vt -0.00850214 0.97329038
vt -0.00435616 0.98828375
vt -0.00438231 0.98829335
vt -0.00850214 0.97329038
vt -0.00438231 0.98829335
vt -0.00861424 0.97332042
vt -0.00861424 0.97332042
vt -0.00438231 0.98829335
vt -0.00451003 0.98834199
vt -0.00861424 0.97332042
vt -0.00451003 0.98834199
vt -0.00451451 0.98834372
vt -0.05381089 0.98844159
vt -0.05394431 0.98847687
vt -0.05400367 0.97340238
vt -0.05400367 0.97340238
vt -0.05394431 0.98847687
vt -0.05408638 0.97341394
vt -0.00458027 0.98836958
vt -0.05364740 0.98839134
vt -0.05369552 0.97334635
vt -0.05369552 0.97334635
vt -0.05364740 0.98839134
vt -0.05378993 0.98843610
vt -0.05369552 0.97334635
vt -0.05378993 0.98843610
vt -0.05381031 0.97336990
vt -0.05381031 0.97336990
vt -0.05378993 0.98843610
vt -0.05381089 0.98844159
vt -0.05381031 0.97336990
vt -0.05381089 0.98844159
vt -0.05399819 0.97340155
vt -0.05399819 0.97340155
vt -0.05381089 0.98844159
vt -0.05400367 0.97340238
vt -0.05399819 0.97340155
vt -0.05400367 0.97340238
vt -0.05399819 0.97146970
vt -0.05399819 0.97146970
vt -0.05400367 0.97340238
vt -0.05400367 0.97147053
vt -0.05453340 0.97345698
vt -0.05463472 0.98858470
vt -0.05468727 0.97346509
vt -0.05468727 0.97346509
vt -0.05463472 0.98858470
vt -0.05468751 0.98858780
vt -0.05468727 0.97346509
vt -0.05468751 0.98858780
vt -0.05484395 0.97347009
vt -0.05394431 0.98847687
vt -0.05408686 0.98850805
vt -0.05408638 0.97341394
vt -0.05408638 0.97341394
vt -0.05408686 0.98850805
vt -0.05410838 0.98851275
vt -0.05408638 0.97341394
vt -0.05410838 0.98851275
vt -0.05423269 0.97343147
vt -0.05423269 0.97343147
vt -0.05410838 0.98851275
vt -0.05427976 0.98854309
vt -0.05423269 0.97343147
vt -0.05427976 0.98854309
vt -0.05438281 0.97344589
vt -0.05438281 0.97344589
vt -0.05427976 0.98854309
vt -0.05438348 0.98855728
vt -0.05438281 0.97344589
vt -0.05438348 0.98855728
vt -0.05453340 0.97345698
vt -0.05453340 0.97345698
vt -0.05438348 0.98855728
vt -0.05445600 0.98856717
vt -0.05453340 0.97345698
vt -0.05445600 0.98856717
vt -0.05463472 0.98858470
vt -0.05468751 0.98858780
vt -0.05481335 0.98859531
vt -0.05484395 0.97347009
vt -0.05484395 0.97347009
vt -0.05481335 0.98859531
vt -0.05499495 0.98859912
vt -0.05484395 0.97347009
vt -0.05499495 0.98859912
vt -0.05500078 0.97347170
vt -0.05500078 0.97347170
vt -0.05499495 0.98859912
vt -0.05500077 0.98859900
vt -0.05500078 0.97347170
vt -0.05500077 0.98859900
vt -0.05514721 0.97347027
vt -0.05514721 0.97347027
vt -0.05500077 0.98859900
vt -0.05517845 0.98859566
vt -0.05514721 0.97347027
vt -0.05517845 0.98859566
vt -0.05529286 0.97346598
vt -0.05529286 0.97346598
vt -0.05517845 0.98859566
vt -0.05529257 0.98858911
vt -0.05529286 0.97346598
vt -0.05529257 0.98858911
vt -0.05545126 0.97345805
vt -0.05575818 0.97343260
vt -0.05589101 0.98851317
vt -0.05590228 0.97341442
vt -0.05590228 0.97341442
vt -0.05589101 0.98851317
vt -0.05590381 0.98851037
vt -0.05590228 0.97341442
vt -0.05590381 0.98851037
vt -0.05605298 0.98847771
vt -0.05529257 0.98858911
vt -0.05536198 0.98858505
vt -0.05545126 0.97345805
vt -0.05545126 0.97345805
vt -0.05536198 0.98858505
vt -0.05554342 0.98856747
vt -0.05545126 0.97345805
vt -0.05554342 0.98856747
vt -0.05560725 0.97344685
vt -0.05560725 0.97344685
vt -0.05554342 0.98856747
vt -0.05560661 0.98855889
vt -0.05560725 0.97344685
vt -0.05560661 0.98855889
vt -0.05575818 0.97343260
vt -0.05575818 0.97343260
vt -0.05560661 0.98855889
vt -0.05572049 0.98854333
vt -0.05575818 0.97343260
vt -0.05572049 0.98854333
vt -0.05589101 0.98851317
vt 0.00185099 0.94641376
vt 0.00178850 0.94514996
vt 0.00190871 0.94647223
vt 0.00190871 0.94647223
vt 0.00178850 0.94514996
vt 0.00192320 0.94648439
vt 0.00185099 0.94641376
vt 0.00178024 0.94634211
vt 0.00178850 0.94514996
vt 0.00178850 0.94514996
vt 0.00178024 0.94634211
vt 0.00166454 0.94620085
vt 0.00178850 0.94514996
vt 0.00166454 0.94620085
vt 0.00164596 0.94617337
vt 0.00164596 0.94617337
vt 0.00156134 0.94604838
vt 0.00178850 0.94514996
vt 0.00178850 0.94514996
vt 0.00156134 0.94604838
vt 0.00148080 0.94590241
vt 0.00178850 0.94514996
vt 0.00148080 0.94590241
vt 0.00147146 0.94588548
vt 0.00147146 0.94588548
vt 0.00139627 0.94571412
vt 0.00178850 0.94514996
vt 0.00178850 0.94514996
vt 0.00139627 0.94571412
vt 0.00135925 0.94560313
vt 0.00178850 0.94514996
vt 0.00135925 0.94560313
vt 0.00133696 0.94553632
vt 0.00133696 0.94553632
vt 0.00129444 0.94535434
vt 0.00178850 0.94514996
vt 0.00178850 0.94514996
vt 0.00129444 0.94535434
vt 0.00128534 0.94528782
vt 0.00178850 0.94514996
vt 0.00128534 0.94528782
vt 0.00126929 0.94517040
vt 0.00126929 0.94517040
vt 0.00126171 0.94499999
vt 0.00178850 0.94514996
vt 0.00178850 0.94514996
vt 0.00126171 0.94499999
vt 0.00127031 0.94481814
vt 0.00178850 0.94514996
vt 0.00127031 0.94481814
vt 0.00128872 0.94468790
vt 0.00128872 0.94468790
vt 0.00129570 0.94463849
vt 0.00178850 0.94514996
vt 0.00178850 0.94514996
vt 0.00129570 0.94463849
vt 0.00133783 0.94446015
vt 0.00178850 0.94514996
vt 0.00133783 0.94446015
vt 0.00136319 0.94438440
vt 0.00136319 0.94438440
vt 0.00139655 0.94428474
vt 0.00178850 0.94514996
vt 0.00178850 0.94514996
vt 0.00139655 0.94428474
vt 0.00147140 0.94411427
vt 0.00178850 0.94514996
vt 0.00147140 0.94411427
vt 0.00148490 0.94408983
vt 0.00148490 0.94408983
vt 0.00156167 0.94395089
vt 0.00178850 0.94514996
vt 0.00178850 0.94514996
vt 0.00156167 0.94395089
vt 0.00165356 0.94381547
vt 0.00178850 0.94514996
vt 0.00165356 0.94381547
vt 0.00166631 0.94379669
vt 0.00166631 0.94379669
vt 0.00178404 0.94365364
vt 0.00178850 0.94514996
vt 0.00178850 0.94514996
vt 0.00178404 0.94365364
vt 0.00185010 0.94358718
vt 0.00178850 0.94514996
vt 0.00185010 0.94358718
vt 0.00192320 0.94648439
vt 0.00192320 0.94648439
vt 0.00185010 0.94358718
vt 0.00191303 0.94352382
vt 0.00192320 0.94648439
vt 0.00191303 0.94352382
vt 0.00192321 0.94351536
vt 0.00257909 0.94508183
vt 0.00280123 0.94694620
vt 0.00270155 0.94692171
vt 0.00270155 0.94692171
vt 0.00263718 0.94689941
vt 0.00257909 0.94508183
vt 0.00257909 0.94508183
vt 0.00263718 0.94689941
vt 0.00252992 0.94686240
vt 0.00257909 0.94508183
vt 0.00252992 0.94686240
vt 0.00236269 0.94678700
vt 0.00236269 0.94678700
vt 0.00234759 0.94677842
vt 0.00257909 0.94508183
vt 0.00257909 0.94508183
vt 0.00234759 0.94677842
vt 0.00220200 0.94669616
vt 0.00257909 0.94508183
vt 0.00220200 0.94669616
vt 0.00207671 0.94660932
vt 0.00205257 0.94340748
vt 0.00208968 0.94338191
vt 0.00257909 0.94508183
vt 0.00192321 0.94351536
vt 0.00205257 0.94340748
vt 0.00192320 0.94648439
vt 0.00192320 0.94648439
vt 0.00205257 0.94340748
vt 0.00257909 0.94508183
vt 0.00192320 0.94648439
vt 0.00257909 0.94508183
vt 0.00205000 0.94659084
vt 0.00205000 0.94659084
vt 0.00257909 0.94508183
vt 0.00207671 0.94660932
vt 0.00208968 0.94338191
vt 0.00220254 0.94330406
vt 0.00257909 0.94508183
vt 0.00257909 0.94508183
vt 0.00220254 0.94330406
vt 0.00235602 0.94321746
vt 0.00257909 0.94508183
vt 0.00235602 0.94321746
vt 0.00236265 0.94321376
vt 0.00236265 0.94321376
vt 0.00253087 0.94313794
vt 0.00257909 0.94508183
vt 0.00257909 0.94508183
vt 0.00253087 0.94313794
vt 0.00264984 0.94309694
vt 0.00257909 0.94508183
vt 0.00264984 0.94309694
vt 0.00280123 0.94694620
vt 0.00323414 0.94300020
vt 0.00323754 0.94499987
vt 0.00306085 0.94300848
vt 0.00306085 0.94300848
vt 0.00323754 0.94499987
vt 0.00295776 0.94302356
vt 0.00323414 0.94300020
vt 0.00323802 0.94300002
vt 0.00323754 0.94499987
vt 0.00323754 0.94499987
vt 0.00323802 0.94300002
vt 0.00341201 0.94300872
vt 0.00323754 0.94499987
vt 0.00341201 0.94300872
vt 0.00353361 0.94302660
vt 0.00366495 0.94694614
vt 0.00357986 0.94696695
vt 0.00323754 0.94499987
vt 0.00323754 0.94499987
vt 0.00357986 0.94696695
vt 0.00351544 0.94697613
vt 0.00323754 0.94499987
vt 0.00351544 0.94697613
vt 0.00340325 0.94699216
vt 0.00340325 0.94699216
vt 0.00323678 0.94699949
vt 0.00323754 0.94499987
vt 0.00323754 0.94499987
vt 0.00323678 0.94699949
vt 0.00322588 0.94699997
vt 0.00323754 0.94499987
vt 0.00322588 0.94699997
vt 0.00304989 0.94699055
vt 0.00304989 0.94699055
vt 0.00293343 0.94697309
vt 0.00323754 0.94499987
vt 0.00323754 0.94499987
vt 0.00293343 0.94697309
vt 0.00287555 0.94696444
vt 0.00323754 0.94499987
vt 0.00287555 0.94696444
vt 0.00280123 0.94694620
vt 0.00264984 0.94309694
vt 0.00270492 0.94307792
vt 0.00280123 0.94694620
vt 0.00280123 0.94694620
vt 0.00270492 0.94307792
vt 0.00280123 0.94305438
vt 0.00280123 0.94694620
vt 0.00280123 0.94305438
vt 0.00323754 0.94499987
vt 0.00323754 0.94499987
vt 0.00280123 0.94305438
vt 0.00288238 0.94303459
vt 0.00323754 0.94499987
vt 0.00288238 0.94303459
vt 0.00295776 0.94302356
vt 0.00374544 0.94502348
vt 0.00366495 0.94305390
vt 0.00375601 0.94307637
vt 0.00375601 0.94307637
vt 0.00382557 0.94310075
vt 0.00374544 0.94502348
vt 0.00374544 0.94502348
vt 0.00382557 0.94310075
vt 0.00392371 0.94313520
vt 0.00374544 0.94502348
vt 0.00392371 0.94313520
vt 0.00408591 0.94321024
vt 0.00408591 0.94321024
vt 0.00410741 0.94322282
vt 0.00374544 0.94502348
vt 0.00374544 0.94502348
vt 0.00410741 0.94322282
vt 0.00424063 0.94330078
vt 0.00374544 0.94502348
vt 0.00424063 0.94330078
vt 0.00436772 0.94339269
vt 0.00451003 0.94648510
vt 0.00438231 0.94659704
vt 0.00374544 0.94502348
vt 0.00438231 0.94659704
vt 0.00435616 0.94661587
vt 0.00374544 0.94502348
vt 0.00374544 0.94502348
vt 0.00435616 0.94661587
vt 0.00423875 0.94670045
vt 0.00374544 0.94502348
vt 0.00423875 0.94670045
vt 0.00410068 0.94678116
vt 0.00410068 0.94678116
vt 0.00408501 0.94679034
vt 0.00374544 0.94502348
vt 0.00374544 0.94502348
vt 0.00408501 0.94679034
vt 0.00392271 0.94686532
vt 0.00374544 0.94502348
vt 0.00392271 0.94686532
vt 0.00381678 0.94690239
vt 0.00353361 0.94302660
vt 0.00358479 0.94303417
vt 0.00323754 0.94499987
vt 0.00323754 0.94499987
vt 0.00358479 0.94303417
vt 0.00366495 0.94305390
vt 0.00323754 0.94499987
vt 0.00366495 0.94305390
vt 0.00366495 0.94694614
vt 0.00366495 0.94694614
vt 0.00366495 0.94305390
vt 0.00374544 0.94502348
vt 0.00366495 0.94694614
vt 0.00374544 0.94502348
vt 0.00375367 0.94692445
vt 0.00375367 0.94692445
vt 0.00374544 0.94502348
vt 0.00381678 0.94690239
vt 0.00436772 0.94339269
vt 0.00438598 0.94340593
vt 0.00374544 0.94502348
vt 0.00374544 0.94502348
vt 0.00438598 0.94340593
vt 0.00451002 0.94351536
vt 0.00374544 0.94502348
vt 0.00451002 0.94351536
vt 0.00451003 0.94648510
vt 0.00451003 0.94648510
vt 0.00451002 0.94351536
vt 0.00452029 0.94352442
vt 0.00457860 0.94358689
vt 0.00464167 0.94365448
vt 0.00471737 0.94529063
vt 0.00471737 0.94529063
vt 0.00464167 0.94365448
vt 0.00475020 0.94379532
vt 0.00471737 0.94529063
vt 0.00475020 0.94379532
vt 0.00477029 0.94382703
vt 0.00477029 0.94382703
vt 0.00484634 0.94394702
vt 0.00471737 0.94529063
vt 0.00471737 0.94529063
vt 0.00484634 0.94394702
vt 0.00492318 0.94409621
vt 0.00471737 0.94529063
vt 0.00492318 0.94409621
vt 0.00492978 0.94410896
vt 0.00492978 0.94410896
vt 0.00499945 0.94427949
vt 0.00471737 0.94529063
vt 0.00471737 0.94529063
vt 0.00499945 0.94427949
vt 0.00503482 0.94439340
vt 0.00471737 0.94529063
vt 0.00503482 0.94439340
vt 0.00505445 0.94445658
vt 0.00505445 0.94445658
vt 0.00509406 0.94463801
vt 0.00471737 0.94529063
vt 0.00471737 0.94529063
vt 0.00509406 0.94463801
vt 0.00510303 0.94470745
vt 0.00471737 0.94529063
vt 0.00510303 0.94470745
vt 0.00511778 0.94482154
vt 0.00511778 0.94482154
vt 0.00512516 0.94499922
vt 0.00471737 0.94529063
vt 0.00471737 0.94529063
vt 0.00512516 0.94499922
vt 0.00512541 0.94500506
vt 0.00471737 0.94529063
vt 0.00512541 0.94500506
vt 0.00511696 0.94518667
vt 0.00511696 0.94518667
vt 0.00510019 0.94531250
vt 0.00471737 0.94529063
vt 0.00471737 0.94529063
vt 0.00510019 0.94531250
vt 0.00509316 0.94536531
vt 0.00471737 0.94529063
vt 0.00509316 0.94536531
vt 0.00505376 0.94554400
vt 0.00505376 0.94554400
vt 0.00503117 0.94561654
vt 0.00471737 0.94529063
vt 0.00471737 0.94529063
vt 0.00503117 0.94561654
vt 0.00499887 0.94572026
vt 0.00471737 0.94529063
vt 0.00499887 0.94572026
vt 0.00492882 0.94589162
vt 0.00492882 0.94589162
vt 0.00491773 0.94591314
vt 0.00471737 0.94529063
vt 0.00471737 0.94529063
vt 0.00491773 0.94591314
vt 0.00484426 0.94605571
vt 0.00471737 0.94529063
vt 0.00484426 0.94605571
vt 0.00475946 0.94618911
vt 0.00475946 0.94618911
vt 0.00474614 0.94621009
vt 0.00471737 0.94529063
vt 0.00471737 0.94529063
vt 0.00474614 0.94621009
vt 0.00463563 0.94635260
vt 0.00471737 0.94529063
vt 0.00463563 0.94635260
vt 0.00458027 0.94641137
vt 0.00452029 0.94352442
vt 0.00457860 0.94358689
vt 0.00451003 0.94648510
vt 0.00451003 0.94648510
vt 0.00457860 0.94358689
vt 0.00471737 0.94529063
vt 0.00451003 0.94648510
vt 0.00471737 0.94529063
vt 0.00451451 0.94648117
vt 0.00451451 0.94648117
vt 0.00471737 0.94529063
vt 0.00458027 0.94641137
vt -0.05599745 0.97147053
vt -0.05400367 0.97147053
vt -0.05599745 0.97340238
vt -0.05599745 0.97340238
vt -0.05400367 0.97147053
vt -0.05400367 0.97340238
vt 0.00917337 1.05514717
vt 0.00896314 1.05408633
vt 0.00902853 1.05423272
vt 0.00917337 1.05514717
vt 0.00915738 1.05529284
vt 0.00896314 1.05408633
vt 0.00896314 1.05408633
vt 0.00915738 1.05529284
vt 0.00912788 1.05545127
vt 0.00896314 1.05408633
vt 0.00912788 1.05545127
vt 0.00908608 1.05560720
vt 0.00891997 1.05599749
vt 0.00891997 1.05400372
vt 0.00896488 1.05590224
vt 0.00896488 1.05590224
vt 0.00891997 1.05400372
vt 0.00896314 1.05408633
vt 0.00896488 1.05590224
vt 0.00896314 1.05408633
vt 0.00903289 1.05575824
vt 0.00903289 1.05575824
vt 0.00896314 1.05408633
vt 0.00908608 1.05560720
vt 0.00902853 1.05423272
vt 0.00908233 1.05438280
vt 0.00917337 1.05514717
vt 0.00917337 1.05514717
vt 0.00908233 1.05438280
vt 0.00912386 1.05453336
vt 0.00917337 1.05514717
vt 0.00912386 1.05453336
vt 0.00917878 1.05500078
vt 0.00917878 1.05500078
vt 0.00912386 1.05453336
vt 0.00915410 1.05468726
vt 0.00917878 1.05500078
vt 0.00915410 1.05468726
vt 0.00917261 1.05484390
vt -0.00943457 0.97146970
vt -0.00776457 0.97102225
vt -0.00891693 0.97340155
vt -0.00891693 0.97340155
vt -0.00776457 0.97102225
vt -0.00724693 0.97295409
vt -0.00557616 0.97250640
vt -0.00724693 0.97295409
vt -0.00609380 0.97057456
vt -0.00609380 0.97057456
vt -0.00724693 0.97295409
vt -0.00776457 0.97102225
vt 0.00871097 1.05369556
vt 0.00738826 1.05300558
vt 0.00752835 1.05302191
vt 0.00724693 1.05299997
vt 0.00724852 1.05299997
vt 0.00891693 1.05399823
vt 0.00891693 1.05399823
vt 0.00724852 1.05299997
vt 0.00738826 1.05300558
vt 0.00891693 1.05399823
vt 0.00738826 1.05300558
vt 0.00879881 1.05381036
vt 0.00879881 1.05381036
vt 0.00738826 1.05300558
vt 0.00871097 1.05369556
vt 0.00812120 1.05321813
vt 0.00825557 1.05329561
vt 0.00752835 1.05302191
vt 0.00752835 1.05302191
vt 0.00825557 1.05329561
vt 0.00838288 1.05338311
vt 0.00768246 1.05305254
vt 0.00783295 1.05309570
vt 0.00752835 1.05302191
vt 0.00752835 1.05302191
vt 0.00783295 1.05309570
vt 0.00797888 1.05315077
vt 0.00752835 1.05302191
vt 0.00797888 1.05315077
vt 0.00812120 1.05321813
vt 0.00838288 1.05338311
vt 0.00850214 1.05347991
vt 0.00752835 1.05302191
vt 0.00752835 1.05302191
vt 0.00850214 1.05347991
vt 0.00861424 1.05358708
vt 0.00752835 1.05302191
vt 0.00861424 1.05358708
vt 0.00871097 1.05369556
vt 0.00577850 1.05370080
vt 0.00724693 1.05299997
vt 0.00568384 1.05382586
vt 0.00568384 1.05382586
vt 0.00724693 1.05299997
vt 0.00557616 1.05399871
vt 0.00610233 1.05338967
vt 0.00665229 1.05309868
vt 0.00598846 1.05348289
vt 0.00598846 1.05348289
vt 0.00665229 1.05309868
vt 0.00679753 1.05305600
vt 0.00598846 1.05348289
vt 0.00679753 1.05305600
vt 0.00694595 1.05302513
vt 0.00577850 1.05370080
vt 0.00588194 1.05358469
vt 0.00724693 1.05299997
vt 0.00724693 1.05299997
vt 0.00588194 1.05358469
vt 0.00598846 1.05348289
vt 0.00724693 1.05299997
vt 0.00598846 1.05348289
vt 0.00709615 1.05300629
vt 0.00709615 1.05300629
vt 0.00598846 1.05348289
vt 0.00694595 1.05302513
vt 0.00623164 1.05329978
vt 0.00636760 1.05322087
vt 0.00610233 1.05338967
vt 0.00610233 1.05338967
vt 0.00636760 1.05322087
vt 0.00650767 1.05315399
vt 0.00610233 1.05338967
vt 0.00650767 1.05315399
vt 0.00665229 1.05309868
vt 0.05599754 0.97250581
vt 0.05400273 0.97250581
vt 0.05599754 0.97057396
vt 0.05599754 0.97057396
vt 0.05400273 0.97250581
vt 0.05400273 0.97057396
vt 0.00532033 1.05485511
vt 0.00552852 1.05591071
vt 0.00546389 1.05576575
vt 0.00532033 1.05485511
vt 0.00533579 1.05471194
vt 0.00552852 1.05591071
vt 0.00552852 1.05591071
vt 0.00533579 1.05471194
vt 0.00536505 1.05455291
vt 0.00552852 1.05591071
vt 0.00536505 1.05455291
vt 0.00540675 1.05439615
vt 0.00557390 1.05400276
vt 0.00557390 1.05599749
vt 0.00552849 1.05409908
vt 0.00552849 1.05409908
vt 0.00557390 1.05599749
vt 0.00552852 1.05591071
vt 0.00552849 1.05409908
vt 0.00552852 1.05591071
vt 0.00546028 1.05424368
vt 0.00546028 1.05424368
vt 0.00552852 1.05591071
vt 0.00540675 1.05439615
vt 0.00546389 1.05576575
vt 0.00541049 1.05561626
vt 0.00532033 1.05485511
vt 0.00532033 1.05485511
vt 0.00541049 1.05561626
vt 0.00536934 1.05546618
vt 0.00532033 1.05485511
vt 0.00536934 1.05546618
vt 0.00531508 1.05499995
vt 0.00531508 1.05499995
vt 0.00536934 1.05546618
vt 0.00533936 1.05531228
vt 0.00531508 1.05499995
vt 0.00533936 1.05531228
vt 0.00532121 1.05515683
vt 0.00871598 1.05629849
vt 0.00724693 1.05700004
vt 0.00881033 1.05617380
vt 0.00881033 1.05617380
vt 0.00724693 1.05700004
vt 0.00891786 1.05600131
vt 0.00839458 1.05660808
vt 0.00784187 1.05690122
vt 0.00850756 1.05651522
vt 0.00850756 1.05651522
vt 0.00784187 1.05690122
vt 0.00769515 1.05694425
vt 0.00850756 1.05651522
vt 0.00769515 1.05694425
vt 0.00754660 1.05697513
vt 0.00871598 1.05629849
vt 0.00861254 1.05641460
vt 0.00724693 1.05700004
vt 0.00724693 1.05700004
vt 0.00861254 1.05641460
vt 0.00850756 1.05651522
vt 0.00724693 1.05700004
vt 0.00850756 1.05651522
vt 0.00739770 1.05699372
vt 0.00739770 1.05699372
vt 0.00850756 1.05651522
vt 0.00754660 1.05697513
vt 0.00826434 1.05669880
vt 0.00812819 1.05677807
vt 0.00839458 1.05660808
vt 0.00839458 1.05660808
vt 0.00812819 1.05677807
vt 0.00798788 1.05684519
vt 0.00839458 1.05660808
vt 0.00798788 1.05684519
vt 0.00784187 1.05690122
vt 0.00557594 1.05600119
vt 0.00724693 1.05700004
vt 0.00724583 1.05700004
vt 0.00724583 1.05700004
vt 0.00710705 1.05699444
vt 0.00557594 1.05600119
vt 0.00557594 1.05600119
vt 0.00710705 1.05699444
vt 0.00697010 1.05697858
vt 0.00557594 1.05600119
vt 0.00697010 1.05697858
vt 0.00569144 1.05618501
vt 0.00651769 1.05684948
vt 0.00637606 1.05678284
vt 0.00578198 1.05630350
vt 0.00651769 1.05684948
vt 0.00578198 1.05630350
vt 0.00666482 1.05690479
vt 0.00569144 1.05618501
vt 0.00697010 1.05697858
vt 0.00578198 1.05630350
vt 0.00578198 1.05630350
vt 0.00697010 1.05697858
vt 0.00681628 1.05694807
vt 0.00578198 1.05630350
vt 0.00681628 1.05694807
vt 0.00666482 1.05690479
vt 0.00637606 1.05678284
vt 0.00624249 1.05670643
vt 0.00578198 1.05630350
vt 0.00578198 1.05630350
vt 0.00624249 1.05670643
vt 0.00611483 1.05661941
vt 0.00578198 1.05630350
vt 0.00611483 1.05661941
vt 0.00588106 1.05641437
vt 0.00588106 1.05641437
vt 0.00611483 1.05661941
vt 0.00599365 1.05652165
vt 0.00891786 0.97340178
vt 0.00724693 0.97295409
vt 0.00943549 0.97146994
vt 0.00943549 0.97146994
vt 0.00724693 0.97295409
vt 0.00776457 0.97102225
vt 0.00609358 0.97057450
vt 0.00776457 0.97102225
vt 0.00557594 0.97250634
vt 0.00557594 0.97250634
vt 0.00776457 0.97102225
vt 0.00724693 0.97295409
vt -0.00776457 1.05299997
vt -0.00609457 1.05399823
vt -0.00943534 1.05399871
vt -0.00943534 1.05399871
vt -0.00609457 1.05399823
vt -0.00609154 1.05400372
vt -0.00609154 1.05599749
vt -0.00609365 1.05600131
vt -0.00776457 1.05700004
vt -0.00776457 1.05700004
vt -0.00943556 1.05600119
vt -0.00609154 1.05599749
vt -0.00609154 1.05599749
vt -0.00943556 1.05600119
vt -0.00943760 1.05599749
vt -0.00609154 1.05599749
vt -0.00943760 1.05599749
vt -0.00609154 1.05400372
vt -0.00609154 1.05400372
vt -0.00943760 1.05599749
vt -0.00943760 1.05400276
vt -0.00609154 1.05400372
vt -0.00943760 1.05400276
vt -0.00943534 1.05399871
vt 0.05630726 0.97334576
vt -0.00861281 0.97332007
vt -0.00457885 0.98836899
vt -0.00457885 0.98836899
vt -0.00861281 0.97332007
vt -0.00451071 0.98834223
vt -0.05600126 0.97250634
vt -0.05600126 0.97057450
vt -0.05599745 0.97057396
vt -0.05617176 0.98760849
vt -0.05599745 0.97250581
vt -0.05601847 0.98759562
vt -0.05601847 0.98759562
vt -0.05599745 0.97250581
vt -0.05589785 0.97249323
vt -0.05599745 0.97057396
vt -0.05599745 0.97250581
vt -0.05600126 0.97250634
vt -0.05600126 0.97250634
vt -0.05599745 0.97250581
vt -0.05617176 0.98760849
vt -0.05600126 0.97250634
vt -0.05617176 0.98760849
vt -0.05617182 0.97253478
vt -0.05617182 0.97253478
vt -0.05617176 0.98760849
vt -0.05617369 0.98760867
vt -0.05617182 0.97253478
vt -0.05617369 0.98760867
vt -0.05629762 0.97256023
vt -0.05629762 0.97256023
vt -0.05617369 0.98760867
vt -0.05631780 0.98762435
vt -0.05629762 0.97256023
vt -0.05631780 0.98762435
vt -0.00588132 0.97258818
vt -0.00588132 0.97258818
vt -0.05631780 0.98762435
vt -0.00185012 0.98763782
vt -0.00588132 0.97258818
vt -0.00185012 0.98763782
vt -0.00188607 0.98764312
vt -0.00188607 0.98764312
vt -0.00192318 0.98764896
vt -0.00588132 0.97258818
vt -0.00588132 0.97258818
vt -0.00192318 0.98764896
vt -0.00202685 0.98766541
vt -0.00588132 0.97258818
vt -0.00202685 0.98766541
vt -0.00598270 0.97261530
vt -0.00598270 0.97261530
vt -0.00202685 0.98766541
vt -0.00206595 0.98767209
vt -0.00598270 0.97261530
vt -0.00206595 0.98767209
vt -0.00609159 0.97264451
vt -0.00609159 0.97264451
vt -0.00206595 0.98767209
vt -0.00217882 0.98769134
vt -0.00609159 0.97264451
vt -0.00217882 0.98769134
vt -0.00622246 0.97267956
vt -0.00622246 0.97267956
vt -0.00217882 0.98769134
vt -0.00233885 0.98772079
vt -0.00622246 0.97267956
vt -0.00233885 0.98772079
vt -0.00635934 0.97271627
vt -0.00233885 0.98772079
vt -0.00234000 0.98772097
vt -0.00635934 0.97271627
vt -0.00635934 0.97271627
vt -0.00234000 0.98772097
vt -0.00250825 0.98775423
vt -0.00635934 0.97271627
vt -0.00250825 0.98775423
vt -0.00650055 0.97275406
vt -0.00650055 0.97275406
vt -0.00250825 0.98775423
vt -0.00263236 0.98778057
vt -0.00650055 0.97275406
vt -0.00263236 0.98778057
vt -0.00664758 0.97279346
vt -0.00664758 0.97279346
vt -0.00263236 0.98778057
vt -0.00268131 0.98779094
vt -0.00268131 0.98779094
vt -0.00280123 0.98781818
vt -0.00664758 0.97279346
vt -0.00664758 0.97279346
vt -0.00280123 0.98781818
vt -0.00285693 0.98783088
vt -0.00664758 0.97279346
vt -0.00285693 0.98783088
vt -0.00679537 0.97283310
vt -0.00679537 0.97283310
vt -0.00285693 0.98783088
vt -0.00293255 0.98784918
vt -0.00679537 0.97283310
vt -0.00293255 0.98784918
vt -0.00694503 0.97287321
vt -0.00694503 0.97287321
vt -0.00293255 0.98784918
vt -0.00303315 0.98787355
vt -0.00694503 0.97287321
vt -0.00303315 0.98787355
vt -0.00709504 0.97291338
vt -0.00709504 0.97291338
vt -0.00303315 0.98787355
vt -0.00320932 0.98791903
vt -0.00366494 0.98804969
vt -0.00782216 0.97310823
vt -0.00356480 0.98801911
vt -0.00356480 0.98801911
vt -0.00782216 0.97310823
vt -0.00766940 0.97306728
vt -0.00356480 0.98801911
vt -0.00766940 0.97306728
vt -0.00350142 0.98800075
vt -0.00350142 0.98800075
vt -0.00766940 0.97306728
vt -0.00751424 0.97302568
vt -0.00350142 0.98800075
vt -0.00751424 0.97302568
vt -0.00338687 0.98796761
vt -0.00338687 0.98796761
vt -0.00751424 0.97302568
vt -0.00738199 0.97299027
vt -0.00338687 0.98796761
vt -0.00738199 0.97299027
vt -0.00323626 0.98792636
vt -0.00323626 0.98792636
vt -0.00738199 0.97299027
vt -0.00724804 0.97295439
vt -0.00323626 0.98792636
vt -0.00724804 0.97295439
vt -0.00320932 0.98791903
vt -0.00320932 0.98791903
vt -0.00724804 0.97295439
vt -0.00724693 0.97295409
vt -0.00320932 0.98791903
vt -0.00724693 0.97295409
vt -0.00709504 0.97291338
vt -0.00366494 0.98804969
vt -0.00374059 0.98807281
vt -0.00782216 0.97310823
vt -0.00782216 0.97310823
vt -0.00374059 0.98807281
vt -0.00380613 0.98809385
vt -0.00782216 0.97310823
vt -0.00380613 0.98809385
vt -0.00797061 0.97314799
vt -0.00797061 0.97314799
vt -0.00380613 0.98809385
vt -0.00391190 0.98812789
vt -0.00797061 0.97314799
vt -0.00391190 0.98812789
vt -0.00811357 0.97318631
vt -0.00391190 0.98812789
vt -0.00407641 0.98818338
vt -0.00811357 0.97318631
vt -0.00811357 0.97318631
vt -0.00407641 0.98818338
vt -0.00409319 0.98818928
vt -0.00811357 0.97318631
vt -0.00409319 0.98818928
vt -0.00824835 0.97322243
vt -0.00824835 0.97322243
vt -0.00409319 0.98818928
vt -0.00423201 0.98823822
vt -0.00824835 0.97322243
vt -0.00423201 0.98823822
vt -0.00837715 0.97325695
vt -0.00837715 0.97325695
vt -0.00423201 0.98823822
vt -0.00435057 0.98828167
vt -0.00837715 0.97325695
vt -0.00435057 0.98828167
vt -0.00849932 0.97328967
vt -0.00849932 0.97328967
vt -0.00435057 0.98828167
vt -0.00437688 0.98829132
vt -0.00849932 0.97328967
vt -0.00437688 0.98829132
vt -0.00861281 0.97332007
vt -0.00861281 0.97332007
vt -0.00437688 0.98829132
vt -0.00451003 0.98834199
vt -0.00861281 0.97332007
vt -0.00451003 0.98834199
vt -0.00451071 0.98834223
vt 0.05619254 0.98844081
vt 0.05605650 0.98847687
vt 0.05599754 0.97340238
vt 0.05599754 0.97340238
vt 0.05605650 0.98847687
vt 0.05591730 0.97341365
vt -0.00457885 0.98836899
vt 0.05635483 0.98839056
vt 0.05630726 0.97334576
vt 0.05630726 0.97334576
vt 0.05635483 0.98839056
vt 0.05621137 0.98843580
vt 0.05630726 0.97334576
vt 0.05621137 0.98843580
vt 0.05619307 0.97336936
vt 0.05619307 0.97336936
vt 0.05621137 0.98843580
vt 0.05619254 0.98844081
vt 0.05619307 0.97336936
vt 0.05619254 0.98844081
vt 0.05600122 0.97340184
vt 0.05600122 0.97340184
vt 0.05619254 0.98844081
vt 0.05599754 0.97340238
vt 0.05600122 0.97340184
vt 0.05599754 0.97340238
vt 0.05600122 0.97146994
vt 0.05600122 0.97146994
vt 0.05599754 0.97340238
vt 0.05599754 0.97147053
vt 0.05605650 0.98847687
vt 0.05591676 0.98850757
vt 0.05591730 0.97341365
vt 0.05591730 0.97341365
vt 0.05591676 0.98850757
vt 0.05589221 0.98851299
vt 0.05591730 0.97341365
vt 0.05589221 0.98851299
vt 0.05577143 0.97343123
vt 0.05577143 0.97343123
vt 0.05589221 0.98851299
vt 0.05572064 0.98854333
vt 0.05577143 0.97343123
vt 0.05572064 0.98854333
vt 0.05562094 0.97344577
vt 0.05562094 0.97344577
vt 0.05572064 0.98854333
vt 0.05562026 0.98855704
vt 0.05562094 0.97344577
vt 0.05562026 0.98855704
vt 0.05546980 0.97345698
vt 0.05562026 0.98855704
vt 0.05554397 0.98856747
vt 0.05546980 0.97345698
vt 0.05546980 0.97345698
vt 0.05554397 0.98856747
vt 0.05536429 0.98858494
vt 0.05546980 0.97345698
vt 0.05536429 0.98858494
vt 0.05531474 0.97346509
vt 0.05531474 0.97346509
vt 0.05536429 0.98858494
vt 0.05531450 0.98858786
vt 0.05531474 0.97346509
vt 0.05531450 0.98858786
vt 0.05515804 0.97347003
vt 0.05515804 0.97347003
vt 0.05531450 0.98858786
vt 0.05518325 0.98859555
vt 0.05515804 0.97347003
vt 0.05518325 0.98859555
vt 0.05500000 0.97347170
vt 0.05500000 0.97347170
vt 0.05518325 0.98859555
vt 0.05500000 0.98859912
vt 0.05500000 0.97347170
vt 0.05500000 0.98859912
vt 0.05486005 0.97347039
vt 0.05500000 0.98859912
vt 0.05492593 0.98859853
vt 0.05486005 0.97347039
vt 0.05486005 0.97347039
vt 0.05492593 0.98859853
vt 0.05474032 0.98859191
vt 0.05486005 0.97347039
vt 0.05474032 0.98859191
vt 0.05472181 0.97346652
vt 0.05472181 0.97346652
vt 0.05474032 0.98859191
vt 0.05472196 0.98859048
vt 0.05472181 0.97346652
vt 0.05472196 0.98859048
vt 0.05456144 0.97345883
vt 0.05456144 0.97345883
vt 0.05472196 0.98859048
vt 0.05455556 0.98857796
vt 0.05456144 0.97345883
vt 0.05455556 0.98857796
vt 0.05440334 0.97344774
vt 0.05455556 0.98857796
vt 0.05440367 0.98856050
vt 0.05440334 0.97344774
vt 0.05440334 0.97344774
vt 0.05440367 0.98856050
vt 0.05437393 0.98855704
vt 0.05440334 0.97344774
vt 0.05437393 0.98855704
vt 0.05424948 0.97343343
vt 0.05424948 0.97343343
vt 0.05437393 0.98855704
vt 0.05419772 0.98852968
vt 0.05424948 0.97343343
vt 0.05419772 0.98852968
vt 0.05410354 0.97341508
vt 0.05410354 0.97341508
vt 0.05419772 0.98852968
vt 0.05410254 0.98851097
vt 0.05410354 0.97341508
vt 0.05410254 0.98851097
vt 0.05400273 0.97340238
vt 0.05400273 0.97340238
vt 0.05410254 0.98851097
vt 0.05399865 0.97340178
vt 0.05400273 0.97340238
vt 0.05399865 0.97340178
vt 0.05400273 0.97147053
vt 0.05400273 0.97147053
vt 0.05399865 0.97340178
vt 0.05399865 0.97146988
vt 0.00457942 0.98836905
vt 0.00861192 0.97331983
vt 0.00458105 0.98836970
vt 0.00458105 0.98836970
vt 0.00861192 0.97331983
vt 0.05370170 0.97334772
vt 0.05410254 0.98851097
vt 0.05402914 0.98849654
vt 0.05399865 0.97340178
vt 0.05399865 0.97340178
vt 0.05402914 0.98849654
vt 0.05387025 0.98845834
vt 0.05399865 0.97340178
vt 0.05387025 0.98845834
vt 0.05382786 0.97337329
vt 0.05382786 0.97337329
vt 0.05387025 0.98845834
vt 0.05382890 0.98844647
vt 0.05382786 0.97337329
vt 0.05382890 0.98844647
vt 0.05370170 0.97334772
vt 0.05370170 0.97334772
vt 0.05382890 0.98844647
vt 0.05372283 0.98841602
vt 0.05370170 0.97334772
vt 0.05372283 0.98841602
vt 0.00458105 0.98836970
vt 0.00457942 0.98836905
vt 0.00450996 0.98834217
vt 0.00861192 0.97331983
vt 0.00861192 0.97331983
vt 0.00450996 0.98834217
vt 0.00445195 0.98831969
vt 0.00861192 0.97331983
vt 0.00445195 0.98831969
vt 0.00850902 0.97329223
vt 0.00850902 0.97329223
vt 0.00445195 0.98831969
vt 0.00437151 0.98828954
vt 0.00850902 0.97329223
vt 0.00437151 0.98828954
vt 0.00839923 0.97326285
vt 0.00437151 0.98828954
vt 0.00431089 0.98826689
vt 0.00839923 0.97326285
vt 0.00839923 0.97326285
vt 0.00431089 0.98826689
vt 0.00415955 0.98821235
vt 0.00839923 0.97326285
vt 0.00415955 0.98821235
vt 0.00826937 0.97322804
vt 0.00826937 0.97322804
vt 0.00415955 0.98821235
vt 0.00411139 0.98819572
vt 0.00826937 0.97322804
vt 0.00411139 0.98819572
vt 0.00813258 0.97319138
vt 0.00411139 0.98819572
vt 0.00399981 0.98815721
vt 0.00813258 0.97319138
vt 0.00813258 0.97319138
vt 0.00399981 0.98815721
vt 0.00383366 0.98810238
vt 0.00813258 0.97319138
vt 0.00383366 0.98810238
vt 0.00799160 0.97315359
vt 0.00799160 0.97315359
vt 0.00383366 0.98810238
vt 0.00383030 0.98810136
vt 0.00799160 0.97315359
vt 0.00383030 0.98810136
vt 0.00784600 0.97311461
vt 0.00383030 0.98810136
vt 0.00366503 0.98804939
vt 0.00784600 0.97311461
vt 0.00784600 0.97311461
vt 0.00366503 0.98804939
vt 0.00366307 0.98804879
vt 0.00784600 0.97311461
vt 0.00366307 0.98804879
vt 0.00769973 0.97307539
vt 0.00769973 0.97307539
vt 0.00366307 0.98804879
vt 0.00353710 0.98801112
vt 0.00769973 0.97307539
vt 0.00353710 0.98801112
vt 0.00755017 0.97303534
vt 0.00755017 0.97303534
vt 0.00353710 0.98801112
vt 0.00739885 0.97299480
vt 0.00353710 0.98801112
vt 0.00348991 0.98799706
vt 0.00739885 0.97299480
vt 0.00739885 0.97299480
vt 0.00348991 0.98799706
vt 0.00331441 0.98794740
vt 0.00739885 0.97299480
vt 0.00331441 0.98794740
vt 0.00724693 0.97295409
vt 0.00724693 0.97295409
vt 0.00331441 0.98794740
vt 0.00323358 0.98792583
vt 0.00280125 0.98781806
vt 0.00666776 0.97279888
vt 0.00295619 0.98785460
vt 0.00295619 0.98785460
vt 0.00666776 0.97279888
vt 0.00681955 0.97283953
vt 0.00295619 0.98785460
vt 0.00681955 0.97283953
vt 0.00296251 0.98785615
vt 0.00296251 0.98785615
vt 0.00681955 0.97283953
vt 0.00697501 0.97288120
vt 0.00296251 0.98785615
vt 0.00697501 0.97288120
vt 0.00313629 0.98789984
vt 0.00313629 0.98789984
vt 0.00697501 0.97288120
vt 0.00711037 0.97291750
vt 0.00313629 0.98789984
vt 0.00711037 0.97291750
vt 0.00323358 0.98792583
vt 0.00323358 0.98792583
vt 0.00711037 0.97291750
vt 0.00724535 0.97295368
vt 0.00323358 0.98792583
vt 0.00724535 0.97295368
vt 0.00724693 0.97295409
vt 0.00280125 0.98781806
vt 0.00277679 0.98781234
vt 0.00666776 0.97279888
vt 0.00666776 0.97279888
vt 0.00277679 0.98781234
vt 0.00265275 0.98778498
vt 0.00666776 0.97279888
vt 0.00265275 0.98778498
vt 0.00652048 0.97275943
vt 0.00652048 0.97275943
vt 0.00265275 0.98778498
vt 0.00260019 0.98777342
vt 0.00652048 0.97275943
vt 0.00260019 0.98777342
vt 0.00637686 0.97272092
vt 0.00260019 0.98777342
vt 0.00242855 0.98773819
vt 0.00637686 0.97272092
vt 0.00637686 0.97272092
vt 0.00242855 0.98773819
vt 0.00235759 0.98772460
vt 0.00637686 0.97272092
vt 0.00235759 0.98772460
vt 0.00624127 0.97268462
vt 0.00624127 0.97268462
vt 0.00235759 0.98772460
vt 0.00226402 0.98770672
vt 0.00624127 0.97268462
vt 0.00226402 0.98770672
vt 0.00611284 0.97265017
vt 0.00226402 0.98770672
vt 0.00210860 0.98767912
vt 0.00611284 0.97265017
vt 0.00611284 0.97265017
vt 0.00210860 0.98767912
vt 0.00208743 0.98767561
vt 0.00611284 0.97265017
vt 0.00208743 0.98767561
vt 0.00599260 0.97261798
vt 0.00599260 0.97261798
vt 0.00208743 0.98767561
vt 0.00196403 0.98765528
vt 0.00599260 0.97261798
vt 0.00196403 0.98765528
vt 0.00587963 0.97258770
vt 0.00587963 0.97258770
vt 0.00196403 0.98765528
vt 0.00192318 0.98764896
vt -0.05400367 0.97250581
vt -0.05380356 0.98761141
vt -0.05407978 0.97249508
vt -0.05407978 0.97249508
vt -0.05380356 0.98761141
vt -0.05389503 0.98760253
vt 0.00192318 0.98764896
vt 0.00184775 0.98763740
vt 0.00587963 0.97258770
vt 0.00587963 0.97258770
vt 0.00184775 0.98763740
vt 0.00183093 0.98763484
vt 0.00587963 0.97258770
vt 0.00183093 0.98763484
vt -0.05369173 0.97256261
vt -0.05369173 0.97256261
vt 0.00183093 0.98763484
vt -0.05374299 0.98761725
vt -0.05369173 0.97256261
vt -0.05374299 0.98761725
vt -0.05380230 0.97253978
vt -0.05380230 0.97253978
vt -0.05374299 0.98761725
vt -0.05380356 0.98761141
vt -0.05380230 0.97253978
vt -0.05380356 0.98761141
vt -0.05399819 0.97250658
vt -0.05399819 0.97250658
vt -0.05380356 0.98761141
vt -0.05400367 0.97250581
vt -0.05399819 0.97250658
vt -0.05400367 0.97250581
vt -0.05399819 0.97057474
vt -0.05399819 0.97057474
vt -0.05400367 0.97250581
vt -0.05400367 0.97057396
vt -0.05389503 0.98760253
vt -0.05405762 0.98759049
vt -0.05407978 0.97249508
vt -0.05407978 0.97249508
vt -0.05405762 0.98759049
vt -0.05408021 0.98758924
vt -0.05407978 0.97249508
vt -0.05408021 0.98758924
vt -0.05422702 0.97247732
vt -0.05422702 0.97247732
vt -0.05408021 0.98758924
vt -0.05422834 0.98758096
vt -0.05422702 0.97247732
vt -0.05422834 0.98758096
vt -0.05437820 0.97246265
vt -0.05422834 0.98758096
vt -0.05437858 0.98757476
vt -0.05437820 0.97246265
vt -0.05437820 0.97246265
vt -0.05437858 0.98757476
vt -0.05440471 0.98757368
vt -0.05437820 0.97246265
vt -0.05440471 0.98757368
vt -0.05452990 0.97245139
vt -0.05452990 0.97245139
vt -0.05440471 0.98757368
vt -0.05458424 0.98756856
vt -0.05452990 0.97245139
vt -0.05458424 0.98756856
vt -0.05468492 0.97244316
vt -0.05468492 0.97244316
vt -0.05458424 0.98756856
vt -0.05468528 0.98756677
vt -0.05468492 0.97244316
vt -0.05468528 0.98756677
vt -0.05484276 0.97243810
vt -0.05468528 0.98756677
vt -0.05476476 0.98756534
vt -0.05484276 0.97243810
vt -0.05484276 0.97243810
vt -0.05476476 0.98756534
vt -0.05494687 0.98756391
vt -0.05484276 0.97243810
vt -0.05494687 0.98756391
vt -0.05500078 0.97243643
vt -0.05500078 0.97243643
vt -0.05494687 0.98756391
vt -0.05500074 0.98756403
vt -0.05500078 0.97243643
vt -0.05500074 0.98756403
vt -0.05514227 0.97243780
vt -0.05514227 0.97243780
vt -0.05500074 0.98756403
vt -0.05513115 0.98756433
vt -0.05514227 0.97243780
vt -0.05513115 0.98756433
vt -0.05528305 0.97244179
vt -0.05575252 0.97247493
vt -0.05585316 0.98758507
vt -0.05589785 0.97249323
vt -0.05589785 0.97249323
vt -0.05585316 0.98758507
vt -0.05589896 0.98758799
vt -0.05589785 0.97249323
vt -0.05589896 0.98758799
vt -0.05601847 0.98759562
vt -0.05513115 0.98756433
vt -0.05528289 0.98756611
vt -0.05528305 0.97244179
vt -0.05528305 0.97244179
vt -0.05528289 0.98756611
vt -0.05531627 0.98756653
vt -0.05528305 0.97244179
vt -0.05531627 0.98756653
vt -0.05544275 0.97244954
vt -0.05544275 0.97244954
vt -0.05531627 0.98756653
vt -0.05549988 0.98757064
vt -0.05544275 0.97244954
vt -0.05549988 0.98757064
vt -0.05560020 0.97246069
vt -0.05560020 0.97246069
vt -0.05549988 0.98757064
vt -0.05559955 0.98757404
vt -0.05560020 0.97246069
vt -0.05559955 0.98757404
vt -0.05575252 0.97247493
vt -0.05575252 0.97247493
vt -0.05559955 0.98757404
vt -0.05567959 0.98757678
vt -0.05575252 0.97247493
vt -0.05567959 0.98757678
vt -0.05585316 0.98758507
vt -0.00450996 0.94648254
vt -0.00457942 0.94641519
vt -0.00463404 0.94514501
vt -0.00463404 0.94514501
vt -0.00457942 0.94641519
vt -0.00458105 0.94641364
vt -0.00458105 0.94641364
vt -0.00469691 0.94627714
vt -0.00463404 0.94514501
vt -0.00463404 0.94514501
vt -0.00469691 0.94627714
vt -0.00477108 0.94617110
vt -0.00463404 0.94514501
vt -0.00477108 0.94617110
vt -0.00480000 0.94612974
vt -0.00480000 0.94612974
vt -0.00489082 0.94597083
vt -0.00463404 0.94514501
vt -0.00463404 0.94514501
vt -0.00489082 0.94597083
vt -0.00492448 0.94589746
vt -0.00463404 0.94514501
vt -0.00492448 0.94589746
vt -0.00496812 0.94580227
vt -0.00496812 0.94580227
vt -0.00503084 0.94562608
vt -0.00463404 0.94514501
vt -0.00463404 0.94514501
vt -0.00503084 0.94562608
vt -0.00503857 0.94559634
vt -0.00463404 0.94514501
vt -0.00503857 0.94559634
vt -0.00507809 0.94544446
vt -0.00507809 0.94544446
vt -0.00510618 0.94527805
vt -0.00463404 0.94514501
vt -0.00463404 0.94514501
vt -0.00510618 0.94527805
vt -0.00510928 0.94525969
vt -0.00463404 0.94514501
vt -0.00510928 0.94525969
vt -0.00512410 0.94507408
vt -0.00512410 0.94507408
vt -0.00512541 0.94499999
vt -0.00463404 0.94514501
vt -0.00463404 0.94514501
vt -0.00512541 0.94499999
vt -0.00511740 0.94481677
vt -0.00463404 0.94514501
vt -0.00511740 0.94481677
vt -0.00510025 0.94468552
vt -0.00510025 0.94468552
vt -0.00509374 0.94463569
vt -0.00463404 0.94514501
vt -0.00463404 0.94514501
vt -0.00509374 0.94463569
vt -0.00505442 0.94445604
vt -0.00463404 0.94514501
vt -0.00505442 0.94445604
vt -0.00503071 0.94437975
vt -0.00503071 0.94437975
vt -0.00499951 0.94427937
vt -0.00463404 0.94514501
vt -0.00463404 0.94514501
vt -0.00499951 0.94427937
vt -0.00492930 0.94410777
vt -0.00463404 0.94514501
vt -0.00492930 0.94410777
vt -0.00491660 0.94408321
vt -0.00491660 0.94408321
vt -0.00484436 0.94394350
vt -0.00463404 0.94514501
vt -0.00463404 0.94514501
vt -0.00484436 0.94394350
vt -0.00475751 0.94380748
vt -0.00463404 0.94514501
vt -0.00475751 0.94380748
vt -0.00474549 0.94378865
vt -0.00474549 0.94378865
vt -0.00463375 0.94364518
vt -0.00463404 0.94514501
vt -0.00463404 0.94514501
vt -0.00463375 0.94364518
vt -0.00457885 0.94358718
vt -0.00463404 0.94514501
vt -0.00457885 0.94358718
vt -0.00450996 0.94648254
vt -0.00450996 0.94648254
vt -0.00457885 0.94358718
vt -0.00451071 0.94351524
vt -0.00399981 0.94683194
vt -0.00411139 0.94677413
vt -0.00388894 0.94491428
vt -0.00411139 0.94677413
vt -0.00415955 0.94674915
vt -0.00388894 0.94491428
vt -0.00388894 0.94491428
vt -0.00415955 0.94674915
vt -0.00431089 0.94665104
vt -0.00388894 0.94491428
vt -0.00431089 0.94665104
vt -0.00437151 0.94660276
vt -0.00451071 0.94351524
vt -0.00451003 0.94351465
vt -0.00450996 0.94648254
vt -0.00450996 0.94648254
vt -0.00451003 0.94351465
vt -0.00388894 0.94491428
vt -0.00450996 0.94648254
vt -0.00388894 0.94491428
vt -0.00445195 0.94653875
vt -0.00445195 0.94653875
vt -0.00388894 0.94491428
vt -0.00437151 0.94660276
vt -0.00451003 0.94351465
vt -0.00437688 0.94339901
vt -0.00388894 0.94491428
vt -0.00388894 0.94491428
vt -0.00437688 0.94339901
vt -0.00435057 0.94338024
vt -0.00388894 0.94491428
vt -0.00435057 0.94338024
vt -0.00423201 0.94329578
vt -0.00423201 0.94329578
vt -0.00409319 0.94321573
vt -0.00388894 0.94491428
vt -0.00388894 0.94491428
vt -0.00409319 0.94321573
vt -0.00407641 0.94320601
vt -0.00388894 0.94491428
vt -0.00407641 0.94320601
vt -0.00391190 0.94313115
vt -0.00391190 0.94313115
vt -0.00380613 0.94309485
vt -0.00388894 0.94491428
vt -0.00388894 0.94491428
vt -0.00380613 0.94309485
vt -0.00374059 0.94307238
vt -0.00388894 0.94491428
vt -0.00374059 0.94307238
vt -0.00366494 0.94305444
vt -0.00317518 0.94499290
vt -0.00338687 0.94300646
vt -0.00323626 0.94300115
vt -0.00323626 0.94300115
vt -0.00320932 0.94300020
vt -0.00317518 0.94499290
vt -0.00317518 0.94499290
vt -0.00320932 0.94300020
vt -0.00303315 0.94301128
vt -0.00317518 0.94499290
vt -0.00303315 0.94301128
vt -0.00293255 0.94302732
vt -0.00280125 0.94694728
vt -0.00295619 0.94697863
vt -0.00317518 0.94499290
vt -0.00295619 0.94697863
vt -0.00296251 0.94697928
vt -0.00317518 0.94499290
vt -0.00317518 0.94499290
vt -0.00296251 0.94697928
vt -0.00313629 0.94699728
vt -0.00317518 0.94499290
vt -0.00313629 0.94699728
vt -0.00323358 0.94699782
vt -0.00323358 0.94699782
vt -0.00331441 0.94699824
vt -0.00317518 0.94499290
vt -0.00317518 0.94499290
vt -0.00331441 0.94699824
vt -0.00348991 0.94698197
vt -0.00317518 0.94499290
vt -0.00348991 0.94698197
vt -0.00353710 0.94697291
vt -0.00366494 0.94305444
vt -0.00356480 0.94303060
vt -0.00317518 0.94499290
vt -0.00317518 0.94499290
vt -0.00356480 0.94303060
vt -0.00350142 0.94302201
vt -0.00317518 0.94499290
vt -0.00350142 0.94302201
vt -0.00338687 0.94300646
vt -0.00353710 0.94697291
vt -0.00366307 0.94694877
vt -0.00317518 0.94499290
vt -0.00317518 0.94499290
vt -0.00366307 0.94694877
vt -0.00366503 0.94694817
vt -0.00317518 0.94499290
vt -0.00366503 0.94694817
vt -0.00366494 0.94305444
vt -0.00366494 0.94305444
vt -0.00366503 0.94694817
vt -0.00383030 0.94689965
vt -0.00366494 0.94305444
vt -0.00383030 0.94689965
vt -0.00388894 0.94491428
vt -0.00388894 0.94491428
vt -0.00383030 0.94689965
vt -0.00383366 0.94689870
vt -0.00388894 0.94491428
vt -0.00383366 0.94689870
vt -0.00399981 0.94683194
vt -0.00293255 0.94302732
vt -0.00285693 0.94303936
vt -0.00317518 0.94499290
vt -0.00317518 0.94499290
vt -0.00285693 0.94303936
vt -0.00280123 0.94305366
vt -0.00317518 0.94499290
vt -0.00280123 0.94305366
vt -0.00280125 0.94694728
vt -0.00280125 0.94694728
vt -0.00280123 0.94305366
vt -0.00268131 0.94308448
vt -0.00263236 0.94310194
vt -0.00250825 0.94314641
vt -0.00257053 0.94508630
vt -0.00257053 0.94508630
vt -0.00250825 0.94314641
vt -0.00234000 0.94322467
vt -0.00196403 0.94652134
vt -0.00208743 0.94661742
vt -0.00257053 0.94508630
vt -0.00234000 0.94322467
vt -0.00233885 0.94322532
vt -0.00257053 0.94508630
vt -0.00257053 0.94508630
vt -0.00233885 0.94322532
vt -0.00217882 0.94331861
vt -0.00257053 0.94508630
vt -0.00217882 0.94331861
vt -0.00206595 0.94339919
vt -0.00206595 0.94339919
vt -0.00202685 0.94342709
vt -0.00257053 0.94508630
vt -0.00257053 0.94508630
vt -0.00202685 0.94342709
vt -0.00192318 0.94351685
vt -0.00257053 0.94508630
vt -0.00192318 0.94351685
vt -0.00196403 0.94652134
vt -0.00208743 0.94661742
vt -0.00210860 0.94663393
vt -0.00257053 0.94508630
vt -0.00257053 0.94508630
vt -0.00210860 0.94663393
vt -0.00226402 0.94673359
vt -0.00257053 0.94508630
vt -0.00226402 0.94673359
vt -0.00235759 0.94678217
vt -0.00235759 0.94678217
vt -0.00242855 0.94681895
vt -0.00257053 0.94508630
vt -0.00257053 0.94508630
vt -0.00242855 0.94681895
vt -0.00260019 0.94688886
vt -0.00257053 0.94508630
vt -0.00260019 0.94688886
vt -0.00265275 0.94690478
vt -0.00268131 0.94308448
vt -0.00263236 0.94310194
vt -0.00280125 0.94694728
vt -0.00280125 0.94694728
vt -0.00263236 0.94310194
vt -0.00257053 0.94508630
vt -0.00280125 0.94694728
vt -0.00257053 0.94508630
vt -0.00277679 0.94694233
vt -0.00277679 0.94694233
vt -0.00257053 0.94508630
vt -0.00265275 0.94690478
vt -0.00192318 0.94351685
vt -0.00188607 0.94354898
vt -0.00179378 0.94485664
vt -0.00179378 0.94485664
vt -0.00188607 0.94354898
vt -0.00185012 0.94358659
vt -0.00179378 0.94485664
vt -0.00185012 0.94358659
vt -0.00175872 0.94368219
vt -0.00175872 0.94368219
vt -0.00164458 0.94382632
vt -0.00179378 0.94485664
vt -0.00179378 0.94485664
vt -0.00164458 0.94382632
vt -0.00164333 0.94382823
vt -0.00179378 0.94485664
vt -0.00164333 0.94382823
vt -0.00154328 0.94398153
vt -0.00154328 0.94398153
vt -0.00148000 0.94410104
vt -0.00179378 0.94485664
vt -0.00179378 0.94485664
vt -0.00148000 0.94410104
vt -0.00145575 0.94414687
vt -0.00179378 0.94485664
vt -0.00145575 0.94414687
vt -0.00138328 0.94432038
vt -0.00138328 0.94432038
vt -0.00135822 0.94440043
vt -0.00179378 0.94485664
vt -0.00179378 0.94485664
vt -0.00135822 0.94440043
vt -0.00132700 0.94450015
vt -0.00179378 0.94485664
vt -0.00132700 0.94450015
vt -0.00128779 0.94468373
vt -0.00128779 0.94468373
vt -0.00128390 0.94471711
vt -0.00179378 0.94485664
vt -0.00179378 0.94485664
vt -0.00128390 0.94471711
vt -0.00126621 0.94486886
vt -0.00179378 0.94485664
vt -0.00126621 0.94486886
vt -0.00126355 0.94499928
vt -0.00126355 0.94499928
vt -0.00126246 0.94505316
vt -0.00179378 0.94485664
vt -0.00179378 0.94485664
vt -0.00126246 0.94505316
vt -0.00127632 0.94523525
vt -0.00179378 0.94485664
vt -0.00127632 0.94523525
vt -0.00128993 0.94531471
vt -0.00128993 0.94531471
vt -0.00130723 0.94541574
vt -0.00179378 0.94485664
vt -0.00179378 0.94485664
vt -0.00130723 0.94541574
vt -0.00135525 0.94559526
vt -0.00179378 0.94485664
vt -0.00135525 0.94559526
vt -0.00136486 0.94562143
vt -0.00136486 0.94562143
vt -0.00142014 0.94577169
vt -0.00179378 0.94485664
vt -0.00179378 0.94485664
vt -0.00142014 0.94577169
vt -0.00149054 0.94591981
vt -0.00179378 0.94485664
vt -0.00149054 0.94591981
vt -0.00150128 0.94594240
vt -0.00150128 0.94594240
vt -0.00159771 0.94610494
vt -0.00179378 0.94485664
vt -0.00179378 0.94485664
vt -0.00159771 0.94610494
vt -0.00166414 0.94619644
vt -0.00179378 0.94485664
vt -0.00166414 0.94619644
vt -0.00170812 0.94625700
vt -0.00170812 0.94625700
vt -0.00183093 0.94639641
vt -0.00179378 0.94485664
vt -0.00179378 0.94485664
vt -0.00183093 0.94639641
vt -0.00184775 0.94641221
vt -0.00179378 0.94485664
vt -0.00184775 0.94641221
vt -0.00192318 0.94351685
vt -0.00192318 0.94351685
vt -0.00184775 0.94641221
vt -0.00192318 0.94648302
vt -0.00192318 0.94351685
vt -0.00192318 0.94648302
vt -0.00196403 0.94652134
vt -0.05599745 0.97057396
vt -0.05400367 0.97057396
vt -0.05599745 0.97250581
vt -0.05599745 0.97250581
vt -0.05400367 0.97057396
vt -0.05400367 0.97250581
vt -0.00532014 1.05514228
vt -0.00553400 1.05407977
vt -0.00546762 1.05422699
vt -0.00532014 1.05514228
vt -0.00533508 1.05528307
vt -0.00553400 1.05407977
vt -0.00553400 1.05407977
vt -0.00533508 1.05528307
vt -0.00536408 1.05544281
vt -0.00553400 1.05407977
vt -0.00536408 1.05544281
vt -0.00540562 1.05560017
vt -0.00557390 1.05599749
vt -0.00557390 1.05400372
vt -0.00552707 1.05589783
vt -0.00552707 1.05589783
vt -0.00557390 1.05400372
vt -0.00553400 1.05407977
vt -0.00552707 1.05589783
vt -0.00553400 1.05407977
vt -0.00545874 1.05575252
vt -0.00545874 1.05575252
vt -0.00553400 1.05407977
vt -0.00540562 1.05560017
vt -0.00546762 1.05422699
vt -0.00541300 1.05437815
vt -0.00532014 1.05514228
vt -0.00532014 1.05514228
vt -0.00541300 1.05437815
vt -0.00537083 1.05452991
vt -0.00532014 1.05514228
vt -0.00537083 1.05452991
vt -0.00531508 1.05500078
vt -0.00531508 1.05500078
vt -0.00537083 1.05452991
vt -0.00534013 1.05468488
vt -0.00531508 1.05500078
vt -0.00534013 1.05468488
vt -0.00532135 1.05484271
vt 0.00609457 0.97057474
vt 0.00776457 0.97102225
vt 0.00557693 0.97250658
vt 0.00557693 0.97250658
vt 0.00776457 0.97102225
vt 0.00724693 0.97295409
vt 0.00891770 0.97340178
vt 0.00724693 0.97295409
vt 0.00943534 0.97146988
vt 0.00943534 0.97146988
vt 0.00724693 0.97295409
vt 0.00776457 0.97102225
vt -0.00578604 1.05369174
vt -0.00711037 1.05300510
vt -0.00697501 1.05302048
vt -0.00724693 1.05299997
vt -0.00724535 1.05299997
vt -0.00557693 1.05399823
vt -0.00557693 1.05399823
vt -0.00724535 1.05299997
vt -0.00711037 1.05300510
vt -0.00557693 1.05399823
vt -0.00711037 1.05300510
vt -0.00570076 1.05380225
vt -0.00570076 1.05380225
vt -0.00711037 1.05300510
vt -0.00578604 1.05369174
vt -0.00637686 1.05321598
vt -0.00624127 1.05329370
vt -0.00697501 1.05302048
vt -0.00697501 1.05302048
vt -0.00624127 1.05329370
vt -0.00611284 1.05338168
vt -0.00611284 1.05338168
vt -0.00599260 1.05347919
vt -0.00697501 1.05302048
vt -0.00697501 1.05302048
vt -0.00599260 1.05347919
vt -0.00587963 1.05358708
vt -0.00697501 1.05302048
vt -0.00587963 1.05358708
vt -0.00578604 1.05369174
vt -0.00681955 1.05305064
vt -0.00666776 1.05309343
vt -0.00697501 1.05302048
vt -0.00697501 1.05302048
vt -0.00666776 1.05309343
vt -0.00652048 1.05314851
vt -0.00697501 1.05302048
vt -0.00652048 1.05314851
vt -0.00637686 1.05321598
vt -0.00891770 1.05399871
vt -0.00881138 1.05382788
vt -0.00724693 1.05299997
vt -0.00724693 1.05299997
vt -0.00881138 1.05382788
vt -0.00871612 1.05370164
vt -0.00724693 1.05299997
vt -0.00871612 1.05370164
vt -0.00861192 1.05358469
vt -0.00784600 1.05310023
vt -0.00769973 1.05305696
vt -0.00839923 1.05339551
vt -0.00839923 1.05339551
vt -0.00769973 1.05305696
vt -0.00755017 1.05302548
vt -0.00861192 1.05358469
vt -0.00850902 1.05348611
vt -0.00724693 1.05299997
vt -0.00724693 1.05299997
vt -0.00850902 1.05348611
vt -0.00839923 1.05339551
vt -0.00724693 1.05299997
vt -0.00839923 1.05339551
vt -0.00739885 1.05300641
vt -0.00739885 1.05300641
vt -0.00839923 1.05339551
vt -0.00755017 1.05302548
vt -0.00826937 1.05330443
vt -0.00813258 1.05322433
vt -0.00839923 1.05339551
vt -0.00839923 1.05339551
vt -0.00813258 1.05322433
vt -0.00799160 1.05315638
vt -0.00839923 1.05339551
vt -0.00799160 1.05315638
vt -0.00784600 1.05310023
vt 0.05599754 0.97340238
vt 0.05400273 0.97340238
vt 0.05599754 0.97147053
vt 0.05599754 0.97147053
vt 0.05400273 0.97340238
vt 0.05400273 0.97147053
vt -0.00917389 1.05486000
vt -0.00896208 1.05591726
vt -0.00917878 1.05499995
vt -0.00917878 1.05499995
vt -0.00896208 1.05591726
vt -0.00902769 1.05577147
vt -0.00917878 1.05499995
vt -0.00902769 1.05577147
vt -0.00908190 1.05562091
vt -0.00917389 1.05486000
vt -0.00915948 1.05472183
vt -0.00896208 1.05591726
vt -0.00896208 1.05591726
vt -0.00915948 1.05472183
vt -0.00913071 1.05456150
vt -0.00896208 1.05591726
vt -0.00913071 1.05456150
vt -0.00908930 1.05440331
vt -0.00891997 1.05400276
vt -0.00891997 1.05599749
vt -0.00896731 1.05410349
vt -0.00896731 1.05410349
vt -0.00891997 1.05599749
vt -0.00896208 1.05591726
vt -0.00896731 1.05410349
vt -0.00896208 1.05591726
vt -0.00903585 1.05424953
vt -0.00903585 1.05424953
vt -0.00896208 1.05591726
vt -0.00908930 1.05440331
vt -0.00908190 1.05562091
vt -0.00912369 1.05546975
vt -0.00917878 1.05499995
vt -0.00917878 1.05499995
vt -0.00912369 1.05546975
vt -0.00915413 1.05531478
vt -0.00917878 1.05499995
vt -0.00915413 1.05531478
vt -0.00917257 1.05515802
vt -0.00557601 1.05600131
vt -0.00568219 1.05617177
vt -0.00724693 1.05700004
vt -0.00724693 1.05700004
vt -0.00568219 1.05617177
vt -0.00577714 1.05629766
vt -0.00724693 1.05700004
vt -0.00577714 1.05629766
vt -0.00588132 1.05641460
vt -0.00664758 1.05689967
vt -0.00679537 1.05694342
vt -0.00609159 1.05660224
vt -0.00609159 1.05660224
vt -0.00679537 1.05694342
vt -0.00694503 1.05697477
vt -0.00588132 1.05641460
vt -0.00598270 1.05651200
vt -0.00724693 1.05700004
vt -0.00724693 1.05700004
vt -0.00598270 1.05651200
vt -0.00609159 1.05660224
vt -0.00724693 1.05700004
vt -0.00609159 1.05660224
vt -0.00709504 1.05699360
vt -0.00709504 1.05699360
vt -0.00609159 1.05660224
vt -0.00694503 1.05697477
vt -0.00622246 1.05669427
vt -0.00635934 1.05677474
vt -0.00609159 1.05660224
vt -0.00609159 1.05660224
vt -0.00635934 1.05677474
vt -0.00650055 1.05684292
vt -0.00609159 1.05660224
vt -0.00650055 1.05684292
vt -0.00664758 1.05689967
vt -0.00724693 1.05700004
vt -0.00724804 1.05700004
vt -0.00891792 1.05600119
vt -0.00891792 1.05600119
vt -0.00724804 1.05700004
vt -0.00738199 1.05699492
vt -0.00891792 1.05600119
vt -0.00738199 1.05699492
vt -0.00879673 1.05619311
vt -0.00782216 1.05690706
vt -0.00797061 1.05685186
vt -0.00870876 1.05630732
vt -0.00782216 1.05690706
vt -0.00870876 1.05630732
vt -0.00766940 1.05695009
vt -0.00879673 1.05619311
vt -0.00738199 1.05699492
vt -0.00870876 1.05630732
vt -0.00870876 1.05630732
vt -0.00738199 1.05699492
vt -0.00751424 1.05698001
vt -0.00870876 1.05630732
vt -0.00751424 1.05698001
vt -0.00766940 1.05695009
vt -0.00797061 1.05685186
vt -0.00811357 1.05678499
vt -0.00870876 1.05630732
vt -0.00870876 1.05630732
vt -0.00811357 1.05678499
vt -0.00824835 1.05670834
vt -0.00870876 1.05630732
vt -0.00824835 1.05670834
vt -0.00861281 1.05641437
vt -0.00861281 1.05641437
vt -0.00824835 1.05670834
vt -0.00837715 1.05662084
vt -0.00861281 1.05641437
vt -0.00837715 1.05662084
vt -0.00849932 1.05652237
vt -0.00557601 0.97250634
vt -0.00724693 0.97295409
vt -0.00609365 0.97057450
vt -0.00609365 0.97057450
vt -0.00724693 0.97295409
vt -0.00776457 0.97102225
vt -0.00943556 0.97146994
vt -0.00776457 0.97102225
vt -0.00891792 0.97340184
vt -0.00891792 0.97340184
vt -0.00776457 0.97102225
vt -0.00724693 0.97295409
f 1/1 2/2 3/3
f 4/4 5/5 6/6
f 7/7 8/8 9/9
f 10/10 11/11 12/12
f 13/13 14/14 15/15
f 16/16 17/17 18/18
f 19/19 20/20 21/21
f 22/22 23/23 24/24
f 25/25 26/26 27/27
f 28/28 29/29 30/30
f 31/31 32/32 33/33
f 34/34 35/35 36/36
f 37/37 38/38 39/39
f 40/40 41/41 42/42
f 43/43 44/44 45/45
f 46/46 47/47 48/48
f 49/49 50/50 51/51
f 52/52 53/53 54/54
f 55/55 56/56 57/57
f 58/58 59/59 60/60
f 61/61 62/62 63/63
f 64/64 65/65 66/66
f 67/67 68/68 69/69
f 70/70 71/71 72/72
f 73/73 74/74 75/75
f 76/76 77/77 78/78
f 79/79 80/80 81/81
f 82/82 83/83 84/84
f 85/85 86/86 87/87
f 88/88 89/89 90/90
f 91/91 92/92 93/93
f 94/94 95/95 96/96
f 97/97 98/98 99/99
f 100/100 101/101 102/102
f 103/103 104/104 105/105
f 106/106 107/107 108/108
f 109/109 110/110 111/111
f 112/112 113/113 114/114
f 115/115 116/116 117/117
f 118/118 119/119 120/120
f 121/121 122/122 123/123
f 124/124 125/125 126/126
f 127/127 128/128 129/129
f 130/130 131/131 132/132
f 133/133 134/134 135/135
f 136/136 137/137 138/138
f 139/139 140/140 141/141
f 142/142 143/143 144/144
f 145/145 146/146 147/147
f 148/148 149/149 150/150
f 151/151 152/152 153/153
f 154/154 155/155 156/156
f 157/157 158/158 159/159
f 160/160 161/161 162/162
f 163/163 164/164 165/165
f 166/166 167/167 168/168
f 169/169 170/170 171/171
f 172/172 173/173 174/174
f 175/175 176/176 177/177
f 178/178 179/179 180/180
f 181/181 182/182 183/183
f 184/184 185/185 186/186
f 187/187 188/188 189/189
f 190/190 191/191 192/192
f 193/193 194/194 195/195
f 196/196 197/197 198/198
f 199/199 200/200 201/201
f 202/202 203/203 204/204
f 205/205 206/206 207/207
f 208/208 209/209 210/210
f 211/211 212/212 213/213
f 214/214 215/215 216/216
f 217/217 218/218 219/219
f 220/220 221/221 222/222
f 223/223 224/224 225/225
f 226/226 227/227 228/228
f 229/229 230/230 231/231
f 232/232 233/233 234/234
f 235/235 236/236 237/237
f 238/238 239/239 240/240
f 241/241 242/242 243/243
f 244/244 245/245 246/246
f 247/247 248/248 249/249
f 250/250 251/251 252/252
f 253/253 254/254 255/255
f 256/256 257/257 258/258
f 259/259 260/260 261/261
f 262/262 263/263 264/264
f 265/265 266/266 267/267
f 268/268 269/269 270/270
f 271/271 272/272 273/273
f 274/274 275/275 276/276
f 277/277 278/278 279/279
f 280/280 281/281 282/282
f 283/283 284/284 285/285
f 286/286 287/287 288/288
f 289/289 290/290 291/291
f 292/292 293/293 294/294
f 295/295 296/296 297/297
f 298/298 299/299 300/300
f 301/301 302/302 303/303
f 304/304 305/305 306/306
f 307/307 308/308 309/309
f 310/310 311/311 312/312
f 313/313 314/314 315/315
f 316/316 317/317 318/318
f 319/319 320/320 321/321
f 322/322 323/323 324/324
f 325/325 326/326 327/327
f 328/328 329/329 330/330
f 331/331 332/332 333/333
f 334/334 335/335 336/336
f 337/337 338/338 339/339
f 340/340 341/341 342/342
f 343/343 344/344 345/345
f 346/346 347/347 348/348
f 349/349 350/350 351/351
f 352/352 353/353 354/354
f 355/355 356/356 357/357
f 358/358 359/359 360/360
f 361/361 362/362 363/363
f 364/364 365/365 366/366
f 367/367 368/368 369/369
f 370/370 371/371 372/372
f 373/373 374/374 375/375
f 376/376 377/377 378/378
f 379/379 380/380 381/381
f 382/382 383/383 384/384
f 385/385 386/386 387/387
f 388/388 389/389 390/390
f 391/391 392/392 393/393
f 394/394 395/395 396/396
f 397/397 398/398 399/399
f 400/400 401/401 402/402
f 403/403 404/404 405/405
f 406/406 407/407 408/408
f 409/409 410/410 411/411
f 412/412 413/413 414/414
f 415/415 416/416 417/417
f 418/418 419/419 420/420
f 421/421 422/422 423/423
f 424/424 425/425 426/426
f 427/427 428/428 429/429
f 430/430 431/431 432/432
f 433/433 434/434 435/435
f 436/436 437/437 438/438
f 439/439 440/440 441/441
f 442/442 443/443 444/444
f 445/445 446/446 447/447
f 448/448 449/449 450/450
f 451/451 452/452 453/453
f 454/454 455/455 456/456
f 457/457 458/458 459/459
f 460/460 461/461 462/462
f 463/463 464/464 465/465
f 466/466 467/467 468/468
f 469/469 470/470 471/471
f 472/472 473/473 474/474
f 475/475 476/476 477/477
f 478/478 479/479 480/480
f 481/481 482/482 483/483
f 484/484 485/485 486/486
f 487/487 488/488 489/489
f 490/490 491/491 492/492
f 493/493 494/494 495/495
f 496/496 497/497 498/498
f 499/499 500/500 501/501
f 502/502 503/503 504/504
f 505/505 506/506 507/507
f 508/508 509/509 510/510
f 511/511 512/512 513/513
f 514/514 515/515 516/516
f 517/517 518/518 519/519
f 520/520 521/521 522/522
f 523/523 524/524 525/525
f 526/526 527/527 528/528
f 529/529 530/530 531/531
f 532/532 533/533 534/534
f 535/535 536/536 537/537
f 538/538 539/539 540/540
f 541/541 542/542 543/543
f 544/544 545/545 546/546
f 547/547 548/548 549/549
f 550/550 551/551 552/552
f 553/553 554/554 555/555
f 556/556 557/557 558/558
f 559/559 560/560 561/561
f 562/562 563/563 564/564
f 565/565 566/566 567/567
f 568/568 569/569 570/570
f 571/571 572/572 573/573
f 574/574 575/575 576/576
f 577/577 578/578 579/579
f 580/580 581/581 582/582
f 583/583 584/584 585/585
f 586/586 587/587 588/588
f 589/589 590/590 591/591
f 592/592 593/593 594/594
f 595/595 596/596 597/597
f 598/598 599/599 600/600
f 601/601 602/602 603/603
f 604/604 605/605 606/606
f 607/607 608/608 609/609
f 610/610 611/611 612/612
f 613/613 614/614 615/615
f 616/616 617/617 618/618
f 619/619 620/620 621/621
f 622/622 623/623 624/624
f 625/625 626/626 627/627
f 628/628 629/629 630/630
f 631/631 632/632 633/633
f 634/634 635/635 636/636
f 637/637 638/638 639/639
f 640/640 641/641 642/642
f 643/643 644/644 645/645
f 646/646 647/647 648/648
f 649/649 650/650 651/651
f 652/652 653/653 654/654
f 655/655 656/656 657/657
f 658/658 659/659 660/660
f 661/661 662/662 663/663
f 664/664 665/665 666/666
f 667/667 668/668 669/669
f 670/670 671/671 672/672
f 673/673 674/674 675/675
f 676/676 677/677 678/678
f 679/679 680/680 681/681
f 682/682 683/683 684/684
f 685/685 686/686 687/687
f 688/688 689/689 690/690
f 691/691 692/692 693/693
f 694/694 695/695 696/696
f 697/697 698/698 699/699
f 700/700 701/701 702/702
f 703/703 704/704 705/705
f 706/706 707/707 708/708
f 709/709 710/710 711/711
f 712/712 713/713 714/714
f 715/715 716/716 717/717
f 718/718 719/719 720/720
f 721/721 722/722 723/723
f 724/724 725/725 726/726
f 727/727 728/728 729/729
f 730/730 731/731 732/732
f 733/733 734/734 735/735
f 736/736 737/737 738/738
f 739/739 740/740 741/741
f 742/742 743/743 744/744
f 745/745 746/746 747/747
f 748/748 749/749 750/750
f 751/751 752/752 753/753
f 754/754 755/755 756/756
f 757/757 758/758 759/759
f 760/760 761/761 762/762
f 763/763 764/764 765/765
f 766/766 767/767 768/768
f 769/769 770/770 771/771
f 772/772 773/773 774/774
f 775/775 776/776 777/777
f 778/778 779/779 780/780
f 781/781 782/782 783/783
f 784/784 785/785 786/786
f 787/787 788/788 789/789
f 790/790 791/791 792/792
f 793/793 794/794 795/795
f 796/796 797/797 798/798
f 799/799 800/800 801/801
f 802/802 803/803 804/804
f 805/805 806/806 807/807
f 808/808 809/809 810/810
f 811/811 812/812 813/813
f 814/814 815/815 816/816
f 817/817 818/818 819/819
f 820/820 821/821 822/822
f 823/823 824/824 825/825
f 826/826 827/827 828/828
f 829/829 830/830 831/831
f 832/832 833/833 834/834
f 835/835 836/836 837/837
f 838/838 839/839 840/840
f 841/841 842/842 843/843
f 844/844 845/845 846/846
f 847/847 848/848 849/849
f 850/850 851/851 852/852
f 853/853 854/854 855/855
f 856/856 857/857 858/858
f 859/859 860/860 861/861
f 862/862 863/863 864/864
f 865/865 866/866 867/867
f 868/868 869/869 870/870
f 871/871 872/872 873/873
f 874/874 875/875 876/876
f 877/877 878/878 879/879
f 880/880 881/881 882/882
f 883/883 884/884 885/885
f 886/886 887/887 888/888
f 889/889 890/890 891/891
f 892/892 893/893 894/894
f 895/895 896/896 897/897
f 898/898 899/899 900/900
f 901/901 902/902 903/903
f 904/904 905/905 906/906
f 907/907 908/908 909/909
f 910/910 911/911 912/912
f 913/913 914/914 915/915
f 916/916 917/917 918/918
f 919/919 920/920 921/921
f 922/922 923/923 924/924
f 925/925 926/926 927/927
f 928/928 929/929 930/930
f 931/931 932/932 933/933
f 934/934 935/935 936/936
f 937/937 938/938 939/939
f 940/940 941/941 942/942
f 943/943 944/944 945/945
f 946/946 947/947 948/948
f 949/949 950/950 951/951
f 952/952 953/953 954/954
f 955/955 956/956 957/957
f 958/958 959/959 960/960
f 961/961 962/962 963/963
f 964/964 965/965 966/966
f 967/967 968/968 969/969
f 970/970 971/971 972/972
f 973/973 974/974 975/975
f 976/976 977/977 978/978
f 979/979 980/980 981/981
f 982/982 983/983 984/984
f 985/985 986/986 987/987
f 988/988 989/989 990/990
f 991/991 992/992 993/993
f 994/994 995/995 996/996
f 997/997 998/998 999/999
f 1000/1000 1001/1001 1002/1002
f 1003/1003 1004/1004 1005/1005
f 1006/1006 1007/1007 1008/1008
f 1009/1009 1010/1010 1011/1011
f 1012/1012 1013/1013 1014/1014
f 1015/1015 1016/1016 1017/1017
f 1018/1018 1019/1019 1020/1020
f 1021/1021 1022/1022 1023/1023
f 1024/1024 1025/1025 1026/1026
f 1027/1027 1028/1028 1029/1029
f 1030/1030 1031/1031 1032/1032
f 1033/1033 1034/1034 1035/1035
f 1036/1036 1037/1037 1038/1038
f 1039/1039 1040/1040 1041/1041
f 1042/1042 1043/1043 1044/1044
f 1045/1045 1046/1046 1047/1047
f 1048/1048 1049/1049 1050/1050
f 1051/1051 1052/1052 1053/1053
f 1054/1054 1055/1055 1056/1056
f 1057/1057 1058/1058 1059/1059
f 1060/1060 1061/1061 1062/1062
f 1063/1063 1064/1064 1065/1065
f 1066/1066 1067/1067 1068/1068
f 1069/1069 1070/1070 1071/1071
f 1072/1072 1073/1073 1074/1074
f 1075/1075 1076/1076 1077/1077
f 1078/1078 1079/1079 1080/1080
f 1081/1081 1082/1082 1083/1083
f 1084/1084 1085/1085 1086/1086
f 1087/1087 1088/1088 1089/1089
f 1090/1090 1091/1091 1092/1092
f 1093/1093 1094/1094 1095/1095
f 1096/1096 1097/1097 1098/1098
f 1099/1099 1100/1100 1101/1101
f 1102/1102 1103/1103 1104/1104
f 1105/1105 1106/1106 1107/1107
f 1108/1108 1109/1109 1110/1110
f 1111/1111 1112/1112 1113/1113
f 1114/1114 1115/1115 1116/1116
f 1117/1117 1118/1118 1119/1119
f 1120/1120 1121/1121 1122/1122
f 1123/1123 1124/1124 1125/1125
f 1126/1126 1127/1127 1128/1128
f 1129/1129 1130/1130 1131/1131
f 1132/1132 1133/1133 1134/1134
f 1135/1135 1136/1136 1137/1137
f 1138/1138 1139/1139 1140/1140
f 1141/1141 1142/1142 1143/1143
f 1144/1144 1145/1145 1146/1146
f 1147/1147 1148/1148 1149/1149
f 1150/1150 1151/1151 1152/1152
f 1153/1153 1154/1154 1155/1155
f 1156/1156 1157/1157 1158/1158
f 1159/1159 1160/1160 1161/1161
f 1162/1162 1163/1163 1164/1164
f 1165/1165 1166/1166 1167/1167
f 1168/1168 1169/1169 1170/1170
f 1171/1171 1172/1172 1173/1173
f 1174/1174 1175/1175 1176/1176
f 1177/1177 1178/1178 1179/1179
f 1180/1180 1181/1181 1182/1182
f 1183/1183 1184/1184 1185/1185
f 1186/1186 1187/1187 1188/1188
f 1189/1189 1190/1190 1191/1191
f 1192/1192 1193/1193 1194/1194
f 1195/1195 1196/1196 1197/1197
f 1198/1198 1199/1199 1200/1200
f 1201/1201 1202/1202 1203/1203
f 1204/1204 1205/1205 1206/1206
f 1207/1207 1208/1208 1209/1209
f 1210/1210 1211/1211 1212/1212
f 1213/1213 1214/1214 1215/1215
f 1216/1216 1217/1217 1218/1218
f 1219/1219 1220/1220 1221/1221
f 1222/1222 1223/1223 1224/1224
f 1225/1225 1226/1226 1227/1227
f 1228/1228 1229/1229 1230/1230
f 1231/1231 1232/1232 1233/1233
f 1234/1234 1235/1235 1236/1236
f 1237/1237 1238/1238 1239/1239
f 1240/1240 1241/1241 1242/1242
f 1243/1243 1244/1244 1245/1245
f 1246/1246 1247/1247 1248/1248
f 1249/1249 1250/1250 1251/1251
f 1252/1252 1253/1253 1254/1254
f 1255/1255 1256/1256 1257/1257
f 1258/1258 1259/1259 1260/1260
f 1261/1261 1262/1262 1263/1263
f 1264/1264 1265/1265 1266/1266
f 1267/1267 1268/1268 1269/1269
f 1270/1270 1271/1271 1272/1272
f 1273/1273 1274/1274 1275/1275
f 1276/1276 1277/1277 1278/1278
f 1279/1279 1280/1280 1281/1281
f 1282/1282 1283/1283 1284/1284
f 1285/1285 1286/1286 1287/1287
f 1288/1288 1289/1289 1290/1290
f 1291/1291 1292/1292 1293/1293
f 1294/1294 1295/1295 1296/1296
f 1297/1297 1298/1298 1299/1299
f 1300/1300 1301/1301 1302/1302
f 1303/1303 1304/1304 1305/1305
f 1306/1306 1307/1307 1308/1308
f 1309/1309 1310/1310 1311/1311
f 1312/1312 1313/1313 1314/1314
f 1315/1315 1316/1316 1317/1317
f 1318/1318 1319/1319 1320/1320
f 1321/1321 1322/1322 1323/1323
f 1324/1324 1325/1325 1326/1326
f 1327/1327 1328/1328 1329/1329
f 1330/1330 1331/1331 1332/1332
f 1333/1333 1334/1334 1335/1335
f 1336/1336 1337/1337 1338/1338
f 1339/1339 1340/1340 1341/1341
f 1342/1342 1343/1343 1344/1344
f 1345/1345 1346/1346 1347/1347
f 1348/1348 1349/1349 1350/1350
f 1351/1351 1352/1352 1353/1353
f 1354/1354 1355/1355 1356/1356
f 1357/1357 1358/1358 1359/1359
f 1360/1360 1361/1361 1362/1362
f 1363/1363 1364/1364 1365/1365
f 1366/1366 1367/1367 1368/1368
f 1369/1369 1370/1370 1371/1371
f 1372/1372 1373/1373 1374/1374
f 1375/1375 1376/1376 1377/1377
f 1378/1378 1379/1379 1380/1380
f 1381/1381 1382/1382 1383/1383
f 1384/1384 1385/1385 1386/1386
f 1387/1387 1388/1388 1389/1389
f 1390/1390 1391/1391 1392/1392
f 1393/1393 1394/1394 1395/1395
f 1396/1396 1397/1397 1398/1398
f 1399/1399 1400/1400 1401/1401
f 1402/1402 1403/1403 1404/1404
f 1405/1405 1406/1406 1407/1407
f 1408/1408 1409/1409 1410/1410
f 1411/1411 1412/1412 1413/1413
f 1414/1414 1415/1415 1416/1416
f 1417/1417 1418/1418 1419/1419
f 1420/1420 1421/1421 1422/1422
f 1423/1423 1424/1424 1425/1425
f 1426/1426 1427/1427 1428/1428
f 1429/1429 1430/1430 1431/1431
f 1432/1432 1433/1433 1434/1434
f 1435/1435 1436/1436 1437/1437
f 1438/1438 1439/1439 1440/1440
f 1441/1441 1442/1442 1443/1443
f 1444/1444 1445/1445 1446/1446
f 1447/1447 1448/1448 1449/1449
f 1450/1450 1451/1451 1452/1452
f 1453/1453 1454/1454 1455/1455
f 1456/1456 1457/1457 1458/1458
f 1459/1459 1460/1460 1461/1461
f 1462/1462 1463/1463 1464/1464
f 1465/1465 1466/1466 1467/1467
f 1468/1468 1469/1469 1470/1470
f 1471/1471 1472/1472 1473/1473
f 1474/1474 1475/1475 1476/1476
f 1477/1477 1478/1478 1479/1479
f 1480/1480 1481/1481 1482/1482
f 1483/1483 1484/1484 1485/1485
f 1486/1486 1487/1487 1488/1488
f 1489/1489 1490/1490 1491/1491
f 1492/1492 1493/1493 1494/1494
f 1495/1495 1496/1496 1497/1497
f 1498/1498 1499/1499 1500/1500
f 1501/1501 1502/1502 1503/1503
f 1504/1504 1505/1505 1506/1506
f 1507/1507 1508/1508 1509/1509
f 1510/1510 1511/1511 1512/1512
f 1513/1513 1514/1514 1515/1515
f 1516/1516 1517/1517 1518/1518
f 1519/1519 1520/1520 1521/1521
f 1522/1522 1523/1523 1524/1524
f 1525/1525 1526/1526 1527/1527
f 1528/1528 1529/1529 1530/1530
f 1531/1531 1532/1532 1533/1533
f 1534/1534 1535/1535 1536/1536
f 1537/1537 1538/1538 1539/1539
f 1540/1540 1541/1541 1542/1542
f 1543/1543 1544/1544 1545/1545
f 1546/1546 1547/1547 1548/1548
f 1549/1549 1550/1550 1551/1551
f 1552/1552 1553/1553 1554/1554
f 1555/1555 1556/1556 1557/1557
f 1558/1558 1559/1559 1560/1560
f 1561/1561 1562/1562 1563/1563
f 1564/1564 1565/1565 1566/1566
f 1567/1567 1568/1568 1569/1569
f 1570/1570 1571/1571 1572/1572
f 1573/1573 1574/1574 1575/1575
f 1576/1576 1577/1577 1578/1578
f 1579/1579 1580/1580 1581/1581
f 1582/1582 1583/1583 1584/1584
f 1585/1585 1586/1586 1587/1587
f 1588/1588 1589/1589 1590/1590
f 1591/1591 1592/1592 1593/1593
f 1594/1594 1595/1595 1596/1596
f 1597/1597 1598/1598 1599/1599
f 1600/1600 1601/1601 1602/1602
f 1603/1603 1604/1604 1605/1605
f 1606/1606 1607/1607 1608/1608
f 1609/1609 1610/1610 1611/1611
f 1612/1612 1613/1613 1614/1614
f 1615/1615 1616/1616 1617/1617
f 1618/1618 1619/1619 1620/1620
f 1621/1621 1622/1622 1623/1623
f 1624/1624 1625/1625 1626/1626
f 1627/1627 1628/1628 1629/1629
f 1630/1630 1631/1631 1632/1632
f 1633/1633 1634/1634 1635/1635
f 1636/1636 1637/1637 1638/1638
f 1639/1639 1640/1640 1641/1641
f 1642/1642 1643/1643 1644/1644
f 1645/1645 1646/1646 1647/1647
f 1648/1648 1649/1649 1650/1650
f 1651/1651 1652/1652 1653/1653
f 1654/1654 1655/1655 1656/1656
f 1657/1657 1658/1658 1659/1659
f 1660/1660 1661/1661 1662/1662
f 1663/1663 1664/1664 1665/1665
f 1666/1666 1667/1667 1668/1668
f 1669/1669 1670/1670 1671/1671
f 1672/1672 1673/1673 1674/1674
f 1675/1675 1676/1676 1677/1677
f 1678/1678 1679/1679 1680/1680
f 1681/1681 1682/1682 1683/1683
f 1684/1684 1685/1685 1686/1686
f 1687/1687 1688/1688 1689/1689
f 1690/1690 1691/1691 1692/1692
f 1693/1693 1694/1694 1695/1695
f 1696/1696 1697/1697 1698/1698
f 1699/1699 1700/1700 1701/1701
f 1702/1702 1703/1703 1704/1704
f 1705/1705 1706/1706 1707/1707
f 1708/1708 1709/1709 1710/1710
f 1711/1711 1712/1712 1713/1713
f 1714/1714 1715/1715 1716/1716
f 1717/1717 1718/1718 1719/1719
f 1720/1720 1721/1721 1722/1722
f 1723/1723 1724/1724 1725/1725
f 1726/1726 1727/1727 1728/1728
f 1729/1729 1730/1730 1731/1731
f 1732/1732 1733/1733 1734/1734
f 1735/1735 1736/1736 1737/1737
f 1738/1738 1739/1739 1740/1740
f 1741/1741 1742/1742 1743/1743
f 1744/1744 1745/1745 1746/1746
f 1747/1747 1748/1748 1749/1749
f 1750/1750 1751/1751 1752/1752
f 1753/1753 1754/1754 1755/1755
f 1756/1756 1757/1757 1758/1758
f 1759/1759 1760/1760 1761/1761
f 1762/1762 1763/1763 1764/1764
f 1765/1765 1766/1766 1767/1767
f 1768/1768 1769/1769 1770/1770
f 1771/1771 1772/1772 1773/1773
f 1774/1774 1775/1775 1776/1776
f 1777/1777 1778/1778 1779/1779
f 1780/1780 1781/1781 1782/1782
f 1783/1783 1784/1784 1785/1785
f 1786/1786 1787/1787 1788/1788
f 1789/1789 1790/1790 1791/1791
f 1792/1792 1793/1793 1794/1794
f 1795/1795 1796/1796 1797/1797
f 1798/1798 1799/1799 1800/1800
f 1801/1801 1802/1802 1803/1803
f 1804/1804 1805/1805 1806/1806
f 1807/1807 1808/1808 1809/1809
f 1810/1810 1811/1811 1812/1812
f 1813/1813 1814/1814 1815/1815
f 1816/1816 1817/1817 1818/1818
f 1819/1819 1820/1820 1821/1821
f 1822/1822 1823/1823 1824/1824
f 1825/1825 1826/1826 1827/1827
f 1828/1828 1829/1829 1830/1830
f 1831/1831 1832/1832 1833/1833
f 1834/1834 1835/1835 1836/1836
f 1837/1837 1838/1838 1839/1839
f 1840/1840 1841/1841 1842/1842
f 1843/1843 1844/1844 1845/1845
f 1846/1846 1847/1847 1848/1848
f 1849/1849 1850/1850 1851/1851
f 1852/1852 1853/1853 1854/1854
f 1855/1855 1856/1856 1857/1857
f 1858/1858 1859/1859 1860/1860
f 1861/1861 1862/1862 1863/1863
f 1864/1864 1865/1865 1866/1866
f 1867/1867 1868/1868 1869/1869
f 1870/1870 1871/1871 1872/1872
f 1873/1873 1874/1874 1875/1875
f 1876/1876 1877/1877 1878/1878
f 1879/1879 1880/1880 1881/1881
f 1882/1882 1883/1883 1884/1884
f 1885/1885 1886/1886 1887/1887
f 1888/1888 1889/1889 1890/1890
f 1891/1891 1892/1892 1893/1893
f 1894/1894 1895/1895 1896/1896
f 1897/1897 1898/1898 1899/1899
f 1900/1900 1901/1901 1902/1902
f 1903/1903 1904/1904 1905/1905
f 1906/1906 1907/1907 1908/1908
f 1909/1909 1910/1910 1911/1911
f 1912/1912 1913/1913 1914/1914
f 1915/1915 1916/1916 1917/1917
f 1918/1918 1919/1919 1920/1920
f 1921/1921 1922/1922 1923/1923
f 1924/1924 1925/1925 1926/1926
f 1927/1927 1928/1928 1929/1929
f 1930/1930 1931/1931 1932/1932
f 1933/1933 1934/1934 1935/1935
f 1936/1936 1937/1937 1938/1938
f 1939/1939 1940/1940 1941/1941
f 1942/1942 1943/1943 1944/1944
f 1945/1945 1946/1946 1947/1947
f 1948/1948 1949/1949 1950/1950
f 1951/1951 1952/1952 1953/1953
f 1954/1954 1955/1955 1956/1956
f 1957/1957 1958/1958 1959/1959
f 1960/1960 1961/1961 1962/1962
f 1963/1963 1964/1964 1965/1965
f 1966/1966 1967/1967 1968/1968
f 1969/1969 1970/1970 1971/1971
f 1972/1972 1973/1973 1974/1974
f 1975/1975 1976/1976 1977/1977
f 1978/1978 1979/1979 1980/1980
f 1981/1981 1982/1982 1983/1983
f 1984/1984 1985/1985 1986/1986
f 1987/1987 1988/1988 1989/1989
f 1990/1990 1991/1991 1992/1992
f 1993/1993 1994/1994 1995/1995
f 1996/1996 1997/1997 1998/1998
f 1999/1999 2000/2000 2001/2001
f 2002/2002 2003/2003 2004/2004
f 2005/2005 2006/2006 2007/2007
f 2008/2008 2009/2009 2010/2010
f 2011/2011 2012/2012 2013/2013
f 2014/2014 2015/2015 2016/2016
f 2017/2017 2018/2018 2019/2019
f 2020/2020 2021/2021 2022/2022
f 2023/2023 2024/2024 2025/2025
f 2026/2026 2027/2027 2028/2028
f 2029/2029 2030/2030 2031/2031
f 2032/2032 2033/2033 2034/2034
f 2035/2035 2036/2036 2037/2037
f 2038/2038 2039/2039 2040/2040
f 2041/2041 2042/2042 2043/2043
f 2044/2044 2045/2045 2046/2046
f 2047/2047 2048/2048 2049/2049
f 2050/2050 2051/2051 2052/2052
f 2053/2053 2054/2054 2055/2055
f 2056/2056 2057/2057 2058/2058
f 2059/2059 2060/2060 2061/2061
f 2062/2062 2063/2063 2064/2064
f 2065/2065 2066/2066 2067/2067
f 2068/2068 2069/2069 2070/2070
f 2071/2071 2072/2072 2073/2073
f 2074/2074 2075/2075 2076/2076
f 2077/2077 2078/2078 2079/2079
f 2080/2080 2081/2081 2082/2082
f 2083/2083 2084/2084 2085/2085
f 2086/2086 2087/2087 2088/2088
f 2089/2089 2090/2090 2091/2091
f 2092/2092 2093/2093 2094/2094
f 2095/2095 2096/2096 2097/2097
f 2098/2098 2099/2099 2100/2100
f 2101/2101 2102/2102 2103/2103
f 2104/2104 2105/2105 2106/2106
f 2107/2107 2108/2108 2109/2109
f 2110/2110 2111/2111 2112/2112
f 2113/2113 2114/2114 2115/2115
f 2116/2116 2117/2117 2118/2118
f 2119/2119 2120/2120 2121/2121
f 2122/2122 2123/2123 2124/2124
f 2125/2125 2126/2126 2127/2127
f 2128/2128 2129/2129 2130/2130
f 2131/2131 2132/2132 2133/2133
f 2134/2134 2135/2135 2136/2136
f 2137/2137 2138/2138 2139/2139
f 2140/2140 2141/2141 2142/2142
f 2143/2143 2144/2144 2145/2145
f 2146/2146 2147/2147 2148/2148
f 2149/2149 2150/2150 2151/2151
f 2152/2152 2153/2153 2154/2154
f 2155/2155 2156/2156 2157/2157
f 2158/2158 2159/2159 2160/2160
f 2161/2161 2162/2162 2163/2163
f 2164/2164 2165/2165 2166/2166
f 2167/2167 2168/2168 2169/2169
f 2170/2170 2171/2171 2172/2172
f 2173/2173 2174/2174 2175/2175
f 2176/2176 2177/2177 2178/2178
f 2179/2179 2180/2180 2181/2181
f 2182/2182 2183/2183 2184/2184
f 2185/2185 2186/2186 2187/2187
f 2188/2188 2189/2189 2190/2190
f 2191/2191 2192/2192 2193/2193
f 2194/2194 2195/2195 2196/2196
f 2197/2197 2198/2198 2199/2199
f 2200/2200 2201/2201 2202/2202
f 2203/2203 2204/2204 2205/2205
f 2206/2206 2207/2207 2208/2208
f 2209/2209 2210/2210 2211/2211
f 2212/2212 2213/2213 2214/2214
f 2215/2215 2216/2216 2217/2217
f 2218/2218 2219/2219 2220/2220
f 2221/2221 2222/2222 2223/2223
f 2224/2224 2225/2225 2226/2226
f 2227/2227 2228/2228 2229/2229
f 2230/2230 2231/2231 2232/2232
f 2233/2233 2234/2234 2235/2235
f 2236/2236 2237/2237 2238/2238
f 2239/2239 2240/2240 2241/2241
f 2242/2242 2243/2243 2244/2244
f 2245/2245 2246/2246 2247/2247
f 2248/2248 2249/2249 2250/2250
f 2251/2251 2252/2252 2253/2253
f 2254/2254 2255/2255 2256/2256
f 2257/2257 2258/2258 2259/2259
f 2260/2260 2261/2261 2262/2262
f 2263/2263 2264/2264 2265/2265
f 2266/2266 2267/2267 2268/2268
f 2269/2269 2270/2270 2271/2271
f 2272/2272 2273/2273 2274/2274
f 2275/2275 2276/2276 2277/2277
f 2278/2278 2279/2279 2280/2280
f 2281/2281 2282/2282 2283/2283
f 2284/2284 2285/2285 2286/2286
f 2287/2287 2288/2288 2289/2289
f 2290/2290 2291/2291 2292/2292
f 2293/2293 2294/2294 2295/2295
f 2296/2296 2297/2297 2298/2298
f 2299/2299 2300/2300 2301/2301
f 2302/2302 2303/2303 2304/2304
f 2305/2305 2306/2306 2307/2307
f 2308/2308 2309/2309 2310/2310
f 2311/2311 2312/2312 2313/2313
f 2314/2314 2315/2315 2316/2316
f 2317/2317 2318/2318 2319/2319
f 2320/2320 2321/2321 2322/2322
f 2323/2323 2324/2324 2325/2325
f 2326/2326 2327/2327 2328/2328
f 2329/2329 2330/2330 2331/2331
f 2332/2332 2333/2333 2334/2334
f 2335/2335 2336/2336 2337/2337
f 2338/2338 2339/2339 2340/2340
f 2341/2341 2342/2342 2343/2343
f 2344/2344 2345/2345 2346/2346
f 2347/2347 2348/2348 2349/2349
f 2350/2350 2351/2351 2352/2352
f 2353/2353 2354/2354 2355/2355
f 2356/2356 2357/2357 2358/2358
f 2359/2359 2360/2360 2361/2361
f 2362/2362 2363/2363 2364/2364
f 2365/2365 2366/2366 2367/2367
f 2368/2368 2369/2369 2370/2370
f 2371/2371 2372/2372 2373/2373
f 2374/2374 2375/2375 2376/2376
f 2377/2377 2378/2378 2379/2379
f 2380/2380 2381/2381 2382/2382
f 2383/2383 2384/2384 2385/2385
f 2386/2386 2387/2387 2388/2388
f 2389/2389 2390/2390 2391/2391
f 2392/2392 2393/2393 2394/2394
f 2395/2395 2396/2396 2397/2397
f 2398/2398 2399/2399 2400/2400
f 2401/2401 2402/2402 2403/2403
f 2404/2404 2405/2405 2406/2406
f 2407/2407 2408/2408 2409/2409
f 2410/2410 2411/2411 2412/2412
f 2413/2413 2414/2414 2415/2415
f 2416/2416 2417/2417 2418/2418
f 2419/2419 2420/2420 2421/2421
f 2422/2422 2423/2423 2424/2424
f 2425/2425 2426/2426 2427/2427
f 2428/2428 2429/2429 2430/2430
f 2431/2431 2432/2432 2433/2433
f 2434/2434 2435/2435 2436/2436
f 2437/2437 2438/2438 2439/2439
f 2440/2440 2441/2441 2442/2442
f 2443/2443 2444/2444 2445/2445
f 2446/2446 2447/2447 2448/2448
f 2449/2449 2450/2450 2451/2451
f 2452/2452 2453/2453 2454/2454
f 2455/2455 2456/2456 2457/2457
f 2458/2458 2459/2459 2460/2460
f 2461/2461 2462/2462 2463/2463
f 2464/2464 2465/2465 2466/2466
f 2467/2467 2468/2468 2469/2469
f 2470/2470 2471/2471 2472/2472
f 2473/2473 2474/2474 2475/2475
f 2476/2476 2477/2477 2478/2478
f 2479/2479 2480/2480 2481/2481
f 2482/2482 2483/2483 2484/2484
f 2485/2485 2486/2486 2487/2487
f 2488/2488 2489/2489 2490/2490
f 2491/2491 2492/2492 2493/2493
f 2494/2494 2495/2495 2496/2496
f 2497/2497 2498/2498 2499/2499
f 2500/2500 2501/2501 2502/2502
f 2503/2503 2504/2504 2505/2505
f 2506/2506 2507/2507 2508/2508
f 2509/2509 2510/2510 2511/2511
f 2512/2512 2513/2513 2514/2514
f 2515/2515 2516/2516 2517/2517
f 2518/2518 2519/2519 2520/2520
f 2521/2521 2522/2522 2523/2523
f 2524/2524 2525/2525 2526/2526
f 2527/2527 2528/2528 2529/2529
f 2530/2530 2531/2531 2532/2532
f 2533/2533 2534/2534 2535/2535
f 2536/2536 2537/2537 2538/2538
f 2539/2539 2540/2540 2541/2541
f 2542/2542 2543/2543 2544/2544
f 2545/2545 2546/2546 2547/2547
f 2548/2548 2549/2549 2550/2550
f 2551/2551 2552/2552 2553/2553
f 2554/2554 2555/2555 2556/2556
f 2557/2557 2558/2558 2559/2559
f 2560/2560 2561/2561 2562/2562
f 2563/2563 2564/2564 2565/2565
f 2566/2566 2567/2567 2568/2568
f 2569/2569 2570/2570 2571/2571
f 2572/2572 2573/2573 2574/2574
f 2575/2575 2576/2576 2577/2577
f 2578/2578 2579/2579 2580/2580
f 2581/2581 2582/2582 2583/2583
f 2584/2584 2585/2585 2586/2586
f 2587/2587 2588/2588 2589/2589
f 2590/2590 2591/2591 2592/2592
f 2593/2593 2594/2594 2595/2595
f 2596/2596 2597/2597 2598/2598
f 2599/2599 2600/2600 2601/2601
f 2602/2602 2603/2603 2604/2604
f 2605/2605 2606/2606 2607/2607
f 2608/2608 2609/2609 2610/2610
f 2611/2611 2612/2612 2613/2613
f 2614/2614 2615/2615 2616/2616
f 2617/2617 2618/2618 2619/2619
f 2620/2620 2621/2621 2622/2622
f 2623/2623 2624/2624 2625/2625
f 2626/2626 2627/2627 2628/2628
f 2629/2629 2630/2630 2631/2631
f 2632/2632 2633/2633 2634/2634
f 2635/2635 2636/2636 2637/2637
f 2638/2638 2639/2639 2640/2640
f 2641/2641 2642/2642 2643/2643
f 2644/2644 2645/2645 2646/2646
f 2647/2647 2648/2648 2649/2649
f 2650/2650 2651/2651 2652/2652
f 2653/2653 2654/2654 2655/2655
f 2656/2656 2657/2657 2658/2658
f 2659/2659 2660/2660 2661/2661
f 2662/2662 2663/2663 2664/2664
f 2665/2665 2666/2666 2667/2667
f 2668/2668 2669/2669 2670/2670
f 2671/2671 2672/2672 2673/2673
f 2674/2674 2675/2675 2676/2676
f 2677/2677 2678/2678 2679/2679
f 2680/2680 2681/2681 2682/2682
f 2683/2683 2684/2684 2685/2685
f 2686/2686 2687/2687 2688/2688
f 2689/2689 2690/2690 2691/2691
f 2692/2692 2693/2693 2694/2694
f 2695/2695 2696/2696 2697/2697
f 2698/2698 2699/2699 2700/2700
f 2701/2701 2702/2702 2703/2703
f 2704/2704 2705/2705 2706/2706
f 2707/2707 2708/2708 2709/2709
f 2710/2710 2711/2711 2712/2712
f 2713/2713 2714/2714 2715/2715
f 2716/2716 2717/2717 2718/2718
f 2719/2719 2720/2720 2721/2721
f 2722/2722 2723/2723 2724/2724
f 2725/2725 2726/2726 2727/2727
f 2728/2728 2729/2729 2730/2730
f 2731/2731 2732/2732 2733/2733
f 2734/2734 2735/2735 2736/2736
f 2737/2737 2738/2738 2739/2739
f 2740/2740 2741/2741 2742/2742
f 2743/2743 2744/2744 2745/2745
f 2746/2746 2747/2747 2748/2748
f 2749/2749 2750/2750 2751/2751
f 2752/2752 2753/2753 2754/2754
f 2755/2755 2756/2756 2757/2757
f 2758/2758 2759/2759 2760/2760
f 2761/2761 2762/2762 2763/2763
f 2764/2764 2765/2765 2766/2766
f 2767/2767 2768/2768 2769/2769
f 2770/2770 2771/2771 2772/2772
f 2773/2773 2774/2774 2775/2775
f 2776/2776 2777/2777 2778/2778
f 2779/2779 2780/2780 2781/2781
f 2782/2782 2783/2783 2784/2784
f 2785/2785 2786/2786 2787/2787
f 2788/2788 2789/2789 2790/2790
f 2791/2791 2792/2792 2793/2793
f 2794/2794 2795/2795 2796/2796
f 2797/2797 2798/2798 2799/2799
f 2800/2800 2801/2801 2802/2802
f 2803/2803 2804/2804 2805/2805
f 2806/2806 2807/2807 2808/2808
f 2809/2809 2810/2810 2811/2811
f 2812/2812 2813/2813 2814/2814
f 2815/2815 2816/2816 2817/2817
f 2818/2818 2819/2819 2820/2820
f 2821/2821 2822/2822 2823/2823
f 2824/2824 2825/2825 2826/2826
f 2827/2827 2828/2828 2829/2829
f 2830/2830 2831/2831 2832/2832
f 2833/2833 2834/2834 2835/2835
f 2836/2836 2837/2837 2838/2838
f 2839/2839 2840/2840 2841/2841
f 2842/2842 2843/2843 2844/2844
f 2845/2845 2846/2846 2847/2847
f 2848/2848 2849/2849 2850/2850
f 2851/2851 2852/2852 2853/2853
f 2854/2854 2855/2855 2856/2856
f 2857/2857 2858/2858 2859/2859
f 2860/2860 2861/2861 2862/2862
f 2863/2863 2864/2864 2865/2865
f 2866/2866 2867/2867 2868/2868
f 2869/2869 2870/2870 2871/2871
f 2872/2872 2873/2873 2874/2874
f 2875/2875 2876/2876 2877/2877
f 2878/2878 2879/2879 2880/2880
f 2881/2881 2882/2882 2883/2883
f 2884/2884 2885/2885 2886/2886
f 2887/2887 2888/2888 2889/2889
f 2890/2890 2891/2891 2892/2892
f 2893/2893 2894/2894 2895/2895
f 2896/2896 2897/2897 2898/2898
f 2899/2899 2900/2900 2901/2901
f 2902/2902 2903/2903 2904/2904
f 2905/2905 2906/2906 2907/2907
f 2908/2908 2909/2909 2910/2910
f 2911/2911 2912/2912 2913/2913
f 2914/2914 2915/2915 2916/2916
f 2917/2917 2918/2918 2919/2919
f 2920/2920 2921/2921 2922/2922
f 2923/2923 2924/2924 2925/2925
f 2926/2926 2927/2927 2928/2928
f 2929/2929 2930/2930 2931/2931
f 2932/2932 2933/2933 2934/2934
f 2935/2935 2936/2936 2937/2937
f 2938/2938 2939/2939 2940/2940
f 2941/2941 2942/2942 2943/2943
f 2944/2944 2945/2945 2946/2946
f 2947/2947 2948/2948 2949/2949
f 2950/2950 2951/2951 2952/2952
f 2953/2953 2954/2954 2955/2955
f 2956/2956 2957/2957 2958/2958
f 2959/2959 2960/2960 2961/2961
f 2962/2962 2963/2963 2964/2964
f 2965/2965 2966/2966 2967/2967
f 2968/2968 2969/2969 2970/2970
f 2971/2971 2972/2972 2973/2973
f 2974/2974 2975/2975 2976/2976
f 2977/2977 2978/2978 2979/2979
f 2980/2980 2981/2981 2982/2982
f 2983/2983 2984/2984 2985/2985
f 2986/2986 2987/2987 2988/2988
f 2989/2989 2990/2990 2991/2991
f 2992/2992 2993/2993 2994/2994
f 2995/2995 2996/2996 2997/2997
f 2998/2998 2999/2999 3000/3000
f 3001/3001 3002/3002 3003/3003
f 3004/3004 3005/3005 3006/3006
f 3007/3007 3008/3008 3009/3009
f 3010/3010 3011/3011 3012/3012
f 3013/3013 3014/3014 3015/3015
f 3016/3016 3017/3017 3018/3018
f 3019/3019 3020/3020 3021/3021
f 3022/3022 3023/3023 3024/3024
f 3025/3025 3026/3026 3027/3027
f 3028/3028 3029/3029 3030/3030
f 3031/3031 3032/3032 3033/3033
f 3034/3034 3035/3035 3036/3036
f 3037/3037 3038/3038 3039/3039
f 3040/3040 3041/3041 3042/3042
f 3043/3043 3044/3044 3045/3045
f 3046/3046 3047/3047 3048/3048
f 3049/3049 3050/3050 3051/3051
f 3052/3052 3053/3053 3054/3054
f 3055/3055 3056/3056 3057/3057
f 3058/3058 3059/3059 3060/3060
f 3061/3061 3062/3062 3063/3063
f 3064/3064 3065/3065 3066/3066
f 3067/3067 3068/3068 3069/3069
f 3070/3070 3071/3071 3072/3072
f 3073/3073 3074/3074 3075/3075
f 3076/3076 3077/3077 3078/3078
f 3079/3079 3080/3080 3081/3081
f 3082/3082 3083/3083 3084/3084
f 3085/3085 3086/3086 3087/3087
f 3088/3088 3089/3089 3090/3090
f 3091/3091 3092/3092 3093/3093
f 3094/3094 3095/3095 3096/3096
f 3097/3097 3098/3098 3099/3099
f 3100/3100 3101/3101 3102/3102
f 3103/3103 3104/3104 3105/3105
f 3106/3106 3107/3107 3108/3108
f 3109/3109 3110/3110 3111/3111
f 3112/3112 3113/3113 3114/3114
f 3115/3115 3116/3116 3117/3117
f 3118/3118 3119/3119 3120/3120
f 3121/3121 3122/3122 3123/3123
f 3124/3124 3125/3125 3126/3126
f 3127/3127 3128/3128 3129/3129
f 3130/3130 3131/3131 3132/3132
f 3133/3133 3134/3134 3135/3135
f 3136/3136 3137/3137 3138/3138
f 3139/3139 3140/3140 3141/3141
f 3142/3142 3143/3143 3144/3144
f 3145/3145 3146/3146 3147/3147
f 3148/3148 3149/3149 3150/3150
f 3151/3151 3152/3152 3153/3153
f 3154/3154 3155/3155 3156/3156
f 3157/3157 3158/3158 3159/3159
f 3160/3160 3161/3161 3162/3162
f 3163/3163 3164/3164 3165/3165
f 3166/3166 3167/3167 3168/3168
f 3169/3169 3170/3170 3171/3171
f 3172/3172 3173/3173 3174/3174
f 3175/3175 3176/3176 3177/3177
f 3178/3178 3179/3179 3180/3180
f 3181/3181 3182/3182 3183/3183
f 3184/3184 3185/3185 3186/3186
f 3187/3187 3188/3188 3189/3189
f 3190/3190 3191/3191 3192/3192
f 3193/3193 3194/3194 3195/3195
f 3196/3196 3197/3197 3198/3198
f 3199/3199 3200/3200 3201/3201
f 3202/3202 3203/3203 3204/3204
f 3205/3205 3206/3206 3207/3207
f 3208/3208 3209/3209 3210/3210
f 3211/3211 3212/3212 3213/3213
f 3214/3214 3215/3215 3216/3216
f 3217/3217 3218/3218 3219/3219
f 3220/3220 3221/3221 3222/3222
f 3223/3223 3224/3224 3225/3225
f 3226/3226 3227/3227 3228/3228
f 3229/3229 3230/3230 3231/3231
f 3232/3232 3233/3233 3234/3234
f 3235/3235 3236/3236 3237/3237
f 3238/3238 3239/3239 3240/3240
f 3241/3241 3242/3242 3243/3243
f 3244/3244 3245/3245 3246/3246
f 3247/3247 3248/3248 3249/3249
f 3250/3250 3251/3251 3252/3252
f 3253/3253 3254/3254 3255/3255
f 3256/3256 3257/3257 3258/3258
f 3259/3259 3260/3260 3261/3261
f 3262/3262 3263/3263 3264/3264
f 3265/3265 3266/3266 3267/3267
f 3268/3268 3269/3269 3270/3270
f 3271/3271 3272/3272 3273/3273
f 3274/3274 3275/3275 3276/3276
f 3277/3277 3278/3278 3279/3279
f 3280/3280 3281/3281 3282/3282
f 3283/3283 3284/3284 3285/3285
f 3286/3286 3287/3287 3288/3288
f 3289/3289 3290/3290 3291/3291
f 3292/3292 3293/3293 3294/3294
f 3295/3295 3296/3296 3297/3297
f 3298/3298 3299/3299 3300/3300
f 3301/3301 3302/3302 3303/3303
f 3304/3304 3305/3305 3306/3306
f 3307/3307 3308/3308 3309/3309
f 3310/3310 3311/3311 3312/3312
f 3313/3313 3314/3314 3315/3315
f 3316/3316 3317/3317 3318/3318
f 3319/3319 3320/3320 3321/3321
f 3322/3322 3323/3323 3324/3324
f 3325/3325 3326/3326 3327/3327
f 3328/3328 3329/3329 3330/3330
f 3331/3331 3332/3332 3333/3333
f 3334/3334 3335/3335 3336/3336
f 3337/3337 3338/3338 3339/3339
f 3340/3340 3341/3341 3342/3342
f 3343/3343 3344/3344 3345/3345
f 3346/3346 3347/3347 3348/3348
f 3349/3349 3350/3350 3351/3351
f 3352/3352 3353/3353 3354/3354
f 3355/3355 3356/3356 3357/3357
f 3358/3358 3359/3359 3360/3360
f 3361/3361 3362/3362 3363/3363
f 3364/3364 3365/3365 3366/3366
f 3367/3367 3368/3368 3369/3369
f 3370/3370 3371/3371 3372/3372
f 3373/3373 3374/3374 3375/3375
f 3376/3376 3377/3377 3378/3378
f 3379/3379 3380/3380 3381/3381
f 3382/3382 3383/3383 3384/3384
f 3385/3385 3386/3386 3387/3387
f 3388/3388 3389/3389 3390/3390
f 3391/3391 3392/3392 3393/3393
f 3394/3394 3395/3395 3396/3396
f 3397/3397 3398/3398 3399/3399
f 3400/3400 3401/3401 3402/3402
f 3403/3403 3404/3404 3405/3405
f 3406/3406 3407/3407 3408/3408
f 3409/3409 3410/3410 3411/3411
f 3412/3412 3413/3413 3414/3414
f 3415/3415 3416/3416 3417/3417
f 3418/3418 3419/3419 3420/3420
f 3421/3421 3422/3422 3423/3423
f 3424/3424 3425/3425 3426/3426
f 3427/3427 3428/3428 3429/3429
f 3430/3430 3431/3431 3432/3432
f 3433/3433 3434/3434 3435/3435
f 3436/3436 3437/3437 3438/3438
f 3439/3439 3440/3440 3441/3441
f 3442/3442 3443/3443 3444/3444
f 3445/3445 3446/3446 3447/3447
f 3448/3448 3449/3449 3450/3450
f 3451/3451 3452/3452 3453/3453
f 3454/3454 3455/3455 3456/3456
f 3457/3457 3458/3458 3459/3459
f 3460/3460 3461/3461 3462/3462
f 3463/3463 3464/3464 3465/3465
f 3466/3466 3467/3467 3468/3468
f 3469/3469 3470/3470 3471/3471
f 3472/3472 3473/3473 3474/3474
f 3475/3475 3476/3476 3477/3477
f 3478/3478 3479/3479 3480/3480
f 3481/3481 3482/3482 3483/3483
f 3484/3484 3485/3485 3486/3486
f 3487/3487 3488/3488 3489/3489
f 3490/3490 3491/3491 3492/3492
f 3493/3493 3494/3494 3495/3495
f 3496/3496 3497/3497 3498/3498
f 3499/3499 3500/3500 3501/3501
f 3502/3502 3503/3503 3504/3504
f 3505/3505 3506/3506 3507/3507
f 3508/3508 3509/3509 3510/3510
f 3511/3511 3512/3512 3513/3513
f 3514/3514 3515/3515 3516/3516
f 3517/3517 3518/3518 3519/3519
f 3520/3520 3521/3521 3522/3522
f 3523/3523 3524/3524 3525/3525
f 3526/3526 3527/3527 3528/3528
f 3529/3529 3530/3530 3531/3531
f 3532/3532 3533/3533 3534/3534
f 3535/3535 3536/3536 3537/3537
f 3538/3538 3539/3539 3540/3540
f 3541/3541 3542/3542 3543/3543
f 3544/3544 3545/3545 3546/3546
f 3547/3547 3548/3548 3549/3549
f 3550/3550 3551/3551 3552/3552
f 3553/3553 3554/3554 3555/3555
f 3556/3556 3557/3557 3558/3558
f 3559/3559 3560/3560 3561/3561
f 3562/3562 3563/3563 3564/3564
f 3565/3565 3566/3566 3567/3567
f 3568/3568 3569/3569 3570/3570
f 3571/3571 3572/3572 3573/3573
f 3574/3574 3575/3575 3576/3576
f 3577/3577 3578/3578 3579/3579
f 3580/3580 3581/3581 3582/3582
f 3583/3583 3584/3584 3585/3585
f 3586/3586 3587/3587 3588/3588
f 3589/3589 3590/3590 3591/3591
f 3592/3592 3593/3593 3594/3594
f 3595/3595 3596/3596 3597/3597
f 3598/3598 3599/3599 3600/3600
f 3601/3601 3602/3602 3603/3603
f 3604/3604 3605/3605 3606/3606
f 3607/3607 3608/3608 3609/3609
f 3610/3610 3611/3611 3612/3612
f 3613/3613 3614/3614 3615/3615
f 3616/3616 3617/3617 3618/3618
f 3619/3619 3620/3620 3621/3621
f 3622/3622 3623/3623 3624/3624
f 3625/3625 3626/3626 3627/3627
f 3628/3628 3629/3629 3630/3630
f 3631/3631 3632/3632 3633/3633
f 3634/3634 3635/3635 3636/3636
f 3637/3637 3638/3638 3639/3639
f 3640/3640 3641/3641 3642/3642
f 3643/3643 3644/3644 3645/3645
f 3646/3646 3647/3647 3648/3648
f 3649/3649 3650/3650 3651/3651
f 3652/3652 3653/3653 3654/3654
f 3655/3655 3656/3656 3657/3657
f 3658/3658 3659/3659 3660/3660
f 3661/3661 3662/3662 3663/3663
f 3664/3664 3665/3665 3666/3666
f 3667/3667 3668/3668 3669/3669
f 3670/3670 3671/3671 3672/3672
f 3673/3673 3674/3674 3675/3675
f 3676/3676 3677/3677 3678/3678
f 3679/3679 3680/3680 3681/3681
f 3682/3682 3683/3683 3684/3684
f 3685/3685 3686/3686 3687/3687
f 3688/3688 3689/3689 3690/3690
f 3691/3691 3692/3692 3693/3693
f 3694/3694 3695/3695 3696/3696
f 3697/3697 3698/3698 3699/3699
f 3700/3700 3701/3701 3702/3702
f 3703/3703 3704/3704 3705/3705
f 3706/3706 3707/3707 3708/3708
f 3709/3709 3710/3710 3711/3711
f 3712/3712 3713/3713 3714/3714
f 3715/3715 3716/3716 3717/3717
f 3718/3718 3719/3719 3720/3720
f 3721/3721 3722/3722 3723/3723
f 3724/3724 3725/3725 3726/3726
f 3727/3727 3728/3728 3729/3729
f 3730/3730 3731/3731 3732/3732
f 3733/3733 3734/3734 3735/3735
f 3736/3736 3737/3737 3738/3738
f 3739/3739 3740/3740 3741/3741
f 3742/3742 3743/3743 3744/3744
f 3745/3745 3746/3746 3747/3747
f 3748/3748 3749/3749 3750/3750
f 3751/3751 3752/3752 3753/3753
f 3754/3754 3755/3755 3756/3756
f 3757/3757 3758/3758 3759/3759
f 3760/3760 3761/3761 3762/3762
f 3763/3763 3764/3764 3765/3765
f 3766/3766 3767/3767 3768/3768
f 3769/3769 3770/3770 3771/3771
f 3772/3772 3773/3773 3774/3774
f 3775/3775 3776/3776 3777/3777
f 3778/3778 3779/3779 3780/3780
f 3781/3781 3782/3782 3783/3783
f 3784/3784 3785/3785 3786/3786
f 3787/3787 3788/3788 3789/3789
f 3790/3790 3791/3791 3792/3792
f 3793/3793 3794/3794 3795/3795
f 3796/3796 3797/3797 3798/3798
f 3799/3799 3800/3800 3801/3801
f 3802/3802 3803/3803 3804/3804
f 3805/3805 3806/3806 3807/3807
f 3808/3808 3809/3809 3810/3810
f 3811/3811 3812/3812 3813/3813
f 3814/3814 3815/3815 3816/3816
f 3817/3817 3818/3818 3819/3819
f 3820/3820 3821/3821 3822/3822
f 3823/3823 3824/3824 3825/3825
f 3826/3826 3827/3827 3828/3828
f 3829/3829 3830/3830 3831/3831
f 3832/3832 3833/3833 3834/3834
f 3835/3835 3836/3836 3837/3837
f 3838/3838 3839/3839 3840/3840
f 3841/3841 3842/3842 3843/3843
f 3844/3844 3845/3845 3846/3846
f 3847/3847 3848/3848 3849/3849
f 3850/3850 3851/3851 3852/3852
f 3853/3853 3854/3854 3855/3855
f 3856/3856 3857/3857 3858/3858
f 3859/3859 3860/3860 3861/3861
f 3862/3862 3863/3863 3864/3864
f 3865/3865 3866/3866 3867/3867
f 3868/3868 3869/3869 3870/3870
f 3871/3871 3872/3872 3873/3873
f 3874/3874 3875/3875 3876/3876
f 3877/3877 3878/3878 3879/3879
f 3880/3880 3881/3881 3882/3882
f 3883/3883 3884/3884 3885/3885
f 3886/3886 3887/3887 3888/3888
f 3889/3889 3890/3890 3891/3891
f 3892/3892 3893/3893 3894/3894
f 3895/3895 3896/3896 3897/3897
f 3898/3898 3899/3899 3900/3900
f 3901/3901 3902/3902 3903/3903
f 3904/3904 3905/3905 3906/3906
f 3907/3907 3908/3908 3909/3909
f 3910/3910 3911/3911 3912/3912
f 3913/3913 3914/3914 3915/3915
f 3916/3916 3917/3917 3918/3918
f 3919/3919 3920/3920 3921/3921
f 3922/3922 3923/3923 3924/3924
f 3925/3925 3926/3926 3927/3927
f 3928/3928 3929/3929 3930/3930
f 3931/3931 3932/3932 3933/3933
f 3934/3934 3935/3935 3936/3936
f 3937/3937 3938/3938 3939/3939
f 3940/3940 3941/3941 3942/3942
f 3943/3943 3944/3944 3945/3945
f 3946/3946 3947/3947 3948/3948
f 3949/3949 3950/3950 3951/3951
f 3952/3952 3953/3953 3954/3954
f 3955/3955 3956/3956 3957/3957
f 3958/3958 3959/3959 3960/3960
f 3961/3961 3962/3962 3963/3963
f 3964/3964 3965/3965 3966/3966
f 3967/3967 3968/3968 3969/3969
f 3970/3970 3971/3971 3972/3972
f 3973/3973 3974/3974 3975/3975
f 3976/3976 3977/3977 3978/3978
f 3979/3979 3980/3980 3981/3981
f 3982/3982 3983/3983 3984/3984
f 3985/3985 3986/3986 3987/3987
f 3988/3988 3989/3989 3990/3990
f 3991/3991 3992/3992 3993/3993
f 3994/3994 3995/3995 3996/3996
f 3997/3997 3998/3998 3999/3999
f 4000/4000 4001/4001 4002/4002
f 4003/4003 4004/4004 4005/4005
f 4006/4006 4007/4007 4008/4008
f 4009/4009 4010/4010 4011/4011
f 4012/4012 4013/4013 4014/4014
f 4015/4015 4016/4016 4017/4017
f 4018/4018 4019/4019 4020/4020
f 4021/4021 4022/4022 4023/4023
f 4024/4024 4025/4025 4026/4026
f 4027/4027 4028/4028 4029/4029
f 4030/4030 4031/4031 4032/4032
f 4033/4033 4034/4034 4035/4035
f 4036/4036 4037/4037 4038/4038
f 4039/4039 4040/4040 4041/4041
f 4042/4042 4043/4043 4044/4044
f 4045/4045 4046/4046 4047/4047
f 4048/4048 4049/4049 4050/4050
f 4051/4051 4052/4052 4053/4053
f 4054/4054 4055/4055 4056/4056
f 4057/4057 4058/4058 4059/4059
f 4060/4060 4061/4061 4062/4062
f 4063/4063 4064/4064 4065/4065
f 4066/4066 4067/4067 4068/4068
f 4069/4069 4070/4070 4071/4071
f 4072/4072 4073/4073 4074/4074
f 4075/4075 4076/4076 4077/4077
f 4078/4078 4079/4079 4080/4080
f 4081/4081 4082/4082 4083/4083
f 4084/4084 4085/4085 4086/4086
f 4087/4087 4088/4088 4089/4089
f 4090/4090 4091/4091 4092/4092
f 4093/4093 4094/4094 4095/4095
f 4096/4096 4097/4097 4098/4098
f 4099/4099 4100/4100 4101/4101
f 4102/4102 4103/4103 4104/4104
f 4105/4105 4106/4106 4107/4107
f 4108/4108 4109/4109 4110/4110
f 4111/4111 4112/4112 4113/4113
f 4114/4114 4115/4115 4116/4116
f 4117/4117 4118/4118 4119/4119
f 4120/4120 4121/4121 4122/4122
f 4123/4123 4124/4124 4125/4125
f 4126/4126 4127/4127 4128/4128
f 4129/4129 4130/4130 4131/4131
f 4132/4132 4133/4133 4134/4134
f 4135/4135 4136/4136 4137/4137
f 4138/4138 4139/4139 4140/4140
f 4141/4141 4142/4142 4143/4143
f 4144/4144 4145/4145 4146/4146
f 4147/4147 4148/4148 4149/4149
f 4150/4150 4151/4151 4152/4152
f 4153/4153 4154/4154 4155/4155
f 4156/4156 4157/4157 4158/4158
f 4159/4159 4160/4160 4161/4161
f 4162/4162 4163/4163 4164/4164
f 4165/4165 4166/4166 4167/4167
f 4168/4168 4169/4169 4170/4170
f 4171/4171 4172/4172 4173/4173
f 4174/4174 4175/4175 4176/4176
f 4177/4177 4178/4178 4179/4179
f 4180/4180 4181/4181 4182/4182
f 4183/4183 4184/4184 4185/4185
f 4186/4186 4187/4187 4188/4188
f 4189/4189 4190/4190 4191/4191
f 4192/4192 4193/4193 4194/4194
f 4195/4195 4196/4196 4197/4197
f 4198/4198 4199/4199 4200/4200
f 4201/4201 4202/4202 4203/4203
f 4204/4204 4205/4205 4206/4206
f 4207/4207 4208/4208 4209/4209
f 4210/4210 4211/4211 4212/4212
f 4213/4213 4214/4214 4215/4215
f 4216/4216 4217/4217 4218/4218
f 4219/4219 4220/4220 4221/4221
f 4222/4222 4223/4223 4224/4224
f 4225/4225 4226/4226 4227/4227
f 4228/4228 4229/4229 4230/4230
f 4231/4231 4232/4232 4233/4233
f 4234/4234 4235/4235 4236/4236
f 4237/4237 4238/4238 4239/4239
f 4240/4240 4241/4241 4242/4242
f 4243/4243 4244/4244 4245/4245
f 4246/4246 4247/4247 4248/4248
f 4249/4249 4250/4250 4251/4251
f 4252/4252 4253/4253 4254/4254
f 4255/4255 4256/4256 4257/4257
f 4258/4258 4259/4259 4260/4260
f 4261/4261 4262/4262 4263/4263
f 4264/4264 4265/4265 4266/4266
f 4267/4267 4268/4268 4269/4269
f 4270/4270 4271/4271 4272/4272
f 4273/4273 4274/4274 4275/4275
f 4276/4276 4277/4277 4278/4278
f 4279/4279 4280/4280 4281/4281
f 4282/4282 4283/4283 4284/4284
f 4285/4285 4286/4286 4287/4287
f 4288/4288 4289/4289 4290/4290
f 4291/4291 4292/4292 4293/4293
f 4294/4294 4295/4295 4296/4296
f 4297/4297 4298/4298 4299/4299
f 4300/4300 4301/4301 4302/4302
f 4303/4303 4304/4304 4305/4305
f 4306/4306 4307/4307 4308/4308
f 4309/4309 4310/4310 4311/4311
f 4312/4312 4313/4313 4314/4314
f 4315/4315 4316/4316 4317/4317
f 4318/4318 4319/4319 4320/4320
f 4321/4321 4322/4322 4323/4323
f 4324/4324 4325/4325 4326/4326
f 4327/4327 4328/4328 4329/4329
f 4330/4330 4331/4331 4332/4332

