# https://github.com/mikedh/trimesh
v -0.06951903 0.05965045 0.00279007
v -0.06889100 0.05770100 0.00146300
v -0.06622372 0.06057672 0.00193735
v -0.06691666 0.06289737 0.00392070
v -0.06754938 0.06223669 0.00437770
v -0.06694100 0.06183500 0.00508000
v -0.07085000 0.05776900 0.00302300
v -0.06974795 0.05926067 0.00373643
v -0.06844188 0.05863790 0.00422169
v -0.06635915 0.05606131 0.00014452
v -0.06446700 0.05903000 0.00079500
v -0.06374100 0.05588200 0.00002500
v -0.06146817 0.05712559 -0.00001075
v -0.06335625 0.05536750 0.00060308
v -0.06399600 0.05499000 0.00154400
v -0.06141600 0.05624600 0.00141600
v -0.06512200 0.06457600 0.00452500
v -0.06832200 0.05588200 0.00355700
v -0.06533873 0.05624134 0.00307951
v -0.06331670 0.06149830 0.00172375
v -0.06279300 0.05629500 0.00227100
v -0.06194200 0.05891600 0.00399400
v -0.06365265 0.06666230 0.00633423
v -0.06532000 0.06330300 0.00595700
v -0.06381586 0.06561751 0.00706998
v -0.06157027 0.06643290 0.00520179
v -0.05856650 0.06575394 0.00422388
v -0.06089900 0.06905800 0.00803600
v -0.06246715 0.06809586 0.00795811
v -0.06286800 0.06749600 0.00781400
v -0.06123839 0.06549944 0.00776431
v -0.06132500 0.06824900 0.00931300
v -0.06121022 0.06787547 0.00914706
v -0.05797200 0.06920700 0.00763600
v -0.06318526 0.06099076 0.00520292
v -0.05856600 0.06003600 0.00411700
v -0.05754220 0.07385534 0.01520179
v -0.05817400 0.07282600 0.01374700
v -0.05685800 0.07223900 0.01184000
v -0.05763618 0.07419300 0.01711236
v -0.05790471 0.07325652 0.01576542
v -0.05717149 0.07492074 0.01770270
v -0.05725377 0.07456118 0.01827341
v -0.05675800 0.07398700 0.01880100
v -0.05690349 0.07544798 0.02173173
v -0.05553700 0.07657700 0.02028400
v -0.05343400 0.07548600 0.01731000
v -0.06021367 0.07039071 0.00974281
v -0.06047453 0.06986799 0.01047891
v -0.06019300 0.07038100 0.01083000
v -0.05828785 0.06878446 0.01113601
v -0.05958400 0.07118200 0.01202700
v -0.05861000 0.07222400 0.01354900
v -0.05839137 0.07177160 0.01391014
v -0.05766611 0.07140141 0.01420778
v -0.05613087 0.07197756 0.01636410
v -0.05245500 0.07067700 0.01728100
v -0.05255517 0.07327315 0.02331132
v -0.06135700 0.07929000 0.03326700
v -0.06034824 0.08007479 0.03457870
v -0.06184200 0.07878100 0.03442700
v -0.06220650 0.07959200 0.03477700
v -0.05658900 0.07749800 0.02427200
v -0.05754600 0.07694600 0.02326200
v -0.05772700 0.07839900 0.02762800
v -0.05709900 0.07645700 0.02134600
v -0.05723500 0.07599900 0.02140800
v -0.05303780 0.07652752 0.01981205
v -0.05898500 0.07823500 0.02809600
v -0.05854300 0.07794400 0.02692250
v -0.05958100 0.07864500 0.02979700
v -0.04852004 0.07669646 0.02274595
v -0.05374329 0.07978105 0.03480990
v -0.05737200 0.07626600 0.02587800
v -0.05800945 0.07673904 0.02609176
v -0.05583799 0.07461028 0.02177694
v -0.05961359 0.07777909 0.03023221
v -0.06012474 0.07779477 0.03323969
v -0.05561349 0.07598339 0.02810488
v -0.06074300 0.07913300 0.03232600
v -0.06031000 0.07896400 0.03137700
v -0.06116800 0.07827400 0.03391300
v -0.05246500 0.07463000 0.02771700
v -0.04792395 0.07380783 0.02915228
v -0.07231460 0.05460598 0.00184074
v -0.07246400 0.05381600 0.00215700
v -0.07237032 0.05471164 0.00269930
v -0.06891038 0.05375899 0.00031397
v -0.07161682 0.05278595 0.00124873
v -0.07124426 0.05613527 0.00336051
v -0.07123100 0.05507200 0.00349300
v -0.07116882 0.05371064 0.00347046
v -0.06836300 0.05359900 0.00278300
v -0.07169295 0.05278720 0.00297458
v -0.07159300 0.05235200 0.00172600
v -0.07163400 0.05234800 0.00243800
v -0.07182950 0.05252450 0.00228750
v -0.06993600 0.05229800 0.00123600
v -0.07071200 0.05259400 0.00294900
v -0.06861000 0.05338400 0.00047700
v -0.06884200 0.05272400 0.00208900
v -0.07024800 0.05207700 0.00172000
v -0.06661707 0.05350995 0.00093822
v -0.06678500 0.05376700 0.00195000
v -0.06572200 0.05438500 0.00037800
v -0.05990000 0.05684100 0.00115200
v -0.05697241 0.05944332 0.00055827
v -0.05494063 0.05955949 0.00158987
v -0.05867000 0.05767900 0.00200400
v -0.05899251 0.05860434 0.00308257
v -0.05567700 0.06047600 0.00091700
v -0.05771219 0.06276470 0.00196868
v -0.05291048 0.06701711 0.00525685
v -0.05180056 0.06199133 0.00198263
v -0.05087200 0.06284700 0.00243100
v -0.05759324 0.06385467 0.00707498
v -0.05798300 0.06190400 0.00552600
v -0.05413552 0.06254207 0.00558756
v -0.05300300 0.06065800 0.00284900
v -0.04934600 0.06279200 0.00352700
v -0.04666513 0.06525915 0.00465392
v -0.04735853 0.06421774 0.00404477
v -0.04924100 0.06292100 0.00474600
v -0.05112151 0.06223143 0.00451079
v -0.04453704 0.06545112 0.00573826
v -0.04491200 0.06482300 0.00588100
v -0.04634200 0.06415950 0.00542950
v -0.04850650 0.06320850 0.00486200
v -0.05450055 0.07100676 0.00977935
v -0.04943600 0.06979000 0.00882300
v -0.04768500 0.07275900 0.01300800
v -0.04490669 0.06959991 0.00937453
v -0.04449500 0.06639300 0.00634800
v -0.05126486 0.07498509 0.01621372
v -0.04492100 0.07458900 0.01707000
v -0.04488911 0.07380727 0.01538202
v -0.04014859 0.07173395 0.01377468
v -0.05217000 0.06483800 0.00828100
v -0.05528329 0.06637528 0.00960442
v -0.05133466 0.06756485 0.01252701
v -0.04939351 0.06580498 0.01022045
v -0.04793865 0.06415358 0.00711916
v -0.04571801 0.06446629 0.00705328
v -0.04629800 0.06550900 0.01010100
v -0.04369122 0.06588054 0.01164324
v -0.04136600 0.06582700 0.00897500
v -0.04772000 0.06780700 0.01465600
v -0.04758938 0.06875538 0.01717525
v -0.04094700 0.06633700 0.01370400
v -0.04312594 0.06706579 0.01601437
v -0.04203529 0.06688587 0.01938275
v -0.03993077 0.06717918 0.00890656
v -0.03598275 0.06798232 0.01186153
v -0.03836027 0.06924505 0.01143923
v -0.03848600 0.07296000 0.01543600
v -0.03557600 0.07196600 0.01495000
v -0.03689300 0.06704200 0.01135200
v -0.03475328 0.06975384 0.01321680
v -0.03468819 0.06766996 0.01228941
v -0.03252800 0.06673700 0.01261950
v -0.03380700 0.06715000 0.01252000
v -0.04066350 0.06631350 0.00854650
v -0.04143500 0.06611800 0.00798300
v -0.04230295 0.06553691 0.00930547
v -0.03989200 0.06650900 0.00911000
v -0.03838839 0.06616554 0.01197209
v -0.03821400 0.06610500 0.01359800
v -0.03609750 0.06606650 0.01337500
v -0.03550500 0.06657750 0.01260450
v -0.03633100 0.06582700 0.01389100
v -0.03514600 0.06684900 0.01235000
v -0.03310800 0.06622100 0.01294600
v -0.03995302 0.06618109 0.01553429
v -0.03609600 0.06474600 0.01695400
v -0.03401798 0.06527258 0.01404611
v -0.03159490 0.06252201 0.01768791
v -0.02743400 0.06537500 0.01267100
v -0.02589300 0.06382200 0.01260950
v -0.03079132 0.06495277 0.01331562
v -0.04424128 0.07489662 0.01819518
v -0.04344319 0.07508220 0.02039871
v -0.04482900 0.07595200 0.02548900
v -0.03710404 0.07383370 0.01693727
v -0.03751700 0.07414600 0.01910100
v -0.03873800 0.07388900 0.02195600
v -0.04194600 0.07600100 0.03244400
v -0.04135089 0.07458302 0.02440240
v -0.03697900 0.07292600 0.02642300
v -0.04763200 0.07106200 0.02265900
v -0.04361714 0.06836688 0.02094647
v -0.03817620 0.06512621 0.01983037
v -0.04081257 0.07047276 0.02554942
v -0.03850900 0.06692700 0.02179000
v -0.03859200 0.06824600 0.02309600
v -0.04484200 0.07311500 0.02944900
v -0.03932400 0.07122700 0.02748200
v -0.04168800 0.07272000 0.03007600
v -0.04050600 0.07197350 0.02877900
v -0.03688400 0.06974400 0.02532400
v -0.03863800 0.07206800 0.02880500
v -0.03553001 0.07208131 0.02631684
v -0.03689772 0.07228405 0.02824186
v -0.03536812 0.07099333 0.02647515
v -0.03032011 0.07204871 0.01652017
v -0.03405499 0.07361624 0.01815375
v -0.03057600 0.07266700 0.01803100
v -0.02802763 0.07201286 0.01854581
v -0.02131104 0.06778735 0.01525692
v -0.03056548 0.06767541 0.01299804
v -0.02485835 0.07041951 0.01695763
v -0.03549600 0.07273300 0.02255900
v -0.03345496 0.07168778 0.02312476
v -0.02786600 0.07114100 0.02076300
v -0.03344700 0.07121000 0.02450800
v -0.03088891 0.07085185 0.02270950
v -0.03706300 0.06470100 0.01879200
v -0.03534200 0.06394400 0.02006000
v -0.03501700 0.06477600 0.02124900
v -0.02924594 0.06091797 0.01998229
v -0.02753800 0.06225500 0.01502100
v -0.03130100 0.06208400 0.02024100
v -0.02900600 0.06150200 0.02129200
v -0.03458700 0.06817800 0.02419100
v -0.03573550 0.06896100 0.02475750
v -0.03176300 0.06625200 0.02353100
v -0.03259827 0.06783639 0.02421773
v -0.03408118 0.07090248 0.02542304
v -0.03439300 0.07056300 0.02577500
v -0.03168600 0.07009500 0.02427900
v -0.03145807 0.06960575 0.02449679
v -0.03331000 0.06972700 0.02511300
v -0.03231700 0.06877300 0.02468500
v -0.03049100 0.06815500 0.02455600
v -0.02989000 0.06568300 0.02377650
v -0.02647150 0.06456100 0.02427300
v -0.02695429 0.06321544 0.02333775
v -0.02802012 0.06720693 0.02460059
v -0.02415257 0.06774588 0.02342656
v -0.02395371 0.06525902 0.02510832
v -0.01457600 0.05509900 0.00607500
v -0.01417600 0.05435300 0.00573200
v -0.01467300 0.05480900 0.00631600
v -0.01147200 0.05279000 0.00604900
v -0.01107750 0.05201500 0.00689700
v -0.01254100 0.05293300 0.00650600
v -0.01410616 0.05492204 0.00576026
v -0.01040779 0.05595872 0.00966756
v -0.00653683 0.05068996 0.00819758
v -0.01481600 0.05626300 0.00834300
v -0.01486350 0.05680050 0.00909400
v -0.01432100 0.05715800 0.00915700
v -0.01469525 0.05554808 0.00850292
v -0.01469400 0.05808300 0.01036200
v -0.01554350 0.05841150 0.01083950
v -0.01506800 0.05794400 0.01050700
v -0.01494705 0.05679357 0.01068022
v -0.01358490 0.05790335 0.01018397
v -0.01387100 0.05525500 0.01030600
v -0.01396920 0.05405724 0.00674339
v -0.00972900 0.05536500 0.00971900
v -0.01034863 0.05170477 0.01020598
v -0.00725600 0.05236200 0.00895200
v -0.00839900 0.05069800 0.00715700
v -0.00700000 0.04911000 0.00833300
v -0.00403534 0.04810401 0.00860420
v -0.00715538 0.04879127 0.00959573
v -0.00790300 0.04875100 0.01076100
v -0.00583100 0.04736600 0.00963100
v -0.00499000 0.04738800 0.00890250
v -0.00608150 0.04883250 0.00828200
v -0.00549470 0.04608981 0.01000563
v -0.01919581 0.06415469 0.01299041
v -0.01361158 0.06191952 0.01282754
v -0.01430716 0.06610255 0.01774031
v -0.02187700 0.06961900 0.01802300
v -0.01495543 0.06674207 0.01856472
v -0.01674103 0.06756557 0.01957939
v -0.00940600 0.06382300 0.01899800
v -0.02502837 0.06214154 0.01327033
v -0.02770062 0.06058088 0.01821422
v -0.01989600 0.06088800 0.01190300
v -0.01601900 0.05887900 0.01117200
v -0.02414404 0.05820195 0.01903271
v -0.02470452 0.05871756 0.02153956
v -0.02424900 0.05803800 0.02055200
v -0.01972995 0.05775591 0.01402405
v -0.02062522 0.05602554 0.01837151
v -0.02159186 0.06315224 0.01232862
v -0.01515214 0.06091989 0.01169436
v -0.01744708 0.05762451 0.01247620
v -0.01550200 0.05941400 0.01106900
v -0.01560500 0.05783700 0.01115500
v -0.01473745 0.05577046 0.01189065
v -0.01476900 0.05249400 0.01582100
v -0.01665234 0.05257700 0.01921715
v -0.01431800 0.05902300 0.02738900
v -0.02293950 0.06321750 0.02502650
v -0.02095300 0.06242700 0.02552900
v -0.02225500 0.06065100 0.02419200
v -0.02052937 0.05659241 0.02291466
v -0.02131237 0.05606849 0.02178209
v -0.01690200 0.05890900 0.02634300
v -0.01340700 0.06475000 0.02215500
v -0.00601247 0.06219682 0.02023981
v -0.00547500 0.06143400 0.02165600
v -0.01973004 0.05477270 0.02209182
v -0.01705613 0.05214902 0.02224801
v -0.01477289 0.05131237 0.02441200
v -0.01181756 0.05303892 0.01160836
v -0.00436900 0.05792500 0.01440200
v -0.01070404 0.05958619 0.01221835
v -0.01183760 0.05001136 0.01461049
v -0.00529754 0.05192652 0.00957969
v -0.00682666 0.04499987 0.01205180
v -0.00918158 0.06239426 0.01618508
v -0.00079842 0.05679594 0.01603196
v -0.00164400 0.05923300 0.02035400
v -0.00081946 0.05872451 0.02027274
v -0.02636475 0.00637278 0.00374732
v -0.02578100 0.00694650 0.00437400
v -0.02564000 0.00702200 0.00417500
v -0.02691500 0.00557200 0.00434300
v -0.02708074 0.00443599 0.00379221
v -0.02620000 0.00472800 0.00330300
v -0.02592200 0.00687100 0.00457300
v -0.02561200 0.00641200 0.00539900
v -0.02667613 0.00353981 0.00512586
v -0.02524200 0.00699900 0.00385800
v -0.02438451 0.00575994 0.00344381
v -0.02657473 0.00110636 0.00344995
v -0.02342100 0.00667224 0.00447954
v -0.02426892 0.00705306 0.00494290
v -0.02436600 0.00599700 0.00579700
v -0.02232700 0.00614500 0.00531000
v -0.01847538 0.00264456 0.00503018
v -0.02095436 0.00528306 0.00517321
v -0.01670603 0.00268065 0.00587879
v -0.02234900 0.00565400 0.00595800
v -0.02013050 0.00368100 0.00687550
v -0.02133800 0.00428300 0.00654500
v -0.02076422 0.00518788 0.00584943
v -0.01949000 0.00422200 0.00645800
v -0.01791300 0.00350200 0.00656500
v -0.02672704 -0.00013915 0.00390544
v -0.02493505 -0.00449459 0.00371960
v -0.02626345 -0.00142161 0.00495938
v -0.02523013 0.00295260 0.00575620
v -0.02542134 -0.00277613 0.00543166
v -0.02002600 -0.00216100 0.00752300
v -0.02551200 -0.00441200 0.00473400
v -0.02487747 -0.00623491 0.00442951
v -0.02482100 -0.00558900 0.00393700
v -0.02320766 -0.00770177 0.00621806
v -0.01525219 -0.00060192 0.00857566
v -0.01560558 0.05075829 0.02301130
v -0.01315087 0.04851827 0.01961531
v -0.00965455 0.04409509 0.01830971
v -0.01129200 0.04617400 0.01942600
v -0.00667380 0.04103397 0.01518113
v -0.00657600 0.03906500 0.01747900
v -0.01284000 0.04753300 0.02271200
v -0.01238100 0.04719500 0.02401800
v -0.01087370 0.04457270 0.02345690
v -0.01133300 0.04820800 0.02573600
v -0.01180785 0.04721814 0.02481863
v -0.00909607 0.04255215 0.02570931
v -0.00697200 0.03743800 0.02282500
v -0.00869626 0.04074099 0.02397007
v -0.00728482 0.03999424 0.02700573
v -0.00561500 0.03813600 0.02835300
v -0.00396119 0.03147077 0.02848911
v -0.00364500 0.03015600 0.02791100
v -0.00362100 0.04723200 0.00867000
v -0.00370900 0.04592700 0.00887000
v -0.00465500 0.04687700 0.00907000
v -0.00170900 0.04601100 0.00840700
v -0.00030698 0.04091446 0.00784500
v 0.00026536 0.04485678 0.00807103
v 0.00187290 0.04557747 0.00862357
v 0.00266500 0.04907700 0.01093900
v 0.00568418 0.04902323 0.01267728
v 0.00706800 0.04489700 0.01042600
v 0.00888795 0.04009084 0.00856551
v 0.00435753 0.05233567 0.01529015
v 0.00922100 0.04782600 0.01530700
v 0.01098400 0.04519000 0.01378200
v 0.01308797 0.04463718 0.01643019
v -0.02216400 -0.01006400 0.00435400
v -0.02263223 -0.01007972 0.00461136
v -0.01641657 -0.01341253 0.00527270
v -0.01457250 0.00146700 0.00818450
v -0.01756050 0.00256800 0.00746400
v -0.01683029 0.00300492 0.00645149
v -0.01387500 0.00177200 0.00740500
v -0.01037100 -0.00113900 0.00696300
v -0.01032136 -0.00115583 0.00998814
v -0.01294700 0.00087700 0.00864700
v -0.01174577 0.00118444 0.00754508
v -0.01458094 -0.00500316 0.00931874
v -0.00605204 -0.00064418 0.00886195
v -0.00879000 0.00022000 0.00905800
v -0.01008300 -0.00017800 0.00975500
v -0.00926800 -0.00033600 0.01006900
v -0.00811200 -0.00394200 0.01155400
v -0.00800573 0.00002181 0.00859991
v -0.00811048 -0.00712868 0.00746787
v -0.00394400 -0.00482700 0.00934200
v -0.01154316 -0.00848249 0.01073841
v -0.00455264 -0.01481039 0.00891977
v -0.00313600 0.04231200 0.00891600
v -0.00165150 0.03656550 0.00945050
v -0.00304000 0.03994500 0.00948900
v -0.00140382 0.03967327 0.00839633
v -0.00031800 0.03915200 0.00715100
v -0.00026300 0.03318600 0.00941200
v -0.00257415 0.03576017 0.01114151
v -0.00114800 0.03104100 0.01210900
v 0.00015311 0.03777946 0.00695842
v 0.00076000 0.03896100 0.00677800
v 0.00295477 0.03555971 0.00645577
v 0.00135790 0.04027243 0.00746348
v 0.00296691 0.03976966 0.00681170
v 0.00140552 0.03486726 0.00771981
v 0.00424500 0.04039200 0.00731500
v 0.00413306 0.04032554 0.00703854
v 0.00829400 0.03810200 0.00770200
v 0.00529400 0.03735900 0.00608100
v 0.00603800 0.03688200 0.00623300
v 0.00144800 0.03505100 0.00699200
v 0.00365112 0.03106475 0.00622894
v 0.00373300 0.02949900 0.00766600
v 0.00154100 0.02839500 0.00922000
v 0.00090523 0.02705299 0.01106005
v -0.00317849 0.02631204 0.00658809
v -0.00348500 0.02663600 0.00709200
v -0.00409600 0.02593600 0.00687100
v -0.00390400 0.02642300 0.00752800
v -0.00316400 0.02698500 0.00763500
v -0.00229926 0.02516013 0.00611308
v -0.00412000 0.02501000 0.00649300
v -0.00332755 0.02392396 0.00609706
v -0.00429096 0.02496580 0.00701169
v -0.00380700 0.02575400 0.00809600
v -0.00375269 0.02449130 0.00810971
v -0.00318480 0.02294431 0.00669960
v -0.00234300 0.02280900 0.00825500
v -0.00152678 0.02132360 0.00676134
v -0.00138909 0.02119631 0.00776988
v -0.00118181 0.02268185 0.00598952
v 0.00031329 0.01953076 0.00781999
v -0.00309000 0.02604300 0.00865500
v -0.00227100 0.02706400 0.00824000
v -0.00167064 0.02620648 0.00906479
v 0.00033686 0.02661163 0.00769637
v -0.00106800 0.02697600 0.00863300
v -0.00108138 0.02393387 0.00928739
v 0.00167900 0.02647500 0.00838800
v 0.00034300 0.02657900 0.00901500
v 0.00160400 0.02622600 0.00949900
v 0.00283208 0.02651114 0.00814916
v 0.00192700 0.02665100 0.00967300
v 0.00145500 0.02565000 0.00985400
v 0.00287349 0.02704353 0.00854003
v 0.00241900 0.02286000 0.01021100
v 0.00234463 0.02430014 0.01032471
v -0.00217500 0.03064300 0.01545400
v 0.00181200 0.02593700 0.01028400
v 0.00199600 0.02522300 0.01039000
v 0.00384121 0.02072669 0.01139912
v 0.00091900 0.02381200 0.01444400
v 0.00046088 0.02006166 0.01795176
v 0.00704101 0.03604325 0.00700996
v 0.00585710 0.03554817 0.00589576
v 0.01314443 0.03247143 0.00767538
v 0.00941700 0.03339200 0.00729600
v 0.00700300 0.03242800 0.00573400
v 0.00810087 0.03125611 0.00538394
v 0.00652808 0.03098211 0.00611250
v 0.00429596 0.02878067 0.00603904
v 0.01110800 0.02844200 0.00475200
v 0.00828244 0.03412261 0.00684953
v 0.00978771 0.02476603 0.00499901
v 0.01010300 0.02795600 0.00461400
v 0.01137000 0.02999000 0.00715700
v 0.01149200 0.03051600 0.00745500
v 0.01683564 0.03410596 0.00377924
v 0.01642600 0.03293900 0.00397300
v 0.01539438 0.03276756 0.00543223
v 0.01738500 0.03473300 0.00415400
v 0.01690100 0.03463800 0.00416600
v 0.01756700 0.03451000 0.00362500
v 0.01839602 0.03424543 0.00335388
v 0.01829000 0.03030900 0.00337700
v 0.01628500 0.03424000 0.00483500
v 0.01657700 0.03419600 0.00549900
v 0.01720006 0.03464098 0.00523472
v 0.01564200 0.03262300 0.00621600
v 0.01617600 0.03275100 0.00633000
v 0.01812167 0.03428169 0.00520749
v 0.01820400 0.03465000 0.00401950
v 0.01853900 0.03447200 0.00389700
v 0.01810153 0.03289623 0.00558738
v 0.01589607 0.03072534 0.00751399
v 0.01260516 0.02460394 0.00419845
v 0.01280400 0.02670400 0.00483000
v 0.01317100 0.02458100 0.00442100
v 0.01432747 0.02464474 0.00538445
v 0.01347885 0.03397509 0.00824849
v 0.01310800 0.03007100 0.00740800
v 0.01430650 0.03070750 0.00669850
v 0.01369100 0.02938800 0.00677200
v 0.01415200 0.03122900 0.00764400
v 0.01439800 0.03111800 0.00669200
v 0.01517700 0.03126000 0.00765700
v 0.01498100 0.03146500 0.00802500
v 0.01312340 0.02806682 0.00684386
v 0.01454600 0.02865400 0.00586200
v 0.01448600 0.03047700 0.00606500
v 0.01354200 0.02769700 0.00660800
v 0.01753300 0.02879500 0.00387200
v 0.01540200 0.03214400 0.00682300
v 0.01576600 0.03208900 0.00694600
v 0.01556300 0.03179550 0.00711100
v 0.01536000 0.03150200 0.00727600
v 0.01712100 0.02770250 0.00747750
v 0.01700200 0.02825400 0.00732100
v 0.01632200 0.02964100 0.00751900
v 0.01887000 0.02918000 0.00540200
v 0.01403300 0.02654900 0.00624400
v 0.01487548 0.02470477 0.00584045
v 0.00308300 0.02025900 0.00676400
v 0.00157458 0.01960988 0.00667154
v 0.00394100 0.01861600 0.00738500
v 0.00275921 0.01838574 0.00764056
v 0.00650050 0.02380003 0.00548471
v 0.00511600 0.02437200 0.00742300
v 0.00400285 0.02802394 0.00796128
v 0.00461926 0.02548450 0.00759641
v 0.00503380 0.02368628 0.00743612
v 0.00683165 0.02507176 0.00512626
v 0.00798680 0.02082235 0.00584472
v 0.00601100 0.02302700 0.00722400
v 0.00720717 0.01953904 0.00769246
v 0.00763600 0.02038200 0.00744100
v 0.00852500 0.02203100 0.00506500
v 0.00366400 0.02153700 0.01075000
v 0.00410408 0.01824538 0.00863677
v 0.00539174 0.01815863 0.00883907
v 0.00318600 0.02157400 0.01022400
v 0.00464000 0.01978400 0.01030000
v 0.00743000 0.01830000 0.00829000
v 0.00528200 0.01874800 0.01000800
v 0.00581300 0.01805950 0.00976900
v 0.00595500 0.01798900 0.00927400
v 0.00741300 0.01749900 0.00879500
v 0.00537400 0.01435600 0.01122100
v 0.00463255 0.01782985 0.01136465
v 0.00541400 0.00854100 0.01229500
v 0.00634400 0.01737100 0.00953000
v 0.01070213 0.02302216 0.00505927
v 0.00935706 0.02295368 0.00498953
v 0.01154156 0.02148512 0.00531967
v 0.00916502 0.02067912 0.00523455
v 0.00934700 0.01975600 0.00597300
v 0.00879955 0.01906430 0.00767263
v 0.01131724 0.01881973 0.00667231
v 0.01219900 0.02022200 0.00605400
v 0.01388318 0.02222578 0.00493586
v 0.01389009 0.02362586 0.00467129
v 0.01505084 0.02296705 0.00580967
v 0.01430814 0.02019148 0.00622512
v 0.01300150 0.01906150 0.00688400
v 0.01573700 0.02152300 0.00633800
v 0.01552100 0.02014700 0.00670100
v 0.01794221 0.02449643 0.00496230
v 0.00988300 0.01777200 0.00781000
v 0.01182389 0.01534382 0.00752429
v 0.01237800 0.01153100 0.00763100
v -0.00611699 0.03665954 0.01932195
v -0.00187656 0.02595739 0.01907991
v -0.00328991 0.02850820 0.02207961
v 0.00104600 0.01691900 0.01880000
v -0.00012779 0.01858728 0.02146009
v -0.00162095 0.02383520 0.02905394
v -0.00259500 0.02737800 0.02862900
v -0.00087900 0.02060100 0.02508900
v 0.01540738 0.03712255 0.01100213
v 0.01397535 0.04142136 0.01292979
v 0.01617090 0.03073902 0.00842196
v 0.01604400 0.03027000 0.00806900
v 0.01801200 0.02548800 0.00771200
v 0.02057900 0.02831000 0.01048300
v 0.02194572 0.02812021 0.01171699
v 0.01640446 0.04136114 0.01755808
v 0.01979486 0.03736440 0.01894225
v 0.01913500 0.03705700 0.01617000
v 0.02148464 0.03272311 0.01486415
v -0.00845300 -0.00049400 0.01038300
v -0.00694300 -0.00058800 0.01086500
v -0.00566199 -0.00004831 0.01023023
v -0.00498550 -0.00077750 0.01186650
v -0.00589000 -0.00084100 0.01155000
v -0.00394700 0.00004600 0.01116600
v -0.00408100 -0.00071400 0.01218300
v -0.00380085 -0.00260847 0.01334188
v -0.00704700 -0.01081200 0.01301000
v 0.00413700 0.00954500 0.01386200
v 0.00223414 0.01398763 0.01728357
v 0.00335564 0.00836460 0.01599699
v 0.00415300 0.00337000 0.01503300
v 0.00461166 -0.00150853 0.01476040
v 0.00229200 0.00872900 0.01955000
v 0.00324300 0.00058500 0.01720800
v 0.00780343 0.01189602 0.00968138
v 0.01286063 0.00691353 0.00773388
v 0.01120200 0.00522700 0.00869000
v 0.00850400 0.00299300 0.01071500
v 0.00403800 0.00036900 0.01536000
v 0.00769059 0.00064161 0.01159024
v 0.00541655 -0.00547888 0.01391923
v 0.00057647 -0.00320672 0.01180961
v -0.00237800 -0.00047200 0.01315000
v -0.00258806 -0.00017841 0.01122118
v -0.00253063 -0.00133320 0.01357508
v 0.00007800 -0.00080300 0.01242600
v -0.00048900 -0.00013200 0.01339000
v 0.00023640 -0.00112947 0.01529208
v 0.00107558 -0.00052992 0.01361189
v 0.00267533 -0.00240093 0.01353130
v -0.00657260 -0.00921211 0.01312874
v -0.00138800 -0.00971000 0.01637700
v -0.00133347 -0.00492953 0.01566084
v 0.00175400 -0.01522800 0.01144800
v 0.00191550 -0.01274150 0.01166850
v 0.00406950 -0.00683150 0.01358200
v 0.00503024 -0.00929155 0.01287225
v 0.00394100 -0.00769800 0.01301500
v 0.00484600 -0.00711700 0.01391700
v 0.00594559 -0.00956979 0.01272542
v 0.00627451 -0.01184905 0.01202681
v 0.00031700 -0.00061200 0.01481900
v 0.00159700 -0.00062400 0.01509500
v 0.00302232 -0.00141284 0.01486704
v 0.00312250 -0.00133450 0.01597850
v 0.00300600 -0.00138300 0.01618500
v 0.00323900 -0.00128600 0.01577200
v 0.00347400 -0.00151600 0.01527100
v 0.00336300 -0.00083600 0.01632500
v 0.00129872 -0.00563479 0.01787698
v 0.00258276 -0.00143032 0.01639723
v 0.00238353 -0.00372902 0.01745461
v 0.00315904 -0.00158472 0.01683348
v 0.00240004 -0.00730262 0.01904959
v 0.00283622 0.00359394 0.01863899
v 0.00202200 -0.00768100 0.01886400
v 0.00163674 -0.01043598 0.01922382
v 0.00257700 -0.00691100 0.01972900
v 0.00213953 -0.00398042 0.02370875
v 0.00169345 -0.01243059 0.02111131
v 0.00400400 -0.00220100 0.01483400
v 0.00380100 -0.00352200 0.01438700
v 0.00453100 -0.00539400 0.01436100
v 0.00060570 0.01440114 0.02273663
v 0.00161006 0.00828928 0.02344525
v 0.00151600 0.00733900 0.02716000
v 0.00050253 0.01484563 0.02602129
v 0.00020264 0.01875194 0.03186144
v 0.00238158 0.00643052 0.03405120
v 0.00211100 0.00387400 0.02291200
v 0.00169441 0.00278354 0.02649194
v 0.00184373 -0.00240234 0.02684969
v 0.00111400 -0.01105700 0.02681400
v 0.00195790 -0.00587317 0.03006673
v 0.00252600 -0.00343100 0.03226500
v 0.00291432 -0.00663241 0.03431237
v 0.00274798 0.00019853 0.03417466
v 0.00385000 -0.00617400 0.03712100
v 0.01893700 0.03377400 0.00345300
v 0.01942364 0.03229611 0.00355934
v 0.01955233 0.03227778 0.00382081
v 0.01907400 0.03367100 0.00437600
v 0.01932300 0.02990700 0.00355900
v 0.01758700 0.02651600 0.00423300
v 0.01870600 0.02767300 0.00389400
v 0.01943500 0.02863300 0.00414800
v 0.01937100 0.02819900 0.00454400
v 0.01792700 0.02568400 0.00672000
v 0.01790397 0.02481647 0.00697758
v 0.01621000 0.01797000 0.00681300
v 0.01776702 0.02339943 0.00573501
v 0.01747800 0.02249700 0.00676500
v 0.01703400 0.02168300 0.00672700
v 0.01790400 0.02334300 0.00694200
v 0.01795900 0.02283650 0.00703350
v 0.02111700 0.02058700 0.00774900
v 0.02099600 0.02389800 0.00882700
v 0.01729316 0.02108338 0.00677286
v 0.02113655 0.01729684 0.00711488
v 0.01703046 0.00689345 0.00674833
v 0.02432023 0.01921185 0.00986926
v 0.02395400 0.01449000 0.00798900
v 0.02441304 0.00916046 0.00744642
v 0.02467800 0.00551900 0.00733500
v 0.02547000 0.01317400 0.00883700
v 0.02806900 0.00577800 0.00932700
v 0.02589098 0.02586712 0.01717299
v 0.02371191 0.02694827 0.01335261
v 0.02365900 0.03099100 0.01913300
v 0.02704166 0.01917572 0.01368492
v 0.02972296 0.00770732 0.01199395
v 0.02798400 0.01933700 0.01589700
v 0.02714100 0.02400900 0.02004100
v 0.02865358 0.02024927 0.01912020
v 0.02949584 0.01547266 0.01600888
v 0.03072100 0.00954800 0.01500200
v 0.01221100 -0.00225600 0.00835500
v 0.01641039 -0.00551263 0.00665035
v 0.02246767 -0.00364020 0.00617453
v 0.02304561 0.00458625 0.00670588
v 0.01118959 -0.00590368 0.00892026
v 0.01257104 -0.01455320 0.00789295
v 0.00971500 -0.01152300 0.00981700
v 0.02072685 -0.01193227 0.00592506
v 0.01552635 -0.00722473 0.00687002
v 0.01955300 -0.00791300 0.00618300
v 0.02380309 -0.00818930 0.00607576
v 0.01516256 -0.01980895 0.00662928
v 0.01324300 -0.01834200 0.00736400
v 0.01901200 -0.01793300 0.00595300
v 0.02620400 -0.00644500 0.00696700
v 0.02930748 -0.00857104 0.00823820
v 0.02538546 -0.00950538 0.00639532
v 0.02530500 -0.01106100 0.00622600
v 0.02577219 -0.01450181 0.00625402
v 0.02807900 -0.01162700 0.00714200
v 0.02050600 -0.01949100 0.00578000
v 0.02660707 -0.01791523 0.00616120
v 0.02626200 -0.02322200 0.00618900
v 0.03331608 -0.01736481 0.00949071
v 0.03124700 -0.01880400 0.00812300
v 0.03268670 -0.02287781 0.00846622
v 0.03292203 -0.01253217 0.01025951
v 0.03452900 -0.00819900 0.01311000
v 0.03428017 -0.01047436 0.01226945
v 0.03480400 -0.01148100 0.01197100
v 0.03641400 -0.01222300 0.01113700
v 0.03544900 -0.01352400 0.01113900
v 0.03512650 -0.01250250 0.01155500
v 0.03361900 -0.01882200 0.00937800
v 0.03495800 -0.01538400 0.01064000
v 0.03250900 -0.00231300 0.01215600
v 0.03351827 -0.00356278 0.01338826
v 0.03448500 -0.00621700 0.01417100
v 0.03327433 0.00415714 0.01778673
v 0.03241450 0.00934370 0.02025910
v 0.03425228 0.00232740 0.02317895
v 0.03398400 0.00277800 0.02034700
v 0.03492300 -0.00861900 0.01310000
v 0.03508900 -0.00844000 0.01353200
v 0.03625800 -0.00834400 0.01188000
v 0.03501000 -0.00974900 0.01243000
v 0.03525000 -0.00899800 0.01273800
v 0.03676669 -0.00746849 0.01193808
v 0.03630200 -0.00747600 0.01293200
v 0.03711400 -0.00670500 0.01281800
v 0.03494165 -0.00844623 0.01413790
v 0.03522000 -0.00858550 0.01379100
v 0.03535100 -0.00873100 0.01405000
v 0.03695697 -0.00739204 0.01361156
v 0.03620551 -0.01007189 0.01494868
v 0.03722600 -0.00849300 0.01133500
v 0.03528800 -0.00983600 0.01508700
v 0.03524100 -0.01242700 0.01684500
v 0.03541200 -0.01120200 0.01576600
v 0.03513561 -0.00761366 0.01594913
v 0.03538182 -0.01400770 0.01665983
v 0.03592970 -0.01753861 0.02309304
v 0.03529006 -0.01868713 0.01805567
v 0.03499999 -0.00246071 0.02454818
v 0.03581800 -0.01168500 0.02341200
v 0.03556350 -0.01326050 0.02753900
v 0.03532200 -0.01472200 0.03026100
v 0.03544100 -0.01727600 0.01019100
v 0.03545400 -0.02084900 0.00939300
v 0.03791604 -0.02268286 0.00885781
v 0.03681670 -0.01520300 0.01044998
v 0.04836100 -0.01155500 0.00798800
v 0.04579000 -0.02579300 0.00682600
v 0.04547100 -0.02390200 0.01068400
v 0.04606623 -0.02016233 0.01135193
v 0.05536559 -0.00990039 0.00704887
v 0.05176351 -0.02401609 0.00601392
v 0.05278070 -0.02475550 0.00659253
v 0.05022500 -0.02159900 0.00960800
v 0.05300124 -0.02360299 0.00790098
v 0.04934200 -0.02465100 0.00870900
v 0.05208600 -0.01971100 0.00955900
v 0.06165338 -0.01881382 0.00592224
v 0.06015200 -0.02071600 0.00615200
v 0.05980682 -0.01956366 0.00805012
v 0.05665300 -0.02179000 0.00773700
v 0.05039200 -0.02577400 0.00713400
v 0.05720800 -0.02230700 0.00599700
v 0.05666000 -0.02263400 0.00713800
v 0.05833382 -0.02207581 0.00669807
v 0.03972925 -0.00657532 0.01142034
v 0.04582200 -0.00701600 0.01026100
v 0.04200979 -0.00683194 0.01017045
v 0.04428500 -0.00665900 0.01011700
v 0.04363900 -0.00698800 0.01096600
v 0.04652154 -0.00803687 0.00852129
v 0.04700104 -0.00688615 0.00912383
v 0.04931272 -0.00798197 0.00994480
v 0.04894000 -0.00701400 0.00943800
v 0.05039800 -0.00704700 0.00815800
v 0.05098700 -0.00664300 0.00843400
v 0.05156000 -0.00656200 0.00878600
v 0.04247666 -0.00829186 0.01224699
v 0.03906937 -0.01112395 0.01430887
v 0.03718461 -0.01777198 0.01587962
v 0.03676047 -0.01335752 0.01567605
v 0.03686017 -0.02172849 0.01577680
v 0.03574700 -0.01780800 0.01699400
v 0.04115200 -0.01904700 0.01353600
v 0.04062700 -0.02176400 0.01337900
v 0.04624500 -0.01220800 0.01168100
v 0.04883174 -0.01489577 0.01101875
v 0.04888425 -0.01061026 0.01074373
v 0.04126165 -0.01713530 0.01353310
v 0.05401300 -0.00617600 0.00842500
v 0.05466245 -0.00636438 0.00757293
v 0.05684374 -0.00709164 0.00908261
v 0.05268200 -0.00939700 0.00987100
v 0.05545450 -0.00590450 0.00823750
v 0.05689600 -0.00563300 0.00805000
v 0.05819500 -0.00617100 0.00874700
v 0.05540800 -0.00939700 0.00963800
v 0.05968800 -0.00961900 0.00934200
v 0.05999300 -0.00485200 0.00792800
v 0.05952531 -0.00504387 0.00753036
v 0.06272500 -0.00415900 0.00745400
v 0.05971400 -0.00547200 0.00719400
v 0.06209629 -0.00485131 0.00853490
v 0.06230635 -0.00600273 0.00673313
v 0.06617181 -0.00307054 0.00812598
v 0.06452600 -0.00474500 0.00882000
v 0.06791216 -0.00256835 0.00682100
v 0.06517824 -0.00663519 0.00909131
v 0.06363600 -0.01238900 0.00906800
v 0.05946400 -0.01322800 0.00938800
v 0.06759200 -0.00244400 0.00747250
v 0.06702900 -0.00254900 0.00743700
v 0.06740366 -0.00451546 0.00880895
v 0.05412600 -0.01595600 0.00973500
v 0.05422045 -0.01237999 0.00994975
v 0.06097500 -0.01533900 0.00895300
v 0.06305800 -0.01752100 0.00793300
v 0.06803154 -0.00450850 0.00655695
v 0.06877600 -0.00365300 0.00644100
v 0.07004992 -0.00750885 0.00686882
v 0.06873500 -0.00948900 0.00664400
v 0.06316900 -0.01660400 0.00605300
v 0.06637445 -0.01471723 0.00659166
v 0.06663800 -0.01057500 0.00873200
v 0.06377095 -0.01543403 0.00847009
v 0.06764847 -0.01232457 0.00803554
v 0.06828853 -0.01155626 0.00658771
v 0.06919800 -0.01021000 0.00762700
v 0.06783300 -0.01295000 0.00754800
v 0.06643100 -0.01490500 0.00735500
v 0.06937850 -0.00290950 0.00672600
v 0.06862900 -0.00249900 0.00713600
v 0.06951853 -0.00278404 0.00763002
v 0.06822200 -0.00349500 0.00844100
v 0.06989700 -0.00305500 0.00706300
v 0.07009300 -0.00345500 0.00736100
v 0.06890000 -0.00660900 0.00868100
v 0.07026800 -0.00411500 0.00693100
v 0.06996100 -0.00363750 0.00680950
v 0.07042700 -0.00538400 0.00725300
v 0.07031800 -0.00734000 0.00751400
v 0.07004900 -0.00626500 0.00810000
v 0.06946100 -0.00788900 0.00824900
v 0.06358000 -0.01801100 0.00641000
v 0.06484227 -0.01697112 0.00697643
v 0.06398800 -0.01780300 0.00697100
v 0.06241588 -0.01935698 0.00678005
v -0.02164400 -0.01126600 0.00589700
v -0.02045100 -0.01230200 0.00482000
v -0.02036192 -0.01286378 0.00531963
v -0.01940905 -0.01325423 0.00708457
v -0.01676043 -0.01564891 0.00579941
v -0.01737799 -0.01376699 0.00799022
v -0.01811785 -0.01510841 0.00695122
v -0.01300300 -0.01749373 0.00660313
v -0.01548051 -0.01714004 0.00748746
v -0.01402200 -0.01750700 0.00883100
v -0.00986000 -0.01801100 0.00749800
v -0.01235700 -0.01834100 0.00717600
v -0.01373214 -0.01815468 0.00742654
v -0.00889335 -0.02089452 0.00916815
v -0.01287934 -0.01439352 0.01005725
v -0.01385008 -0.01719705 0.00921312
v -0.00685497 -0.01555999 0.01302932
v -0.01118600 -0.01971300 0.00911000
v -0.01204991 -0.01885790 0.00956243
v -0.00138700 -0.01690600 0.01042400
v -0.00112069 -0.02280670 0.01113996
v -0.00732813 -0.02165865 0.01125867
v -0.00708032 -0.01997156 0.01230268
v -0.00607599 -0.02261082 0.01074081
v -0.00144193 -0.02485901 0.01220181
v -0.00197651 -0.02393492 0.01481760
v -0.00361200 -0.02220400 0.01441900
v 0.00156800 -0.02234200 0.01173000
v 0.00065600 -0.02518200 0.01230700
v 0.00152950 -0.02333200 0.01185950
v 0.00149100 -0.02432200 0.01198900
v 0.00302500 -0.02209500 0.01186900
v 0.00260165 -0.02490255 0.01198867
v 0.00047200 -0.02618800 0.01335600
v 0.00098800 -0.02580200 0.01264400
v 0.00219283 -0.02627549 0.01229902
v 0.00143700 -0.02665500 0.01296300
v 0.00155800 -0.02753200 0.01324600
v 0.00220947 -0.03086366 0.01266962
v -0.00075850 -0.03857900 0.01357350
v -0.00081000 -0.03975500 0.01305000
v -0.00299519 -0.04096749 0.01465815
v -0.00070700 -0.03740300 0.01409700
v -0.00147709 -0.03558828 0.01618952
v -0.00314002 -0.03801752 0.01764789
v -0.00037100 -0.03530500 0.01451700
v 0.00078000 -0.03390100 0.01400200
v -0.00083206 -0.03348363 0.01661650
v -0.00367258 -0.04297963 0.01470083
v -0.00255000 -0.04517500 0.01291700
v -0.00457245 -0.04163020 0.01744742
v -0.00421000 -0.03964400 0.01891900
v -0.00602633 -0.04573829 0.01864585
v -0.00500400 -0.04123000 0.02036300
v -0.00507753 -0.04785467 0.01538841
v -0.00483752 -0.04941428 0.01550593
v -0.00675600 -0.05157100 0.01829100
v -0.00602143 -0.05212012 0.01710694
v -0.00670278 -0.05365685 0.01747120
v -0.00538399 -0.05497758 0.01549035
v -0.00454200 -0.05297800 0.01594500
v -0.00702100 -0.05007000 0.02124900
v -0.00673800 -0.04900200 0.02309200
v -0.00725908 -0.05161172 0.01976012
v -0.00735900 -0.05660000 0.01597700
v -0.00832325 -0.05850482 0.01603147
v -0.00759700 -0.05869700 0.01520800
v -0.00727700 -0.06411200 0.01365900
v -0.00994322 -0.06594673 0.01626372
v -0.01027327 -0.06017837 0.02148374
v -0.01032394 -0.06490299 0.01720568
v -0.00750600 -0.05403000 0.01843500
v -0.00770472 -0.05185350 0.02280704
v -0.01013821 -0.05821890 0.02415401
v -0.00908000 -0.05559700 0.02562500
v -0.01161342 -0.06416837 0.02200280
v -0.01220100 -0.06501800 0.02346800
v -0.01144829 -0.06322956 0.02231769
v -0.01142162 -0.06125268 0.02468443
v -0.00947393 -0.05743038 0.02696022
v -0.01180100 -0.06297400 0.02490200
v -0.01202768 -0.06354606 0.02536730
v 0.00750500 -0.02380400 0.01000800
v 0.00457600 -0.02966000 0.01050400
v 0.00967671 -0.03176552 0.00796532
v 0.01916409 -0.02181960 0.00580053
v 0.01241745 -0.02708134 0.00744718
v 0.01491359 -0.02888053 0.00672321
v 0.00711294 -0.04098806 0.00726173
v 0.00452600 -0.04390800 0.00830800
v 0.01027986 -0.04000097 0.00578737
v 0.01051059 -0.04473615 0.00569874
v 0.00702305 -0.04767518 0.00646120
v 0.00365234 -0.03167375 0.01076947
v 0.00671100 -0.03469000 0.00860900
v 0.00172100 -0.02963000 0.01353900
v 0.00316045 -0.03537847 0.01076439
v 0.00050200 -0.03194100 0.01487400
v 0.00276200 -0.03780400 0.01068000
v 0.00266754 -0.04063990 0.01013751
v -0.00075600 -0.04246500 0.01200500
v 0.01646812 -0.03076803 0.00618723
v 0.02037902 -0.02745022 0.00588791
v 0.02262900 -0.02524600 0.00578200
v 0.02058473 -0.03404413 0.00512414
v 0.02206000 -0.03533700 0.00508400
v 0.02558116 -0.03541760 0.00595191
v 0.02695100 -0.03406000 0.00641400
v 0.01457400 -0.04082600 0.00478100
v 0.00990929 -0.04850877 0.00565756
v 0.01360298 -0.04413571 0.00514326
v 0.01424400 -0.04920500 0.00580200
v 0.01588500 -0.03798600 0.00486600
v 0.01855600 -0.04080300 0.00485800
v 0.02162733 -0.03909002 0.00509372
v 0.02328100 -0.03867800 0.00554400
v 0.02446200 -0.03926500 0.00610000
v 0.02435026 -0.04205278 0.00687831
v 0.02718253 -0.03684561 0.00686917
v 0.02043014 -0.04797309 0.00713289
v -0.00163710 -0.05756061 0.00755447
v -0.00290494 -0.05603671 0.00949233
v 0.00212903 -0.05655778 0.00556983
v 0.00122800 -0.05388200 0.00674300
v -0.00099100 -0.05918200 0.00684500
v 0.00255800 -0.05801200 0.00522100
v 0.00026700 -0.05990700 0.00606500
v 0.00428892 -0.05895994 0.00465629
v -0.00279500 -0.05751800 0.00908000
v -0.00219086 -0.05983208 0.00812908
v 0.00056673 -0.06129759 0.00588557
v 0.00035186 -0.06299009 0.00645272
v -0.00095300 -0.06125900 0.00696800
v -0.00012651 -0.06353194 0.00772759
v 0.00225800 -0.06396800 0.00572300
v 0.00426200 -0.06437500 0.00543800
v 0.00344900 -0.06524900 0.00754200
v 0.00218800 -0.06459700 0.00641100
v 0.00408321 -0.06518621 0.00587837
v 0.00212300 -0.06470700 0.00744300
v 0.00142000 -0.06463200 0.00896300
v 0.00473300 -0.06552300 0.00762300
v 0.00719600 -0.05586900 0.00489300
v 0.00639118 -0.05982638 0.00469354
v 0.00839900 -0.06074700 0.00531100
v 0.00584708 -0.06356869 0.00525529
v 0.00635138 -0.06540577 0.00600852
v 0.00864233 -0.06512730 0.00687802
v -0.00158200 -0.04719800 0.01224000
v -0.00015793 -0.04645482 0.01085416
v -0.00213200 -0.04886500 0.01307800
v 0.00322100 -0.04733200 0.00818700
v 0.00018403 -0.04817648 0.01010546
v -0.00149925 -0.04954637 0.01143092
v 0.00096295 -0.04821311 0.00926570
v -0.00277300 -0.05207300 0.01186900
v -0.00271200 -0.05192800 0.01351400
v -0.00244700 -0.05015100 0.01343800
v -0.00242700 -0.05134800 0.01436300
v -0.00304571 -0.05748029 0.01008104
v -0.00312972 -0.05507612 0.01207175
v -0.00265500 -0.05486900 0.01394200
v -0.00201800 -0.05268300 0.01470100
v -0.00235859 -0.05557155 0.01385195
v -0.00272550 -0.05439500 0.01368850
v -0.00244927 -0.05346371 0.01508447
v -0.00394800 -0.05504700 0.01483100
v -0.00296100 -0.05519600 0.01417900
v 0.00784300 -0.04988900 0.00571300
v -0.00263971 -0.05036180 0.01415236
v -0.00272900 -0.05096100 0.01485600
v -0.00230380 -0.05209542 0.01517453
v -0.00427860 -0.06100334 0.01203188
v -0.00426300 -0.06161200 0.01188300
v -0.00542438 -0.06060254 0.01312458
v -0.00250500 -0.05893900 0.01129700
v -0.00219177 -0.05858472 0.01219167
v -0.00228845 -0.06058262 0.00998991
v -0.00102196 -0.06188453 0.01089193
v -0.00252861 -0.06093197 0.01208911
v -0.00423056 -0.06251662 0.01203997
v -0.00290200 -0.06164900 0.01191400
v -0.00230100 -0.06246700 0.01155300
v -0.00363507 -0.05690591 0.01375922
v -0.00309200 -0.05748800 0.01340100
v -0.00250100 -0.05585100 0.01402800
v -0.00252300 -0.05559100 0.01395700
v -0.00270231 -0.05728982 0.01386506
v -0.00588166 -0.06472822 0.01266556
v -0.00893211 -0.06955102 0.01522551
v -0.00426200 -0.06406300 0.01150000
v -0.00347969 -0.06304416 0.01181045
v -0.00405900 -0.06710800 0.01180900
v -0.00373850 -0.06682600 0.01143400
v -0.00274400 -0.06367700 0.01209500
v -0.00288400 -0.06491400 0.01160500
v -0.00269535 -0.06436887 0.01214220
v -0.00360213 -0.06545379 0.01125883
v -0.00325100 -0.06598300 0.01099200
v -0.00341800 -0.06654400 0.01105900
v -0.00186174 -0.06641034 0.01110196
v -0.00218900 -0.06737600 0.01086900
v -0.00263800 -0.06350800 0.01243900
v -0.00204055 -0.06932243 0.01163434
v 0.00146693 -0.06098754 0.01385546
v 0.00074600 -0.06034400 0.01308700
v 0.00239116 -0.06182053 0.01251970
v 0.00432685 -0.06265510 0.01334086
v -0.00036304 -0.06843187 0.01066648
v 0.00046878 -0.06951853 0.01100453
v -0.00138543 -0.06591519 0.01188640
v 0.00061974 -0.06784485 0.01120749
v 0.00240100 -0.06551700 0.00874200
v 0.00237300 -0.06540100 0.00974500
v 0.00144800 -0.06437200 0.00995800
v 0.00162600 -0.06881200 0.01104800
v 0.00200900 -0.06829300 0.01175500
v 0.00196005 -0.06964882 0.01091237
v -0.00025100 -0.07165000 0.01207400
v 0.00330415 -0.06907867 0.01094072
v 0.00465618 -0.06901530 0.01086290
v 0.01365768 -0.05249219 0.00604527
v 0.01425501 -0.05553641 0.00676924
v 0.01042194 -0.05979542 0.00584376
v 0.01422600 -0.05689600 0.00723300
v 0.01619731 -0.05721511 0.00846665
v 0.01372942 -0.05874012 0.00755427
v 0.01497966 -0.06100820 0.01077134
v 0.01578153 -0.05947007 0.00997495
v 0.02099700 -0.05461300 0.00972400
v 0.02311655 -0.04745637 0.00833693
v 0.01538400 -0.06158500 0.01206000
v 0.01909160 -0.06034012 0.01182254
v 0.02130797 -0.05776952 0.01139126
v 0.02199555 -0.05895794 0.01319493
v 0.00487190 -0.06602063 0.00911533
v 0.00739600 -0.06599300 0.00891700
v 0.00809200 -0.06569400 0.00918800
v 0.00722670 -0.06563393 0.00781749
v 0.00878800 -0.06539500 0.00945900
v 0.00780649 -0.06552320 0.01058326
v 0.01285000 -0.06287200 0.00902200
v 0.01034807 -0.06492691 0.00870560
v 0.00981100 -0.06540500 0.01044900
v 0.01251194 -0.06347202 0.00919420
v 0.00906000 -0.06512100 0.01067700
v 0.01005500 -0.06510800 0.01098800
v 0.01017900 -0.06510600 0.01118600
v 0.00999600 -0.06494900 0.01140400
v 0.00993300 -0.06525650 0.01071850
v 0.00998345 -0.06528115 0.01124508
v 0.00929400 -0.06642100 0.01087200
v 0.00960600 -0.06512000 0.01159100
v 0.01089483 -0.06501342 0.01077010
v 0.01099898 -0.06607561 0.01141945
v 0.01226000 -0.06553500 0.01148400
v 0.01377800 -0.06256600 0.01248800
v 0.01253020 -0.06412361 0.01186103
v 0.00461800 -0.06569600 0.01032700
v 0.00654339 -0.06820903 0.01106358
v 0.00757900 -0.06730500 0.01144400
v 0.00806539 -0.06765753 0.01096788
v 0.00767600 -0.06855200 0.01083700
v 0.00708753 -0.06925351 0.01135654
v 0.00288299 -0.06978631 0.01092943
v 0.00397000 -0.06796900 0.01166500
v 0.00543400 -0.06933100 0.01082900
v 0.00956800 -0.06723957 0.01089431
v 0.01196951 -0.06860237 0.01305383
v 0.01012138 -0.07190279 0.01389186
v 0.01237196 -0.06581350 0.01187667
v 0.01434051 -0.06402168 0.01320252
v 0.01460261 -0.06644996 0.01405044
v 0.01689000 -0.06397700 0.01435200
v 0.01687277 -0.06532799 0.01553274
v 0.02174589 -0.06107692 0.01569997
v 0.01960645 -0.06406543 0.01786004
v 0.01636331 -0.06712473 0.01688283
v 0.01226085 -0.07117692 0.01514224
v 0.01504500 -0.06910800 0.01702700
v 0.01353630 -0.07112970 0.01749332
v -0.00313500 -0.01332900 0.01538000
v -0.00239279 -0.01638934 0.01591787
v 0.00081200 -0.01596700 0.01887900
v -0.00206832 -0.02157280 0.01582630
v 0.00409464 -0.01435824 0.01196042
v 0.00480700 -0.01693500 0.01179400
v 0.00037267 -0.02033332 0.01819792
v -0.00054200 -0.02515100 0.01519000
v -0.00014029 -0.02451205 0.01692088
v 0.00043984 -0.02622286 0.01466937
v 0.00007400 -0.02518200 0.01751700
v 0.00044600 -0.02366300 0.01887800
v 0.00023104 -0.02424336 0.01801546
v 0.00121100 -0.01310200 0.01922300
v 0.00017200 -0.01909100 0.02519300
v 0.00153633 -0.01362994 0.02027299
v 0.00114450 -0.01914825 0.01951900
v -0.00032887 -0.02455780 0.02276897
v -0.00102862 -0.03121315 0.01862662
v -0.00127127 -0.03169451 0.01865629
v 0.00119075 -0.02778255 0.01477467
v 0.00027600 -0.03029400 0.01570600
v -0.00011153 -0.02691392 0.01811309
v -0.00115400 -0.02813600 0.02132200
v -0.00126251 -0.02965669 0.02085471
v -0.00209225 -0.03211829 0.02182482
v -0.00146604 -0.02799138 0.02439312
v -0.00179007 -0.03440109 0.01878611
v -0.00260670 -0.03560004 0.01964741
v -0.00179894 -0.03355405 0.01853577
v -0.00255471 -0.03334463 0.02193503
v -0.00286151 -0.03621675 0.02374156
v -0.00270400 -0.03671600 0.02531700
v -0.00077221 -0.02623020 0.02188876
v -0.00182662 -0.03069462 0.02671951
v -0.00048783 -0.02537185 0.02656911
v -0.00104500 -0.02677700 0.02601900
v -0.00135021 -0.02879613 0.02685948
v -0.00030186 -0.02645077 0.02895191
v -0.00212070 -0.03176239 0.02571174
v -0.00191877 -0.03414810 0.02870489
v -0.00275629 -0.03482048 0.02522560
v -0.00200200 -0.03473300 0.02739200
v -0.00115370 -0.03276450 0.03012022
v -0.00146900 -0.03658100 0.03093600
v -0.00008775 -0.03535117 0.03336436
v 0.00300000 -0.01206300 0.03460000
v 0.00130429 -0.01910752 0.03142508
v 0.00387132 -0.01180858 0.03687676
v 0.00449200 -0.01382100 0.03777500
v 0.00437049 -0.02108335 0.03770736
v 0.00316895 -0.02131791 0.03632377
v -0.00039400 -0.02879500 0.03049400
v 0.00061064 -0.02864210 0.03269356
v 0.00325100 -0.02217300 0.03643500
v 0.00375300 -0.03019100 0.03728200
v 0.00744500 -0.02070300 0.04003100
v 0.00537484 -0.03652558 0.03869229
v -0.00511500 -0.04255600 0.02424100
v -0.00405920 -0.04081171 0.02668321
v -0.00619456 -0.04658627 0.02406605
v -0.00253000 -0.03772300 0.02689600
v -0.00205197 -0.03929057 0.03045120
v -0.00204496 -0.04115917 0.03133031
v -0.00481670 -0.04861055 0.03014705
v -0.00125900 -0.04533400 0.03359200
v -0.00266600 -0.04940800 0.03300700
v -0.00042885 -0.04220411 0.03412181
v -0.00738500 -0.05445600 0.02904600
v -0.01070955 -0.06325622 0.02759806
v -0.00941877 -0.05981567 0.02872443
v -0.00828400 -0.06063400 0.02974300
v -0.01018792 -0.06827453 0.02716518
v -0.00626300 -0.05439100 0.03055600
v -0.00671308 -0.05983185 0.03093095
v -0.00229700 -0.05662400 0.03350100
v 0.00341527 -0.04696694 0.03724894
v 0.00467000 -0.04196800 0.03805200
v 0.00624776 -0.01666849 0.01138238
v 0.02980439 -0.02983032 0.00738621
v 0.01169900 -0.02738700 0.04223500
v 0.00757400 -0.03896100 0.03976300
v 0.03533530 -0.02550115 0.02233502
v 0.03467116 -0.02126892 0.03195795
v 0.03496000 -0.02596200 0.02697800
v 0.03373849 -0.02818224 0.03183791
v 0.03368200 -0.03411790 0.02628112
v 0.02648083 -0.03989013 0.03555806
v 0.02834200 -0.03693000 0.03514500
v 0.03175501 -0.03680445 0.03060658
v 0.03089954 -0.03400583 0.03383419
v 0.03220900 -0.03082300 0.03345300
v 0.03324800 -0.03671500 0.02718200
v 0.03183165 -0.03923371 0.02862280
v 0.03062800 -0.04135900 0.02947100
v 0.02896300 -0.04310700 0.03110600
v 0.02712700 -0.04437800 0.03284400
v 0.00225656 -0.06286081 0.03420998
v -0.00026702 -0.06694860 0.03236493
v 0.00618800 -0.05880300 0.03603000
v 0.00755515 -0.06097972 0.03522031
v 0.00907500 -0.06590100 0.03291700
v 0.02819192 -0.04882941 0.02704016
v 0.02592100 -0.05281600 0.02652500
v 0.02789700 -0.05049600 0.02331400
v 0.02501204 -0.05521004 0.02513901
v 0.02176600 -0.06180400 0.01788600
v 0.01978300 -0.06461456 0.02097650
v 0.02253800 -0.06103900 0.01958200
v 0.02317300 -0.05998400 0.02115700
v 0.01974300 -0.06449600 0.02436300
v 0.01498600 -0.07111600 0.02245200
v 0.01564191 -0.06909348 0.02706794
v 0.01809669 -0.06687841 0.02519804
v 0.01453600 -0.07164500 0.02476500
v 0.01504460 -0.06257794 0.03241712
v 0.01220468 -0.07067310 0.02923062
v 0.01186161 -0.06391710 0.03317384
v 0.01677689 -0.06408853 0.03020284
v 0.01934228 -0.06125446 0.02947890
v 0.02339600 -0.05557900 0.02853000
v 0.00770800 -0.04891900 0.03849300
v 0.01006593 -0.04660825 0.03946882
v 0.01533886 -0.03910472 0.04110624
v 0.01748916 -0.04067653 0.04021286
v 0.01205800 -0.04931400 0.03884000
v 0.00561649 -0.05480768 0.03696878
v 0.01005110 -0.05358477 0.03777290
v 0.01529200 -0.05351200 0.03658700
v 0.02129585 -0.05110677 0.03456036
v 0.01758800 -0.05354100 0.03558100
v 0.02624225 -0.05054764 0.02931098
v 0.03061229 -0.04381994 0.02745665
v 0.03160800 -0.04090500 0.02809800
v 0.02806466 -0.04699005 0.02957302
v 0.02345482 -0.05013081 0.03332220
v 0.02216100 -0.04008500 0.03838500
v 0.01714042 -0.04925736 0.03760035
v -0.01001800 -0.06812000 0.01693300
v -0.01135015 -0.06834404 0.01806566
v -0.01104429 -0.07017821 0.01718437
v -0.01050300 -0.07095400 0.01661200
v -0.01258258 -0.07084719 0.02004012
v -0.01046500 -0.07587600 0.01709200
v -0.01200500 -0.06791000 0.02162500
v -0.01233726 -0.06865382 0.02216550
v -0.01299503 -0.07443647 0.02124214
v -0.01253097 -0.07974336 0.01971323
v -0.01276600 -0.07842600 0.02071500
v -0.01262032 -0.07742826 0.02260498
v -0.01186200 -0.08035300 0.02240400
v -0.01254000 -0.07420000 0.02343800
v -0.01215268 -0.06946643 0.02411219
v -0.01213725 -0.06711638 0.02507626
v -0.00958300 -0.07102600 0.02684800
v -0.00695923 -0.06885584 0.02896799
v -0.01108700 -0.07475500 0.02484300
v -0.01178691 -0.08115881 0.01917592
v -0.01223200 -0.08174400 0.02058000
v -0.01226842 -0.08159877 0.02137433
v -0.01075086 -0.08097265 0.02313163
v -0.00612086 -0.06832082 0.01299645
v -0.00553200 -0.07131250 0.01340750
v -0.00816550 -0.07610800 0.01581450
v -0.00862346 -0.08107766 0.01712301
v -0.00984500 -0.07926600 0.01728700
v -0.00282400 -0.07598800 0.01407200
v -0.00658900 -0.07995200 0.01616600
v -0.00141911 -0.07329286 0.01280854
v 0.00433292 -0.07436435 0.01339721
v 0.00064495 -0.07747565 0.01447288
v -0.00682766 -0.08305011 0.01790706
v 0.00040700 -0.07912900 0.01543000
v -0.00113500 -0.08123400 0.01704400
v -0.00423453 -0.08407354 0.01948289
v 0.00302200 -0.07797800 0.01595700
v 0.00238662 -0.07895754 0.01631314
v -0.00318305 -0.08361487 0.01911201
v 0.00093451 -0.08146015 0.01937157
v -0.00549470 -0.07854421 0.02658864
v -0.00411004 -0.07977056 0.02611921
v 0.00438494 -0.08013481 0.02346636
v 0.00421335 -0.07636798 0.02803748
v 0.00101807 -0.08088593 0.02451992
v -0.01087000 -0.08299100 0.01919400
v -0.01079700 -0.08354450 0.01983550
v -0.01150700 -0.08292000 0.02005900
v -0.00983404 -0.08434055 0.01948448
v -0.01072400 -0.08409800 0.02047700
v -0.00948900 -0.08483900 0.02095900
v -0.00949078 -0.08452913 0.02183244
v -0.00859700 -0.08469200 0.01952100
v -0.00677799 -0.08496660 0.01992425
v -0.00815150 -0.08505350 0.02037200
v -0.00675500 -0.08488900 0.02122200
v -0.00966000 -0.08349500 0.02259400
v -0.00826771 -0.08188598 0.02422458
v -0.00766861 -0.08490843 0.02155144
v -0.00596200 -0.08359200 0.02318000
v -0.00375700 -0.08399000 0.02116700
v -0.00242800 -0.08184800 0.02428500
v 0.00778200 -0.07417300 0.01453300
v 0.00573664 -0.07707920 0.01579303
v 0.00568435 -0.07833698 0.01878629
v 0.00493400 -0.07839900 0.01730700
v 0.00406700 -0.07867700 0.01668600
v 0.00882100 -0.07499000 0.01797700
v 0.01161000 -0.07340900 0.01927400
v 0.00867499 -0.07614944 0.01963848
v 0.00809400 -0.07702800 0.01964300
v 0.00749600 -0.07776700 0.02003400
v 0.01087492 -0.07462196 0.02025532
v 0.01001059 -0.07617563 0.02177931
v 0.00946300 -0.07684900 0.02292200
v 0.01182800 -0.07527300 0.02312000
v 0.00750200 -0.07842700 0.02120700
v 0.00843532 -0.07836636 0.02265906
v 0.00911745 -0.07763879 0.02445657
v 0.00880000 -0.07735900 0.02192600
v 0.00026219 -0.06872561 0.03198699
v -0.00100500 -0.07331100 0.02977100
v 0.00523820 -0.07040650 0.03143436
v 0.00577300 -0.07379900 0.02953100
v 0.00906946 -0.07291530 0.02941593
v 0.00198800 -0.07537500 0.02880000
v 0.00597780 -0.07868983 0.02533383
v 0.01068296 -0.07666743 0.02396634
v 0.01036700 -0.07660600 0.02469200
v 0.01159784 -0.07404295 0.02675944
v 0.00976800 -0.07570700 0.02648900
v 0.01023700 -0.07166300 0.02966300
v 0.01266800 -0.07218700 0.02745300
v 0.02768100 -0.04198500 0.00926000
v 0.02522800 -0.05035100 0.01169800
v 0.03290136 -0.02638887 0.00834473
v 0.03501900 -0.02567700 0.00874700
v 0.03455550 -0.02896200 0.00887700
v 0.03454300 -0.02848500 0.00872900
v 0.03691942 -0.02863369 0.00856322
v 0.03104800 -0.03186000 0.00847400
v 0.03051082 -0.03414116 0.00873765
v 0.03288500 -0.02945600 0.00866300
v 0.03294172 -0.03068988 0.00923085
v 0.03273200 -0.03220800 0.01001500
v 0.03432400 -0.03128100 0.01024900
v 0.03386650 -0.03177750 0.01068350
v 0.03533100 -0.03022600 0.00958900
v 0.03494950 -0.02983250 0.00930700
v 0.03554000 -0.03064200 0.01015400
v 0.04154224 -0.02873448 0.00813500
v 0.03816100 -0.02983900 0.00924100
v 0.04056800 -0.02512900 0.01247300
v 0.03542789 -0.02756073 0.01505856
v 0.03706800 -0.02660700 0.01396300
v 0.03354920 -0.03235633 0.01310039
v 0.03470100 -0.03122700 0.01122500
v 0.03521743 -0.03051095 0.01244339
v 0.03597800 -0.03062800 0.01101400
v 0.04051300 -0.02862100 0.01065400
v 0.03651300 -0.02869800 0.01317900
v 0.03329600 -0.03298700 0.01259800
v 0.03250870 -0.03447079 0.01201353
v 0.03349308 -0.03263490 0.01292012
v 0.03423324 -0.03027627 0.01486556
v 0.03465600 -0.02791800 0.01693200
v 0.03387800 -0.03216700 0.01743500
v 0.03550618 -0.02945321 0.01349615
v 0.04341100 -0.02834200 0.00807200
v 0.04072100 -0.02914250 0.00961200
v 0.04220300 -0.02864300 0.00926000
v 0.04483443 -0.02734349 0.00712486
v 0.04831759 -0.02662506 0.00698235
v 0.04597000 -0.02688100 0.00883100
v 0.02970638 -0.03770759 0.00967793
v 0.03192600 -0.03568100 0.01194700
v 0.03167312 -0.03857165 0.01288533
v 0.03178600 -0.03891800 0.01376800
v 0.03093983 -0.04086548 0.01223976
v 0.02752414 -0.04356605 0.00974138
v 0.02948100 -0.04238200 0.01182500
v 0.02739824 -0.04536090 0.01075269
v 0.02844523 -0.04546841 0.01256654
v 0.02780724 -0.04849907 0.01408695
v 0.03072900 -0.04269800 0.01449600
v 0.02992075 -0.04442978 0.01331833
v 0.02944200 -0.04647100 0.01609600
v 0.03335100 -0.03716100 0.01583800
v 0.03269810 -0.03943109 0.01649253
v 0.03204184 -0.04059177 0.01414511
v 0.03428167 -0.03290211 0.02033048
v 0.03380794 -0.03706525 0.01814972
v 0.03304300 -0.04006800 0.01951000
v 0.03399346 -0.03628893 0.02035366
v 0.03221700 -0.04189900 0.01649300
v 0.03111459 -0.04370528 0.01605196
v 0.02978077 -0.04727039 0.01985781
v 0.03138116 -0.04384310 0.01968333
v 0.03256800 -0.04240200 0.01966000
v 0.03111500 -0.04547400 0.01967100
v 0.03223800 -0.04320600 0.02256900
v 0.03297941 -0.04141882 0.01884119
v 0.04872400 -0.02635800 0.00690000
v 0.03567000 -0.02172200 0.01692100
v 0.03481503 -0.02741991 0.01791650
v 0.03541094 -0.02439446 0.01659070
v 0.03462400 -0.03031700 0.02073300
v 0.03482900 -0.02933900 0.02313800
v 0.03429300 -0.03530800 0.02271200
v 0.03419871 -0.03481218 0.02409028
v 0.03305000 -0.03789000 0.02506300
v 0.03317900 -0.03473900 0.02733200
v 0.03346653 -0.03928657 0.02139485
v 0.03328870 -0.03943183 0.02446441
v 0.03191000 -0.04202300 0.02554500
v 0.03207795 -0.04293424 0.02460772
v 0.03014456 -0.04562066 0.02573345
v 0.03238400 -0.04037100 0.02681000
v 0.02653400 -0.05141800 0.01537100
v 0.02351561 -0.05724094 0.01381360
v 0.02837281 -0.04884021 0.01618009
v 0.02481800 -0.05679400 0.01719700
v 0.02369670 -0.05889954 0.01655265
v 0.02608646 -0.05435134 0.02074766
v 0.02924100 -0.04777000 0.02060600
v 0.02877586 -0.04945813 0.01980251
v 0.03067335 -0.04558297 0.02341890
v 0.02859012 -0.04886733 0.02404922
v -0.00339387 -0.05932241 0.01305960
v -0.00086200 -0.06133800 0.01170600
v -0.00196400 -0.06300400 0.01168000
v -0.00154139 -0.06266723 0.01233636
v -0.00085714 -0.05835597 0.01320176
v -0.00144300 -0.05820300 0.01438100
v -0.00168000 -0.05740200 0.01488600
v -0.00150158 -0.05646560 0.01415149
v -0.00197800 -0.05646800 0.01450300
v -0.00109307 -0.05729946 0.01427501
v -0.00045166 -0.05881277 0.01381614
v -0.00114300 -0.05897200 0.01408700
v 0.00010100 -0.05940900 0.01370900
v -0.00158200 -0.05981000 0.01348200
v -0.00091466 -0.06080810 0.01352686
v -0.00191900 -0.06251100 0.01478600
v -0.00150200 -0.06246000 0.01331400
v -0.00084300 -0.06207700 0.01465300
v -0.00149350 -0.06234200 0.01447650
v -0.00059200 -0.05965900 0.01400700
v -0.00028400 -0.05955400 0.01409800
v -0.00009150 -0.05948150 0.01390350
v 0.00040341 -0.06018618 0.01434118
v -0.00003800 -0.06056900 0.01464400
v -0.00041400 -0.06112400 0.01441100
v -0.00053000 -0.06155950 0.01454900
v -0.00068000 -0.06173300 0.01395300
v -0.00035255 -0.06217800 0.01507519
v -0.00064600 -0.06199500 0.01468700
v -0.00267003 -0.06341731 0.01378378
v -0.00239900 -0.06338500 0.01428100
v -0.00214916 -0.06358647 0.01447120
v -0.00139400 -0.06263600 0.01501300
v 0.00025500 -0.06368200 0.01006600
v -0.00015759 -0.06274791 0.01065356
v 0.00125500 -0.06352500 0.01082800
v 0.00413281 -0.06489832 0.01101348
v 0.00047100 -0.06070900 0.01243700
v 0.00088310 -0.06161973 0.01526003
v 0.00168300 -0.06223000 0.01484100
v 0.00308656 -0.06340629 0.01444024
v 0.00398300 -0.06333900 0.01441100
v 0.00610200 -0.06375600 0.01200300
v 0.00522095 -0.06296757 0.01266713
v 0.00728300 -0.06364500 0.01395700
v 0.00520569 -0.06281460 0.01363852
v -0.00013800 -0.06602500 0.01284200
v 0.00214420 -0.06789510 0.01313650
v 0.00141600 -0.06698500 0.01381700
v 0.00339896 -0.06823793 0.01185937
v 0.00271228 -0.06772756 0.01343100
v 0.00189008 -0.06616546 0.01447049
v 0.00042855 -0.06360873 0.01441146
v 0.00321496 -0.06462893 0.01407966
v 0.00203900 -0.06508500 0.01436400
v 0.00289700 -0.06539200 0.01396300
v 0.00299600 -0.06536450 0.01392250
v 0.00338700 -0.06591000 0.01340600
v 0.00398625 -0.06746960 0.01223253
v 0.00603400 -0.06495000 0.01472700
v 0.00550812 -0.06586476 0.01421095
v 0.00704600 -0.06533100 0.01103800
v 0.00980850 -0.06433950 0.01159150
v 0.00960200 -0.06438400 0.01143500
v 0.00955500 -0.06399600 0.01197500
v 0.00835800 -0.06517300 0.01235400
v 0.00801680 -0.06387353 0.01344083
v 0.00915626 -0.06430459 0.01275996
v 0.00903200 -0.06377100 0.01265600
v 0.00983200 -0.06443800 0.01208450
v 0.00979300 -0.06472100 0.01191200
v 0.00712632 -0.06650431 0.01313143
v 0.00787393 -0.06625736 0.01124845
v 0.00699020 -0.06529050 0.01430688
v 0.00674209 -0.06426520 0.01468050
v -0.00014563 -0.06451174 0.01388644
v 0.00309500 -0.06533700 0.01388200
v 0.00370300 -0.06551900 0.01373000
v 0.00333800 -0.06542700 0.01383300
v -0.07156753 0.08104549 0.04987274
v -0.07210199 0.08082231 0.05128094
v -0.07163861 0.07977965 0.05329710
v -0.07283652 0.08103779 0.05380984
v -0.07220551 0.08149838 0.05663446
v -0.07054685 0.08189940 0.05203970
v -0.07328611 0.08096880 0.05525525
v -0.07326900 0.08081200 0.05665000
v -0.07251900 0.07984800 0.05632900
v -0.07300621 0.08002284 0.05672905
v -0.06742678 0.08174347 0.05479155
v -0.07126300 0.07971900 0.05659100
v -0.07012600 0.07974900 0.05597800
v -0.06903100 0.07963200 0.05481300
v -0.07258891 0.08133094 0.05674081
v -0.07308100 0.08037200 0.05722600
v -0.07221600 0.08022850 0.05727650
v -0.07181300 0.08071200 0.05738400
v -0.06965200 0.08089400 0.05685200
v -0.07135100 0.08008500 0.05732700
v -0.06855300 0.08051800 0.05648700
v -0.06597953 0.08043868 0.04037183
v -0.06658717 0.08015076 0.04108432
v -0.06764513 0.08065614 0.04371305
v -0.06663730 0.08088506 0.04334746
v -0.06700709 0.08017454 0.04330133
v -0.06922720 0.07979054 0.04448808
v -0.06333702 0.07998085 0.03680448
v -0.06329900 0.07917900 0.03650500
v -0.06514603 0.07898277 0.04007597
v -0.06210200 0.07817500 0.03834900
v -0.06262400 0.08074300 0.03866000
v -0.06401756 0.08148240 0.04322024
v -0.06633000 0.07940200 0.04172400
v -0.06553400 0.07904200 0.04363600
v -0.06135200 0.07813800 0.04173100
v -0.06727526 0.08136811 0.04494500
v -0.06943777 0.08084631 0.04506020
v -0.06931200 0.07968700 0.04495600
v -0.06990824 0.07985079 0.04556487
v -0.06644514 0.07908209 0.04462459
v -0.07069700 0.08075500 0.04736400
v -0.07085700 0.08030200 0.04775300
v -0.06666154 0.07924882 0.05029036
v -0.06305060 0.08203148 0.05144542
v -0.06565800 0.07968500 0.05340900
v -0.06767200 0.07991100 0.05554500
v -0.06303922 0.07860788 0.04571917
v -0.05976300 0.08153800 0.04423100
v -0.06108700 0.07892900 0.04794000
v -0.06231000 0.07947000 0.05054600
v -0.05483097 0.08110416 0.04393511
v -0.05776900 0.07897900 0.04769800
v -0.05090400 0.07793900 0.04249600
v -0.04789600 0.07903800 0.03970500
v -0.05604319 0.07678894 0.03429237
v -0.05412930 0.07688073 0.03752011
v -0.05167400 0.07664700 0.03791600
v -0.04656300 0.07600400 0.03732100
v -0.05063000 0.07763050 0.04161950
v -0.05452100 0.07780700 0.04244600
v -0.05185400 0.08026400 0.04246200
v -0.05415312 0.08055676 0.04703699
v -0.05074301 0.07978233 0.04397461
v -0.05296273 0.07935866 0.04596631
v -0.04494700 0.07783900 0.03700800
v -0.04633344 0.07696839 0.03894874
v -0.04780172 0.07879694 0.04090979
v -0.04774500 0.07801700 0.04081600
v -0.04969000 0.07868100 0.04277100
v -0.04583700 0.07785000 0.03891600
v -0.06369543 0.08157608 0.05346192
v -0.06195900 0.08117100 0.05269100
v -0.06729900 0.08114800 0.05564800
v -0.06491000 0.08075726 0.05458701
v -0.06382523 0.08037473 0.05369237
v -0.06479300 0.08004500 0.05390500
v -0.06171654 0.08095847 0.05259348
v -0.05863571 0.08021807 0.05036284
v -0.05668736 0.08082491 0.04917098
v -0.05571900 0.08016000 0.04837500
v -0.04408200 0.07441400 0.03374000
v -0.04239083 0.07459885 0.03396142
v -0.04037269 0.07341532 0.03133829
v -0.04343500 0.07500400 0.03478300
v -0.04529987 0.07700528 0.03820992
v -0.04458505 0.07660210 0.03735392
v -0.04215810 0.07612530 0.03452995
v -0.04090600 0.07486000 0.03291700
v -0.03858100 0.07353200 0.03002400
v -0.03874500 0.07391500 0.03013500
v -0.01342754 0.05946584 0.02734115
v -0.01203400 0.05994500 0.02678800
v -0.00994405 0.05901853 0.02711288
v -0.01479100 0.05785200 0.02703400
v -0.01280985 0.05674500 0.02801690
v -0.01275800 0.05844800 0.02801700
v -0.01243700 0.05754700 0.02848900
v -0.01191092 0.05880876 0.02813605
v -0.01244900 0.05840400 0.02842600
v -0.01214000 0.05836000 0.02883500
v -0.01098800 0.05867400 0.02838700
v -0.01219400 0.05761545 0.02935841
v -0.01251400 0.05894200 0.03182100
v -0.01254500 0.05917900 0.03279800
v -0.01237600 0.05826500 0.03070300
v -0.01251754 0.05837274 0.03309341
v -0.01140074 0.05883278 0.03007478
v -0.01169300 0.05896400 0.03089200
v -0.01149700 0.05902900 0.03300100
v -0.01172500 0.05659500 0.02923300
v -0.01069500 0.05605600 0.03094300
v -0.01271700 0.05901300 0.03248200
v -0.01138952 0.05886943 0.03355812
v -0.01238500 0.05876700 0.03385300
v -0.01204850 0.05838550 0.03398700
v -0.01119188 0.05835356 0.03409845
v -0.00956200 0.05643800 0.03389800
v -0.00873730 0.05772409 0.02863319
v -0.00750844 0.05755884 0.02766716
v -0.00925300 0.05756300 0.03117100
v -0.00905700 0.05332700 0.02971300
v -0.00915066 0.05410877 0.03042534
v -0.00644700 0.05574700 0.02978500
v -0.00430442 0.05373195 0.03024716
v -0.00048067 0.05848428 0.02222057
v 0.00358990 0.05535499 0.02326584
v 0.00041091 0.05576399 0.02497615
v -0.00000500 0.05257400 0.02839000
v -0.01002804 0.05612238 0.03368889
v -0.00825639 0.05489626 0.03303802
v -0.00872779 0.05599006 0.03367274
v -0.00866000 0.05533900 0.03342900
v -0.00546170 0.05369018 0.03142170
v -0.00643200 0.05375100 0.03240100
v -0.00602702 0.05290989 0.03218660
v 0.00105700 0.04848800 0.03140500
v -0.00656208 0.04933189 0.02975529
v -0.00669892 0.05233366 0.03132644
v -0.00329700 0.04731900 0.03167700
v -0.00317144 0.04238943 0.03100819
v -0.00193458 0.04718197 0.03246393
v -0.00509202 0.05095338 0.03154809
v -0.00432900 0.05131300 0.03167800
v -0.00381209 0.05204839 0.03123001
v -0.00293930 0.04957849 0.03204814
v 0.00005436 0.04510197 0.03323412
v -0.00239640 0.03133220 0.03043615
v 0.00382200 0.05534900 0.02236700
v 0.00463354 0.05446048 0.02105261
v 0.00819266 0.05119102 0.02445459
v 0.01021265 0.04920998 0.02445985
v 0.00921662 0.04917104 0.02600994
v 0.01154917 0.04769416 0.02495637
v 0.00420673 0.04348650 0.03320447
v 0.00282100 0.04198300 0.03405700
v 0.00479997 0.03840447 0.03501695
v 0.00276200 0.03840400 0.03436700
v 0.00866728 0.03857571 0.03391122
v 0.01364648 0.03231544 0.03495662
v 0.00186571 0.03390478 0.03373978
v -0.00071598 0.02409123 0.03163085
v 0.00556400 0.03419600 0.03591200
v 0.00618996 0.02855958 0.03681367
v 0.00851500 0.03233800 0.03700600
v 0.00928873 0.03017450 0.03782655
v 0.01196800 0.02657300 0.03897500
v 0.00672921 0.02237916 0.03740477
v 0.01036700 0.02383000 0.03941300
v 0.01553422 0.04315869 0.02084210
v 0.01585800 0.04219700 0.02616300
v 0.01927800 0.03826500 0.02327100
v 0.01726399 0.04071319 0.02583755
v 0.02137679 0.03530446 0.02228758
v 0.02071444 0.03431375 0.02828092
v 0.02431996 0.03006465 0.02184029
v 0.02406200 0.02955500 0.02721400
v 0.01640835 0.04030066 0.02773820
v 0.01516359 0.04216626 0.02717436
v 0.02098600 0.03027500 0.03085500
v 0.02534990 0.02627748 0.02920393
v 0.01538233 0.02117410 0.04030454
v 0.02004373 0.01722000 0.03910003
v 0.02389847 0.02761011 0.03018405
v 0.01938400 0.02309800 0.03614700
v 0.00088139 0.01756125 0.03300890
v 0.00156300 0.01271700 0.03375200
v 0.00308200 0.01419900 0.03530500
v 0.00338248 0.00406854 0.03632790
v 0.01254085 0.01623537 0.04130270
v 0.01488400 0.01108000 0.04282100
v 0.00328300 0.00081300 0.03611000
v 0.00745156 0.00266655 0.03957233
v 0.00516400 -0.00698500 0.03848700
v 0.01301668 -0.00165847 0.04377732
v 0.01561723 0.00864047 0.04369250
v 0.01602200 -0.00394500 0.04552400
v 0.01425900 0.02128500 0.04062100
v 0.01470894 0.02020717 0.04125292
v 0.01542825 0.02019189 0.04116727
v 0.01679961 0.01816927 0.04297517
v 0.01549513 0.01924249 0.04212935
v 0.01492018 0.01877357 0.04163642
v 0.01529706 0.01466359 0.04225513
v 0.01805060 0.01667627 0.04083221
v 0.01790828 0.01656150 0.04413388
v 0.01984185 0.01390430 0.04101443
v 0.01741369 0.01406708 0.04443893
v 0.02262561 0.00714836 0.04222675
v 0.02087448 0.01040208 0.04462069
v 0.01882000 0.01476400 0.04572000
v 0.01985600 0.01333000 0.04767100
v 0.01998100 0.01306300 0.04650400
v 0.01822818 0.01501682 0.04549287
v 0.01806800 0.01454000 0.04546700
v 0.01878200 0.01415900 0.04654400
v 0.01921800 0.01351400 0.04746800
v 0.01809200 0.00910900 0.04639900
v 0.01931500 0.01221800 0.04870500
v 0.02223650 0.00716950 0.05292750
v 0.01955700 0.01311200 0.04860100
v 0.02021000 0.01305700 0.04964900
v 0.01987500 0.01295500 0.04976500
v 0.02047811 0.01132444 0.05390042
v 0.02058700 0.01273900 0.05087600
v 0.02000750 0.01270450 0.05051700
v 0.02014000 0.01245400 0.05126900
v 0.02103500 0.01194000 0.05128500
v 0.02047700 0.01211900 0.05318900
v 0.02057400 0.01243200 0.05166600
v 0.02095200 0.01169500 0.05413600
v 0.02145300 0.01092400 0.05443800
v 0.01731100 0.00551500 0.04578700
v 0.01653492 0.00134388 0.04552026
v 0.01812150 0.00457250 0.04751100
v 0.01779500 -0.00194000 0.04748200
v 0.01830000 -0.00337050 0.04890250
v 0.01724400 -0.00346900 0.04664600
v 0.01863028 0.00241618 0.04953796
v 0.01880500 -0.00480100 0.05032300
v 0.01928300 -0.00225100 0.05391900
v 0.02010900 0.00872400 0.05420900
v 0.02272400 0.00566600 0.05652400
v 0.02027912 0.00951180 0.05663609
v 0.01963299 0.00068298 0.05748616
v 0.02754106 0.02311123 0.02315061
v 0.02684762 0.02404664 0.02712768
v 0.02943700 0.01732300 0.02817000
v 0.02834002 0.01876503 0.03085975
v 0.02947300 0.01460400 0.03183300
v 0.03038085 0.01556322 0.02789256
v 0.02934558 0.00513959 0.03614986
v 0.02585500 0.00266400 0.04034100
v 0.03211300 0.00701400 0.03217600
v 0.03169400 0.00616800 0.03332000
v 0.03245800 0.00682000 0.03095800
v 0.02544930 0.00078789 0.04168507
v 0.03146231 -0.00052411 0.03566788
v 0.02572981 -0.00316457 0.04261828
v 0.02560700 -0.00754000 0.04365400
v 0.02738998 -0.00784507 0.04111723
v 0.02885200 -0.01042300 0.03963600
v 0.03271900 0.00796400 0.02514000
v 0.03352329 0.00201736 0.03208861
v 0.03316800 0.00085800 0.03339800
v 0.03424126 -0.00335698 0.03289897
v 0.03475500 -0.00716400 0.03241600
v 0.03500271 -0.01026552 0.03232248
v 0.03435200 -0.00872200 0.03393400
v 0.03416433 -0.01300667 0.03447572
v 0.03342643 -0.00535222 0.03471861
v 0.02281000 0.00578400 0.04325600
v 0.02353236 0.00228073 0.04485808
v 0.02281600 0.00403900 0.04817700
v 0.02388956 -0.00029921 0.04593717
v 0.02412579 -0.00455950 0.04721605
v 0.02415800 -0.00778800 0.04749000
v 0.02461400 -0.00795300 0.04565800
v 0.02390282 -0.00292371 0.05030630
v 0.02316100 0.00234800 0.05798200
v 0.02068800 0.01102500 0.05800100
v 0.02082000 0.01123300 0.05604400
v 0.02008034 0.00934971 0.06070115
v 0.02111777 0.01086626 0.05833705
v 0.01984400 0.00564700 0.05899800
v 0.02178542 0.00908411 0.06058956
v 0.02058500 0.01043800 0.06037600
v 0.02015500 0.00977000 0.06306700
v 0.02042600 0.01034400 0.06167400
v 0.02058100 0.01008300 0.06274300
v 0.02091696 0.01008717 0.06188500
v 0.02134800 0.00753200 0.06412600
v 0.01955000 0.00227700 0.06096400
v 0.02282100 0.00220100 0.06116700
v 0.01969986 0.00807891 0.06334884
v 0.01887400 0.00697900 0.06640600
v 0.01930088 0.00200319 0.06293131
v 0.02195300 0.00379300 0.06481100
v 0.02254300 -0.00007100 0.06305400
v 0.02149200 0.00183500 0.06706900
v 0.01926100 0.00943400 0.06751800
v 0.01953800 0.00921900 0.06580600
v 0.01904900 0.00869100 0.06623600
v 0.01821100 0.00693300 0.06870900
v 0.01870600 0.00307800 0.06686200
v 0.01801500 0.00167800 0.07018100
v 0.01856600 0.00853500 0.06813900
v 0.01826100 0.00900100 0.06992300
v 0.01908400 0.00920600 0.06925000
v 0.01730800 0.00801400 0.07125000
v 0.01969400 0.00920000 0.06803600
v 0.01822300 0.00870300 0.07161800
v 0.01733000 0.00877700 0.07210400
v 0.01869600 0.00788000 0.07171000
v 0.02026400 0.00746900 0.06826300
v 0.01726100 0.00660200 0.07141800
v 0.01690900 0.00505000 0.07284900
v 0.01732200 0.00326800 0.07243800
v 0.02055800 0.00905900 0.06359400
v 0.02017400 0.00893700 0.06364900
v 0.02081200 0.00869500 0.06372400
v 0.01970700 0.00832200 0.06411500
v 0.01988200 0.00882000 0.06455800
v 0.02046000 0.00883900 0.06464900
v 0.01994900 0.00948100 0.06599100
v 0.02043700 0.00885500 0.06602800
v 0.02067100 0.00466500 0.06866400
v 0.01988500 0.00463900 0.07073000
v 0.01641400 0.00830700 0.07309500
v 0.01615300 0.00819400 0.07427100
v 0.01701300 0.00865800 0.07358500
v 0.01662100 0.00859300 0.07320700
v 0.01601800 0.00696800 0.07423100
v 0.01657400 0.00546500 0.07430800
v 0.01641300 0.00817900 0.07458800
v 0.01625400 0.00716700 0.07472200
v 0.01688200 0.00755700 0.07468100
v 0.01728800 0.00842300 0.07370200
v 0.01773100 0.00706700 0.07394300
v 0.01664300 0.00620700 0.07475500
v 0.01750100 0.00452800 0.07434600
v 0.01794100 0.00424800 0.07415500
v 0.01867100 0.00459100 0.07310100
v 0.01685300 0.00463300 0.07394800
v 0.02325300 -0.00148300 0.05911800
v 0.00732300 -0.01295100 0.03994800
v 0.01148400 -0.01294300 0.04289000
v 0.01163900 -0.01868800 0.04272900
v 0.01645100 -0.00756600 0.04572500
v 0.01619200 -0.01081000 0.04545000
v 0.01309100 -0.01431900 0.04370100
v 0.01587600 -0.01361100 0.04498500
v 0.00946500 -0.02231100 0.04133900
v 0.00991400 -0.02593900 0.04152400
v 0.01190500 -0.02204200 0.04263500
v 0.01770400 -0.00769000 0.04705000
v 0.01972200 -0.00461000 0.05706900
v 0.01959200 -0.00663900 0.05455700
v 0.01973100 -0.00333200 0.06044100
v 0.02003200 -0.00704800 0.05874000
v 0.01972000 -0.00603500 0.06281900
v 0.02020300 -0.00866600 0.06158600
v 0.01762000 -0.01035000 0.04653600
v 0.01743300 -0.01285300 0.04593000
v 0.01835200 -0.01130100 0.04730800
v 0.01441300 -0.01807500 0.04388500
v 0.01693400 -0.01630400 0.04489400
v 0.01562900 -0.02018600 0.04395900
v 0.01761500 -0.01885100 0.04446000
v 0.01864200 -0.01709500 0.04529600
v 0.01946000 -0.01910400 0.04465400
v 0.02007800 -0.01840700 0.04513100
v 0.01908300 -0.02031100 0.04423200
v 0.01806900 -0.01510300 0.04576800
v 0.01858900 -0.01358200 0.04675600
v 0.01929200 -0.01275300 0.04859000
v 0.01888600 -0.01522600 0.04646500
v 0.01964400 -0.01525800 0.04768800
v 0.01940600 -0.01708800 0.04586400
v 0.02108500 -0.01724600 0.04685200
v 0.02133600 -0.01851300 0.04509700
v 0.02004900 -0.01671400 0.04687100
v 0.02054400 -0.01561900 0.04905100
v 0.02059000 -0.01646600 0.04779200
v 0.02150500 -0.01646700 0.04800700
v 0.02210000 -0.01696300 0.04677800
v 0.02603700 -0.01244400 0.04287000
v 0.02520200 -0.01475300 0.04339400
v 0.02762000 -0.01631400 0.04070500
v 0.02505500 -0.01037600 0.04453200
v 0.02440800 -0.01132900 0.04573000
v 0.02399600 -0.01432800 0.04566800
v 0.02063800 -0.01983600 0.04437000
v 0.02154400 -0.02179600 0.04350400
v 0.02224300 -0.01953000 0.04400700
v 0.02332500 -0.02168700 0.04282400
v 0.02293300 -0.01813600 0.04460800
v 0.02389200 -0.01862900 0.04344200
v 0.02560500 -0.01732200 0.04238200
v 0.02539900 -0.02766300 0.04025500
v 0.02567500 -0.02033000 0.04172000
v 0.02313900 -0.01689400 0.04547700
v 0.02429500 -0.01630800 0.04410300
v 0.02312600 -0.01506600 0.04741600
v 0.02209500 -0.01588900 0.04871000
v 0.01493900 -0.02341800 0.04338900
v 0.01434800 -0.02802700 0.04281900
v 0.01750600 -0.02365700 0.04372100
v 0.01628000 -0.03162000 0.04256800
v 0.01815500 -0.02974200 0.04285200
v 0.01971300 -0.02289900 0.04376200
v 0.02051800 -0.02611200 0.04306400
v 0.02314400 -0.02816000 0.04148300
v 0.01975800 -0.03313400 0.04158100
v 0.02917400 -0.02445200 0.03806000
v 0.03243600 -0.02110300 0.03560700
v 0.03477700 -0.01699000 0.03261200
v 0.03325600 -0.01745000 0.03521300
v 0.03416200 -0.01858400 0.03389300
v 0.03244400 -0.02746500 0.03438100
v 0.03348000 -0.02353300 0.03394300
v 0.01858800 -0.00660500 0.04891500
v 0.01861000 -0.00875500 0.04856000
v 0.01961400 -0.01040800 0.05171400
v 0.02390600 -0.00660600 0.04983400
v 0.02348600 -0.01139100 0.04914800
v 0.02329700 -0.00772400 0.05598500
v 0.02273100 -0.01367800 0.05059400
v 0.02025900 -0.01459000 0.04989600
v 0.02014700 -0.01336500 0.05158200
v 0.02086000 -0.01521300 0.05055400
v 0.02187200 -0.01511900 0.05068900
v 0.02109700 -0.01589900 0.04932300
v 0.02027400 -0.01078800 0.05591400
v 0.02066500 -0.01224600 0.05600600
v 0.02064600 -0.01424700 0.05178500
v 0.02093500 -0.01369200 0.05397300
v 0.02136600 -0.01446000 0.05242000
v 0.02187200 -0.01427600 0.05262100
v 0.02163000 -0.01337800 0.05502700
v 0.02209200 -0.01294700 0.05521400
v 0.02366700 -0.00535000 0.05431800
v 0.02283800 -0.00455800 0.06091200
v 0.02119900 -0.01264900 0.05652000
v 0.02243300 -0.01048300 0.05857200
v 0.02195300 -0.01200900 0.05759800
v 0.02077200 -0.01055900 0.05991300
v 0.02109800 -0.01108400 0.05933200
v 0.02173700 -0.00960800 0.06168500
v 0.02073700 -0.00930000 0.06212600
v 0.01880800 -0.00157900 0.06697800
v 0.02105700 -0.00367400 0.06797800
v 0.01948900 -0.00604600 0.06527800
v 0.01913000 -0.00477300 0.06760800
v 0.01992800 -0.00651400 0.06616400
v 0.01987200 -0.00702600 0.06471600
v 0.02040300 -0.00815000 0.06396800
v 0.02070000 -0.00810100 0.06431000
v 0.02091000 -0.00624000 0.06681500
v 0.02135600 -0.00793600 0.06433200
v 0.02186600 -0.00757400 0.06367700
v 0.01998000 -0.00584900 0.06706200
v 0.01695600 0.00392500 0.07341200
v 0.01744000 0.00281500 0.07287300
v 0.01813900 0.00034000 0.07236600
v 0.01944600 0.00028300 0.07204300
v 0.01805700 0.00021900 0.07126400
v 0.01830200 0.00144600 0.07317100
v 0.01881100 -0.00116200 0.07164700
v 0.02033000 -0.00103800 0.07018400
v 0.01881000 -0.00310300 0.06845400
v 0.01900600 -0.00329600 0.06977500
v 0.01948900 -0.00506000 0.06804900
v 0.01953900 -0.00396000 0.06952800
v 0.01861200 -0.00260900 0.06973300
v 0.01879600 -0.00216300 0.07067700
v 0.02021200 -0.00482200 0.06874000
v 0.02042000 -0.00347500 0.06960500
v 0.01952800 -0.00287600 0.07060700
v 0.01935000 -0.00195100 0.07102900
v 0.01912900 -0.00078700 0.07190400
v 0.01750200 0.00327400 0.07392700
v 0.01783500 0.00269300 0.07359000
v 0.02136400 -0.00832900 0.06376200
f 1 4 3
f 5 1 8
f 5 4 1
f 8 1 7
f 2 1 3
f 7 90 8
f 90 9 8
f 8 6 5
f 8 9 6
f 10 2 3
f 11 10 3
f 12 88 10
f 13 10 11
f 12 10 13
f 16 15 14
f 20 3 4
f 17 20 4
f 35 9 19
f 3 20 11
f 20 13 11
f 13 20 107
f 22 35 19
f 19 21 110
f 22 19 110
f 23 4 5
f 26 20 17
f 23 17 4
f 25 23 5
f 25 5 24
f 23 26 17
f 20 26 27
f 27 112 20
f 23 28 26
f 29 28 23
f 30 29 23
f 23 25 30
f 25 24 31
f 33 25 31
f 33 30 25
f 32 29 33
f 29 30 33
f 34 26 28
f 27 26 34
f 6 24 5
f 24 6 9
f 35 24 9
f 31 24 35
f 35 22 36
f 116 31 35
f 40 37 41
f 38 37 39
f 39 37 134
f 37 40 42
f 41 43 40
f 43 42 40
f 45 43 44
f 46 37 42
f 47 134 37
f 47 37 46
f 48 28 29
f 49 48 29
f 32 49 29
f 49 32 33
f 50 48 49
f 49 33 51
f 28 48 34
f 129 34 48
f 31 51 33
f 139 31 116
f 51 31 139
f 52 48 50
f 53 50 49
f 54 53 49
f 54 49 51
f 38 48 53
f 53 48 52
f 38 39 48
f 129 48 39
f 54 51 55
f 55 51 140
f 37 38 53
f 54 41 53
f 41 37 53
f 55 41 54
f 55 56 41
f 56 55 140
f 44 43 41
f 44 41 56
f 76 44 56
f 58 76 56
f 56 57 58
f 64 75 70
f 65 63 64
f 66 42 43
f 66 43 67
f 45 67 43
f 66 46 42
f 67 64 66
f 64 67 45
f 64 46 66
f 68 47 46
f 45 75 64
f 63 46 64
f 46 63 68
f 63 65 68
f 68 73 72
f 64 69 65
f 60 65 69
f 60 68 65
f 73 68 60
f 75 45 74
f 76 45 44
f 74 45 76
f 79 74 76
f 58 79 76
f 70 77 71
f 77 70 75
f 75 74 79
f 77 75 79
f 78 77 79
f 80 81 77
f 59 80 77
f 81 80 60
f 61 77 82
f 60 69 81
f 81 71 77
f 82 77 78
f 60 80 59
f 59 77 61
f 62 59 61
f 79 83 1630
f 83 79 58
f 84 83 58
f 84 1630 83
f 87 1 85
f 87 85 86
f 1 2 85
f 2 88 85
f 89 85 88
f 90 7 87
f 87 7 1
f 9 90 91
f 90 87 91
f 91 87 92
f 92 9 91
f 9 92 18
f 18 92 93
f 89 86 85
f 86 89 97
f 86 94 87
f 97 89 95
f 89 102 95
f 102 89 98
f 97 95 102
f 94 86 96
f 94 96 99
f 94 92 87
f 92 94 99
f 88 2 10
f 88 100 89
f 104 102 103
f 18 93 19
f 19 93 101
f 100 98 89
f 103 98 100
f 103 102 98
f 96 101 99
f 99 93 92
f 101 93 99
f 105 100 88
f 100 105 103
f 12 105 88
f 105 12 14
f 103 105 14
f 101 16 19
f 103 15 104
f 15 103 14
f 19 9 18
f 16 21 19
f 12 13 14
f 13 106 14
f 107 20 112
f 108 13 107
f 110 16 109
f 16 14 106
f 21 16 110
f 106 13 108
f 16 106 108
f 107 112 111
f 27 113 112
f 111 112 114
f 114 112 115
f 27 34 113
f 113 115 112
f 22 110 36
f 117 35 36
f 117 36 118
f 118 36 110
f 108 119 16
f 110 109 119
f 114 108 107
f 114 107 111
f 124 118 110
f 124 110 119
f 35 117 116
f 116 117 118
f 120 108 114
f 122 114 115
f 114 122 120
f 121 115 113
f 122 115 121
f 120 128 108
f 119 108 128
f 124 119 123
f 124 123 142
f 126 122 125
f 128 120 122
f 126 128 122
f 113 129 130
f 130 129 131
f 133 132 154
f 39 134 129
f 134 131 129
f 68 134 47
f 136 131 134
f 136 134 135
f 131 132 130
f 137 154 132
f 131 136 132
f 137 132 136
f 129 113 34
f 116 118 139
f 139 118 138
f 130 121 113
f 132 121 130
f 118 142 138
f 138 141 139
f 140 51 139
f 140 139 141
f 142 118 124
f 138 142 141
f 133 122 121
f 125 122 133
f 121 132 133
f 164 143 127
f 142 123 127
f 142 127 143
f 142 144 141
f 141 144 140
f 143 144 142
f 143 145 144
f 154 125 133
f 127 146 164
f 145 143 164
f 148 56 140
f 57 56 148
f 147 148 140
f 140 145 147
f 150 147 145
f 140 144 145
f 145 149 150
f 148 147 150
f 173 150 149
f 151 150 173
f 153 152 154
f 137 155 156
f 154 137 156
f 154 158 153
f 159 157 153
f 156 158 154
f 158 159 153
f 159 209 161
f 158 209 159
f 162 146 127
f 125 163 126
f 125 152 163
f 154 152 125
f 165 163 152
f 153 165 152
f 157 165 153
f 146 162 166
f 146 166 164
f 166 149 145
f 164 166 145
f 157 166 162
f 149 166 173
f 173 166 167
f 167 166 168
f 157 168 166
f 157 171 168
f 157 159 171
f 161 171 159
f 167 168 173
f 174 173 168
f 175 169 172
f 175 170 169
f 174 170 175
f 160 172 169
f 179 176 175
f 179 175 172
f 160 179 172
f 209 177 161
f 161 177 178
f 160 178 179
f 180 134 68
f 72 180 68
f 180 135 134
f 180 72 181
f 183 136 135
f 135 180 183
f 155 137 136
f 155 136 183
f 205 183 180
f 184 205 180
f 180 181 184
f 184 181 185
f 72 182 181
f 186 182 72
f 182 187 181
f 185 181 187
f 182 186 187
f 188 187 186
f 58 57 189
f 189 57 148
f 84 58 189
f 189 148 190
f 190 148 151
f 151 148 150
f 191 151 173
f 190 151 191
f 190 192 189
f 191 193 190
f 190 193 194
f 84 189 192
f 195 84 192
f 192 190 194
f 192 197 195
f 197 192 196
f 192 224 196
f 198 200 1658
f 202 200 199
f 198 199 200
f 202 199 203
f 155 183 156
f 156 183 204
f 204 158 156
f 185 205 184
f 183 205 204
f 207 206 205
f 209 158 272
f 208 158 204
f 208 272 158
f 204 205 206
f 207 204 206
f 208 204 210
f 207 210 204
f 185 211 205
f 187 211 185
f 211 187 212
f 212 187 188
f 205 211 207
f 213 207 212
f 207 211 212
f 213 212 215
f 212 188 214
f 214 215 212
f 213 277 207
f 191 173 216
f 174 216 173
f 174 175 176
f 174 176 216
f 216 176 217
f 218 193 191
f 217 218 191
f 217 191 216
f 179 220 176
f 220 280 176
f 219 176 280
f 217 176 221
f 176 219 221
f 221 222 217
f 219 222 221
f 224 192 194
f 194 193 224
f 224 193 218
f 225 226 199
f 223 217 234
f 203 228 227
f 201 214 188
f 201 227 214
f 199 228 203
f 228 199 226
f 227 201 202
f 227 202 203
f 229 215 214
f 229 214 227
f 229 227 230
f 228 231 227
f 230 227 231
f 228 226 231
f 231 226 232
f 232 230 231
f 232 226 233
f 230 232 233
f 217 222 236
f 236 234 217
f 230 215 229
f 233 226 237
f 237 230 233
f 230 238 215
f 238 230 237
f 237 226 235
f 225 235 226
f 238 237 239
f 239 237 235
f 236 297 234
f 246 241 240
f 246 243 241
f 259 242 244
f 245 241 243
f 252 242 259
f 243 246 248
f 246 247 248
f 246 240 250
f 251 246 250
f 250 240 241
f 252 249 242
f 253 250 254
f 253 251 250
f 249 256 255
f 246 251 257
f 257 251 253
f 256 249 252
f 256 252 258
f 247 246 257
f 259 244 261
f 252 261 258
f 261 252 259
f 260 262 247
f 248 263 243
f 262 248 247
f 266 261 244
f 248 270 263
f 262 313 248
f 244 264 266
f 248 265 270
f 268 267 266
f 266 264 269
f 269 268 266
f 272 208 273
f 315 208 274
f 207 275 210
f 277 275 207
f 210 275 276
f 277 276 275
f 277 213 215
f 276 208 210
f 274 208 276
f 278 274 276
f 279 220 179
f 179 178 279
f 288 177 209
f 288 178 177
f 178 288 281
f 282 279 178
f 279 280 220
f 284 222 219
f 285 219 280
f 284 219 285
f 285 280 283
f 283 280 286
f 288 272 289
f 209 272 288
f 279 282 290
f 290 286 279
f 280 279 286
f 254 281 288
f 288 291 254
f 289 291 288
f 273 289 272
f 290 282 292
f 286 290 287
f 293 287 290
f 287 283 286
f 295 287 294
f 239 235 298
f 298 296 239
f 284 236 222
f 284 299 236
f 300 299 284
f 301 285 283
f 284 285 301
f 301 300 284
f 283 287 301
f 299 297 236
f 302 299 300
f 302 297 299
f 303 277 215
f 238 303 215
f 304 276 277
f 305 304 277
f 305 277 303
f 301 287 306
f 287 295 307
f 287 307 306
f 301 306 300
f 300 306 308
f 278 276 304
f 291 289 257
f 273 311 289
f 311 257 289
f 311 247 257
f 255 292 282
f 291 253 254
f 253 291 257
f 256 293 292
f 256 292 255
f 292 293 290
f 256 258 309
f 311 260 247
f 208 315 273
f 273 310 311
f 310 273 315
f 309 258 261
f 293 256 309
f 287 293 294
f 294 293 312
f 309 312 293
f 311 262 260
f 313 262 311
f 266 309 261
f 267 312 309
f 309 266 267
f 314 312 267
f 267 271 314
f 268 271 267
f 274 278 315
f 304 316 315
f 278 304 315
f 316 310 315
f 318 304 317
f 304 318 316
f 322 319 323
f 323 319 324
f 321 319 325
f 325 319 322
f 327 326 322
f 328 319 321
f 328 329 319
f 324 329 330
f 324 319 329
f 326 332 320
f 329 328 331
f 332 328 320
f 331 328 332
f 333 326 327
f 336 329 331
f 335 329 337
f 337 329 336
f 333 332 326
f 334 331 332
f 334 332 338
f 338 332 333
f 327 340 333
f 338 333 339
f 341 331 334
f 341 336 331
f 341 334 338
f 338 339 341
f 339 342 341
f 342 336 341
f 336 342 343
f 323 327 322
f 327 323 344
f 345 344 330
f 330 390 345
f 330 323 324
f 323 330 344
f 346 327 344
f 348 347 346
f 347 327 346
f 329 390 330
f 329 335 390
f 347 348 349
f 344 345 351
f 351 346 344
f 346 351 350
f 348 346 350
f 352 351 345
f 389 351 352
f 350 351 353
f 345 389 352
f 348 350 353
f 353 349 348
f 327 347 340
f 340 347 392
f 347 354 392
f 307 308 306
f 307 355 308
f 356 295 294
f 294 312 356
f 357 356 312
f 358 356 357
f 314 359 357
f 357 312 314
f 357 359 360
f 357 360 579
f 356 307 295
f 355 307 356
f 355 356 361
f 355 361 362
f 361 356 363
f 358 363 356
f 363 358 357
f 308 355 365
f 364 308 365
f 365 355 362
f 362 361 363
f 362 363 366
f 365 362 366
f 364 365 366
f 368 357 367
f 357 579 367
f 363 357 368
f 368 366 363
f 368 371 366
f 369 366 371
f 367 371 368
f 373 270 265
f 373 375 270
f 269 271 268
f 269 374 271
f 373 265 376
f 376 377 375
f 375 373 376
f 378 377 376
f 265 248 313
f 379 265 313
f 379 313 380
f 378 376 265
f 379 378 265
f 380 313 311
f 381 380 311
f 382 379 380
f 382 383 379
f 381 382 380
f 310 381 311
f 316 381 310
f 316 318 384
f 1724 384 318
f 384 381 316
f 384 386 381
f 385 386 384
f 384 387 385
f 384 1724 387
f 588 383 382
f 382 381 588
f 381 386 588
f 387 386 385
f 393 337 336
f 343 393 336
f 388 389 345
f 390 388 345
f 335 406 390
f 342 339 343
f 391 343 339
f 349 354 347
f 391 393 343
f 393 394 337
f 396 392 354
f 391 394 393
f 397 392 396
f 398 337 394
f 391 398 394
f 354 349 399
f 399 349 353
f 399 353 408
f 395 406 335
f 337 398 335
f 395 335 400
f 398 400 335
f 401 398 391
f 402 397 396
f 401 391 403
f 405 400 398
f 401 405 398
f 404 396 354
f 354 399 404
f 406 395 400
f 407 406 400
f 399 408 404
f 407 621 406
f 410 271 374
f 410 314 271
f 377 410 375
f 314 410 411
f 413 410 377
f 413 412 410
f 414 418 413
f 414 413 377
f 420 418 419
f 414 377 419
f 421 419 377
f 378 421 377
f 421 378 422
f 379 422 378
f 419 418 414
f 423 413 418
f 412 413 423
f 419 421 420
f 420 421 422
f 424 425 422
f 422 379 424
f 383 424 379
f 424 426 425
f 426 424 383
f 425 427 422
f 428 427 425
f 473 420 422
f 422 427 473
f 418 429 423
f 420 429 418
f 429 420 430
f 431 537 423
f 415 412 423
f 432 415 423
f 432 416 411
f 416 432 433
f 430 423 429
f 537 432 423
f 438 435 436
f 434 435 438
f 434 440 436
f 441 434 439
f 435 434 436
f 440 442 437
f 441 440 434
f 441 442 440
f 443 437 442
f 443 442 444
f 445 442 441
f 444 442 445
f 441 439 449
f 445 446 444
f 446 445 448
f 449 445 441
f 445 449 447
f 447 448 445
f 448 447 450
f 449 532 447
f 447 532 450
f 451 452 437
f 451 453 452
f 454 434 438
f 454 439 434
f 453 455 452
f 454 438 455
f 437 443 451
f 443 444 451
f 456 453 451
f 444 456 451
f 444 446 456
f 460 439 454
f 454 455 459
f 458 455 453
f 459 457 454
f 459 458 453
f 460 454 457
f 459 460 457
f 461 463 460
f 460 459 461
f 462 453 456
f 459 453 462
f 456 464 462
f 433 417 416
f 466 417 433
f 463 461 432
f 433 432 461
f 433 461 467
f 461 462 467
f 468 433 467
f 469 433 468
f 433 469 470
f 450 446 448
f 456 446 450
f 471 470 469
f 428 425 472
f 427 428 473
f 472 473 428
f 425 426 472
f 426 474 472
f 474 475 472
f 478 420 473
f 473 476 478
f 420 540 430
f 478 540 420
f 476 473 477
f 540 479 430
f 423 430 479
f 479 431 423
f 477 478 476
f 477 472 480
f 481 480 472
f 478 482 540
f 482 478 477
f 483 482 477
f 472 477 473
f 475 481 472
f 485 481 475
f 474 485 475
f 481 485 484
f 486 487 488
f 489 491 486
f 492 486 491
f 491 489 492
f 486 492 493
f 493 487 486
f 489 486 494
f 495 496 490
f 498 494 488
f 488 497 498
f 486 488 494
f 496 495 498
f 498 502 496
f 496 500 490
f 500 496 499
f 501 492 489
f 502 499 496
f 504 482 483
f 483 477 480
f 480 504 483
f 505 480 481
f 504 480 505
f 516 505 481
f 504 505 507
f 506 504 507
f 509 485 474
f 508 512 474
f 512 509 474
f 509 512 510
f 515 510 512
f 510 515 514
f 484 516 481
f 511 517 516
f 485 516 484
f 485 509 516
f 509 511 516
f 511 509 510
f 488 487 518
f 520 518 487
f 510 517 511
f 513 488 518
f 488 521 497
f 498 497 521
f 521 523 498
f 521 488 513
f 523 521 513
f 524 502 522
f 502 498 522
f 527 526 503
f 528 503 526
f 516 517 519
f 507 505 516
f 529 507 516
f 529 517 530
f 529 530 507
f 516 519 529
f 517 529 519
f 449 531 532
f 534 450 532
f 547 450 534
f 534 532 533
f 479 535 536
f 538 479 536
f 431 479 537
f 432 537 463
f 538 439 460
f 460 463 538
f 537 538 463
f 537 479 538
f 539 449 439
f 538 539 439
f 539 538 536
f 449 539 531
f 482 561 540
f 540 535 479
f 542 535 541
f 542 536 535
f 543 539 544
f 539 543 531
f 545 535 540
f 545 540 561
f 544 542 541
f 536 542 539
f 542 544 539
f 465 462 546
f 468 465 469
f 548 547 534
f 464 456 549
f 450 549 456
f 549 450 547
f 549 547 550
f 543 532 531
f 543 533 532
f 543 551 533
f 534 533 551
f 548 534 551
f 547 548 552
f 552 548 554
f 550 547 552
f 469 553 557
f 548 555 554
f 555 548 551
f 557 553 556
f 559 555 614
f 556 553 558
f 462 550 546
f 469 465 546
f 550 469 546
f 471 469 557
f 608 471 557
f 553 469 550
f 560 561 482
f 504 560 482
f 562 561 560
f 535 545 563
f 535 563 541
f 545 561 563
f 541 563 564
f 565 544 541
f 566 564 563
f 561 562 563
f 567 566 563
f 504 506 569
f 560 504 562
f 569 568 504
f 568 562 504
f 507 569 506
f 507 570 569
f 507 530 570
f 570 568 569
f 570 571 568
f 571 567 562
f 568 571 562
f 567 563 562
f 572 566 567
f 570 573 571
f 572 567 571
f 571 692 572
f 570 530 575
f 541 564 565
f 564 566 565
f 543 544 565
f 565 551 543
f 555 551 565
f 555 565 576
f 577 555 576
f 576 565 566
f 572 576 566
f 576 572 577
f 614 555 577
f 411 416 314
f 314 416 359
f 360 359 416
f 579 360 416
f 466 416 417
f 579 416 466
f 580 579 466
f 580 581 579
f 433 470 466
f 580 466 470
f 580 470 471
f 582 471 608
f 581 580 583
f 583 580 471
f 581 367 579
f 367 581 371
f 371 581 372
f 581 583 584
f 585 581 584
f 585 372 581
f 586 584 583
f 587 508 383
f 383 508 426
f 508 474 426
f 588 587 383
f 587 589 508
f 589 515 508
f 508 515 512
f 503 502 524
f 503 524 514
f 590 503 514
f 590 527 503
f 515 589 590
f 590 526 527
f 589 591 590
f 589 587 592
f 593 592 587
f 387 588 386
f 588 387 594
f 588 594 596
f 597 587 588
f 597 588 596
f 593 587 597
f 594 595 596
f 597 596 595
f 396 598 402
f 600 401 403
f 600 403 599
f 405 401 600
f 405 600 400
f 599 601 600
f 603 600 601
f 598 396 599
f 396 602 599
f 396 404 602
f 605 602 404
f 404 408 630
f 630 605 404
f 408 606 630
f 556 558 557
f 608 557 607
f 608 607 609
f 557 558 607
f 607 558 610
f 610 609 607
f 609 654 612
f 613 654 609
f 558 559 614
f 614 577 578
f 578 615 614
f 615 616 614
f 617 558 614
f 558 617 619
f 611 558 619
f 618 558 611
f 617 614 616
f 623 621 400
f 603 400 600
f 400 603 623
f 621 407 400
f 622 603 601
f 604 624 622
f 623 603 622
f 623 628 625
f 622 626 623
f 623 626 628
f 604 602 605
f 605 624 604
f 624 627 622
f 625 621 623
f 629 621 625
f 605 630 632
f 406 621 409
f 632 630 631
f 624 605 632
f 621 633 409
f 629 637 621
f 621 637 633
f 636 635 638
f 634 635 636
f 639 638 620
f 639 636 638
f 639 620 720
f 640 639 720
f 1173 634 636
f 636 639 1173
f 639 640 1173
f 642 626 622
f 641 622 627
f 642 628 626
f 645 641 627
f 628 629 625
f 643 628 642
f 643 629 628
f 642 644 643
f 644 647 643
f 648 646 645
f 651 627 624
f 651 624 632
f 645 627 650
f 627 651 650
f 649 651 632
f 648 645 652
f 652 645 650
f 650 651 652
f 649 653 651
f 609 610 613
f 613 648 652
f 652 651 653
f 658 654 652
f 654 613 652
f 632 631 649
f 655 653 649
f 656 649 631
f 649 656 655
f 657 652 653
f 657 658 652
f 655 656 653
f 659 653 656
f 657 659 658
f 659 657 653
f 620 611 619
f 646 648 647
f 611 660 618
f 660 643 647
f 660 661 643
f 643 661 629
f 661 660 662
f 660 620 662
f 662 635 661
f 637 629 661
f 620 660 611
f 662 638 635
f 620 638 662
f 608 583 582
f 663 583 608
f 471 582 583
f 664 666 663
f 664 665 666
f 586 583 663
f 584 586 666
f 584 666 667
f 666 586 663
f 668 667 666
f 668 666 665
f 663 608 612
f 612 608 609
f 669 664 612
f 669 612 654
f 612 664 663
f 664 670 665
f 654 658 669
f 670 664 669
f 658 670 669
f 670 658 671
f 672 671 658
f 673 671 672
f 668 665 670
f 671 676 670
f 668 670 676
f 676 671 673
f 673 674 676
f 675 674 673
f 676 674 675
f 676 675 677
f 679 492 678
f 492 679 493
f 492 501 678
f 678 500 681
f 499 681 500
f 679 678 681
f 681 502 680
f 679 681 680
f 681 499 502
f 520 487 493
f 680 682 679
f 682 493 679
f 493 684 520
f 685 682 680
f 685 680 686
f 684 682 685
f 682 684 493
f 680 502 528
f 528 686 680
f 502 503 528
f 520 683 517
f 530 517 683
f 683 684 575
f 686 575 684
f 690 575 686
f 688 690 686
f 687 688 686
f 526 686 528
f 687 686 525
f 688 687 525
f 591 688 525
f 573 570 575
f 573 692 571
f 574 577 572
f 577 574 689
f 530 683 575
f 690 573 575
f 692 573 690
f 693 691 690
f 692 690 691
f 693 690 688
f 694 697 574
f 591 693 688
f 696 695 591
f 689 574 697
f 697 694 698
f 695 698 694
f 578 577 699
f 577 689 699
f 699 689 697
f 695 701 698
f 719 699 697
f 702 719 697
f 697 698 702
f 698 701 702
f 704 702 701
f 705 702 704
f 696 591 589
f 592 696 589
f 592 593 696
f 597 707 593
f 706 707 597
f 597 595 708
f 708 706 597
f 696 593 700
f 696 700 695
f 700 593 707
f 709 700 707
f 700 704 695
f 700 710 704
f 709 710 700
f 709 711 714
f 712 713 706
f 706 709 707
f 706 711 709
f 711 706 713
f 713 714 711
f 755 714 713
f 709 714 710
f 715 710 714
f 714 754 715
f 1825 755 713
f 616 619 617
f 616 716 619
f 716 616 615
f 615 699 717
f 717 699 718
f 699 615 578
f 702 703 719
f 719 718 699
f 716 620 619
f 620 716 720
f 720 716 717
f 716 615 717
f 721 722 720
f 721 720 724
f 721 640 722
f 720 722 640
f 717 724 720
f 724 717 725
f 718 726 717
f 717 726 725
f 725 723 724
f 727 721 724
f 727 728 721
f 724 723 727
f 727 723 729
f 702 731 703
f 731 719 703
f 730 719 731
f 718 719 730
f 705 731 702
f 742 731 705
f 725 726 723
f 732 723 726
f 718 730 726
f 732 726 730
f 733 734 723
f 723 732 733
f 733 732 735
f 733 735 734
f 729 723 736
f 737 736 723
f 723 734 737
f 739 737 734
f 737 740 741
f 731 732 730
f 735 732 731
f 739 735 731
f 739 731 742
f 743 744 742
f 734 735 739
f 744 739 742
f 739 740 737
f 749 740 739
f 739 744 750
f 744 745 747
f 710 751 704
f 752 751 710
f 754 752 710
f 715 754 710
f 751 742 705
f 742 751 743
f 753 752 754
f 714 755 754
f 755 757 754
f 756 757 755
f 756 775 757
f 775 754 757
f 751 752 743
f 767 758 743
f 763 760 762
f 765 763 762
f 743 752 753
f 766 743 753
f 766 767 743
f 769 764 759
f 769 759 768
f 768 770 769
f 743 758 744
f 744 758 761
f 745 744 761
f 771 762 760
f 748 762 771
f 766 772 767
f 768 773 774
f 770 768 774
f 770 774 821
f 819 770 821
f 775 753 754
f 775 766 753
f 775 772 766
f 775 773 772
f 773 775 780
f 821 774 776
f 773 776 774
f 777 776 773
f 777 778 776
f 779 775 756
f 780 775 779
f 777 773 781
f 746 748 771
f 739 750 783
f 749 741 740
f 783 749 739
f 749 783 741
f 741 783 784
f 785 784 786
f 744 747 750
f 786 750 748
f 786 784 750
f 786 748 746
f 787 785 786
f 787 791 785
f 792 788 785
f 791 792 785
f 789 794 790
f 797 794 795
f 795 794 796
f 792 791 798
f 800 795 801
f 795 802 793
f 803 793 792
f 805 793 803
f 804 793 805
f 804 795 793
f 804 801 795
f 792 798 803
f 799 803 798
f 805 803 799
f 765 807 806
f 808 806 809
f 809 806 807
f 812 811 808
f 809 812 808
f 812 809 807
f 813 810 818
f 812 807 814
f 812 815 811
f 814 810 813
f 816 815 812
f 812 814 816
f 813 817 814
f 806 808 763
f 760 763 771
f 811 771 808
f 808 771 763
f 811 746 771
f 786 746 811
f 765 806 763
f 764 769 810
f 818 810 769
f 770 818 769
f 818 770 819
f 820 821 776
f 820 829 821
f 823 820 776
f 823 822 820
f 778 823 776
f 821 829 819
f 824 829 820
f 820 825 824
f 828 813 818
f 826 828 818
f 818 819 826
f 826 819 827
f 786 811 787
f 827 828 826
f 827 819 829
f 790 829 824
f 824 825 790
f 829 790 827
f 830 816 814
f 831 815 816
f 830 831 816
f 791 811 831
f 787 811 791
f 815 831 811
f 817 813 834
f 813 832 834
f 813 833 832
f 835 831 830
f 836 834 832
f 835 840 831
f 837 832 833
f 838 832 837
f 841 842 840
f 839 841 840
f 843 841 839
f 841 844 842
f 845 841 843
f 843 846 845
f 841 847 844
f 844 791 831
f 840 842 831
f 842 844 831
f 839 840 835
f 834 836 839
f 843 836 832
f 836 843 839
f 843 832 848
f 838 848 832
f 848 838 849
f 846 843 848
f 852 841 845
f 853 846 848
f 828 833 813
f 855 833 828
f 827 855 828
f 854 855 827
f 854 827 790
f 837 833 855
f 855 838 837
f 797 854 790
f 794 797 790
f 797 795 800
f 850 797 800
f 856 800 865
f 800 857 865
f 849 838 855
f 849 855 854
f 856 850 800
f 804 805 801
f 801 805 800
f 847 858 844
f 858 791 844
f 858 859 860
f 860 861 858
f 867 862 791
f 858 867 791
f 848 849 864
f 864 865 866
f 867 858 861
f 861 860 867
f 867 860 868
f 868 860 881
f 869 870 863
f 869 866 870
f 869 863 867
f 868 869 867
f 866 869 868
f 851 847 841
f 847 859 858
f 845 872 852
f 871 847 851
f 859 847 871
f 873 872 874
f 875 879 872
f 873 875 872
f 845 846 853
f 845 874 872
f 874 845 853
f 874 853 877
f 874 877 873
f 860 859 871
f 871 878 860
f 875 876 879
f 876 875 873
f 880 860 878
f 860 880 881
f 876 873 882
f 876 882 879
f 882 873 877
f 877 853 864
f 864 853 848
f 877 883 882
f 866 877 864
f 877 866 883
f 866 868 883
f 881 883 868
f 791 862 798
f 862 867 863
f 863 884 862
f 862 884 798
f 885 884 863
f 887 798 884
f 887 799 798
f 887 805 799
f 800 805 887
f 857 887 886
f 857 800 887
f 886 887 884
f 886 884 885
f 885 857 886
f 856 865 864
f 866 865 857
f 885 866 857
f 885 870 866
f 885 863 870
f 467 462 468
f 462 465 468
f 351 389 888
f 889 389 388
f 888 389 890
f 390 889 388
f 389 889 890
f 892 889 390
f 890 889 892
f 353 351 888
f 353 888 891
f 891 888 890
f 891 890 894
f 353 891 893
f 894 890 892
f 893 891 894
f 892 896 894
f 895 892 390
f 900 896 892
f 893 894 903
f 894 897 903
f 894 896 897
f 898 895 390
f 895 899 892
f 899 900 892
f 899 901 900
f 408 353 893
f 408 893 902
f 893 903 902
f 910 902 903
f 606 902 904
f 910 904 902
f 906 896 900
f 906 900 905
f 897 896 906
f 903 897 906
f 905 900 901
f 910 903 906
f 895 901 899
f 390 406 409
f 390 409 898
f 409 907 908
f 908 895 898
f 895 911 901
f 909 905 901
f 906 905 909
f 901 911 909
f 908 898 409
f 912 911 895
f 910 906 909
f 908 912 895
f 909 911 913
f 914 909 913
f 633 908 907
f 915 908 633
f 1178 911 912
f 908 915 918
f 917 919 920
f 916 912 908
f 918 916 908
f 1178 912 921
f 912 916 922
f 922 921 912
f 922 917 920
f 922 920 923
f 923 924 922
f 924 921 922
f 924 923 925
f 926 925 923
f 928 929 930
f 933 931 934
f 934 931 935
f 933 930 931
f 931 930 929
f 931 929 932
f 929 937 936
f 936 937 942
f 932 938 939
f 940 941 938
f 929 936 932
f 932 936 938
f 940 938 936
f 940 936 942
f 942 951 940
f 943 945 942
f 945 944 942
f 942 944 951
f 1059 945 943
f 947 946 945
f 948 945 1059
f 947 945 948
f 945 946 944
f 940 951 949
f 949 950 940
f 953 952 954
f 957 953 958
f 952 947 954
f 955 953 954
f 955 956 953
f 953 956 958
f 958 956 1308
f 959 960 951
f 960 959 957
f 960 957 961
f 946 952 959
f 953 959 952
f 957 959 953
f 947 952 946
f 946 959 944
f 959 951 944
f 949 951 960
f 962 960 961
f 958 963 957
f 963 964 965
f 965 957 963
f 966 957 965
f 966 961 957
f 961 966 967
f 965 968 966
f 968 965 969
f 969 966 968
f 969 967 966
f 971 923 920
f 970 971 920
f 970 972 971
f 973 727 729
f 974 728 727
f 974 727 975
f 974 970 728
f 970 974 972
f 975 972 974
f 976 977 987
f 978 979 976
f 979 980 976
f 976 981 982
f 981 926 923
f 923 971 981
f 934 926 984
f 984 926 981
f 926 985 983
f 926 934 985
f 972 981 971
f 981 972 982
f 987 927 986
f 927 987 988
f 984 981 976
f 984 987 986
f 933 934 984
f 927 984 986
f 927 933 984
f 989 972 975
f 982 978 976
f 978 982 972
f 989 978 972
f 976 987 984
f 975 727 973
f 973 990 975
f 973 991 990
f 990 989 975
f 989 990 992
f 990 991 992
f 994 993 992
f 979 978 996
f 979 996 998
f 1000 978 989
f 996 978 1000
f 989 992 1000
f 998 996 1000
f 992 998 1000
f 998 992 1001
f 998 1001 999
f 992 993 1002
f 992 1002 1001
f 1004 1002 1003
f 994 1002 993
f 1003 1002 994
f 1003 994 1004
f 1006 994 995
f 994 1006 1004
f 1006 1005 1004
f 1001 1002 999
f 1002 1005 1007
f 1005 1118 1007
f 1004 1005 1002
f 1118 1005 1447
f 1010 1008 1011
f 1012 1008 1010
f 1010 1013 1014
f 1013 1010 1015
f 1016 1008 1017
f 1017 1008 1012
f 1014 1012 1010
f 1017 1012 1020
f 1017 1020 1065
f 1018 1012 1014
f 1018 1020 1012
f 1013 1018 1014
f 1019 1020 1018
f 1019 1065 1020
f 1066 1065 1019
f 1021 1066 1019
f 1015 1018 1013
f 1018 1015 1022
f 1015 1031 1023
f 1022 1019 1018
f 1022 1021 1019
f 1022 1015 1023
f 1026 1022 1023
f 1026 1025 1022
f 1027 1021 1022
f 1027 1028 1021
f 1026 1024 1025
f 1024 1026 1124
f 1100 1027 1024
f 1029 1123 1024
f 1031 1015 1030
f 1032 1033 1031
f 1023 1031 1033
f 1034 1023 1033
f 1034 1026 1023
f 1026 1034 1126
f 1026 1126 1124
f 1033 1032 1034
f 1126 1034 1035
f 1037 1038 1036
f 988 987 1039
f 988 1039 1037
f 977 1039 987
f 1037 1039 1042
f 1042 1040 1037
f 1037 1040 1041
f 1040 1042 1041
f 1042 1008 1009
f 1042 1009 1041
f 1037 1041 1038
f 1043 1045 1041
f 1046 1057 1044
f 1043 1041 1009
f 1048 1043 1009
f 1048 1009 1047
f 1043 1048 1045
f 1052 1045 1048
f 1044 1049 1050
f 1052 1048 1051
f 1050 1049 1053
f 1055 1053 1049
f 1039 1011 1042
f 980 1011 1039
f 1056 1010 980
f 977 976 1039
f 976 980 1039
f 980 997 1056
f 1008 1042 1011
f 1011 980 1010
f 1056 1015 1010
f 988 1037 937
f 928 988 929
f 988 937 929
f 1036 942 937
f 1037 1036 937
f 1057 943 942
f 1036 1038 942
f 942 1038 1057
f 1057 1038 1044
f 1058 1057 1046
f 943 1057 1058
f 1058 1059 943
f 1038 1041 1045
f 947 948 1053
f 1053 948 1059
f 1050 1046 1044
f 1046 1050 1059
f 1058 1046 1059
f 1059 1050 1053
f 954 947 1062
f 1068 1062 1061
f 1060 1061 1062
f 954 1062 955
f 1009 1008 1016
f 1047 1016 1017
f 1063 1047 1017
f 1009 1016 1047
f 1064 1047 1063
f 1063 1017 1065
f 1060 1062 1067
f 1061 1069 1068
f 1069 1070 1068
f 1070 1079 1068
f 1064 1063 1065
f 1496 1071 1072
f 1053 1054 947
f 947 1054 1071
f 1073 1071 1055
f 1052 1051 1074
f 1071 1075 1072
f 1071 1073 1075
f 1053 1055 1054
f 1071 1054 1055
f 1055 1049 1073
f 1062 947 1071
f 1496 1062 1071
f 1062 1496 1067
f 1048 1047 1064
f 1051 1048 1064
f 1073 1074 1051
f 1076 955 1062
f 1062 1068 1076
f 1076 1077 955
f 1077 1076 1330
f 955 1077 956
f 1068 1078 1076
f 1078 1068 1079
f 1085 1080 1076
f 1078 1085 1076
f 1079 1082 1083
f 1084 1086 1082
f 1085 1087 1080
f 1087 1085 1086
f 1083 1086 1085
f 1089 1086 1088
f 1089 1081 1086
f 1078 1079 1085
f 1083 1085 1079
f 1090 1084 1082
f 1080 1330 1076
f 1091 1331 1081
f 1092 1534 1518
f 1092 1093 1094
f 1094 1095 1092
f 1092 1095 1534
f 1081 1089 1091
f 1088 1096 1089
f 1091 1089 1096
f 1097 1091 1096
f 1098 1096 1088
f 1096 1098 1099
f 1123 1100 1024
f 1097 1096 1105
f 1103 1105 1096
f 1099 1104 1096
f 1104 1103 1096
f 1105 1106 1097
f 1104 1107 1103
f 1103 1107 1105
f 1105 1107 1152
f 1152 1107 1108
f 1545 1107 1104
f 997 1015 1056
f 1109 1030 997
f 979 997 980
f 998 997 979
f 998 1109 997
f 999 1109 998
f 999 1002 1109
f 1015 997 1030
f 1031 1030 1109
f 1031 1110 1111
f 1032 1031 1111
f 1111 1110 1112
f 1111 1112 1114
f 1109 1110 1031
f 1002 1007 1109
f 1113 1112 1110
f 1114 1112 1113
f 1116 1115 1114
f 1114 1113 1116
f 1109 1007 1110
f 1007 1117 1110
f 1118 1117 1007
f 1113 1120 1116
f 1110 1117 1113
f 1121 1113 1117
f 1121 1120 1113
f 1120 1121 1122
f 1123 1029 1125
f 1034 1032 1111
f 1034 1111 1035
f 1114 1035 1111
f 1129 1035 1114
f 1126 1035 1127
f 1126 1127 1124
f 1127 1035 1130
f 1137 1127 1130
f 1132 1130 1035
f 1035 1129 1132
f 1133 1125 1131
f 1135 1138 1140
f 1141 1130 1132
f 1145 1141 1132
f 1141 1137 1130
f 1135 1137 1141
f 1135 1142 1138
f 1141 1142 1135
f 1143 1141 1145
f 1132 1144 1145
f 1141 1143 1142
f 1143 1158 1142
f 1128 1123 1125
f 1148 1149 1147
f 1147 1150 1151
f 1150 1147 1149
f 1153 1108 1107
f 1154 1152 1108
f 1154 1151 1152
f 1108 1147 1154
f 1151 1154 1147
f 1338 1152 1151
f 1149 1155 1150
f 1149 1148 1568
f 1139 1149 1568
f 1139 1155 1149
f 1138 1155 1139
f 1155 1151 1150
f 1156 1151 1155
f 1138 1142 1155
f 1142 1156 1155
f 1158 1156 1142
f 1157 1338 1151
f 1157 1151 1156
f 1114 1115 1129
f 1115 1144 1132
f 1132 1129 1115
f 1158 1143 1145
f 1145 1159 1158
f 1156 1158 1160
f 1144 1115 1119
f 1116 1119 1115
f 1120 1119 1116
f 1144 1159 1145
f 1158 1159 1162
f 1120 1144 1119
f 1159 1144 1161
f 1159 1161 1162
f 1161 1144 1120
f 1162 1120 1163
f 1163 1120 1122
f 1120 1162 1161
f 1164 1162 1163
f 1158 1162 1160
f 1157 1156 1166
f 1160 1166 1156
f 1165 1166 1160
f 1165 1167 1166
f 1166 1167 1168
f 1162 1165 1160
f 1165 1276 1167
f 1168 1167 1276
f 1164 1165 1162
f 1164 1276 1165
f 606 408 902
f 630 606 904
f 630 904 1169
f 1169 904 1170
f 1172 1170 904
f 630 1169 631
f 631 1169 656
f 656 1169 1170
f 1170 1171 656
f 1172 904 910
f 910 909 914
f 910 914 1172
f 633 907 409
f 640 1174 1173
f 1247 1174 640
f 919 634 1173
f 1174 919 1173
f 634 919 917
f 1175 1171 1170
f 1172 914 913
f 1178 1176 911
f 1176 913 911
f 1172 913 1177
f 1177 913 1176
f 1177 1176 1178
f 1177 1178 1179
f 1178 921 925
f 1178 1189 1179
f 1170 1172 1175
f 1185 1175 1180
f 1175 1172 1177
f 1181 1175 1177
f 1181 1177 1179
f 1175 1181 1180
f 659 1183 658
f 656 1182 1184
f 1182 656 1171
f 1184 1171 1185
f 1184 1182 1171
f 659 656 1184
f 1184 1185 659
f 1171 1175 1185
f 659 1185 1186
f 1180 1186 1185
f 1186 1183 659
f 925 1189 1178
f 1189 925 983
f 925 926 983
f 1189 983 1190
f 1187 1190 985
f 1187 985 935
f 1190 983 985
f 935 985 934
f 1187 935 1188
f 1181 1179 1191
f 1179 1189 1191
f 1186 1180 1181
f 1191 1202 1181
f 1191 1192 1202
f 1191 1189 1193
f 1187 1193 1190
f 1193 1192 1191
f 1187 1188 1194
f 1193 1187 1194
f 1193 1195 1192
f 1190 1193 1189
f 1198 1196 1197
f 935 931 1196
f 1197 931 932
f 1196 931 1197
f 1188 935 1198
f 1198 935 1196
f 1198 1199 1188
f 1199 1194 1188
f 1200 1198 1197
f 1200 1210 1199
f 1200 1199 1198
f 1186 1181 1202
f 1195 1186 1202
f 1195 1202 1192
f 1206 1195 1203
f 1183 1186 1204
f 1205 1195 1206
f 1186 1195 1205
f 1204 1186 1205
f 1205 1207 1204
f 1207 1205 1206
f 1193 1194 1203
f 1195 1193 1203
f 1199 1208 1194
f 1208 1199 1209
f 1194 1208 1203
f 1209 1199 1210
f 1210 1200 1201
f 1211 1209 1210
f 1212 1203 1208
f 1203 1212 1206
f 1209 1212 1208
f 1213 1209 1211
f 1209 1214 1212
f 658 1183 672
f 673 672 1183
f 1183 1204 673
f 1216 673 1204
f 1216 1204 1207
f 1215 673 1216
f 675 673 1215
f 1215 1217 675
f 1217 1215 1216
f 1217 1219 1218
f 1217 1216 1220
f 1219 1217 1220
f 1216 1207 1220
f 1221 1207 1206
f 1221 1222 1207
f 1220 1207 1222
f 1223 1220 1222
f 1212 1221 1206
f 1222 1221 1212
f 1209 1213 1214
f 1214 1222 1212
f 1219 1222 1214
f 1224 1219 1214
f 1219 1223 1222
f 1219 1220 1223
f 1225 1219 1224
f 1226 1225 1224
f 939 941 1197
f 938 941 939
f 939 1197 932
f 1197 941 1200
f 1229 941 940
f 1229 1227 1200
f 1200 941 1229
f 1228 1200 1227
f 1227 1229 1228
f 950 1229 940
f 950 949 960
f 960 1229 950
f 1230 1200 1228
f 1201 1200 1230
f 1210 1201 1230
f 1230 1228 1231
f 1228 1232 1231
f 1211 1210 1231
f 1213 1211 1231
f 1230 1231 1210
f 1228 1229 1233
f 1233 1232 1228
f 1234 1233 1235
f 1236 1232 1233
f 1236 1233 1234
f 962 967 960
f 1229 960 967
f 1229 967 1233
f 1237 1233 967
f 961 967 962
f 967 1239 1237
f 967 969 1239
f 1238 1239 969
f 1238 1240 1239
f 1238 1241 1240
f 1243 1239 1240
f 1242 1237 1239
f 1242 1239 1243
f 1243 1240 1241
f 1243 1241 1324
f 1233 1237 1242
f 1235 1233 1242
f 1243 1235 1242
f 1245 1235 1243
f 1245 1243 1244
f 1214 1213 1231
f 1232 1214 1231
f 1232 1236 1214
f 1236 1224 1214
f 1224 1236 1226
f 1236 1234 1226
f 1234 1235 1226
f 1245 1226 1235
f 1245 1246 1226
f 1247 640 721
f 728 1247 721
f 970 1247 728
f 920 919 1174
f 1247 920 1174
f 920 1247 970
f 973 729 736
f 991 736 737
f 973 736 991
f 991 737 738
f 741 738 737
f 738 992 991
f 992 738 994
f 738 1248 994
f 741 1248 738
f 1248 995 994
f 1249 1226 1250
f 781 1252 777
f 1253 1251 777
f 777 1252 1253
f 1253 1252 1255
f 1255 1252 1254
f 1260 1258 1254
f 1258 1260 1259
f 1262 1261 1258
f 1262 1259 1264
f 1265 1264 1259
f 1264 1263 1262
f 1259 1257 1265
f 1257 1256 1265
f 1258 1259 1262
f 1244 1243 1266
f 1267 1266 1243
f 1295 1244 1266
f 1268 1295 1266
f 1266 1269 1268
f 1271 1272 1273
f 1164 1163 1275
f 1275 1276 1164
f 1276 1275 1277
f 1278 1276 1277
f 1278 1279 1276
f 1168 1276 1280
f 1282 1280 1276
f 1276 1279 1282
f 1281 1283 1282
f 1287 1284 1285
f 1287 1285 1281
f 1274 1279 1278
f 1282 1279 1274
f 1278 1491 1274
f 1289 1282 1274
f 1289 1288 1282
f 1274 1272 1289
f 1287 1281 1288
f 1281 1282 1288
f 1250 1246 1245
f 1250 1245 1290
f 1226 1246 1250
f 1291 1250 1290
f 1292 1291 1294
f 1293 1292 1294
f 1306 1293 1294
f 1245 1244 1295
f 1295 1290 1245
f 1290 1295 1291
f 1268 1296 1295
f 1286 1296 1269
f 1291 1295 1296
f 1294 1291 1296
f 1294 1296 1306
f 1297 1306 1296
f 1296 1286 1297
f 1268 1269 1296
f 1269 1270 1286
f 1302 1263 1301
f 1264 1303 1301
f 1263 1264 1301
f 1300 1271 1303
f 1300 1288 1289
f 1271 1300 1272
f 1300 1289 1272
f 1265 1304 1300
f 1303 1265 1300
f 1304 1288 1300
f 1305 1293 1306
f 1299 1306 1297
f 1256 1298 1304
f 1298 1256 1305
f 1298 1305 1306
f 1298 1306 1299
f 1265 1256 1304
f 1264 1265 1303
f 1284 1299 1286
f 1297 1286 1299
f 1304 1298 1287
f 1299 1284 1298
f 1298 1284 1287
f 1287 1288 1304
f 1307 956 1077
f 1308 956 1307
f 1077 1308 1307
f 1309 1077 1310
f 1308 1077 1309
f 1308 1309 1311
f 1309 1310 1312
f 1314 1311 1321
f 1311 958 1308
f 1314 958 1311
f 1313 958 1314
f 1309 1315 1311
f 1316 1315 1309
f 1312 1316 1309
f 1315 1316 1317
f 1321 1311 1315
f 1315 1317 1318
f 1318 1320 1315
f 963 958 1313
f 1313 964 963
f 1314 964 1313
f 1322 964 1314
f 965 964 969
f 969 964 1322
f 1322 1314 1321
f 1322 1321 1241
f 1238 969 1322
f 1238 1322 1241
f 1241 1323 1324
f 1321 1315 1320
f 1320 1241 1321
f 1320 1318 1325
f 1241 1320 1325
f 1329 1325 1318
f 1325 1323 1241
f 1325 1324 1323
f 1316 1326 1327
f 1328 1317 1316
f 1318 1317 1328
f 1327 1328 1316
f 1328 1319 1318
f 1328 1329 1319
f 1318 1319 1329
f 1330 1310 1077
f 1312 1310 1330
f 1332 1312 1330
f 1080 1332 1330
f 1331 1091 1337
f 1333 1331 1337
f 1333 1334 1331
f 1332 1326 1312
f 1326 1316 1312
f 1335 1336 1333
f 1106 1337 1091
f 1097 1106 1091
f 1335 1333 1337
f 1337 1106 1105
f 1338 1337 1105
f 1338 1339 1337
f 1339 1336 1335
f 1340 1336 1339
f 1341 1340 1339
f 1340 1342 1343
f 1335 1337 1339
f 1345 1341 1339
f 1339 1344 1345
f 1345 1342 1341
f 1342 1340 1341
f 1343 1342 1346
f 1342 1345 1346
f 1325 1329 1365
f 1324 1325 1365
f 1324 1365 1348
f 1385 1347 1372
f 1385 1350 1347
f 1352 1351 1349
f 1327 1326 1355
f 1354 1355 1326
f 1354 1326 1332
f 1353 1334 1333
f 1353 1333 1356
f 1327 1355 1328
f 1328 1355 1354
f 1357 1353 1356
f 1328 1354 1359
f 1357 1356 1358
f 1359 1354 1358
f 1336 1340 1333
f 1356 1333 1340
f 1356 1340 1360
f 1361 1360 1340
f 1343 1361 1340
f 1360 1362 1356
f 1356 1362 1358
f 1358 1366 1359
f 1362 1366 1358
f 1366 1362 1363
f 1362 1360 1361
f 1363 1362 1361
f 1364 1329 1328
f 1329 1364 1365
f 1328 1359 1364
f 1364 1359 1365
f 1366 1352 1367
f 1363 1352 1366
f 1359 1367 1365
f 1367 1359 1366
f 1368 1363 1361
f 1368 1361 1343
f 1352 1363 1368
f 1346 1368 1343
f 1346 1350 1368
f 1347 1350 1346
f 1365 1367 1349
f 1349 1367 1369
f 1348 1365 1349
f 1352 1369 1367
f 1352 1368 1350
f 1349 1369 1352
f 1105 1152 1338
f 1339 1338 1371
f 1339 1371 1344
f 1338 1370 1371
f 1371 1372 1373
f 1338 1157 1370
f 1166 1370 1157
f 1166 1371 1370
f 1372 1371 1166
f 1345 1344 1374
f 1344 1371 1374
f 1346 1345 1374
f 1347 1346 1374
f 1347 1374 1373
f 1372 1347 1373
f 1373 1374 1371
f 1375 1166 1376
f 1372 1166 1375
f 1375 1377 1372
f 1372 1377 1378
f 1378 1379 1372
f 1376 1377 1375
f 1380 1377 1376
f 1381 1377 1380
f 1383 1381 1380
f 1395 1382 1381
f 1395 1381 1383
f 1379 1384 1372
f 1384 1385 1372
f 1377 1379 1378
f 1350 1385 1386
f 1394 1350 1386
f 1394 1352 1350
f 1379 1377 1384
f 1387 1384 1377
f 1384 1387 1385
f 1382 1387 1381
f 1387 1382 1385
f 1386 1385 1395
f 1395 1385 1382
f 1376 1166 1168
f 1168 1380 1376
f 1280 1380 1168
f 1324 1388 1267
f 1267 1243 1324
f 1348 1388 1324
f 1348 1389 1388
f 1389 1348 1349
f 1392 1390 1391
f 1389 1349 1393
f 1389 1393 1390
f 1349 1351 1393
f 1351 1352 1394
f 1391 1393 1351
f 1390 1388 1389
f 1393 1391 1390
f 1388 1266 1267
f 1390 1269 1388
f 1269 1390 1270
f 1270 1390 1392
f 1266 1388 1269
f 1283 1397 1395
f 1395 1397 1396
f 1392 1398 1397
f 1399 1392 1397
f 1397 1283 1281
f 1400 1397 1281
f 1285 1400 1281
f 1285 1397 1400
f 1285 1399 1397
f 1392 1351 1394
f 1392 1394 1398
f 1396 1386 1395
f 1398 1396 1397
f 1398 1394 1386
f 1386 1396 1398
f 1391 1351 1392
f 1280 1383 1380
f 1280 1283 1395
f 1383 1280 1395
f 1282 1283 1280
f 1399 1286 1392
f 1286 1270 1392
f 1399 1285 1286
f 1284 1286 1285
f 1401 1005 1006
f 1401 1447 1005
f 1449 1118 1447
f 1118 1449 1402
f 1118 1121 1117
f 1121 1118 1402
f 1122 1121 1487
f 1487 1121 1402
f 1490 1122 1487
f 1163 1122 1490
f 1403 1248 741
f 1403 1404 1405
f 995 1248 1006
f 1408 1006 1248
f 1408 1409 1006
f 1248 1403 1410
f 1408 1248 1411
f 1410 1411 1248
f 1403 1405 1410
f 1408 1411 1409
f 1409 1411 1412
f 1412 1430 1409
f 1430 1442 1409
f 1410 1405 1411
f 1411 1414 1412
f 1405 1415 1411
f 1411 1415 1414
f 1406 1407 1416
f 1414 1430 1412
f 1439 1418 1407
f 1418 1419 1407
f 1419 1416 1407
f 784 1404 741
f 1403 741 1404
f 1406 784 785
f 1406 785 1407
f 825 822 1420
f 822 1473 1421
f 1421 1422 822
f 822 1422 1420
f 1425 1424 1426
f 1419 1417 1416
f 1426 1417 1419
f 1426 1424 1413
f 1425 1426 1427
f 1425 1427 1428
f 1435 1425 1428
f 1424 1414 1413
f 1425 1414 1424
f 1423 1414 1425
f 1414 1429 1430
f 1423 1429 1414
f 1425 1435 1423
f 1435 1432 1423
f 1431 1429 1423
f 1433 1432 1421
f 1432 1431 1423
f 1432 1472 1431
f 1434 1431 1472
f 1472 1432 1433
f 1421 1428 1422
f 1421 1435 1428
f 1421 1432 1435
f 1422 1428 1427
f 1407 785 788
f 1407 788 1439
f 1437 1418 1436
f 1439 1436 1418
f 1436 1440 1437
f 1427 1437 1441
f 825 1420 790
f 1427 1420 1422
f 1427 789 1420
f 790 1420 789
f 1437 1419 1418
f 1427 1426 1438
f 1442 1006 1409
f 1006 1442 1446
f 1446 1401 1006
f 1442 1457 1446
f 1443 1444 1442
f 1442 1430 1443
f 1444 1457 1442
f 1457 1444 1445
f 1401 1446 1448
f 1448 1447 1401
f 1448 1453 1447
f 1453 1450 1447
f 1450 1449 1447
f 1402 1449 1451
f 1446 1452 1448
f 1452 1453 1448
f 1451 1449 1450
f 1454 1450 1453
f 1463 1453 1452
f 1463 1454 1453
f 1444 1443 1430
f 1430 1429 1431
f 1430 1455 1444
f 1444 1456 1445
f 1444 1455 1456
f 1456 1457 1445
f 1434 1458 1431
f 1430 1431 1459
f 1431 1458 1461
f 1461 1459 1431
f 1430 1459 1455
f 1455 1459 1456
f 1460 1456 1459
f 1480 1460 1459
f 1446 1457 1462
f 1462 1452 1446
f 1463 1452 1462
f 1469 1462 1457
f 1456 1469 1457
f 1454 1463 1464
f 1466 1465 1463
f 1467 1463 1465
f 1467 1464 1463
f 1465 1468 1494
f 1460 1469 1456
f 1466 1462 1469
f 1466 1463 1462
f 1468 1465 1466
f 1468 1466 1469
f 788 1440 1439
f 1440 1436 1439
f 792 1440 788
f 1470 1440 792
f 802 1441 1440
f 802 1440 1470
f 1440 1441 1437
f 792 793 1470
f 802 1470 793
f 796 794 1427
f 796 1427 1441
f 1441 802 795
f 796 1441 795
f 1471 1473 822
f 778 1471 823
f 822 823 1471
f 778 1473 1471
f 1472 1433 1473
f 1473 778 1472
f 822 825 820
f 1472 778 777
f 1251 1472 777
f 1421 1473 1433
f 1472 1251 1474
f 1434 1472 1474
f 1458 1434 1474
f 1475 1458 1474
f 1475 1474 1251
f 1253 1475 1251
f 1475 1253 1255
f 1476 1461 1458
f 1458 1477 1476
f 1480 1461 1481
f 1480 1459 1461
f 1255 1458 1475
f 1255 1477 1458
f 1261 1461 1476
f 1478 1461 1261
f 1476 1477 1261
f 1479 1477 1255
f 1478 1481 1461
f 1483 1469 1480
f 1468 1469 1483
f 1480 1481 1482
f 1480 1482 1483
f 1484 1468 1483
f 1469 1460 1480
f 1262 1481 1478
f 1262 1478 1261
f 1481 1262 1485
f 1301 1483 1482
f 1301 1482 1485
f 1485 1482 1481
f 1485 1262 1302
f 1263 1302 1262
f 1485 1302 1301
f 1479 1255 1254
f 1477 1479 1261
f 1479 1254 1258
f 1258 1261 1479
f 1402 1451 1487
f 1487 1451 1486
f 1450 1488 1451
f 1488 1486 1451
f 1454 1488 1450
f 1488 1489 1487
f 1490 1487 1489
f 1487 1486 1488
f 1488 1491 1489
f 1491 1490 1489
f 1464 1488 1454
f 1464 1493 1488
f 1492 1493 1464
f 1493 1491 1488
f 1273 1491 1493
f 1494 1464 1467
f 1495 1492 1464
f 1467 1465 1494
f 1495 1464 1494
f 1492 1495 1493
f 1273 1493 1495
f 1271 1273 1495
f 1491 1273 1274
f 1273 1272 1274
f 1490 1275 1163
f 1275 1490 1277
f 1278 1490 1491
f 1490 1278 1277
f 1484 1271 1494
f 1484 1494 1468
f 1494 1271 1495
f 1484 1301 1303
f 1303 1271 1484
f 1484 1483 1301
f 1067 1069 1060
f 1069 1061 1060
f 1497 1065 1066
f 1064 1065 1497
f 1070 1498 1079
f 1067 1498 1070
f 1067 1070 1069
f 1510 1499 1067
f 1499 1498 1067
f 1500 1051 1064
f 1072 1075 1496
f 1501 1496 1075
f 1064 1497 1500
f 1503 1051 1500
f 1051 1504 1073
f 1504 1075 1073
f 1503 1504 1051
f 1503 1502 1504
f 1505 1502 1503
f 1502 1075 1504
f 1505 1506 1502
f 1075 1502 1501
f 1503 1500 1505
f 1507 1502 1506
f 1505 1500 1506
f 1506 1500 1508
f 1509 1067 1496
f 1501 1509 1496
f 1510 1067 1509
f 1501 1515 1509
f 1509 1515 1510
f 1506 1515 1507
f 1515 1506 1516
f 1508 1516 1506
f 1519 1520 1517
f 1519 1517 1518
f 1521 1510 1515
f 1521 1522 1510
f 1520 1519 1523
f 1521 1514 1522
f 1523 1524 1520
f 1524 1523 1513
f 1498 1082 1079
f 1499 1090 1082
f 1525 1084 1090
f 1084 1525 1527
f 1499 1082 1498
f 1525 1526 1527
f 1090 1499 1512
f 1084 1527 1098
f 1511 1525 1090
f 1514 1090 1512
f 1526 1525 1511
f 1511 1527 1526
f 1511 1528 1527
f 1513 1528 1511
f 1523 1528 1513
f 1548 1527 1523
f 1523 1527 1528
f 1530 1066 1021
f 1529 1530 1021
f 1529 1021 1102
f 1028 1102 1021
f 1530 1529 1102
f 1530 1497 1066
f 1102 1497 1530
f 1093 1508 1500
f 1533 1500 1497
f 1093 1500 1533
f 1094 1531 1532
f 1092 1517 1093
f 1518 1517 1092
f 1534 1523 1518
f 1518 1523 1519
f 1536 1534 1535
f 1537 1535 1534
f 1535 1537 1536
f 1094 1532 1539
f 1095 1094 1539
f 1539 1532 1538
f 1537 1534 1095
f 1539 1541 1095
f 1539 1540 1541
f 1537 1095 1541
f 1086 1084 1088
f 1084 1098 1088
f 1542 1099 1098
f 1543 1099 1544
f 1123 1146 1100
f 1532 1101 1146
f 1099 1543 1104
f 1543 1545 1104
f 1153 1107 1545
f 1546 1545 1543
f 1536 1549 1548
f 1548 1550 1547
f 1552 1553 1547
f 1547 1553 1554
f 1547 1546 1544
f 1554 1546 1547
f 1554 1545 1546
f 1554 1153 1545
f 1547 1550 1552
f 1552 1550 1549
f 1536 1556 1549
f 1556 1536 1555
f 1546 1543 1544
f 1537 1541 1570
f 1536 1537 1570
f 1536 1570 1555
f 1538 1532 1557
f 1559 1538 1128
f 1538 1557 1128
f 1562 1540 1539
f 1539 1538 1558
f 1539 1558 1560
f 1564 1539 1560
f 1140 1138 1561
f 1562 1539 1564
f 1562 1564 1563
f 1564 1565 1563
f 1563 1561 1562
f 1133 1128 1125
f 1559 1128 1133
f 1133 1134 1559
f 1134 1133 1131
f 1564 1560 1558
f 1563 1140 1561
f 1140 1563 1565
f 1136 1566 1558
f 1140 1565 1135
f 1146 1123 1128
f 1532 1146 1557
f 1147 1108 1153
f 1554 1147 1153
f 1557 1146 1128
f 1567 1554 1556
f 1561 1568 1567
f 1561 1138 1568
f 1148 1567 1568
f 1567 1147 1554
f 1567 1148 1147
f 1556 1555 1569
f 1569 1562 1567
f 1556 1569 1567
f 1562 1561 1567
f 1568 1138 1139
f 1540 1570 1541
f 1562 1570 1540
f 1569 1555 1570
f 1569 1570 1562
f 1381 1387 1377
f 1522 1499 1510
f 1499 1522 1512
f 1522 1514 1512
f 1533 1497 1102
f 1094 1093 1531
f 1544 1099 1542
f 1532 1531 1101
f 1571 1098 1527
f 1571 1527 1548
f 1571 1542 1098
f 1542 1571 1544
f 1571 1547 1544
f 1548 1547 1571
f 1534 1548 1523
f 1534 1536 1548
f 1548 1549 1550
f 1573 1553 1552
f 1556 1554 1553
f 1573 1556 1553
f 1572 1551 1574
f 1552 1549 1574
f 1549 1573 1574
f 1556 1573 1549
f 1580 1575 1576
f 1577 1578 1576
f 1584 1578 1577
f 1578 1580 1576
f 1579 1580 1578
f 1589 1578 1581
f 1589 1579 1578
f 1584 1581 1578
f 1581 1584 1582
f 1583 1584 1577
f 1589 1581 1582
f 1580 1579 1585
f 1586 1583 1577
f 1587 1577 1588
f 1586 1577 1587
f 1590 1582 1584
f 1589 1582 1591
f 1590 1584 1594
f 1586 1584 1583
f 1594 1584 1586
f 1579 1589 1592
f 1592 1589 1591
f 1593 1585 1579
f 1594 1586 1587
f 1592 1593 1579
f 1593 1592 1591
f 1595 1593 1591
f 1599 1600 1598
f 1600 1601 1598
f 1597 1599 1596
f 1599 1597 1600
f 1596 1602 1597
f 1603 1597 1602
f 1603 1604 1597
f 1603 1602 62
f 60 59 62
f 60 62 1602
f 1603 61 1604
f 1603 62 61
f 1604 61 82
f 1605 1604 78
f 60 1602 1606
f 1606 1602 1596
f 1607 1596 1599
f 1596 1607 1606
f 1608 1597 1604
f 1608 1600 1597
f 1609 1608 1604
f 1609 1600 1608
f 1615 1600 1609
f 1609 1604 1622
f 1622 1604 1610
f 1606 1607 60
f 1610 1604 1605
f 1611 1598 1612
f 1601 1614 1612
f 1613 1614 1601
f 1613 1615 1614
f 1616 1614 1617
f 1612 1616 1575
f 1575 1616 1617
f 1616 1612 1614
f 1617 1614 1577
f 1601 1612 1598
f 1611 1599 1598
f 1615 1613 1601
f 1607 1599 1611
f 1615 1601 1600
f 1611 1612 1580
f 1614 1615 1618
f 1622 1618 1615
f 1617 1576 1575
f 1612 1575 1580
f 1619 1611 1580
f 1577 1576 1617
f 1577 1614 1618
f 1619 1607 1611
f 1622 1615 1609
f 1623 1607 1619
f 1618 1622 1624
f 1625 1618 1624
f 1623 1619 1626
f 1627 1624 1622
f 1626 73 60
f 72 73 1629
f 78 1604 82
f 78 1630 1605
f 1630 78 79
f 1607 1626 60
f 1610 1605 1630
f 1631 1610 1630
f 1610 1631 1622
f 1631 1630 84
f 1632 1631 84
f 1634 1632 84
f 84 1633 1634
f 1607 1623 1626
f 1622 1631 1635
f 1636 73 1626
f 1627 1622 1635
f 1636 1626 1638
f 1626 1637 1638
f 1638 1637 1639
f 1635 1634 1627
f 73 1636 1629
f 1632 1635 1631
f 1632 1634 1635
f 1628 1633 1641
f 1629 1640 72
f 1641 1633 1660
f 1642 1629 1638
f 1643 1628 1641
f 1643 1644 1628
f 1642 1644 1643
f 1642 1640 1629
f 1643 1641 1645
f 1643 1645 1642
f 1645 1640 1642
f 1645 1641 1660
f 1644 1639 1628
f 1642 1638 1644
f 1638 1629 1636
f 1644 1638 1639
f 1580 1646 1619
f 1580 1585 1646
f 1585 1648 1646
f 1650 1646 1649
f 1647 1646 1650
f 1588 1577 1618
f 1618 1621 1588
f 1650 1651 1620
f 1648 1585 1593
f 1593 1595 1648
f 1587 1588 1621
f 1587 1621 1595
f 1587 1595 1594
f 1649 1648 1595
f 1646 1648 1649
f 1595 1621 1649
f 1649 1621 1651
f 1651 1621 1620
f 1651 1650 1649
f 1621 1618 1625
f 1627 1625 1624
f 1625 1650 1620
f 1650 1625 1628
f 1650 1652 1647
f 1647 1619 1646
f 1652 1619 1647
f 1650 1653 1652
f 1637 1626 1619
f 1654 1637 1619
f 1650 1628 1653
f 1654 1619 1652
f 1654 1652 1653
f 1655 1639 1654
f 1655 1653 1639
f 1639 1653 1628
f 1655 1654 1653
f 1637 1654 1639
f 1640 186 72
f 84 195 197
f 1633 84 197
f 198 1657 1656
f 1656 1659 1633
f 1660 1661 1662
f 1659 1661 1633
f 1657 1663 1662
f 1659 1656 1657
f 1662 186 1640
f 1661 1657 1662
f 1661 1659 1657
f 1657 198 1658
f 1663 1664 1662
f 1665 186 1662
f 1665 1662 1664
f 1658 1664 1663
f 1665 201 186
f 1658 202 1664
f 1658 200 202
f 201 188 186
f 1665 1664 201
f 1664 202 201
f 1657 1658 1663
f 1661 1660 1633
f 1645 1660 1662
f 1640 1645 1662
f 302 296 297
f 239 1666 238
f 296 1666 239
f 303 238 1668
f 1667 1668 238
f 1667 238 1666
f 302 300 1669
f 1669 296 302
f 296 1669 1670
f 1671 1666 296
f 1674 296 1670
f 1669 300 1670
f 300 308 1670
f 1668 1667 1673
f 1673 1667 1666
f 1666 1671 1673
f 1675 1673 1671
f 1674 1670 1672
f 1678 1674 1677
f 1677 1674 1672
f 1678 1677 1680
f 1680 1677 1681
f 1682 1673 1675
f 1682 1676 1673
f 1683 1682 1675
f 1684 1682 1683
f 1685 1672 1670
f 1677 1672 1685
f 1681 1677 1686
f 1687 1678 1681
f 1679 1678 1687
f 1678 1680 1681
f 1683 1679 1684
f 1679 1683 1675
f 1684 1679 1688
f 1681 1689 1687
f 1681 1686 1704
f 1690 1688 1679
f 1689 1681 1690
f 1690 1691 1688
f 1691 1706 1688
f 1690 1681 1704
f 1690 1704 1692
f 1692 1691 1690
f 1668 305 303
f 1712 1670 308
f 1676 1668 1673
f 1668 1676 1693
f 1682 1693 1676
f 1668 1693 1694
f 1682 1695 1693
f 1685 1670 1697
f 1685 1697 1677
f 1670 1696 1697
f 1712 1696 1670
f 1686 1677 1697
f 1694 1693 1698
f 1699 1694 1698
f 1699 1702 1694
f 1697 1696 1713
f 1700 317 304
f 305 1700 304
f 1668 1700 305
f 1668 1702 1700
f 317 1700 318
f 1701 318 1700
f 1702 1701 1700
f 1668 1694 1702
f 1702 1699 1703
f 1688 1682 1684
f 1695 1682 1688
f 1686 1697 1704
f 1695 1706 1693
f 1704 1697 1705
f 1705 1697 1713
f 1706 1695 1688
f 1691 1692 1706
f 1707 1692 1704
f 1706 1692 1707
f 1707 1704 1705
f 1707 1705 1706
f 1706 1698 1693
f 1708 1699 1698
f 1708 1698 1706
f 1709 1710 1708
f 1708 1706 1709
f 1706 1705 1709
f 1708 1719 1699
f 1711 1703 1699
f 364 1712 308
f 366 1712 364
f 1696 1712 1713
f 1713 1712 1717
f 1714 1717 1712
f 1714 1712 1715
f 369 1712 366
f 1715 1712 369
f 1715 369 370
f 1714 1715 1716
f 1705 1713 1710
f 1705 1710 1709
f 1717 1710 1713
f 1719 1708 1710
f 1710 1717 1718
f 1710 1718 1719
f 1720 1718 1717
f 1718 1720 1719
f 1720 1717 1714
f 1720 1714 1716
f 1719 1711 1699
f 1711 1719 1720
f 1716 1721 1720
f 1715 1721 1716
f 370 369 1722
f 1722 369 371
f 1722 1715 370
f 1715 1722 1735
f 1723 318 1701
f 318 1723 1724
f 1701 1725 1723
f 1723 1725 1724
f 1702 1703 1711
f 1702 1711 1727
f 1724 1725 1726
f 1701 1702 1727
f 1725 1701 1727
f 1744 387 1724
f 1726 1744 1724
f 1744 1726 1728
f 1726 1725 1727
f 1726 1727 1728
f 1720 1729 1711
f 1729 1720 1721
f 1727 1711 1729
f 1729 1721 1730
f 1730 1721 1731
f 1732 1715 1735
f 1732 1721 1715
f 1721 1732 1731
f 1733 1729 1731
f 1731 1729 1730
f 1752 1727 1729
f 1752 1729 1733
f 1738 1735 1722
f 371 372 585
f 371 1736 1722
f 584 371 585
f 1736 371 584
f 1736 584 667
f 1738 1722 1736
f 1738 1736 1742
f 1737 1732 1735
f 1732 1737 1731
f 1740 1731 1737
f 1737 1735 1738
f 1731 1740 1739
f 1733 1731 1739
f 1733 1739 1741
f 1733 1741 1734
f 1741 1739 1740
f 1738 1740 1737
f 1738 1743 1740
f 594 387 1744
f 1744 595 594
f 1744 1728 1747
f 1747 1728 1745
f 1744 1747 1746
f 595 1744 1746
f 1746 1748 595
f 1747 1748 1746
f 1747 1749 1748
f 1751 1750 1748
f 1751 1748 1749
f 1728 1727 1753
f 1753 1745 1728
f 1753 1727 1752
f 1752 1745 1753
f 1733 1734 1752
f 1752 1747 1745
f 1734 1749 1752
f 1749 1747 1752
f 1754 1749 1734
f 1758 1749 1754
f 1749 1755 1751
f 1734 1741 1756
f 1740 1743 1764
f 1757 1734 1756
f 1758 1755 1749
f 1759 1754 1734
f 1758 1754 1759
f 1734 1757 1759
f 1736 667 1760
f 1762 1736 1760
f 1742 1736 1762
f 1760 667 1761
f 667 668 1761
f 1760 1761 1763
f 1761 668 1763
f 1762 1760 1763
f 1743 1738 1742
f 1763 668 676
f 1764 1742 1770
f 1742 1764 1743
f 1742 1762 1767
f 1767 1770 1742
f 1765 1764 1770
f 1763 676 1766
f 1767 1762 1763
f 1766 676 677
f 677 1763 1766
f 1763 1768 1767
f 1769 1767 1768
f 1770 1767 1769
f 1769 1808 1770
f 1808 1769 1771
f 1756 1741 1772
f 1741 1740 1772
f 1740 1764 1773
f 1740 1773 1772
f 1756 1772 1773
f 1774 1756 1773
f 1777 1776 1773
f 1764 1777 1773
f 1774 1773 1776
f 1775 1774 1776
f 1777 1764 1778
f 1778 1764 1765
f 1774 1779 1756
f 1779 1757 1756
f 1775 1779 1774
f 1775 1780 1779
f 1775 1776 1777
f 1757 1779 1781
f 1780 1775 1777
f 1777 1778 1782
f 1765 1770 1778
f 1770 1782 1778
f 1779 1784 1781
f 1784 1783 1781
f 1788 1777 1782
f 1777 1788 1780
f 1780 1787 1779
f 1784 1779 1787
f 1780 1788 1785
f 1785 1787 1780
f 1788 1782 1789
f 1789 1790 1788
f 1785 1788 1790
f 1790 1789 1782
f 1791 1790 1782
f 1785 1790 1791
f 1786 1791 1786
f 1791 1782 1793
f 1792 1793 1782
f 1784 1787 1794
f 1797 1796 1786
f 1793 1798 1795
f 1800 1795 1798
f 1801 1796 1797
f 1796 1787 1786
f 1799 1787 1796
f 1802 1787 1799
f 1801 1804 1796
f 1803 1800 1798
f 1804 1802 1799
f 1804 1805 1802
f 1806 1802 1805
f 1792 1782 1807
f 1782 1770 1807
f 1770 1808 1807
f 1809 1807 1808
f 1792 1807 1809
f 1793 1792 1809
f 1809 1808 1810
f 1808 1771 1812
f 1810 1808 1812
f 1813 1809 1811
f 1811 1815 1813
f 1813 1793 1809
f 1793 1813 1798
f 1798 1805 1803
f 1818 1798 1816
f 1806 1787 1802
f 1816 1798 1813
f 1806 1817 1787
f 1818 1816 1813
f 1815 1819 1813
f 1819 1818 1813
f 595 1748 708
f 1750 708 1748
f 708 1750 706
f 712 706 1750
f 1750 1820 712
f 1821 1750 1751
f 1820 1750 1821
f 1820 713 712
f 1825 713 1820
f 1820 1821 1822
f 1822 1825 1820
f 1751 1755 1821
f 1821 1755 1823
f 1823 1755 1758
f 1757 1758 1759
f 1823 1758 1757
f 1823 1822 1821
f 1823 1825 1822
f 1823 1824 1825
f 1824 1823 1757
f 1824 1757 1826
f 1825 1824 1828
f 1828 1824 1826
f 1828 1826 1829
f 1828 1830 1825
f 1826 1832 1829
f 1827 1826 1783
f 1831 1832 1827
f 1827 1832 1826
f 1835 1833 1834
f 1832 1833 1835
f 1832 1831 1833
f 1837 755 1825
f 1837 756 755
f 1830 1837 1825
f 779 756 1838
f 756 1830 1838
f 1830 756 1837
f 1838 1830 1828
f 1828 1829 1838
f 1829 1839 1838
f 1829 1832 1839
f 1838 1840 779
f 1841 779 1840
f 1842 780 779
f 1841 1842 779
f 780 1842 782
f 1842 1841 1843
f 1844 1842 1843
f 1839 1845 1840
f 1839 1832 1845
f 1839 1840 1838
f 1840 1845 1843
f 1841 1840 1843
f 1845 1832 1835
f 1835 1836 1845
f 1845 1844 1843
f 1844 1845 1836
f 1826 1757 1781
f 1826 1781 1783
f 1784 1846 1783
f 1784 1847 1846
f 1783 1846 1847
f 1827 1783 1831
f 1831 1783 1847
f 1794 1848 1784
f 1848 1847 1784
f 1848 1853 1847
f 1853 1849 1847
f 1847 1849 1833
f 1850 1833 1849
f 1850 1849 1853
f 1831 1847 1833
f 1834 1833 1852
f 1850 1852 1833
f 1794 1853 1848
f 1854 1853 1794
f 1856 1805 1798
f 1856 1798 1818
f 1818 1857 1856
f 1858 1805 1855
f 1857 1818 1859
f 1805 1858 1806
f 1860 1817 1806
f 1861 1858 1855
f 1860 1806 1858
f 1865 1858 1861
f 1858 1865 1860
f 1861 1856 1857
f 1862 1863 1857
f 1857 1869 1862
f 1863 1861 1857
f 1865 1861 1862
f 1864 1865 1862
f 1866 1860 1865
f 1859 1819 1867
f 1859 1818 1819
f 1854 1817 1860
f 1860 1868 1854
f 1859 1867 1857
f 1871 1857 1867
f 1869 1871 1870
f 1869 1857 1871
f 1872 1868 1860
f 1872 1873 1868
f 1872 1874 1873
f 1875 1876 1877
f 1878 1877 1870
f 1879 1878 1870
f 1878 1879 1880
f 1875 1877 1881
f 1881 1877 1878
f 1875 1881 1882
f 1883 1875 1882
f 1882 1881 1884
f 1885 1875 1883
f 1881 1878 1884
f 1886 1883 1882
f 1887 1882 1884
f 1882 1887 1886
f 1888 1885 1883
f 1888 1889 1885
f 1883 1886 1888
f 1878 1880 1890
f 1890 1884 1878
f 1891 1890 1892
f 1862 1893 1864
f 1894 1862 1869
f 1893 1862 1894
f 1895 1893 1894
f 1894 1869 1896
f 1897 1894 1896
f 1876 1896 1877
f 1876 1897 1896
f 1898 1894 1897
f 1898 1895 1894
f 1895 1865 1864
f 1893 1895 1864
f 1866 1865 1895
f 1895 1898 1866
f 1898 1897 1899
f 1899 1897 1876
f 1899 1900 1898
f 1866 1898 1900
f 1876 1875 1899
f 1875 1885 1899
f 1885 1900 1899
f 1877 1896 1869
f 1877 1869 1870
f 1900 1889 1866
f 1872 1866 1889
f 1870 1871 1879
f 1901 1872 1889
f 1901 1874 1872
f 1872 1860 1866
f 1900 1885 1889
f 1902 1901 1889
f 1902 1874 1901
f 1890 1903 1884
f 1887 1884 1903
f 1904 1905 1906
f 1904 1906 1903
f 1906 1887 1903
f 1905 1887 1906
f 1905 1886 1887
f 1890 1907 1903
f 1907 1890 1891
f 1908 1907 1891
f 1903 1907 1904
f 1909 1905 1904
f 1904 1910 1909
f 1907 1910 1904
f 1911 1909 1910
f 1905 1909 1912
f 1911 1912 1909
f 1912 1911 1913
f 1914 1910 1907
f 1911 1910 1914
f 1914 1907 1908
f 1908 1915 1914
f 1914 1915 1916
f 1912 1886 1905
f 1886 1912 1888
f 1913 1888 1912
f 1888 1913 1917
f 1908 1891 1918
f 1918 1915 1908
f 1917 1913 1916
f 1888 1902 1889
f 1917 1902 1888
f 1911 1916 1913
f 1911 1914 1916
f 1854 1919 1853
f 1868 1919 1854
f 1868 1873 1919
f 1217 677 675
f 1768 1763 677
f 677 1217 1768
f 1768 1217 1218
f 1920 1768 1218
f 1769 1768 1920
f 1920 1218 1219
f 1225 1920 1219
f 1920 1225 1921
f 1225 1922 1921
f 1921 1769 1920
f 1771 1769 1923
f 1923 1769 1921
f 1812 1771 1923
f 1924 1923 1921
f 1925 1921 1922
f 1921 1925 1924
f 1924 1925 1926
f 1927 1225 1928
f 1929 1927 1928
f 1922 1225 1927
f 1922 1927 1929
f 1928 1225 1226
f 1930 1812 1923
f 1810 1812 1930
f 1931 1815 1932
f 1819 1815 1931
f 1933 1819 1931
f 1933 1931 1934
f 1935 1934 1936
f 1930 1923 1937
f 1923 1924 1937
f 1937 1924 1938
f 1937 1938 1939
f 1925 1940 1926
f 1941 1926 1940
f 1925 1922 1940
f 1940 1942 1943
f 1941 1940 1943
f 1943 1944 1941
f 1944 1943 1945
f 1944 1945 1946
f 1945 1943 1947
f 1926 1938 1924
f 1938 1926 1941
f 1941 1948 1938
f 1938 1948 1949
f 1938 1949 1939
f 1950 1939 1949
f 1951 1948 1944
f 1949 1948 1951
f 1952 1949 1951
f 1948 1941 1944
f 1944 1953 1951
f 1946 1953 1944
f 1954 1953 1946
f 1946 1955 1954
f 1953 1954 1956
f 1952 1951 1953
f 1952 1956 1957
f 1953 1956 1952
f 1958 1957 1956
f 1958 1956 1954
f 1959 1958 1954
f 1960 1959 1954
f 1961 1962 1963
f 1835 1834 1964
f 1961 1835 1964
f 1965 1962 1964
f 1966 1962 1965
f 1961 1836 1835
f 1961 1963 1836
f 1962 1961 1964
f 1947 1967 1945
f 1946 1945 1955
f 1945 1967 1955
f 1967 1968 1969
f 1970 1969 1968
f 1971 1972 1973
f 1963 1962 1973
f 1970 1974 1975
f 1972 1969 1975
f 1969 1970 1975
f 1972 1975 1973
f 1976 1971 1977
f 1966 1977 1962
f 1966 1976 1977
f 1966 1978 1976
f 1955 1971 1960
f 1967 1969 1955
f 1955 1969 1971
f 1969 1972 1971
f 1960 1971 1976
f 1954 1955 1960
f 1976 1979 1960
f 1973 1962 1977
f 1973 1977 1971
f 1928 1249 1929
f 1922 1929 1940
f 1929 1942 1940
f 1980 1942 1929
f 1249 1980 1929
f 1980 1249 1981
f 1982 1980 1981
f 1983 1982 1981
f 1928 1226 1249
f 1291 1249 1250
f 1981 1249 1291
f 1291 1983 1981
f 1982 1983 1984
f 1984 1985 1982
f 1984 1986 1985
f 1974 1970 1987
f 1987 1970 1986
f 1983 1292 1984
f 1984 1292 1988
f 1986 1984 1988
f 1305 1987 1988
f 1988 1987 1986
f 1942 1980 1982
f 1947 1942 1982
f 1943 1942 1947
f 1982 1985 1947
f 1968 1985 1986
f 1986 1970 1968
f 1947 1985 1967
f 1985 1968 1967
f 1963 1989 1990
f 1975 1989 1963
f 1991 1252 781
f 1991 1842 1844
f 1991 782 1842
f 1991 1844 1993
f 1991 1993 1252
f 1993 1844 1992
f 1994 1995 1990
f 1995 1994 1254
f 1995 1254 1252
f 1995 1992 1990
f 1252 1993 1995
f 1992 1995 1993
f 1990 1989 1994
f 1836 1963 1844
f 1844 1963 1992
f 1973 1975 1963
f 1990 1992 1963
f 1974 1259 1989
f 1975 1974 1989
f 1259 1994 1989
f 1305 1256 1974
f 1256 1257 1974
f 1305 1974 1987
f 1260 1994 1259
f 1974 1257 1259
f 1994 1260 1254
f 1996 1811 1930
f 1996 1930 1997
f 1939 1930 1937
f 1930 1939 1997
f 1997 1939 1950
f 1998 1997 1950
f 1932 1814 1996
f 1996 1997 1998
f 1932 1996 1998
f 1851 1850 1999
f 1851 1999 2000
f 1999 2001 2000
f 2002 2000 2001
f 1950 1949 1952
f 2003 1950 1952
f 2003 1952 1957
f 1950 2003 2004
f 2004 2003 2005
f 2002 2006 1979
f 2007 1957 1958
f 2007 1958 1959
f 2005 1957 2007
f 2007 1959 1979
f 2003 1957 2005
f 2006 2005 2007
f 2006 2007 1979
f 1950 2004 1998
f 2008 1998 2004
f 2009 2008 2004
f 2010 2004 2005
f 2011 2010 2012
f 2013 2006 2002
f 2010 2011 2004
f 2009 2004 2011
f 2012 2014 2011
f 2013 2014 2012
f 2014 2013 2015
f 2002 2015 2013
f 2010 2005 2012
f 2012 2005 2006
f 2013 2012 2006
f 1965 1964 1852
f 1964 1834 1852
f 1851 1852 1850
f 1851 1965 1852
f 2000 1965 1851
f 2000 1966 1965
f 1978 1966 2000
f 2002 1978 2000
f 1979 1978 2002
f 1976 1978 1979
f 1960 1979 1959
f 1932 1815 1811
f 2016 1999 1850
f 1853 2016 1850
f 2001 1999 2016
f 1853 1919 2016
f 2016 1919 2001
f 2017 2001 1919
f 1934 1931 1932
f 1932 1998 2008
f 2018 2011 2014
f 2015 2018 2014
f 2018 2009 2011
f 2019 2015 2002
f 2002 2001 2019
f 2018 2015 2020
f 2020 2015 2019
f 1934 1932 2008
f 2021 1936 2008
f 2021 2008 2009
f 2022 2021 2009
f 2022 2009 2018
f 2022 2018 2020
f 2023 2022 2020
f 1934 2008 1936
f 2024 1936 2021
f 2019 2023 2020
f 1983 1291 1292
f 1293 1988 1292
f 1293 1305 1988
f 1819 1871 1867
f 1871 1819 1933
f 1871 1933 1935
f 1935 1933 1934
f 1879 1871 2025
f 1874 2026 1873
f 2026 2017 1873
f 1871 1935 2027
f 2025 1871 2027
f 2028 2027 2029
f 2027 1935 1936
f 2027 1936 2030
f 2030 1936 2031
f 2031 1936 2024
f 2024 2032 2031
f 2027 2030 2029
f 2031 2032 2030
f 2029 2030 2032
f 2033 2029 2032
f 2033 2034 2035
f 2033 2032 2034
f 2028 2029 2036
f 2029 2033 2036
f 2033 2035 2026
f 1892 1890 1880
f 1891 1892 2037
f 2037 1892 2038
f 2039 2038 1892
f 1917 2040 1902
f 2041 1892 1880
f 2041 2039 1892
f 2042 2039 2043
f 1880 1879 2025
f 1880 2025 2041
f 2044 2026 1874
f 2025 2027 2028
f 2028 2045 2025
f 2046 2045 2028
f 2047 2046 2028
f 2046 2047 2048
f 2025 2049 2041
f 2041 2049 2050
f 2045 2049 2025
f 2045 2046 2049
f 2048 2051 2052
f 2050 2049 2046
f 2053 2046 2048
f 2053 2048 2052
f 2026 2052 2033
f 2048 2047 2051
f 2051 2033 2052
f 2052 2026 2044
f 1874 1902 2044
f 2044 1902 2040
f 2041 2050 2039
f 2043 2039 2050
f 2043 2050 2054
f 2040 2055 2054
f 2043 2054 2055
f 2040 2052 2044
f 2053 2040 2054
f 2050 2046 2053
f 2053 2054 2050
f 2053 2052 2040
f 2042 2043 2055
f 2055 2040 2042
f 2047 2028 2036
f 2047 2036 2051
f 2033 2051 2036
f 1918 1891 2037
f 2038 2056 2037
f 2057 2056 2038
f 1918 2037 2056
f 1915 1918 2056
f 2056 1916 1915
f 2057 2042 1916
f 1916 2040 1917
f 2057 1916 2056
f 2039 2057 2038
f 2057 2039 2042
f 2040 1916 2042
f 1873 2017 1919
f 2001 2017 2019
f 2019 2017 2035
f 2026 2035 2017
f 2019 2035 2023
f 2023 2024 2022
f 2024 2021 2022
f 2032 2024 2023
f 2032 2023 2058
f 2035 2034 2058
f 2035 2058 2023
f 2032 2058 2034

